pos,posLabel,person,personLabel,start,end,replaces,replacesLabel,replacedBy,replacedByLabel,endCauseLabel
http://www.wikidata.org/entity/Q29514575,Governor of Alabama,http://www.wikidata.org/entity/Q313776,George Wallace,1983-01-17T00:00:00Z,1987-01-19T00:00:00Z,http://www.wikidata.org/entity/Q880793,"Forrest Hood James, Jr.",http://www.wikidata.org/entity/Q742978,Harold Guy Hunt,
http://www.wikidata.org/entity/Q29514575,Governor of Alabama,http://www.wikidata.org/entity/Q742978,Harold Guy Hunt,1987-01-19T00:00:00Z,1993-04-22T00:00:00Z,http://www.wikidata.org/entity/Q313776,George Wallace,http://www.wikidata.org/entity/Q885368,"James Elisha Folsom, Jr.",
http://www.wikidata.org/entity/Q29514575,Governor of Alabama,http://www.wikidata.org/entity/Q885368,"James Elisha Folsom, Jr.",1993-04-22T00:00:00Z,1995-01-16T00:00:00Z,http://www.wikidata.org/entity/Q742978,Harold Guy Hunt,http://www.wikidata.org/entity/Q880793,"Forrest Hood James, Jr.",
http://www.wikidata.org/entity/Q29514575,Governor of Alabama,http://www.wikidata.org/entity/Q880793,"Forrest Hood James, Jr.",1995-01-16T00:00:00Z,1999-01-18T00:00:00Z,http://www.wikidata.org/entity/Q885368,"James Elisha Folsom, Jr.",http://www.wikidata.org/entity/Q593533,Don Siegelman,
http://www.wikidata.org/entity/Q29514575,Governor of Alabama,http://www.wikidata.org/entity/Q593533,Don Siegelman,1999-01-18T00:00:00Z,2003-01-20T00:00:00Z,http://www.wikidata.org/entity/Q880793,"Forrest Hood James, Jr.",http://www.wikidata.org/entity/Q438010,Bob Riley,
http://www.wikidata.org/entity/Q29514575,Governor of Alabama,http://www.wikidata.org/entity/Q438010,Bob Riley,2003-01-20T00:00:00Z,2011-01-17T00:00:00Z,http://www.wikidata.org/entity/Q593533,Don Siegelman,http://www.wikidata.org/entity/Q552353,Robert J. Bentley,
http://www.wikidata.org/entity/Q29514575,Governor of Alabama,http://www.wikidata.org/entity/Q552353,Robert J. Bentley,2011-01-17T00:00:00Z,2017-04-10T00:00:00Z,http://www.wikidata.org/entity/Q438010,Bob Riley,http://www.wikidata.org/entity/Q6380211,Kay Ivey,
http://www.wikidata.org/entity/Q29514575,Governor of Alabama,http://www.wikidata.org/entity/Q6380211,Kay Ivey,2017-04-10T00:00:00Z,,http://www.wikidata.org/entity/Q552353,Robert J. Bentley,,,
http://www.wikidata.org/entity/Q20801644,Governor of Alaska,http://www.wikidata.org/entity/Q131993,Wilford Bacon Hoggatt,,,,,,,
http://www.wikidata.org/entity/Q20801644,Governor of Alaska,http://www.wikidata.org/entity/Q886002,John Green Brady,,,,,,,
http://www.wikidata.org/entity/Q20801644,Governor of Alaska,http://www.wikidata.org/entity/Q763636,Bill Sheffield,1982-12-06T00:00:00Z,1986-12-01T00:00:00Z,http://www.wikidata.org/entity/Q880546,Jay Hammond,http://www.wikidata.org/entity/Q880297,Steve Cowper,
http://www.wikidata.org/entity/Q20801644,Governor of Alaska,http://www.wikidata.org/entity/Q880297,Steve Cowper,1986-12-01T00:00:00Z,1990-12-03T00:00:00Z,http://www.wikidata.org/entity/Q763636,Bill Sheffield,http://www.wikidata.org/entity/Q516594,Wally Hickel,
http://www.wikidata.org/entity/Q20801644,Governor of Alaska,http://www.wikidata.org/entity/Q516594,Wally Hickel,1990-12-03T00:00:00Z,1994-12-05T00:00:00Z,http://www.wikidata.org/entity/Q880297,Steve Cowper,http://www.wikidata.org/entity/Q878712,Tony Knowles,
http://www.wikidata.org/entity/Q20801644,Governor of Alaska,http://www.wikidata.org/entity/Q878712,Tony Knowles,1994-12-05T00:00:00Z,2002-12-02T00:00:00Z,http://www.wikidata.org/entity/Q516594,Wally Hickel,http://www.wikidata.org/entity/Q448813,Frank Murkowski,
http://www.wikidata.org/entity/Q20801644,Governor of Alaska,http://www.wikidata.org/entity/Q448813,Frank Murkowski,2002-12-02T00:00:00Z,2006-12-04T00:00:00Z,http://www.wikidata.org/entity/Q878712,Tony Knowles,http://www.wikidata.org/entity/Q43144,Sarah Palin,
http://www.wikidata.org/entity/Q20801644,Governor of Alaska,http://www.wikidata.org/entity/Q43144,Sarah Palin,2006-12-04T00:00:00Z,2009-07-26T00:00:00Z,http://www.wikidata.org/entity/Q448813,Frank Murkowski,http://www.wikidata.org/entity/Q44639,Sean Parnell,
http://www.wikidata.org/entity/Q20801644,Governor of Alaska,http://www.wikidata.org/entity/Q44639,Sean Parnell,2009-07-26T00:00:00Z,2014-12-01T00:00:00Z,http://www.wikidata.org/entity/Q43144,Sarah Palin,http://www.wikidata.org/entity/Q18159074,Bill Walker,
http://www.wikidata.org/entity/Q20801644,Governor of Alaska,http://www.wikidata.org/entity/Q18159074,Bill Walker,2014-12-01T00:00:00Z,2018-12-03T00:00:00Z,http://www.wikidata.org/entity/Q44639,Sean Parnell,http://www.wikidata.org/entity/Q16209663,Mike J. Dunleavy,
http://www.wikidata.org/entity/Q20801644,Governor of Alaska,http://www.wikidata.org/entity/Q16209663,Mike J. Dunleavy,2018-12-03T00:00:00Z,,http://www.wikidata.org/entity/Q18159074,Bill Walker,,,
http://www.wikidata.org/entity/Q29514606,Governor of Arizona,http://www.wikidata.org/entity/Q878739,Bruce Babbitt,1978-03-04T00:00:00Z,1987-01-06T00:00:00Z,http://www.wikidata.org/entity/Q881020,Wesley Bolin,http://www.wikidata.org/entity/Q881335,Evan Mecham,
http://www.wikidata.org/entity/Q29514606,Governor of Arizona,http://www.wikidata.org/entity/Q881335,Evan Mecham,1987-01-06T00:00:00Z,1988-04-04T00:00:00Z,http://www.wikidata.org/entity/Q878739,Bruce Babbitt,http://www.wikidata.org/entity/Q291749,Rose Mofford,
http://www.wikidata.org/entity/Q29514606,Governor of Arizona,http://www.wikidata.org/entity/Q291749,Rose Mofford,1988-04-04T00:00:00Z,1991-03-06T00:00:00Z,http://www.wikidata.org/entity/Q881335,Evan Mecham,http://www.wikidata.org/entity/Q699900,Fife Symington,
http://www.wikidata.org/entity/Q29514606,Governor of Arizona,http://www.wikidata.org/entity/Q699900,Fife Symington,1991-03-06T00:00:00Z,1997-09-05T00:00:00Z,http://www.wikidata.org/entity/Q291749,Rose Mofford,http://www.wikidata.org/entity/Q264297,Jane Dee Hull,
http://www.wikidata.org/entity/Q29514606,Governor of Arizona,http://www.wikidata.org/entity/Q264297,Jane Dee Hull,1997-09-05T00:00:00Z,2003-01-06T00:00:00Z,http://www.wikidata.org/entity/Q699900,Fife Symington,http://www.wikidata.org/entity/Q229032,Janet Napolitano,
http://www.wikidata.org/entity/Q29514606,Governor of Arizona,http://www.wikidata.org/entity/Q229032,Janet Napolitano,2003-01-06T00:00:00Z,2009-01-21T00:00:00Z,http://www.wikidata.org/entity/Q264297,Jane Dee Hull,http://www.wikidata.org/entity/Q236941,Jan Brewer,
http://www.wikidata.org/entity/Q29514606,Governor of Arizona,http://www.wikidata.org/entity/Q236941,Jan Brewer,2009-01-21T00:00:00Z,2015-01-05T00:00:00Z,http://www.wikidata.org/entity/Q229032,Janet Napolitano,http://www.wikidata.org/entity/Q5300433,Doug Ducey,
http://www.wikidata.org/entity/Q29514606,Governor of Arizona,http://www.wikidata.org/entity/Q5300433,Doug Ducey,2015-01-05T00:00:00Z,2023-01-02T00:00:00Z,http://www.wikidata.org/entity/Q236941,Jan Brewer,http://www.wikidata.org/entity/Q16226012,Katie Hobbs,
http://www.wikidata.org/entity/Q29514606,Governor of Arizona,http://www.wikidata.org/entity/Q16226012,Katie Hobbs,2023-01-02T00:00:00Z,,http://www.wikidata.org/entity/Q5300433,Doug Ducey,,,
http://www.wikidata.org/entity/Q1540336,Governor of Arkansas,http://www.wikidata.org/entity/Q1124,Bill Clinton,1983-01-11T00:00:00Z,1992-12-12T00:00:00Z,http://www.wikidata.org/entity/Q712035,Frank D. White,http://www.wikidata.org/entity/Q881069,Jim Guy Tucker,
http://www.wikidata.org/entity/Q1540336,Governor of Arkansas,http://www.wikidata.org/entity/Q881069,Jim Guy Tucker,1992-12-12T00:00:00Z,1996-07-15T00:00:00Z,http://www.wikidata.org/entity/Q1124,Bill Clinton,http://www.wikidata.org/entity/Q158813,Mike Huckabee,
http://www.wikidata.org/entity/Q1540336,Governor of Arkansas,http://www.wikidata.org/entity/Q158813,Mike Huckabee,1996-07-15T00:00:00Z,2007-01-09T00:00:00Z,http://www.wikidata.org/entity/Q881069,Jim Guy Tucker,http://www.wikidata.org/entity/Q361460,Mike Beebe,
http://www.wikidata.org/entity/Q1540336,Governor of Arkansas,http://www.wikidata.org/entity/Q361460,Mike Beebe,2007-01-09T00:00:00Z,2015-01-13T00:00:00Z,http://www.wikidata.org/entity/Q158813,Mike Huckabee,http://www.wikidata.org/entity/Q720121,Asa Hutchinson,
http://www.wikidata.org/entity/Q1540336,Governor of Arkansas,http://www.wikidata.org/entity/Q720121,Asa Hutchinson,2015-01-13T00:00:00Z,2023-01-10T00:00:00Z,http://www.wikidata.org/entity/Q361460,Mike Beebe,http://www.wikidata.org/entity/Q27986907,Sarah Huckabee Sanders,
http://www.wikidata.org/entity/Q1540336,Governor of Arkansas,http://www.wikidata.org/entity/Q27986907,Sarah Huckabee Sanders,2023-01-10T00:00:00Z,,http://www.wikidata.org/entity/Q720121,Asa Hutchinson,,,
http://www.wikidata.org/entity/Q887010,Governor of California,http://www.wikidata.org/entity/Q6292607,José Joaquín de Arrillaga,,,,,,,
http://www.wikidata.org/entity/Q887010,Governor of California,http://www.wikidata.org/entity/Q65077108,Todd Chavez,,,,,,,
http://www.wikidata.org/entity/Q887010,Governor of California,http://www.wikidata.org/entity/Q461709,George Deukmejian,1983-01-03T00:00:00Z,1991-01-07T00:00:00Z,http://www.wikidata.org/entity/Q152451,Jerry Brown,http://www.wikidata.org/entity/Q714909,Pete Wilson,
http://www.wikidata.org/entity/Q887010,Governor of California,http://www.wikidata.org/entity/Q714909,Pete Wilson,1991-01-07T00:00:00Z,1999-01-04T00:00:00Z,http://www.wikidata.org/entity/Q461709,George Deukmejian,http://www.wikidata.org/entity/Q356929,Gray Davis,
http://www.wikidata.org/entity/Q887010,Governor of California,http://www.wikidata.org/entity/Q356929,Gray Davis,1999-01-04T00:00:00Z,2003-11-17T00:00:00Z,http://www.wikidata.org/entity/Q714909,Pete Wilson,http://www.wikidata.org/entity/Q2685,Q2685,
http://www.wikidata.org/entity/Q887010,Governor of California,http://www.wikidata.org/entity/Q2685,Q2685,2003-11-17T00:00:00Z,2011-01-03T00:00:00Z,http://www.wikidata.org/entity/Q356929,Gray Davis,http://www.wikidata.org/entity/Q152451,Jerry Brown,
http://www.wikidata.org/entity/Q887010,Governor of California,http://www.wikidata.org/entity/Q152451,Jerry Brown,2011-01-03T00:00:00Z,2019-01-17T00:00:00Z,http://www.wikidata.org/entity/Q2685,Q2685,http://www.wikidata.org/entity/Q461391,Gavin Newsom,
http://www.wikidata.org/entity/Q887010,Governor of California,http://www.wikidata.org/entity/Q461391,Gavin Newsom,2019-01-07T00:00:00Z,,http://www.wikidata.org/entity/Q152451,Jerry Brown,,,
http://www.wikidata.org/entity/Q29514964,Governor of Colorado,http://www.wikidata.org/entity/Q884986,Richard Lamm,1975-01-14T00:00:00Z,1987-01-13T00:00:00Z,http://www.wikidata.org/entity/Q885251,John David Vanderhoof,http://www.wikidata.org/entity/Q328508,Roy Romer,
http://www.wikidata.org/entity/Q29514964,Governor of Colorado,http://www.wikidata.org/entity/Q328508,Roy Romer,1987-01-13T00:00:00Z,1999-01-12T00:00:00Z,http://www.wikidata.org/entity/Q884986,Richard Lamm,http://www.wikidata.org/entity/Q651820,Q651820,
http://www.wikidata.org/entity/Q29514964,Governor of Colorado,http://www.wikidata.org/entity/Q651820,Q651820,1999-01-12T00:00:00Z,2007-01-09T00:00:00Z,http://www.wikidata.org/entity/Q328508,Roy Romer,http://www.wikidata.org/entity/Q119255,Bill Ritter,
http://www.wikidata.org/entity/Q29514964,Governor of Colorado,http://www.wikidata.org/entity/Q119255,Bill Ritter,2007-01-09T00:00:00Z,2011-01-11T00:00:00Z,http://www.wikidata.org/entity/Q651820,Q651820,http://www.wikidata.org/entity/Q430518,John Hickenlooper,
http://www.wikidata.org/entity/Q29514964,Governor of Colorado,http://www.wikidata.org/entity/Q430518,John Hickenlooper,2011-01-11T00:00:00Z,2019-01-08T00:00:00Z,http://www.wikidata.org/entity/Q119255,Bill Ritter,http://www.wikidata.org/entity/Q935734,Jared Polis,
http://www.wikidata.org/entity/Q29514964,Governor of Colorado,http://www.wikidata.org/entity/Q935734,Jared Polis,2019-01-08T00:00:00Z,,,,,,
http://www.wikidata.org/entity/Q887090,Governor of Connecticut,http://www.wikidata.org/entity/Q880800,William O'Neill,1980-12-31T00:00:00Z,1991-01-09T00:00:00Z,http://www.wikidata.org/entity/Q451912,Ella Grasso,http://www.wikidata.org/entity/Q881318,Lowell Weicker,
http://www.wikidata.org/entity/Q887090,Governor of Connecticut,http://www.wikidata.org/entity/Q881318,Lowell Weicker,1991-01-09T00:00:00Z,1995-01-04T00:00:00Z,http://www.wikidata.org/entity/Q880800,William O'Neill,http://www.wikidata.org/entity/Q885204,John G. Rowland,
http://www.wikidata.org/entity/Q887090,Governor of Connecticut,http://www.wikidata.org/entity/Q885204,John G. Rowland,1995-01-04T00:00:00Z,2004-07-01T00:00:00Z,http://www.wikidata.org/entity/Q881318,Lowell Weicker,http://www.wikidata.org/entity/Q241788,Jodi Rell,
http://www.wikidata.org/entity/Q887090,Governor of Connecticut,http://www.wikidata.org/entity/Q241788,Jodi Rell,2004-07-01T00:00:00Z,2011-01-05T00:00:00Z,http://www.wikidata.org/entity/Q885204,John G. Rowland,http://www.wikidata.org/entity/Q714269,Dannel Malloy,
http://www.wikidata.org/entity/Q887090,Governor of Connecticut,http://www.wikidata.org/entity/Q714269,Dannel Malloy,2011-01-05T00:00:00Z,2019-01-09T00:00:00Z,http://www.wikidata.org/entity/Q241788,Jodi Rell,http://www.wikidata.org/entity/Q1973878,Ned Lamont,
http://www.wikidata.org/entity/Q887090,Governor of Connecticut,http://www.wikidata.org/entity/Q1973878,Ned Lamont,2019-01-09T00:00:00Z,,http://www.wikidata.org/entity/Q714269,Dannel Malloy,,,
http://www.wikidata.org/entity/Q20801656,Governor of Delaware,http://www.wikidata.org/entity/Q163957,Pierre Samuel du Pont IV,1977-01-18T00:00:00Z,1985-01-15T00:00:00Z,http://www.wikidata.org/entity/Q435134,Sherman W. Tribbitt,http://www.wikidata.org/entity/Q645215,Michael Castle,
http://www.wikidata.org/entity/Q20801656,Governor of Delaware,http://www.wikidata.org/entity/Q645215,Michael Castle,1985-01-15T00:00:00Z,1992-12-31T00:00:00Z,http://www.wikidata.org/entity/Q163957,Pierre Samuel du Pont IV,http://www.wikidata.org/entity/Q435023,Dale E. Wolf,
http://www.wikidata.org/entity/Q20801656,Governor of Delaware,http://www.wikidata.org/entity/Q435023,Dale E. Wolf,1992-12-31T00:00:00Z,1993-01-19T00:00:00Z,http://www.wikidata.org/entity/Q645215,Michael Castle,http://www.wikidata.org/entity/Q457432,Tom Carper,
http://www.wikidata.org/entity/Q20801656,Governor of Delaware,http://www.wikidata.org/entity/Q457432,Tom Carper,1993-01-19T00:00:00Z,2001-01-03T00:00:00Z,http://www.wikidata.org/entity/Q435023,Dale E. Wolf,http://www.wikidata.org/entity/Q262440,Ruth Ann Minner,
http://www.wikidata.org/entity/Q20801656,Governor of Delaware,http://www.wikidata.org/entity/Q262440,Ruth Ann Minner,2001-01-03T00:00:00Z,2009-01-20T00:00:00Z,http://www.wikidata.org/entity/Q457432,Tom Carper,http://www.wikidata.org/entity/Q513243,Jack Markell,
http://www.wikidata.org/entity/Q20801656,Governor of Delaware,http://www.wikidata.org/entity/Q513243,Jack Markell,2009-01-20T00:00:00Z,2017-01-17T00:00:00Z,http://www.wikidata.org/entity/Q262440,Ruth Ann Minner,http://www.wikidata.org/entity/Q505302,John Carney,
http://www.wikidata.org/entity/Q20801656,Governor of Delaware,http://www.wikidata.org/entity/Q505302,John Carney,2017-01-17T00:00:00Z,2025-01-07T00:00:00Z,http://www.wikidata.org/entity/Q513243,Jack Markell,,,resignation
http://www.wikidata.org/entity/Q20801656,Governor of Delaware,http://www.wikidata.org/entity/Q16105100,Bethany Hall-Long,2025-01-07T00:00:00Z,2025-01-21T00:00:00Z,http://www.wikidata.org/entity/Q505302,John Carney,http://www.wikidata.org/entity/Q26703331,Matt Meyer,
http://www.wikidata.org/entity/Q20801656,Governor of Delaware,http://www.wikidata.org/entity/Q26703331,Matt Meyer,2025-01-21T00:00:00Z,,,,,,
http://www.wikidata.org/entity/Q20198851,Governor of Florida,http://www.wikidata.org/entity/Q578102,Bob Graham,1979-01-02T00:00:00Z,1987-01-03T00:00:00Z,http://www.wikidata.org/entity/Q887146,Reubin Askew,http://www.wikidata.org/entity/Q731599,Wayne Mixson,
http://www.wikidata.org/entity/Q20198851,Governor of Florida,http://www.wikidata.org/entity/Q731599,Wayne Mixson,1987-01-03T00:00:00Z,1987-01-06T00:00:00Z,http://www.wikidata.org/entity/Q578102,Bob Graham,http://www.wikidata.org/entity/Q362969,Bob Martinez,
http://www.wikidata.org/entity/Q20198851,Governor of Florida,http://www.wikidata.org/entity/Q362969,Bob Martinez,1987-01-06T00:00:00Z,1991-01-08T00:00:00Z,http://www.wikidata.org/entity/Q731599,Wayne Mixson,http://www.wikidata.org/entity/Q744098,Lawton Chiles,
http://www.wikidata.org/entity/Q20198851,Governor of Florida,http://www.wikidata.org/entity/Q744098,Lawton Chiles,1991-01-08T00:00:00Z,1998-12-12T00:00:00Z,http://www.wikidata.org/entity/Q362969,Bob Martinez,http://www.wikidata.org/entity/Q362669,Buddy MacKay,
http://www.wikidata.org/entity/Q20198851,Governor of Florida,http://www.wikidata.org/entity/Q7349306,Robert Ritchie,1992-01-01T00:00:00Z,1996-01-01T00:00:00Z,,,,,
http://www.wikidata.org/entity/Q20198851,Governor of Florida,http://www.wikidata.org/entity/Q362669,Buddy MacKay,1998-12-12T00:00:00Z,1999-01-05T00:00:00Z,http://www.wikidata.org/entity/Q744098,Lawton Chiles,http://www.wikidata.org/entity/Q221997,Jeb Bush,
http://www.wikidata.org/entity/Q20198851,Governor of Florida,http://www.wikidata.org/entity/Q221997,Jeb Bush,1999-01-05T00:00:00Z,2007-01-02T00:00:00Z,http://www.wikidata.org/entity/Q362669,Buddy MacKay,http://www.wikidata.org/entity/Q374693,Charlie Crist,
http://www.wikidata.org/entity/Q20198851,Governor of Florida,http://www.wikidata.org/entity/Q7349306,Robert Ritchie,2000-01-01T00:00:00Z,2005-01-01T00:00:00Z,,,,,
http://www.wikidata.org/entity/Q20198851,Governor of Florida,http://www.wikidata.org/entity/Q374693,Charlie Crist,2007-01-02T00:00:00Z,2011-01-04T00:00:00Z,http://www.wikidata.org/entity/Q221997,Jeb Bush,http://www.wikidata.org/entity/Q439729,Rick Scott,
http://www.wikidata.org/entity/Q20198851,Governor of Florida,http://www.wikidata.org/entity/Q439729,Rick Scott,2011-01-04T00:00:00Z,2019-01-07T00:00:00Z,http://www.wikidata.org/entity/Q374693,Charlie Crist,http://www.wikidata.org/entity/Q3105215,Ron DeSantis,
http://www.wikidata.org/entity/Q20198851,Governor of Florida,http://www.wikidata.org/entity/Q3105215,Ron DeSantis,2019-01-08T00:00:00Z,,http://www.wikidata.org/entity/Q439729,Rick Scott,,,
http://www.wikidata.org/entity/Q880198,Governor of Georgia,http://www.wikidata.org/entity/Q1065037,Charles James McDonald,,,,,,,
http://www.wikidata.org/entity/Q880198,Governor of Georgia,http://www.wikidata.org/entity/Q1101341,Clifford Walker,,,,,,,
http://www.wikidata.org/entity/Q880198,Governor of Georgia,http://www.wikidata.org/entity/Q1146386,Joseph Mackey Brown,,,,,,,
http://www.wikidata.org/entity/Q880198,Governor of Georgia,http://www.wikidata.org/entity/Q1293842,Edward Telfair,,,,,,,
http://www.wikidata.org/entity/Q880198,Governor of Georgia,http://www.wikidata.org/entity/Q1332396,Ellis Arnall,,,,,,,
http://www.wikidata.org/entity/Q880198,Governor of Georgia,http://www.wikidata.org/entity/Q1373188,Eugene Talmadge,,,,,,,
http://www.wikidata.org/entity/Q880198,Governor of Georgia,http://www.wikidata.org/entity/Q1374430,Eurith D. Rivers,,,,,,,
http://www.wikidata.org/entity/Q880198,Governor of Georgia,http://www.wikidata.org/entity/Q1484365,Richard Howly,,,,,,,
http://www.wikidata.org/entity/Q880198,Governor of Georgia,http://www.wikidata.org/entity/Q1508471,George W. Towns,,,,,,,
http://www.wikidata.org/entity/Q880198,Governor of Georgia,http://www.wikidata.org/entity/Q1606669,Henry Dickerson McDaniel,,,,,,,
http://www.wikidata.org/entity/Q880198,Governor of Georgia,http://www.wikidata.org/entity/Q1634454,Hugh M. Dorsey,,,,,,,
http://www.wikidata.org/entity/Q880198,Governor of Georgia,http://www.wikidata.org/entity/Q1680635,James Johnson,,,,,,,
http://www.wikidata.org/entity/Q880198,Governor of Georgia,http://www.wikidata.org/entity/Q1680834,James Milton Smith,,,,,,,
http://www.wikidata.org/entity/Q880198,Governor of Georgia,http://www.wikidata.org/entity/Q16886502,Humphrey Wells,,,,,,,
http://www.wikidata.org/entity/Q880198,Governor of Georgia,http://www.wikidata.org/entity/Q1700498,John Houstoun,,,,,,,
http://www.wikidata.org/entity/Q880198,Governor of Georgia,http://www.wikidata.org/entity/Q1700974,John Martin,,,,,,,
http://www.wikidata.org/entity/Q880198,Governor of Georgia,http://www.wikidata.org/entity/Q1702134,John Wereat,,,,,,,
http://www.wikidata.org/entity/Q880198,Governor of Georgia,http://www.wikidata.org/entity/Q178881,George Rockingham Gilmer,,,,,,,
http://www.wikidata.org/entity/Q880198,Governor of Georgia,http://www.wikidata.org/entity/Q1801293,Lamartine Griffin Hardman,,,,,,,
http://www.wikidata.org/entity/Q880198,Governor of Georgia,http://www.wikidata.org/entity/Q1806729,Nathaniel Edwin Harris,,,,,,,
http://www.wikidata.org/entity/Q880198,Governor of Georgia,http://www.wikidata.org/entity/Q183550,Marvin Griffin,,,,,,,
http://www.wikidata.org/entity/Q880198,Governor of Georgia,http://www.wikidata.org/entity/Q1956775,Q1956775,,,,,,,
http://www.wikidata.org/entity/Q880198,Governor of Georgia,http://www.wikidata.org/entity/Q200516,James S. Boynton,,,,,,,
http://www.wikidata.org/entity/Q880198,Governor of Georgia,http://www.wikidata.org/entity/Q2074623,Peter Early,,,,,,,
http://www.wikidata.org/entity/Q880198,Governor of Georgia,http://www.wikidata.org/entity/Q2218198,Samuel Elbert,,,,,,,
http://www.wikidata.org/entity/Q880198,Governor of Georgia,http://www.wikidata.org/entity/Q2344774,Stephen Heard,,,,,,,
http://www.wikidata.org/entity/Q880198,Governor of Georgia,http://www.wikidata.org/entity/Q2579465,William J. Northen,,,,,,,
http://www.wikidata.org/entity/Q880198,Governor of Georgia,http://www.wikidata.org/entity/Q2580337,William Rabun,,,,,,,
http://www.wikidata.org/entity/Q880198,Governor of Georgia,http://www.wikidata.org/entity/Q2581134,William Yates Atkinson,,,,,,,
http://www.wikidata.org/entity/Q880198,Governor of Georgia,http://www.wikidata.org/entity/Q262319,Alfred H. Colquitt,,,,,,,
http://www.wikidata.org/entity/Q880198,Governor of Georgia,http://www.wikidata.org/entity/Q2648341,Allen D. Candler,,,,,,,
http://www.wikidata.org/entity/Q880198,Governor of Georgia,http://www.wikidata.org/entity/Q3132772,Henry Ellis,,,,,,,
http://www.wikidata.org/entity/Q880198,Governor of Georgia,http://www.wikidata.org/entity/Q3182355,John Reynolds,,,,,,,
http://www.wikidata.org/entity/Q880198,Governor of Georgia,http://www.wikidata.org/entity/Q356810,Hoke Smith,,,,,,,
http://www.wikidata.org/entity/Q880198,Governor of Georgia,http://www.wikidata.org/entity/Q357353,Herschel V. Johnson,,,,,,,
http://www.wikidata.org/entity/Q880198,Governor of Georgia,http://www.wikidata.org/entity/Q357721,Wilson Lumpkin,,,,,,,
http://www.wikidata.org/entity/Q880198,Governor of Georgia,http://www.wikidata.org/entity/Q358439,Rufus Bullock,,,,,,,
http://www.wikidata.org/entity/Q880198,Governor of Georgia,http://www.wikidata.org/entity/Q4140973,James Wright,,,,,,,
http://www.wikidata.org/entity/Q880198,Governor of Georgia,http://www.wikidata.org/entity/Q531289,Melvin E. Thompson,,,,,,,
http://www.wikidata.org/entity/Q880198,Governor of Georgia,http://www.wikidata.org/entity/Q7456516,Seth John Cuthbert,,,,,,,
http://www.wikidata.org/entity/Q880198,Governor of Georgia,http://www.wikidata.org/entity/Q8008723,William Ewen,,,,,,,
http://www.wikidata.org/entity/Q880198,Governor of Georgia,http://www.wikidata.org/entity/Q8009913,William Glascock,,,,,,,
http://www.wikidata.org/entity/Q880198,Governor of Georgia,http://www.wikidata.org/entity/Q878512,George Walton,,,,,,,
http://www.wikidata.org/entity/Q880198,Governor of Georgia,http://www.wikidata.org/entity/Q884037,Thomas W. Hardwick,,,,,,,
http://www.wikidata.org/entity/Q880198,Governor of Georgia,http://www.wikidata.org/entity/Q885230,Charles J. Jenkins,,,,,,,
http://www.wikidata.org/entity/Q880198,Governor of Georgia,http://www.wikidata.org/entity/Q886071,John M. Slaton,,,,,,,
http://www.wikidata.org/entity/Q880198,Governor of Georgia,http://www.wikidata.org/entity/Q889329,Thomas H. Ruger,,,,,,,
http://www.wikidata.org/entity/Q880198,Governor of Georgia,http://www.wikidata.org/entity/Q889390,Nathan Brownson,,,,,,,
http://www.wikidata.org/entity/Q880198,Governor of Georgia,http://www.wikidata.org/entity/Q889545,John A. Treutlen,,,,,,,
http://www.wikidata.org/entity/Q880198,Governor of Georgia,http://www.wikidata.org/entity/Q992739,George Handley,,,,,,,
http://www.wikidata.org/entity/Q880198,Governor of Georgia,http://www.wikidata.org/entity/Q1691422,Joe Frank Harris,1983-01-11T00:00:00Z,1991-01-14T00:00:00Z,http://www.wikidata.org/entity/Q356189,George Busbee,http://www.wikidata.org/entity/Q187516,Zell Miller,
http://www.wikidata.org/entity/Q880198,Governor of Georgia,http://www.wikidata.org/entity/Q187516,Zell Miller,1991-01-14T00:00:00Z,1999-01-11T00:00:00Z,http://www.wikidata.org/entity/Q1691422,Joe Frank Harris,http://www.wikidata.org/entity/Q882665,Roy Barnes,
http://www.wikidata.org/entity/Q880198,Governor of Georgia,http://www.wikidata.org/entity/Q882665,Roy Barnes,1999-01-11T00:00:00Z,2003-01-13T00:00:00Z,http://www.wikidata.org/entity/Q187516,Zell Miller,http://www.wikidata.org/entity/Q525362,Sonny Perdue,
http://www.wikidata.org/entity/Q880198,Governor of Georgia,http://www.wikidata.org/entity/Q525362,Sonny Perdue,2003-01-13T00:00:00Z,2011-01-10T00:00:00Z,http://www.wikidata.org/entity/Q882665,Roy Barnes,http://www.wikidata.org/entity/Q179732,Nathan Deal,
http://www.wikidata.org/entity/Q880198,Governor of Georgia,http://www.wikidata.org/entity/Q179732,Nathan Deal,2011-01-10T00:00:00Z,2019-01-14T00:00:00Z,http://www.wikidata.org/entity/Q525362,Sonny Perdue,,,
http://www.wikidata.org/entity/Q880198,Governor of Georgia,http://www.wikidata.org/entity/Q4964973,Brian Kemp,2019-01-14T00:00:00Z,,http://www.wikidata.org/entity/Q179732,Nathan Deal,,,
http://www.wikidata.org/entity/Q5589655,Governor of Hawaii,http://www.wikidata.org/entity/Q380341,Kamehameha II,,,,,,,
http://www.wikidata.org/entity/Q5589655,Governor of Hawaii,http://www.wikidata.org/entity/Q455795,Kamehameha III,,,,,,,
http://www.wikidata.org/entity/Q5589655,Governor of Hawaii,http://www.wikidata.org/entity/Q470398,Kamehameha IV,,,,,,,
http://www.wikidata.org/entity/Q5589655,Governor of Hawaii,http://www.wikidata.org/entity/Q6265184,John Young,,,,,,,
http://www.wikidata.org/entity/Q5589655,Governor of Hawaii,http://www.wikidata.org/entity/Q887354,Kamehameha V,,,,,,,
http://www.wikidata.org/entity/Q5589655,Governor of Hawaii,http://www.wikidata.org/entity/Q887563,George Ariyoshi,1974-12-02T00:00:00Z,1986-12-01T00:00:00Z,http://www.wikidata.org/entity/Q880606,John A. Burns,http://www.wikidata.org/entity/Q880678,John D. Waihee III,
http://www.wikidata.org/entity/Q5589655,Governor of Hawaii,http://www.wikidata.org/entity/Q880678,John D. Waihee III,1986-12-01T00:00:00Z,1994-12-05T00:00:00Z,http://www.wikidata.org/entity/Q887563,George Ariyoshi,http://www.wikidata.org/entity/Q816457,Ben Cayetano,
http://www.wikidata.org/entity/Q5589655,Governor of Hawaii,http://www.wikidata.org/entity/Q816457,Ben Cayetano,1994-12-02T00:00:00Z,2002-12-02T00:00:00Z,http://www.wikidata.org/entity/Q880678,John D. Waihee III,http://www.wikidata.org/entity/Q231701,Linda Lingle,
http://www.wikidata.org/entity/Q5589655,Governor of Hawaii,http://www.wikidata.org/entity/Q231701,Linda Lingle,2002-12-02T00:00:00Z,2010-12-06T00:00:00Z,http://www.wikidata.org/entity/Q816457,Ben Cayetano,http://www.wikidata.org/entity/Q469689,Neil Abercrombie,
http://www.wikidata.org/entity/Q5589655,Governor of Hawaii,http://www.wikidata.org/entity/Q469689,Neil Abercrombie,2010-12-06T00:00:00Z,2014-12-01T00:00:00Z,http://www.wikidata.org/entity/Q231701,Linda Lingle,http://www.wikidata.org/entity/Q16189318,David Ige,
http://www.wikidata.org/entity/Q5589655,Governor of Hawaii,http://www.wikidata.org/entity/Q16189318,David Ige,2014-12-01T00:00:00Z,2022-12-05T00:00:00Z,http://www.wikidata.org/entity/Q469689,Neil Abercrombie,http://www.wikidata.org/entity/Q16224583,Josh Green,
http://www.wikidata.org/entity/Q5589655,Governor of Hawaii,http://www.wikidata.org/entity/Q16224583,Josh Green,2022-12-05T00:00:00Z,,http://www.wikidata.org/entity/Q16189318,David Ige,,,
http://www.wikidata.org/entity/Q29514674,Governor of Idaho,http://www.wikidata.org/entity/Q22670553,Horace C. Gilson,,,,,,,
http://www.wikidata.org/entity/Q29514674,Governor of Idaho,http://www.wikidata.org/entity/Q328527,John V. Evans,1977-01-23T00:00:00Z,1987-01-04T00:00:00Z,http://www.wikidata.org/entity/Q372022,Cecil D. Andrus,http://www.wikidata.org/entity/Q372022,Cecil D. Andrus,
http://www.wikidata.org/entity/Q29514674,Governor of Idaho,http://www.wikidata.org/entity/Q372022,Cecil D. Andrus,1987-01-05T00:00:00Z,1995-01-02T00:00:00Z,http://www.wikidata.org/entity/Q328527,John V. Evans,http://www.wikidata.org/entity/Q368339,Phil Batt,
http://www.wikidata.org/entity/Q29514674,Governor of Idaho,http://www.wikidata.org/entity/Q368339,Phil Batt,1995-01-02T00:00:00Z,1999-01-08T00:00:00Z,http://www.wikidata.org/entity/Q372022,Cecil D. Andrus,http://www.wikidata.org/entity/Q737493,Dirk Kempthorne,
http://www.wikidata.org/entity/Q29514674,Governor of Idaho,http://www.wikidata.org/entity/Q737493,Dirk Kempthorne,1999-01-08T00:00:00Z,2006-05-26T00:00:00Z,http://www.wikidata.org/entity/Q368339,Phil Batt,http://www.wikidata.org/entity/Q721871,Jim Risch,
http://www.wikidata.org/entity/Q29514674,Governor of Idaho,http://www.wikidata.org/entity/Q721871,Jim Risch,2006-05-26T00:00:00Z,2007-01-01T00:00:00Z,http://www.wikidata.org/entity/Q737493,Dirk Kempthorne,http://www.wikidata.org/entity/Q39593,Butch Otter,
http://www.wikidata.org/entity/Q29514674,Governor of Idaho,http://www.wikidata.org/entity/Q39593,Butch Otter,2007-01-01T00:00:00Z,2019-01-07T00:00:00Z,http://www.wikidata.org/entity/Q721871,Jim Risch,,,
http://www.wikidata.org/entity/Q29514674,Governor of Idaho,http://www.wikidata.org/entity/Q4954097,Brad Little,2019-01-07T00:00:00Z,,,,,,
http://www.wikidata.org/entity/Q3112719,Governor of Illinois,http://www.wikidata.org/entity/Q735247,James R. Thompson,1977-01-10T00:00:00Z,1991-01-14T00:00:00Z,http://www.wikidata.org/entity/Q746823,Dan Walker,http://www.wikidata.org/entity/Q734643,Jim Edgar,
http://www.wikidata.org/entity/Q3112719,Governor of Illinois,http://www.wikidata.org/entity/Q734643,Jim Edgar,1991-01-14T00:00:00Z,1999-01-11T00:00:00Z,http://www.wikidata.org/entity/Q735247,James R. Thompson,http://www.wikidata.org/entity/Q887327,George Ryan,
http://www.wikidata.org/entity/Q3112719,Governor of Illinois,http://www.wikidata.org/entity/Q887327,George Ryan,1999-01-11T00:00:00Z,2003-01-13T00:00:00Z,http://www.wikidata.org/entity/Q734643,Jim Edgar,http://www.wikidata.org/entity/Q151891,Rod Blagojevich,
http://www.wikidata.org/entity/Q3112719,Governor of Illinois,http://www.wikidata.org/entity/Q151891,Rod Blagojevich,2003-01-13T00:00:00Z,2009-01-29T00:00:00Z,http://www.wikidata.org/entity/Q887327,George Ryan,http://www.wikidata.org/entity/Q460291,Pat Quinn,
http://www.wikidata.org/entity/Q3112719,Governor of Illinois,http://www.wikidata.org/entity/Q460291,Pat Quinn,2009-01-29T00:00:00Z,2015-01-12T00:00:00Z,http://www.wikidata.org/entity/Q151891,Rod Blagojevich,http://www.wikidata.org/entity/Q15972549,Bruce Rauner,
http://www.wikidata.org/entity/Q3112719,Governor of Illinois,http://www.wikidata.org/entity/Q15972549,Bruce Rauner,2015-01-12T00:00:00Z,2019-01-14T00:00:00Z,http://www.wikidata.org/entity/Q460291,Pat Quinn,http://www.wikidata.org/entity/Q6103950,JB Pritzker,
http://www.wikidata.org/entity/Q3112719,Governor of Illinois,http://www.wikidata.org/entity/Q6103950,JB Pritzker,2019-01-14T00:00:00Z,,http://www.wikidata.org/entity/Q15972549,Bruce Rauner,,,
http://www.wikidata.org/entity/Q16147601,Governor of Indiana,http://www.wikidata.org/entity/Q1700208,John Gibson,,,,,,,
http://www.wikidata.org/entity/Q16147601,Governor of Indiana,http://www.wikidata.org/entity/Q885601,Robert D. Orr,1981-01-12T00:00:00Z,1989-01-09T00:00:00Z,http://www.wikidata.org/entity/Q887335,Otis R. Bowen,http://www.wikidata.org/entity/Q344930,Evan Bayh,
http://www.wikidata.org/entity/Q16147601,Governor of Indiana,http://www.wikidata.org/entity/Q344930,Evan Bayh,1989-01-09T00:00:00Z,1997-01-13T00:00:00Z,http://www.wikidata.org/entity/Q885601,Robert D. Orr,http://www.wikidata.org/entity/Q176346,Frank O'Bannon,
http://www.wikidata.org/entity/Q16147601,Governor of Indiana,http://www.wikidata.org/entity/Q176346,Frank O'Bannon,1997-01-13T00:00:00Z,2003-09-13T00:00:00Z,http://www.wikidata.org/entity/Q344930,Evan Bayh,http://www.wikidata.org/entity/Q1431576,Joe Kernan,
http://www.wikidata.org/entity/Q16147601,Governor of Indiana,http://www.wikidata.org/entity/Q1431576,Joe Kernan,2003-09-13T00:00:00Z,2005-01-10T00:00:00Z,http://www.wikidata.org/entity/Q176346,Frank O'Bannon,http://www.wikidata.org/entity/Q351330,Mitch Daniels,
http://www.wikidata.org/entity/Q16147601,Governor of Indiana,http://www.wikidata.org/entity/Q351330,Mitch Daniels,2005-01-10T00:00:00Z,2013-01-14T00:00:00Z,http://www.wikidata.org/entity/Q1431576,Joe Kernan,http://www.wikidata.org/entity/Q24313,Mike Pence,
http://www.wikidata.org/entity/Q16147601,Governor of Indiana,http://www.wikidata.org/entity/Q24313,Mike Pence,2013-01-14T00:00:00Z,2017-01-09T00:00:00Z,http://www.wikidata.org/entity/Q351330,Mitch Daniels,http://www.wikidata.org/entity/Q23016975,Eric Holcomb,
http://www.wikidata.org/entity/Q16147601,Governor of Indiana,http://www.wikidata.org/entity/Q23016975,Eric Holcomb,2017-01-09T00:00:00Z,2025-01-13T00:00:00Z,http://www.wikidata.org/entity/Q24313,Mike Pence,http://www.wikidata.org/entity/Q42804470,Mike Braun,
http://www.wikidata.org/entity/Q16147601,Governor of Indiana,http://www.wikidata.org/entity/Q42804470,Mike Braun,2025-01-13T00:00:00Z,,http://www.wikidata.org/entity/Q23016975,Eric Holcomb,,,
http://www.wikidata.org/entity/Q5589668,Governor of Kansas,http://www.wikidata.org/entity/Q1870206,Lorenzo D. Lewelling,,,,,,,
http://www.wikidata.org/entity/Q5589668,Governor of Kansas,http://www.wikidata.org/entity/Q2218403,Samuel J. Crawford,,,,,,,
http://www.wikidata.org/entity/Q5589668,Governor of Kansas,http://www.wikidata.org/entity/Q816575,Benjamin S. Paulen,,,,,,,
http://www.wikidata.org/entity/Q5589668,Governor of Kansas,http://www.wikidata.org/entity/Q885653,George Docking,,,,,,,
http://www.wikidata.org/entity/Q5589668,Governor of Kansas,http://www.wikidata.org/entity/Q1702040,John W. Carlin,1979-01-08T00:00:00Z,1987-01-12T00:00:00Z,,,,,
http://www.wikidata.org/entity/Q5589668,Governor of Kansas,http://www.wikidata.org/entity/Q1933195,Mike Hayden,1987-01-12T00:00:00Z,1991-01-14T00:00:00Z,,,,,
http://www.wikidata.org/entity/Q5589668,Governor of Kansas,http://www.wikidata.org/entity/Q881230,Joan Finney,1991-01-14T00:00:00Z,1995-01-09T00:00:00Z,,,,,
http://www.wikidata.org/entity/Q5589668,Governor of Kansas,http://www.wikidata.org/entity/Q50613,Bill Graves,1995-01-09T00:00:00Z,2003-01-13T00:00:00Z,,,,,
http://www.wikidata.org/entity/Q5589668,Governor of Kansas,http://www.wikidata.org/entity/Q27677,Kathleen Sebelius,2003-01-13T00:00:00Z,2009-04-28T00:00:00Z,http://www.wikidata.org/entity/Q50613,Bill Graves,http://www.wikidata.org/entity/Q881181,Mark Parkinson,
http://www.wikidata.org/entity/Q5589668,Governor of Kansas,http://www.wikidata.org/entity/Q881181,Mark Parkinson,2009-04-28T00:00:00Z,2011-01-10T00:00:00Z,,,,,
http://www.wikidata.org/entity/Q5589668,Governor of Kansas,http://www.wikidata.org/entity/Q317618,Sam Brownback,2011-01-10T00:00:00Z,2018-01-31T00:00:00Z,http://www.wikidata.org/entity/Q881181,Mark Parkinson,,,
http://www.wikidata.org/entity/Q5589668,Governor of Kansas,http://www.wikidata.org/entity/Q6173601,Jeff Colyer,2018-01-31T00:00:00Z,2019-01-14T00:00:00Z,,,,,
http://www.wikidata.org/entity/Q5589668,Governor of Kansas,http://www.wikidata.org/entity/Q6499080,Laura Kelly,2019-01-14T00:00:00Z,,http://www.wikidata.org/entity/Q6173601,Jeff Colyer,,,
http://www.wikidata.org/entity/Q4151335,Governor of Kentucky,http://www.wikidata.org/entity/Q5545661,George W. Johnson,,,,,,,
http://www.wikidata.org/entity/Q4151335,Governor of Kentucky,http://www.wikidata.org/entity/Q459745,Martha Layne Collins,1983-12-13T00:00:00Z,1987-12-08T00:00:00Z,http://www.wikidata.org/entity/Q889224,John Y. Brown Jr.,http://www.wikidata.org/entity/Q889162,Wallace G. Wilkinson,
http://www.wikidata.org/entity/Q4151335,Governor of Kentucky,http://www.wikidata.org/entity/Q889162,Wallace G. Wilkinson,1987-12-08T00:00:00Z,1991-12-10T00:00:00Z,http://www.wikidata.org/entity/Q459745,Martha Layne Collins,http://www.wikidata.org/entity/Q889455,Brereton C. Jones,
http://www.wikidata.org/entity/Q4151335,Governor of Kentucky,http://www.wikidata.org/entity/Q889455,Brereton C. Jones,1991-12-10T00:00:00Z,1995-12-12T00:00:00Z,http://www.wikidata.org/entity/Q889162,Wallace G. Wilkinson,http://www.wikidata.org/entity/Q889216,Paul E. Patton,
http://www.wikidata.org/entity/Q4151335,Governor of Kentucky,http://www.wikidata.org/entity/Q889216,Paul E. Patton,1995-12-12T00:00:00Z,2003-12-09T00:00:00Z,http://www.wikidata.org/entity/Q889455,Brereton C. Jones,http://www.wikidata.org/entity/Q881233,Ernie Fletcher,
http://www.wikidata.org/entity/Q4151335,Governor of Kentucky,http://www.wikidata.org/entity/Q881233,Ernie Fletcher,2003-12-09T00:00:00Z,2007-12-11T00:00:00Z,http://www.wikidata.org/entity/Q889216,Paul E. Patton,http://www.wikidata.org/entity/Q532220,Steve Beshear,
http://www.wikidata.org/entity/Q4151335,Governor of Kentucky,http://www.wikidata.org/entity/Q532220,Steve Beshear,2007-12-11T00:00:00Z,2015-12-08T00:00:00Z,http://www.wikidata.org/entity/Q881233,Ernie Fletcher,http://www.wikidata.org/entity/Q19953601,Matt Bevin,
http://www.wikidata.org/entity/Q4151335,Governor of Kentucky,http://www.wikidata.org/entity/Q19953601,Matt Bevin,2015-12-08T00:00:00Z,2019-12-10T00:00:00Z,http://www.wikidata.org/entity/Q532220,Steve Beshear,,,
http://www.wikidata.org/entity/Q4151335,Governor of Kentucky,http://www.wikidata.org/entity/Q21572825,Andy Beshear,2019-12-10T00:00:00Z,,http://www.wikidata.org/entity/Q19953601,Matt Bevin,,,
http://www.wikidata.org/entity/Q20766109,Governor of Louisiana,http://www.wikidata.org/entity/Q17510953,Francisco Cruzat,,,,,,,
http://www.wikidata.org/entity/Q20766109,Governor of Louisiana,http://www.wikidata.org/entity/Q3154734,Isaac Brigg,,,,,,,
http://www.wikidata.org/entity/Q20766109,Governor of Louisiana,http://www.wikidata.org/entity/Q7608625,Stephen B. Packard,,,,,,,
http://www.wikidata.org/entity/Q20766109,Governor of Louisiana,http://www.wikidata.org/entity/Q888586,Earl Long,,,,,,,
http://www.wikidata.org/entity/Q20766109,Governor of Louisiana,http://www.wikidata.org/entity/Q976793,John Leonard Riddell,,,,,,,
http://www.wikidata.org/entity/Q20766109,Governor of Louisiana,http://www.wikidata.org/entity/Q737491,Edwin Edwards,1984-03-12T00:00:00Z,1988-03-14T00:00:00Z,http://www.wikidata.org/entity/Q640768,Dave Treen,http://www.wikidata.org/entity/Q878651,Buddy Roemer,
http://www.wikidata.org/entity/Q20766109,Governor of Louisiana,http://www.wikidata.org/entity/Q878651,Buddy Roemer,1988-03-14T00:00:00Z,1992-01-13T00:00:00Z,http://www.wikidata.org/entity/Q737491,Edwin Edwards,http://www.wikidata.org/entity/Q737491,Edwin Edwards,
http://www.wikidata.org/entity/Q20766109,Governor of Louisiana,http://www.wikidata.org/entity/Q737491,Edwin Edwards,1992-01-13T00:00:00Z,1996-01-08T00:00:00Z,http://www.wikidata.org/entity/Q878651,Buddy Roemer,http://www.wikidata.org/entity/Q880111,Murphy J. Foster,
http://www.wikidata.org/entity/Q20766109,Governor of Louisiana,http://www.wikidata.org/entity/Q880111,Murphy J. Foster,1996-01-08T00:00:00Z,2004-01-12T00:00:00Z,http://www.wikidata.org/entity/Q737491,Edwin Edwards,http://www.wikidata.org/entity/Q237786,Kathleen Blanco,
http://www.wikidata.org/entity/Q20766109,Governor of Louisiana,http://www.wikidata.org/entity/Q237786,Kathleen Blanco,2004-01-12T00:00:00Z,2008-01-14T00:00:00Z,http://www.wikidata.org/entity/Q880111,Murphy J. Foster,http://www.wikidata.org/entity/Q295492,Bobby Jindal,
http://www.wikidata.org/entity/Q20766109,Governor of Louisiana,http://www.wikidata.org/entity/Q295492,Bobby Jindal,2008-01-14T00:00:00Z,2016-01-11T00:00:00Z,http://www.wikidata.org/entity/Q237786,Kathleen Blanco,http://www.wikidata.org/entity/Q6221385,John Bel Edwards,
http://www.wikidata.org/entity/Q20766109,Governor of Louisiana,http://www.wikidata.org/entity/Q6221385,John Bel Edwards,2016-01-11T00:00:00Z,2024-01-08T00:00:00Z,http://www.wikidata.org/entity/Q295492,Bobby Jindal,http://www.wikidata.org/entity/Q1686330,Jeff Landry,
http://www.wikidata.org/entity/Q20766109,Governor of Louisiana,http://www.wikidata.org/entity/Q1686330,Jeff Landry,2024-01-08T00:00:00Z,,http://www.wikidata.org/entity/Q6221385,John Bel Edwards,,,
http://www.wikidata.org/entity/Q3506352,Governor of Maine,http://www.wikidata.org/entity/Q16859699,William Gorges,,,,,,,
http://www.wikidata.org/entity/Q3506352,Governor of Maine,http://www.wikidata.org/entity/Q17019744,Edward Godfrey,,,,,,,
http://www.wikidata.org/entity/Q3506352,Governor of Maine,http://www.wikidata.org/entity/Q888342,William Tudor Gardiner,,,,,,,
http://www.wikidata.org/entity/Q3506352,Governor of Maine,http://www.wikidata.org/entity/Q550705,Joseph E. Brennan,1979-01-03T00:00:00Z,1987-01-07T00:00:00Z,http://www.wikidata.org/entity/Q369451,James B. Longley,http://www.wikidata.org/entity/Q880786,John R. McKernan,
http://www.wikidata.org/entity/Q3506352,Governor of Maine,http://www.wikidata.org/entity/Q880786,John R. McKernan,1987-01-07T00:00:00Z,1995-01-05T00:00:00Z,http://www.wikidata.org/entity/Q550705,Joseph E. Brennan,http://www.wikidata.org/entity/Q544464,Angus King,
http://www.wikidata.org/entity/Q3506352,Governor of Maine,http://www.wikidata.org/entity/Q544464,Angus King,1995-01-05T00:00:00Z,2003-01-08T00:00:00Z,http://www.wikidata.org/entity/Q880786,John R. McKernan,http://www.wikidata.org/entity/Q502949,John Baldacci,
http://www.wikidata.org/entity/Q3506352,Governor of Maine,http://www.wikidata.org/entity/Q502949,John Baldacci,2003-01-08T00:00:00Z,2011-01-05T00:00:00Z,http://www.wikidata.org/entity/Q544464,Angus King,http://www.wikidata.org/entity/Q881196,Paul LePage,
http://www.wikidata.org/entity/Q3506352,Governor of Maine,http://www.wikidata.org/entity/Q881196,Paul LePage,2011-01-05T00:00:00Z,2019-01-02T00:00:00Z,http://www.wikidata.org/entity/Q502949,John Baldacci,http://www.wikidata.org/entity/Q6153618,Janet T. Mills,
http://www.wikidata.org/entity/Q3506352,Governor of Maine,http://www.wikidata.org/entity/Q6153618,Janet T. Mills,2019-01-02T00:00:00Z,,http://www.wikidata.org/entity/Q881196,Paul LePage,,,
http://www.wikidata.org/entity/Q693032,Governor of Maryland,http://www.wikidata.org/entity/Q16385218,Tommy Carcetti,,,,,,,
http://www.wikidata.org/entity/Q693032,Governor of Maryland,http://www.wikidata.org/entity/Q1680086,James Butcher,,,,,,,
http://www.wikidata.org/entity/Q693032,Governor of Maryland,http://www.wikidata.org/entity/Q880642,Harry Hughes,1979-01-17T00:00:00Z,1987-01-20T00:00:00Z,http://www.wikidata.org/entity/Q772063,Marvin Mandel,http://www.wikidata.org/entity/Q879287,William Donald Schaefer,
http://www.wikidata.org/entity/Q693032,Governor of Maryland,http://www.wikidata.org/entity/Q879287,William Donald Schaefer,1987-01-20T00:00:00Z,1995-01-18T00:00:00Z,http://www.wikidata.org/entity/Q880642,Harry Hughes,http://www.wikidata.org/entity/Q650928,Parris Glendening,
http://www.wikidata.org/entity/Q693032,Governor of Maryland,http://www.wikidata.org/entity/Q650928,Parris Glendening,1995-01-18T00:00:00Z,2003-01-15T00:00:00Z,http://www.wikidata.org/entity/Q879287,William Donald Schaefer,http://www.wikidata.org/entity/Q888007,Bob Ehrlich,
http://www.wikidata.org/entity/Q693032,Governor of Maryland,http://www.wikidata.org/entity/Q888007,Bob Ehrlich,2003-01-15T00:00:00Z,2007-01-17T00:00:00Z,http://www.wikidata.org/entity/Q650928,Parris Glendening,http://www.wikidata.org/entity/Q120260,Martin O'Malley,
http://www.wikidata.org/entity/Q693032,Governor of Maryland,http://www.wikidata.org/entity/Q120260,Martin O'Malley,2007-01-17T00:00:00Z,2015-01-21T00:00:00Z,http://www.wikidata.org/entity/Q888007,Bob Ehrlich,http://www.wikidata.org/entity/Q16731303,Larry Hogan,term limit
http://www.wikidata.org/entity/Q693032,Governor of Maryland,http://www.wikidata.org/entity/Q16731303,Larry Hogan,2015-01-21T00:00:00Z,2023-01-18T00:00:00Z,http://www.wikidata.org/entity/Q120260,Martin O'Malley,http://www.wikidata.org/entity/Q7983732,Wes Moore,
http://www.wikidata.org/entity/Q693032,Governor of Maryland,http://www.wikidata.org/entity/Q7983732,Wes Moore,2023-01-18T00:00:00Z,,http://www.wikidata.org/entity/Q16731303,Larry Hogan,,,
http://www.wikidata.org/entity/Q887117,Governor of Massachusetts,http://www.wikidata.org/entity/Q319099,Michael Dukakis,1983-01-06T00:00:00Z,1991-01-03T00:00:00Z,http://www.wikidata.org/entity/Q441563,Edward J. King,http://www.wikidata.org/entity/Q720242,William Weld,
http://www.wikidata.org/entity/Q887117,Governor of Massachusetts,http://www.wikidata.org/entity/Q720242,William Weld,1991-01-03T00:00:00Z,1997-07-29T00:00:00Z,http://www.wikidata.org/entity/Q319099,Michael Dukakis,http://www.wikidata.org/entity/Q718335,Paul Cellucci,
http://www.wikidata.org/entity/Q887117,Governor of Massachusetts,http://www.wikidata.org/entity/Q718335,Paul Cellucci,1997-07-29T00:00:00Z,2001-04-10T00:00:00Z,http://www.wikidata.org/entity/Q720242,William Weld,http://www.wikidata.org/entity/Q449745,Jane Swift,
http://www.wikidata.org/entity/Q887117,Governor of Massachusetts,http://www.wikidata.org/entity/Q718335,Paul Cellucci,1999-01-07T00:00:00Z,2001-04-10T00:00:00Z,http://www.wikidata.org/entity/Q720242,William Weld,http://www.wikidata.org/entity/Q449745,Jane Swift,
http://www.wikidata.org/entity/Q887117,Governor of Massachusetts,http://www.wikidata.org/entity/Q449745,Jane Swift,2001-04-10T00:00:00Z,2003-01-02T00:00:00Z,http://www.wikidata.org/entity/Q718335,Paul Cellucci,http://www.wikidata.org/entity/Q4496,Mitt Romney,
http://www.wikidata.org/entity/Q887117,Governor of Massachusetts,http://www.wikidata.org/entity/Q4496,Mitt Romney,2003-01-02T00:00:00Z,2007-01-04T00:00:00Z,http://www.wikidata.org/entity/Q449745,Jane Swift,http://www.wikidata.org/entity/Q11100,Deval Patrick,
http://www.wikidata.org/entity/Q887117,Governor of Massachusetts,http://www.wikidata.org/entity/Q11100,Deval Patrick,2007-01-04T00:00:00Z,2015-01-08T00:00:00Z,http://www.wikidata.org/entity/Q4496,Mitt Romney,http://www.wikidata.org/entity/Q5076629,Charlie Baker,
http://www.wikidata.org/entity/Q887117,Governor of Massachusetts,http://www.wikidata.org/entity/Q5076629,Charlie Baker,2015-01-08T00:00:00Z,2023-01-05T00:00:00Z,http://www.wikidata.org/entity/Q11100,Deval Patrick,http://www.wikidata.org/entity/Q16205062,Maura Healey,
http://www.wikidata.org/entity/Q887117,Governor of Massachusetts,http://www.wikidata.org/entity/Q16205062,Maura Healey,2023-01-05T00:00:00Z,,http://www.wikidata.org/entity/Q5076629,Charlie Baker,,,
http://www.wikidata.org/entity/Q5589680,Governor of Michigan,http://www.wikidata.org/entity/Q880085,James Blanchard,1983-01-01T00:00:00Z,1991-01-01T00:00:00Z,http://www.wikidata.org/entity/Q880767,William Milliken,http://www.wikidata.org/entity/Q735182,John Engler,
http://www.wikidata.org/entity/Q5589680,Governor of Michigan,http://www.wikidata.org/entity/Q735182,John Engler,1991-01-01T00:00:00Z,2003-01-01T00:00:00Z,http://www.wikidata.org/entity/Q880085,James Blanchard,http://www.wikidata.org/entity/Q234994,Jennifer Granholm,
http://www.wikidata.org/entity/Q5589680,Governor of Michigan,http://www.wikidata.org/entity/Q234994,Jennifer Granholm,2003-01-01T00:00:00Z,2011-01-01T00:00:00Z,http://www.wikidata.org/entity/Q735182,John Engler,http://www.wikidata.org/entity/Q887111,Rick Snyder,
http://www.wikidata.org/entity/Q5589680,Governor of Michigan,http://www.wikidata.org/entity/Q887111,Rick Snyder,2011-01-01T00:00:00Z,2019-01-01T00:00:00Z,http://www.wikidata.org/entity/Q234994,Jennifer Granholm,http://www.wikidata.org/entity/Q5607720,Gretchen Whitmer,
http://www.wikidata.org/entity/Q5589680,Governor of Michigan,http://www.wikidata.org/entity/Q5607720,Gretchen Whitmer,2019-01-01T00:00:00Z,,http://www.wikidata.org/entity/Q887111,Rick Snyder,,,
http://www.wikidata.org/entity/Q5589682,Governor of Minnesota,http://www.wikidata.org/entity/Q346570,Rudy Perpich,,,http://www.wikidata.org/entity/Q888927,Al Quie,http://www.wikidata.org/entity/Q692191,Arne Carlson,
http://www.wikidata.org/entity/Q5589682,Governor of Minnesota,http://www.wikidata.org/entity/Q650029,Harold LeVander,,,,,,,
http://www.wikidata.org/entity/Q5589682,Governor of Minnesota,http://www.wikidata.org/entity/Q692191,Arne Carlson,1991-01-07T00:00:00Z,1999-01-04T00:00:00Z,http://www.wikidata.org/entity/Q346570,Rudy Perpich,http://www.wikidata.org/entity/Q311161,Jesse Ventura,
http://www.wikidata.org/entity/Q5589682,Governor of Minnesota,http://www.wikidata.org/entity/Q311161,Jesse Ventura,1999-01-04T00:00:00Z,2003-01-06T00:00:00Z,http://www.wikidata.org/entity/Q692191,Arne Carlson,http://www.wikidata.org/entity/Q160181,Tim Pawlenty,
http://www.wikidata.org/entity/Q5589682,Governor of Minnesota,http://www.wikidata.org/entity/Q160181,Tim Pawlenty,2003-01-06T00:00:00Z,2011-01-03T00:00:00Z,http://www.wikidata.org/entity/Q311161,Jesse Ventura,http://www.wikidata.org/entity/Q513091,Mark Dayton,
http://www.wikidata.org/entity/Q5589682,Governor of Minnesota,http://www.wikidata.org/entity/Q513091,Mark Dayton,2011-01-03T00:00:00Z,2019-01-07T00:00:00Z,http://www.wikidata.org/entity/Q160181,Tim Pawlenty,http://www.wikidata.org/entity/Q2434360,Tim Walz,
http://www.wikidata.org/entity/Q5589682,Governor of Minnesota,http://www.wikidata.org/entity/Q2434360,Tim Walz,2019-01-07T00:00:00Z,,http://www.wikidata.org/entity/Q513091,Mark Dayton,,,
http://www.wikidata.org/entity/Q878632,Governor of Mississippi,http://www.wikidata.org/entity/Q123335,Cliff Finch,,,,,,,
http://www.wikidata.org/entity/Q878632,Governor of Mississippi,http://www.wikidata.org/entity/Q2579971,William McWillie,,,,,,,
http://www.wikidata.org/entity/Q878632,Governor of Mississippi,http://www.wikidata.org/entity/Q359294,John J. McRae,,,,,,,
http://www.wikidata.org/entity/Q878632,Governor of Mississippi,http://www.wikidata.org/entity/Q442159,Hiram Runnels,,,,,,,
http://www.wikidata.org/entity/Q878632,Governor of Mississippi,http://www.wikidata.org/entity/Q568372,Edmond Noel,,,,,,,
http://www.wikidata.org/entity/Q878632,Governor of Mississippi,http://www.wikidata.org/entity/Q576453,Charles Clark,,,,,,,
http://www.wikidata.org/entity/Q878632,Governor of Mississippi,http://www.wikidata.org/entity/Q641724,James P. Coleman,,,,,,,
http://www.wikidata.org/entity/Q878632,Governor of Mississippi,http://www.wikidata.org/entity/Q643477,Charles Lynch,,,,,,,
http://www.wikidata.org/entity/Q878632,Governor of Mississippi,http://www.wikidata.org/entity/Q768429,Thomas L. Bailey,,,,,,,
http://www.wikidata.org/entity/Q878632,Governor of Mississippi,http://www.wikidata.org/entity/Q771819,James Whitfield,,,,,,,
http://www.wikidata.org/entity/Q878632,Governor of Mississippi,http://www.wikidata.org/entity/Q880583,Albert G. Brown,,,,,,,
http://www.wikidata.org/entity/Q878632,Governor of Mississippi,http://www.wikidata.org/entity/Q882546,Hugh L. White,,,,,,,
http://www.wikidata.org/entity/Q878632,Governor of Mississippi,http://www.wikidata.org/entity/Q883218,Lee M. Russell,,,,,,,
http://www.wikidata.org/entity/Q878632,Governor of Mississippi,http://www.wikidata.org/entity/Q883261,Q883261,,,,,,,
http://www.wikidata.org/entity/Q878632,Governor of Mississippi,http://www.wikidata.org/entity/Q886716,Henry L. Whitfield,,,,,,,
http://www.wikidata.org/entity/Q878632,Governor of Mississippi,http://www.wikidata.org/entity/Q889198,Tilghman Tucker,,,,,,,
http://www.wikidata.org/entity/Q878632,Governor of Mississippi,http://www.wikidata.org/entity/Q889287,Winthrop Sargent,,,,,,,
http://www.wikidata.org/entity/Q878632,Governor of Mississippi,http://www.wikidata.org/entity/Q889472,Gerard C. Brandon,,,,,,,
http://www.wikidata.org/entity/Q878632,Governor of Mississippi,http://www.wikidata.org/entity/Q889478,Martin Sennet Conner,,,,,,,
http://www.wikidata.org/entity/Q878632,Governor of Mississippi,http://www.wikidata.org/entity/Q441852,William Allain,1984-01-10T00:00:00Z,1988-01-12T00:00:00Z,http://www.wikidata.org/entity/Q889484,William Winter,http://www.wikidata.org/entity/Q531247,Ray Mabus,
http://www.wikidata.org/entity/Q878632,Governor of Mississippi,http://www.wikidata.org/entity/Q531247,Ray Mabus,1988-01-12T00:00:00Z,1992-01-14T00:00:00Z,http://www.wikidata.org/entity/Q441852,William Allain,http://www.wikidata.org/entity/Q887553,Kirk Fordice,
http://www.wikidata.org/entity/Q878632,Governor of Mississippi,http://www.wikidata.org/entity/Q887553,Kirk Fordice,1992-01-14T00:00:00Z,2000-01-11T00:00:00Z,http://www.wikidata.org/entity/Q531247,Ray Mabus,http://www.wikidata.org/entity/Q444194,Ronnie Musgrove,
http://www.wikidata.org/entity/Q878632,Governor of Mississippi,http://www.wikidata.org/entity/Q444194,Ronnie Musgrove,2000-01-11T00:00:00Z,2004-01-13T00:00:00Z,http://www.wikidata.org/entity/Q887553,Kirk Fordice,http://www.wikidata.org/entity/Q361450,Haley Barbour,
http://www.wikidata.org/entity/Q878632,Governor of Mississippi,http://www.wikidata.org/entity/Q361450,Haley Barbour,2004-01-13T00:00:00Z,2012-01-10T00:00:00Z,http://www.wikidata.org/entity/Q444194,Ronnie Musgrove,http://www.wikidata.org/entity/Q887898,Phil Bryant,
http://www.wikidata.org/entity/Q878632,Governor of Mississippi,http://www.wikidata.org/entity/Q887898,Phil Bryant,2012-01-10T00:00:00Z,2020-01-14T00:00:00Z,http://www.wikidata.org/entity/Q361450,Haley Barbour,,,
http://www.wikidata.org/entity/Q878632,Governor of Mississippi,http://www.wikidata.org/entity/Q7687964,Tate Reeves,2020-01-14T00:00:00Z,,http://www.wikidata.org/entity/Q887898,Phil Bryant,,,
http://www.wikidata.org/entity/Q20801667,Governor of Missouri,http://www.wikidata.org/entity/Q560427,Kit Bond,1981-01-12T00:00:00Z,1985-01-14T00:00:00Z,http://www.wikidata.org/entity/Q377577,Joseph P. Teasdale,http://www.wikidata.org/entity/Q311141,John Ashcroft,
http://www.wikidata.org/entity/Q20801667,Governor of Missouri,http://www.wikidata.org/entity/Q311141,John Ashcroft,1985-01-14T00:00:00Z,1993-01-11T00:00:00Z,http://www.wikidata.org/entity/Q560427,Kit Bond,http://www.wikidata.org/entity/Q538609,Mel Carnahan,
http://www.wikidata.org/entity/Q20801667,Governor of Missouri,http://www.wikidata.org/entity/Q538609,Mel Carnahan,1993-01-11T00:00:00Z,2000-10-16T00:00:00Z,http://www.wikidata.org/entity/Q311141,John Ashcroft,http://www.wikidata.org/entity/Q377417,Roger B. Wilson,
http://www.wikidata.org/entity/Q20801667,Governor of Missouri,http://www.wikidata.org/entity/Q377417,Roger B. Wilson,2000-10-16T00:00:00Z,2001-01-08T00:00:00Z,http://www.wikidata.org/entity/Q538609,Mel Carnahan,http://www.wikidata.org/entity/Q714950,Bob Holden,
http://www.wikidata.org/entity/Q20801667,Governor of Missouri,http://www.wikidata.org/entity/Q714950,Bob Holden,2001-01-08T00:00:00Z,2005-01-10T00:00:00Z,http://www.wikidata.org/entity/Q377417,Roger B. Wilson,http://www.wikidata.org/entity/Q881141,Matt Blunt,
http://www.wikidata.org/entity/Q20801667,Governor of Missouri,http://www.wikidata.org/entity/Q881141,Matt Blunt,2005-01-10T00:00:00Z,2009-01-12T00:00:00Z,,,,,
http://www.wikidata.org/entity/Q20801667,Governor of Missouri,http://www.wikidata.org/entity/Q562174,Jay Nixon,2009-01-12T00:00:00Z,2017-01-09T00:00:00Z,http://www.wikidata.org/entity/Q881141,Matt Blunt,http://www.wikidata.org/entity/Q5386615,Eric Greitens,
http://www.wikidata.org/entity/Q20801667,Governor of Missouri,http://www.wikidata.org/entity/Q5386615,Eric Greitens,2017-01-09T00:00:00Z,2018-06-01T00:00:00Z,http://www.wikidata.org/entity/Q562174,Jay Nixon,,,
http://www.wikidata.org/entity/Q20801667,Governor of Missouri,http://www.wikidata.org/entity/Q6848323,Mike Parson,2018-06-01T00:00:00Z,2025-01-13T00:00:00Z,,,,,
http://www.wikidata.org/entity/Q20801667,Governor of Missouri,http://www.wikidata.org/entity/Q6847475,Mike Kehoe,2025-01-13T00:00:00Z,,,,,,
http://www.wikidata.org/entity/Q20801646,Governor of Montana,http://www.wikidata.org/entity/Q880356,Ted Schwinden,1981-01-05T00:00:00Z,1989-01-02T00:00:00Z,http://www.wikidata.org/entity/Q880589,Thomas Lee Judge,http://www.wikidata.org/entity/Q370262,Stan Stephens,
http://www.wikidata.org/entity/Q20801646,Governor of Montana,http://www.wikidata.org/entity/Q370262,Stan Stephens,1989-01-02T00:00:00Z,1993-01-04T00:00:00Z,http://www.wikidata.org/entity/Q880356,Ted Schwinden,http://www.wikidata.org/entity/Q725575,Marc Racicot,
http://www.wikidata.org/entity/Q20801646,Governor of Montana,http://www.wikidata.org/entity/Q725575,Marc Racicot,1993-01-03T00:00:00Z,2001-01-01T00:00:00Z,http://www.wikidata.org/entity/Q370262,Stan Stephens,http://www.wikidata.org/entity/Q449719,Judy Martz,
http://www.wikidata.org/entity/Q20801646,Governor of Montana,http://www.wikidata.org/entity/Q449719,Judy Martz,2001-01-01T00:00:00Z,2005-01-03T00:00:00Z,http://www.wikidata.org/entity/Q725575,Marc Racicot,http://www.wikidata.org/entity/Q445823,Brian Schweitzer,
http://www.wikidata.org/entity/Q20801646,Governor of Montana,http://www.wikidata.org/entity/Q445823,Brian Schweitzer,2005-01-03T00:00:00Z,2013-01-07T00:00:00Z,http://www.wikidata.org/entity/Q449719,Judy Martz,http://www.wikidata.org/entity/Q24015,Steve Bullock,
http://www.wikidata.org/entity/Q20801646,Governor of Montana,http://www.wikidata.org/entity/Q24015,Steve Bullock,2013-01-07T00:00:00Z,2021-01-04T00:00:00Z,http://www.wikidata.org/entity/Q445823,Brian Schweitzer,http://www.wikidata.org/entity/Q5605607,Greg Gianforte,
http://www.wikidata.org/entity/Q20801646,Governor of Montana,http://www.wikidata.org/entity/Q5605607,Greg Gianforte,2021-01-04T00:00:00Z,,,,,,
http://www.wikidata.org/entity/Q5589688,Governor of Nebraska,http://www.wikidata.org/entity/Q167114,Silas Garber,,,,,,,
http://www.wikidata.org/entity/Q5589688,Governor of Nebraska,http://www.wikidata.org/entity/Q178130,Charles Thone,,,,,,,
http://www.wikidata.org/entity/Q5589688,Governor of Nebraska,http://www.wikidata.org/entity/Q350409,Adam McMullen,,,,,,,
http://www.wikidata.org/entity/Q5589688,Governor of Nebraska,http://www.wikidata.org/entity/Q365679,John Milton Thayer,,,,,,,
http://www.wikidata.org/entity/Q5589688,Governor of Nebraska,http://www.wikidata.org/entity/Q365714,Dwight Griswold,,,,,,,
http://www.wikidata.org/entity/Q5589688,Governor of Nebraska,http://www.wikidata.org/entity/Q365742,Samuel W. Black,,,,,,,
http://www.wikidata.org/entity/Q5589688,Governor of Nebraska,http://www.wikidata.org/entity/Q365869,Ashton C. Shallenberger,,,,,,,
http://www.wikidata.org/entity/Q5589688,Governor of Nebraska,http://www.wikidata.org/entity/Q365902,Robert Leroy Cochran,,,,,,,
http://www.wikidata.org/entity/Q5589688,Governor of Nebraska,http://www.wikidata.org/entity/Q366346,Dwight W. Burney,,,,,,,
http://www.wikidata.org/entity/Q5589688,Governor of Nebraska,http://www.wikidata.org/entity/Q366474,George L. Sheldon,,,,,,,
http://www.wikidata.org/entity/Q5589688,Governor of Nebraska,http://www.wikidata.org/entity/Q366478,Samuel Roy McKelvie,,,,,,,
http://www.wikidata.org/entity/Q5589688,Governor of Nebraska,http://www.wikidata.org/entity/Q366480,Chester Hardy Aldrich,,,,,,,
http://www.wikidata.org/entity/Q5589688,Governor of Nebraska,http://www.wikidata.org/entity/Q366486,Victor Emanuel Anderson,,,,,,,
http://www.wikidata.org/entity/Q5589688,Governor of Nebraska,http://www.wikidata.org/entity/Q709994,Arthur J. Weaver,,,,,,,
http://www.wikidata.org/entity/Q5589688,Governor of Nebraska,http://www.wikidata.org/entity/Q881216,Charles Henry Dietrich,,,,,,,
http://www.wikidata.org/entity/Q5589688,Governor of Nebraska,http://www.wikidata.org/entity/Q881381,Norbert Tiemann,,,,,,,
http://www.wikidata.org/entity/Q5589688,Governor of Nebraska,http://www.wikidata.org/entity/Q882612,Ezra P. Savage,,,,,,,
http://www.wikidata.org/entity/Q5589688,Governor of Nebraska,http://www.wikidata.org/entity/Q882656,John H. Mickey,,,,,,,
http://www.wikidata.org/entity/Q5589688,Governor of Nebraska,http://www.wikidata.org/entity/Q882839,James W. Dawes,,,,,,,
http://www.wikidata.org/entity/Q5589688,Governor of Nebraska,http://www.wikidata.org/entity/Q882844,Lorenzo Crounse,,,,,,,
http://www.wikidata.org/entity/Q5589688,Governor of Nebraska,http://www.wikidata.org/entity/Q882858,William A. Poynter,,,,,,,
http://www.wikidata.org/entity/Q5589688,Governor of Nebraska,http://www.wikidata.org/entity/Q882862,Silas A. Holcomb,,,,,,,
http://www.wikidata.org/entity/Q5589688,Governor of Nebraska,http://www.wikidata.org/entity/Q885826,Keith Neville,,,,,,,
http://www.wikidata.org/entity/Q5589688,Governor of Nebraska,http://www.wikidata.org/entity/Q885860,William H. James,,,,,,,
http://www.wikidata.org/entity/Q5589688,Governor of Nebraska,http://www.wikidata.org/entity/Q885869,John H. Morehead,,,,,,,
http://www.wikidata.org/entity/Q5589688,Governor of Nebraska,http://www.wikidata.org/entity/Q885998,Ralph G. Brooks,,,,,,,
http://www.wikidata.org/entity/Q5589688,Governor of Nebraska,http://www.wikidata.org/entity/Q886242,Robert Wilkinson Furnas,,,,,,,
http://www.wikidata.org/entity/Q5589688,Governor of Nebraska,http://www.wikidata.org/entity/Q887999,James E. Boyd,,,,,,,
http://www.wikidata.org/entity/Q5589688,Governor of Nebraska,http://www.wikidata.org/entity/Q889424,Albinus Nance,,,,,,,
http://www.wikidata.org/entity/Q5589688,Governor of Nebraska,http://www.wikidata.org/entity/Q39718,Bob Kerrey,1983-01-06T00:00:00Z,1987-01-09T00:00:00Z,http://www.wikidata.org/entity/Q178130,Charles Thone,http://www.wikidata.org/entity/Q528816,Kay A. Orr,
http://www.wikidata.org/entity/Q5589688,Governor of Nebraska,http://www.wikidata.org/entity/Q528816,Kay A. Orr,1987-01-09T00:00:00Z,1991-01-09T00:00:00Z,http://www.wikidata.org/entity/Q39718,Bob Kerrey,http://www.wikidata.org/entity/Q718542,Ben Nelson,
http://www.wikidata.org/entity/Q5589688,Governor of Nebraska,http://www.wikidata.org/entity/Q718542,Ben Nelson,1991-01-09T00:00:00Z,1999-01-07T00:00:00Z,http://www.wikidata.org/entity/Q528816,Kay A. Orr,http://www.wikidata.org/entity/Q448880,Mike Johanns,
http://www.wikidata.org/entity/Q5589688,Governor of Nebraska,http://www.wikidata.org/entity/Q448880,Mike Johanns,1999-01-07T00:00:00Z,2005-01-20T00:00:00Z,http://www.wikidata.org/entity/Q718542,Ben Nelson,http://www.wikidata.org/entity/Q381821,Dave Heineman,
http://www.wikidata.org/entity/Q5589688,Governor of Nebraska,http://www.wikidata.org/entity/Q381821,Dave Heineman,2005-01-20T00:00:00Z,2015-01-08T00:00:00Z,http://www.wikidata.org/entity/Q448880,Mike Johanns,http://www.wikidata.org/entity/Q6106781,Pete Ricketts,
http://www.wikidata.org/entity/Q5589688,Governor of Nebraska,http://www.wikidata.org/entity/Q6106781,Pete Ricketts,2015-01-08T00:00:00Z,2023-01-05T00:00:00Z,http://www.wikidata.org/entity/Q381821,Dave Heineman,http://www.wikidata.org/entity/Q111961602,Jim Pillen,
http://www.wikidata.org/entity/Q5589688,Governor of Nebraska,http://www.wikidata.org/entity/Q111961602,Jim Pillen,2023-01-05T00:00:00Z,,http://www.wikidata.org/entity/Q6106781,Pete Ricketts,,,
http://www.wikidata.org/entity/Q20801651,Governor of Nevada,http://www.wikidata.org/entity/Q6077018,Isaac Roop,,,,,,,
http://www.wikidata.org/entity/Q20801651,Governor of Nevada,http://www.wikidata.org/entity/Q885559,Richard Bryan,1983-01-03T00:00:00Z,1989-01-03T00:00:00Z,http://www.wikidata.org/entity/Q361382,Robert List,http://www.wikidata.org/entity/Q733724,Bob Miller,
http://www.wikidata.org/entity/Q20801651,Governor of Nevada,http://www.wikidata.org/entity/Q733724,Bob Miller,1989-01-03T00:00:00Z,1999-01-04T00:00:00Z,http://www.wikidata.org/entity/Q885559,Richard Bryan,http://www.wikidata.org/entity/Q672428,Kenny Guinn,
http://www.wikidata.org/entity/Q20801651,Governor of Nevada,http://www.wikidata.org/entity/Q672428,Kenny Guinn,1999-01-04T00:00:00Z,2007-01-01T00:00:00Z,http://www.wikidata.org/entity/Q733724,Bob Miller,http://www.wikidata.org/entity/Q639207,Jim Gibbons,
http://www.wikidata.org/entity/Q20801651,Governor of Nevada,http://www.wikidata.org/entity/Q639207,Jim Gibbons,2007-01-01T00:00:00Z,2011-01-03T00:00:00Z,http://www.wikidata.org/entity/Q672428,Kenny Guinn,http://www.wikidata.org/entity/Q714516,Brian Sandoval,
http://www.wikidata.org/entity/Q20801651,Governor of Nevada,http://www.wikidata.org/entity/Q714516,Brian Sandoval,2011-01-03T00:00:00Z,2019-01-07T00:00:00Z,http://www.wikidata.org/entity/Q639207,Jim Gibbons,,,
http://www.wikidata.org/entity/Q20801651,Governor of Nevada,http://www.wikidata.org/entity/Q16185594,Steve Sisolak,2019-01-07T00:00:00Z,2023-01-02T00:00:00Z,http://www.wikidata.org/entity/Q714516,Brian Sandoval,http://www.wikidata.org/entity/Q28033703,Joe Lombardo,
http://www.wikidata.org/entity/Q20801651,Governor of Nevada,http://www.wikidata.org/entity/Q28033703,Joe Lombardo,2023-01-02T00:00:00Z,,http://www.wikidata.org/entity/Q16185594,Steve Sisolak,,,
http://www.wikidata.org/entity/Q5589687,Governor of New Hampshire,http://www.wikidata.org/entity/Q1545038,John Butler Smith,,,,,,,
http://www.wikidata.org/entity/Q5589687,Governor of New Hampshire,http://www.wikidata.org/entity/Q1606475,Henry B. Quinby,,,,,,,
http://www.wikidata.org/entity/Q5589687,Governor of New Hampshire,http://www.wikidata.org/entity/Q1620107,Hiram A. Tuttle,,,,,,,
http://www.wikidata.org/entity/Q5589687,Governor of New Hampshire,http://www.wikidata.org/entity/Q1685954,"Samuel Dinsmoor, Jr.",,,,,,,
http://www.wikidata.org/entity/Q5589687,Governor of New Hampshire,http://www.wikidata.org/entity/Q1700376,John Hardy Steele,,,,,,,
http://www.wikidata.org/entity/Q5589687,Governor of New Hampshire,http://www.wikidata.org/entity/Q1702061,John W. King,,,,,,,
http://www.wikidata.org/entity/Q5589687,Governor of New Hampshire,http://www.wikidata.org/entity/Q176551,Charles M. Dale,,,,,,,
http://www.wikidata.org/entity/Q5589687,Governor of New Hampshire,http://www.wikidata.org/entity/Q1804816,Lane Dwinell,,,,,,,
http://www.wikidata.org/entity/Q5589687,Governor of New Hampshire,http://www.wikidata.org/entity/Q1909518,Matthew Harvey,,,,,,,
http://www.wikidata.org/entity/Q5589687,Governor of New Hampshire,http://www.wikidata.org/entity/Q1946628,Moody Currier,,,,,,,
http://www.wikidata.org/entity/Q5589687,Governor of New Hampshire,http://www.wikidata.org/entity/Q1966707,Nathaniel B. Baker,,,,,,,
http://www.wikidata.org/entity/Q5589687,Governor of New Hampshire,http://www.wikidata.org/entity/Q1966716,Nathaniel S. Berry,,,,,,,
http://www.wikidata.org/entity/Q5589687,Governor of New Hampshire,http://www.wikidata.org/entity/Q1966754,Nathaniel Head,,,,,,,
http://www.wikidata.org/entity/Q5589687,Governor of New Hampshire,http://www.wikidata.org/entity/Q2158392,Robert O. Blood,,,,,,,
http://www.wikidata.org/entity/Q5589687,Governor of New Hampshire,http://www.wikidata.org/entity/Q2158432,Robert P. Bass,,,,,,,
http://www.wikidata.org/entity/Q5589687,Governor of New Hampshire,http://www.wikidata.org/entity/Q2218156,Samuel Dinsmoor,,,,,,,
http://www.wikidata.org/entity/Q5589687,Governor of New Hampshire,http://www.wikidata.org/entity/Q2218926,Samuel W. Hale,,,,,,,
http://www.wikidata.org/entity/Q5589687,Governor of New Hampshire,http://www.wikidata.org/entity/Q2544661,Walter Harriman,,,,,,,
http://www.wikidata.org/entity/Q5589687,Governor of New Hampshire,http://www.wikidata.org/entity/Q2577945,William Badger,,,,,,,
http://www.wikidata.org/entity/Q5589687,Governor of New Hampshire,http://www.wikidata.org/entity/Q2579111,William Haile,,,,,,,
http://www.wikidata.org/entity/Q5589687,Governor of New Hampshire,http://www.wikidata.org/entity/Q2734279,Jeremiah Smith,,,,,,,
http://www.wikidata.org/entity/Q5589687,Governor of New Hampshire,http://www.wikidata.org/entity/Q293347,Vesta M. Roy,,,,,,,
http://www.wikidata.org/entity/Q5589687,Governor of New Hampshire,http://www.wikidata.org/entity/Q427197,Noah Martin,,,,,,,
http://www.wikidata.org/entity/Q5589687,Governor of New Hampshire,http://www.wikidata.org/entity/Q433146,Henry Hubbard,,,,,,,
http://www.wikidata.org/entity/Q5589687,Governor of New Hampshire,http://www.wikidata.org/entity/Q434240,Person Colby Cheney,,,,,,,
http://www.wikidata.org/entity/Q5589687,Governor of New Hampshire,http://www.wikidata.org/entity/Q573023,Anthony Colby,,,,,,,
http://www.wikidata.org/entity/Q5589687,Governor of New Hampshire,http://www.wikidata.org/entity/Q607573,Wesley Powell,,,,,,,
http://www.wikidata.org/entity/Q5589687,Governor of New Hampshire,http://www.wikidata.org/entity/Q738471,Huntley Nowel Spaulding,,,,,,,
http://www.wikidata.org/entity/Q5589687,Governor of New Hampshire,http://www.wikidata.org/entity/Q773273,David L. Morril,,,,,,,
http://www.wikidata.org/entity/Q5589687,Governor of New Hampshire,http://www.wikidata.org/entity/Q817468,Benjamin F. Prescott,,,,,,,
http://www.wikidata.org/entity/Q5589687,Governor of New Hampshire,http://www.wikidata.org/entity/Q817649,Benjamin Pierce,,,,,,,
http://www.wikidata.org/entity/Q5589687,Governor of New Hampshire,http://www.wikidata.org/entity/Q882466,Henry W. Keyes,,,,,,,
http://www.wikidata.org/entity/Q5589687,Governor of New Hampshire,http://www.wikidata.org/entity/Q882987,John Gilbert Winant,,,,,,,
http://www.wikidata.org/entity/Q5589687,Governor of New Hampshire,http://www.wikidata.org/entity/Q883189,Fred H. Brown,,,,,,,
http://www.wikidata.org/entity/Q5589687,Governor of New Hampshire,http://www.wikidata.org/entity/Q883577,Samuel D. Felker,,,,,,,
http://www.wikidata.org/entity/Q5589687,Governor of New Hampshire,http://www.wikidata.org/entity/Q883848,Isaac Hill,,,,,,,
http://www.wikidata.org/entity/Q5589687,Governor of New Hampshire,http://www.wikidata.org/entity/Q883877,Charles H. Bell,,,,,,,
http://www.wikidata.org/entity/Q5589687,Governor of New Hampshire,http://www.wikidata.org/entity/Q884049,Samuel Bell,,,,,,,
http://www.wikidata.org/entity/Q5589687,Governor of New Hampshire,http://www.wikidata.org/entity/Q884565,Jared W. Williams,,,,,,,
http://www.wikidata.org/entity/Q5589687,Governor of New Hampshire,http://www.wikidata.org/entity/Q884626,John Page,,,,,,,
http://www.wikidata.org/entity/Q5589687,Governor of New Hampshire,http://www.wikidata.org/entity/Q886420,John Sullivan,,,,,,,
http://www.wikidata.org/entity/Q5589687,Governor of New Hampshire,http://www.wikidata.org/entity/Q886866,Joseph M. Harper,,,,,,,
http://www.wikidata.org/entity/Q5589687,Governor of New Hampshire,http://www.wikidata.org/entity/Q888929,Walter R. Peterson,,,,,,,
http://www.wikidata.org/entity/Q5589687,Governor of New Hampshire,http://www.wikidata.org/entity/Q889092,James A. Weston,,,,,,,
http://www.wikidata.org/entity/Q5589687,Governor of New Hampshire,http://www.wikidata.org/entity/Q889396,Onslow Stearns,,,,,,,
http://www.wikidata.org/entity/Q5589687,Governor of New Hampshire,http://www.wikidata.org/entity/Q15451755,John Pickering,,,,,,,
http://www.wikidata.org/entity/Q5589687,Governor of New Hampshire,http://www.wikidata.org/entity/Q1063460,Charles A. Busiel,,,,,,,
http://www.wikidata.org/entity/Q5589687,Governor of New Hampshire,http://www.wikidata.org/entity/Q1064690,Charles H. Sawyer,,,,,,,
http://www.wikidata.org/entity/Q5589687,Governor of New Hampshire,http://www.wikidata.org/entity/Q1065397,Charles M. Floyd,,,,,,,
http://www.wikidata.org/entity/Q5589687,Governor of New Hampshire,http://www.wikidata.org/entity/Q1070665,Chester B. Jordan,,,,,,,
http://www.wikidata.org/entity/Q5589687,Governor of New Hampshire,http://www.wikidata.org/entity/Q1170255,Ichabod Goodwin,,,,,,,
http://www.wikidata.org/entity/Q5589687,Governor of New Hampshire,http://www.wikidata.org/entity/Q1174638,David H. Goodell,,,,,,,
http://www.wikidata.org/entity/Q5589687,Governor of New Hampshire,http://www.wikidata.org/entity/Q1277471,Albert O. Brown,,,,,,,
http://www.wikidata.org/entity/Q5589687,Governor of New Hampshire,http://www.wikidata.org/entity/Q1322514,Hugh Gallen,,,,,,,
http://www.wikidata.org/entity/Q5589687,Governor of New Hampshire,http://www.wikidata.org/entity/Q1383034,Rolland H. Spaulding,,,,,,,
http://www.wikidata.org/entity/Q5589687,Governor of New Hampshire,http://www.wikidata.org/entity/Q1385983,Ezekiel A. Straw,,,,,,,
http://www.wikidata.org/entity/Q5589687,Governor of New Hampshire,http://www.wikidata.org/entity/Q1406167,Ralph Metcalf,,,,,,,
http://www.wikidata.org/entity/Q5589687,Governor of New Hampshire,http://www.wikidata.org/entity/Q1420309,Frank W. Rollins,,,,,,,
http://www.wikidata.org/entity/Q5589687,Governor of New Hampshire,http://www.wikidata.org/entity/Q1422997,John H. Bartlett,,,,,,,
http://www.wikidata.org/entity/Q5589687,Governor of New Hampshire,http://www.wikidata.org/entity/Q1441681,Francis P. Murphy,,,,,,,
http://www.wikidata.org/entity/Q5589687,Governor of New Hampshire,http://www.wikidata.org/entity/Q1453011,Frederick Smyth,,,,,,,
http://www.wikidata.org/entity/Q5589687,Governor of New Hampshire,http://www.wikidata.org/entity/Q1474328,Nahum J. Bachelder,,,,,,,
http://www.wikidata.org/entity/Q5589687,Governor of New Hampshire,http://www.wikidata.org/entity/Q1497113,Joseph A. Gilmore,,,,,,,
http://www.wikidata.org/entity/Q5589687,Governor of New Hampshire,http://www.wikidata.org/entity/Q1506806,George A. Ramsdell,,,,,,,
http://www.wikidata.org/entity/Q5589687,Governor of New Hampshire,http://www.wikidata.org/entity/Q887489,John H. Sununu,1983-01-06T00:00:00Z,1989-01-04T00:00:00Z,http://www.wikidata.org/entity/Q293347,Vesta M. Roy,http://www.wikidata.org/entity/Q553116,Judd Gregg,
http://www.wikidata.org/entity/Q5589687,Governor of New Hampshire,http://www.wikidata.org/entity/Q553116,Judd Gregg,1989-01-04T00:00:00Z,1993-01-02T00:00:00Z,http://www.wikidata.org/entity/Q887489,John H. Sununu,http://www.wikidata.org/entity/Q28026033,Ralph D. Hough,
http://www.wikidata.org/entity/Q5589687,Governor of New Hampshire,http://www.wikidata.org/entity/Q28026033,Ralph D. Hough,1993-01-02T00:00:00Z,1993-01-07T00:00:00Z,,,,,
http://www.wikidata.org/entity/Q5589687,Governor of New Hampshire,http://www.wikidata.org/entity/Q1289841,Steve Merrill,1993-01-07T00:00:00Z,1997-01-09T00:00:00Z,http://www.wikidata.org/entity/Q553116,Judd Gregg,http://www.wikidata.org/entity/Q270316,Jeanne Shaheen,
http://www.wikidata.org/entity/Q5589687,Governor of New Hampshire,http://www.wikidata.org/entity/Q270316,Jeanne Shaheen,1997-01-09T00:00:00Z,2003-01-09T00:00:00Z,http://www.wikidata.org/entity/Q1289841,Steve Merrill,http://www.wikidata.org/entity/Q656079,Craig Benson,
http://www.wikidata.org/entity/Q5589687,Governor of New Hampshire,http://www.wikidata.org/entity/Q656079,Craig Benson,2003-01-09T00:00:00Z,2005-01-06T00:00:00Z,http://www.wikidata.org/entity/Q270316,Jeanne Shaheen,http://www.wikidata.org/entity/Q708125,John Lynch,
http://www.wikidata.org/entity/Q5589687,Governor of New Hampshire,http://www.wikidata.org/entity/Q708125,John Lynch,2005-01-06T00:00:00Z,2013-01-03T00:00:00Z,http://www.wikidata.org/entity/Q656079,Craig Benson,http://www.wikidata.org/entity/Q24053,Maggie Hassan,
http://www.wikidata.org/entity/Q5589687,Governor of New Hampshire,http://www.wikidata.org/entity/Q24053,Maggie Hassan,2013-01-03T00:00:00Z,2017-01-02T00:00:00Z,http://www.wikidata.org/entity/Q708125,John Lynch,http://www.wikidata.org/entity/Q16193758,Chuck Morse,
http://www.wikidata.org/entity/Q5589687,Governor of New Hampshire,http://www.wikidata.org/entity/Q16193758,Chuck Morse,2017-01-02T00:00:00Z,2017-01-05T00:00:00Z,http://www.wikidata.org/entity/Q24053,Maggie Hassan,http://www.wikidata.org/entity/Q16215583,Chris Sununu,
http://www.wikidata.org/entity/Q5589687,Governor of New Hampshire,http://www.wikidata.org/entity/Q16215583,Chris Sununu,2017-01-05T00:00:00Z,2025-01-09T00:00:00Z,,,,,
http://www.wikidata.org/entity/Q5589687,Governor of New Hampshire,http://www.wikidata.org/entity/Q22354,Kelly Ayotte,2025-01-09T00:00:00Z,,http://www.wikidata.org/entity/Q16215583,Chris Sununu,,,
http://www.wikidata.org/entity/Q3112728,Governor of New Jersey,http://www.wikidata.org/entity/Q436412,Thomas Kean,1982-01-19T00:00:00Z,1990-01-16T00:00:00Z,http://www.wikidata.org/entity/Q888937,Brendan Byrne,http://www.wikidata.org/entity/Q885569,James Florio,
http://www.wikidata.org/entity/Q3112728,Governor of New Jersey,http://www.wikidata.org/entity/Q885569,James Florio,1990-01-16T00:00:00Z,1994-01-18T00:00:00Z,http://www.wikidata.org/entity/Q436412,Thomas Kean,http://www.wikidata.org/entity/Q435267,Christine Todd Whitman,
http://www.wikidata.org/entity/Q3112728,Governor of New Jersey,http://www.wikidata.org/entity/Q435267,Christine Todd Whitman,1994-01-18T00:00:00Z,2001-01-31T00:00:00Z,http://www.wikidata.org/entity/Q885569,James Florio,http://www.wikidata.org/entity/Q889620,Donald DiFrancesco,
http://www.wikidata.org/entity/Q3112728,Governor of New Jersey,http://www.wikidata.org/entity/Q889620,Donald DiFrancesco,2001-01-31T00:00:00Z,2002-01-08T00:00:00Z,http://www.wikidata.org/entity/Q435267,Christine Todd Whitman,http://www.wikidata.org/entity/Q889628,John Farmer,
http://www.wikidata.org/entity/Q3112728,Governor of New Jersey,http://www.wikidata.org/entity/Q889628,John Farmer,2002-01-08T00:00:00Z,2002-01-08T00:00:00Z,http://www.wikidata.org/entity/Q889620,Donald DiFrancesco,http://www.wikidata.org/entity/Q1699314,John Orus Bennett III,
http://www.wikidata.org/entity/Q3112728,Governor of New Jersey,http://www.wikidata.org/entity/Q1699314,John Orus Bennett III,2002-01-08T00:00:00Z,2002-01-12T00:00:00Z,http://www.wikidata.org/entity/Q889628,John Farmer,http://www.wikidata.org/entity/Q248668,Jim McGreevey,
http://www.wikidata.org/entity/Q3112728,Governor of New Jersey,http://www.wikidata.org/entity/Q248668,Jim McGreevey,2002-01-15T00:00:00Z,2004-11-15T00:00:00Z,http://www.wikidata.org/entity/Q1699314,John Orus Bennett III,http://www.wikidata.org/entity/Q880166,Richard Codey,
http://www.wikidata.org/entity/Q3112728,Governor of New Jersey,http://www.wikidata.org/entity/Q880166,Richard Codey,2004-11-15T00:00:00Z,2006-01-17T00:00:00Z,http://www.wikidata.org/entity/Q248668,Jim McGreevey,http://www.wikidata.org/entity/Q380570,Jon Corzine,
http://www.wikidata.org/entity/Q3112728,Governor of New Jersey,http://www.wikidata.org/entity/Q380570,Jon Corzine,2006-01-17T00:00:00Z,2010-01-19T00:00:00Z,http://www.wikidata.org/entity/Q880166,Richard Codey,http://www.wikidata.org/entity/Q63879,Chris Christie,
http://www.wikidata.org/entity/Q3112728,Governor of New Jersey,http://www.wikidata.org/entity/Q63879,Chris Christie,2010-01-19T00:00:00Z,2018-01-16T00:00:00Z,http://www.wikidata.org/entity/Q380570,Jon Corzine,http://www.wikidata.org/entity/Q260042,Phil Murphy,
http://www.wikidata.org/entity/Q3112728,Governor of New Jersey,http://www.wikidata.org/entity/Q260042,Phil Murphy,2018-01-16T00:00:00Z,2026-01-20T00:00:00Z,http://www.wikidata.org/entity/Q63879,Chris Christie,http://www.wikidata.org/entity/Q47087146,Mikie Sherrill,
http://www.wikidata.org/entity/Q3112728,Governor of New Jersey,http://www.wikidata.org/entity/Q47087146,Mikie Sherrill,2026-01-20T00:00:00Z,,http://www.wikidata.org/entity/Q260042,Phil Murphy,,,
http://www.wikidata.org/entity/Q17089908,Governor of New Mexico,http://www.wikidata.org/entity/Q2040026,Juan de Oñate,,,,,,,
http://www.wikidata.org/entity/Q17089908,Governor of New Mexico,http://www.wikidata.org/entity/Q4712428,Albino Pérez,,,,,,,
http://www.wikidata.org/entity/Q17089908,Governor of New Mexico,http://www.wikidata.org/entity/Q5483935,Q5483935,,,,,,,
http://www.wikidata.org/entity/Q17089908,Governor of New Mexico,http://www.wikidata.org/entity/Q5940766,José Joaquín Calvo,,,,,,,
http://www.wikidata.org/entity/Q17089908,Governor of New Mexico,http://www.wikidata.org/entity/Q6762332,Mariano Chaves,,,,,,,
http://www.wikidata.org/entity/Q17089908,Governor of New Mexico,http://www.wikidata.org/entity/Q7420200,Santiago Abreú,,,,,,,
http://www.wikidata.org/entity/Q17089908,Governor of New Mexico,http://www.wikidata.org/entity/Q375446,Toney Anaya,1983-01-01T00:00:00Z,1987-01-01T00:00:00Z,http://www.wikidata.org/entity/Q887337,Bruce King,http://www.wikidata.org/entity/Q887576,Garrey Carruthers,
http://www.wikidata.org/entity/Q17089908,Governor of New Mexico,http://www.wikidata.org/entity/Q887576,Garrey Carruthers,1987-01-01T00:00:00Z,1991-01-01T00:00:00Z,http://www.wikidata.org/entity/Q375446,Toney Anaya,http://www.wikidata.org/entity/Q887337,Bruce King,
http://www.wikidata.org/entity/Q17089908,Governor of New Mexico,http://www.wikidata.org/entity/Q887337,Bruce King,1991-01-01T00:00:00Z,1995-01-01T00:00:00Z,http://www.wikidata.org/entity/Q887576,Garrey Carruthers,http://www.wikidata.org/entity/Q352123,Gary Johnson,
http://www.wikidata.org/entity/Q17089908,Governor of New Mexico,http://www.wikidata.org/entity/Q352123,Gary Johnson,1995-01-01T00:00:00Z,2003-01-01T00:00:00Z,http://www.wikidata.org/entity/Q887337,Bruce King,http://www.wikidata.org/entity/Q311782,Bill Richardson,
http://www.wikidata.org/entity/Q17089908,Governor of New Mexico,http://www.wikidata.org/entity/Q311782,Bill Richardson,2003-01-01T00:00:00Z,2011-01-01T00:00:00Z,http://www.wikidata.org/entity/Q352123,Gary Johnson,http://www.wikidata.org/entity/Q256334,Susana Martinez,
http://www.wikidata.org/entity/Q17089908,Governor of New Mexico,http://www.wikidata.org/entity/Q256334,Susana Martinez,2011-01-01T00:00:00Z,2019-01-01T00:00:00Z,http://www.wikidata.org/entity/Q311782,Bill Richardson,http://www.wikidata.org/entity/Q3917203,Michelle Lujan Grisham,
http://www.wikidata.org/entity/Q17089908,Governor of New Mexico,http://www.wikidata.org/entity/Q3917203,Michelle Lujan Grisham,2019-01-01T00:00:00Z,,http://www.wikidata.org/entity/Q256334,Susana Martinez,,,
http://www.wikidata.org/entity/Q2347975,Governor of New York,http://www.wikidata.org/entity/Q521145,Mario Cuomo,1983-01-01T00:00:00Z,1994-12-31T00:00:00Z,http://www.wikidata.org/entity/Q878798,Hugh Carey,http://www.wikidata.org/entity/Q11676,George Pataki,
http://www.wikidata.org/entity/Q2347975,Governor of New York,http://www.wikidata.org/entity/Q11676,George Pataki,1995-01-01T00:00:00Z,2006-12-31T00:00:00Z,http://www.wikidata.org/entity/Q521145,Mario Cuomo,http://www.wikidata.org/entity/Q11675,Eliot Spitzer,
http://www.wikidata.org/entity/Q2347975,Governor of New York,http://www.wikidata.org/entity/Q11675,Eliot Spitzer,2007-01-01T00:00:00Z,2008-03-17T00:00:00Z,http://www.wikidata.org/entity/Q11676,George Pataki,http://www.wikidata.org/entity/Q11674,David Paterson,
http://www.wikidata.org/entity/Q2347975,Governor of New York,http://www.wikidata.org/entity/Q11674,David Paterson,2008-03-17T00:00:00Z,2010-12-31T00:00:00Z,http://www.wikidata.org/entity/Q11675,Eliot Spitzer,http://www.wikidata.org/entity/Q11673,Andrew Cuomo,
http://www.wikidata.org/entity/Q2347975,Governor of New York,http://www.wikidata.org/entity/Q11673,Andrew Cuomo,2011-01-01T00:00:00Z,2021-08-23T00:00:00Z,http://www.wikidata.org/entity/Q11674,David Paterson,http://www.wikidata.org/entity/Q45956,Kathy Hochul,
http://www.wikidata.org/entity/Q2347975,Governor of New York,http://www.wikidata.org/entity/Q45956,Kathy Hochul,2021-08-24T00:00:00Z,,http://www.wikidata.org/entity/Q11673,Andrew Cuomo,,,
http://www.wikidata.org/entity/Q16202700,Governor of North Carolina,http://www.wikidata.org/entity/Q880570,Jim Hunt,1977-01-08T00:00:00Z,1985-01-05T00:00:00Z,http://www.wikidata.org/entity/Q361695,James E. Holshouser Jr.,http://www.wikidata.org/entity/Q883193,James G. Martin,
http://www.wikidata.org/entity/Q16202700,Governor of North Carolina,http://www.wikidata.org/entity/Q883193,James G. Martin,1985-01-05T00:00:00Z,1993-01-09T00:00:00Z,http://www.wikidata.org/entity/Q880570,Jim Hunt,http://www.wikidata.org/entity/Q880570,Jim Hunt,
http://www.wikidata.org/entity/Q16202700,Governor of North Carolina,http://www.wikidata.org/entity/Q880570,Jim Hunt,1993-01-09T00:00:00Z,2001-01-06T00:00:00Z,http://www.wikidata.org/entity/Q883193,James G. Martin,http://www.wikidata.org/entity/Q881215,Mike Easley,
http://www.wikidata.org/entity/Q16202700,Governor of North Carolina,http://www.wikidata.org/entity/Q881215,Mike Easley,2001-01-06T00:00:00Z,2009-01-10T00:00:00Z,http://www.wikidata.org/entity/Q880570,Jim Hunt,http://www.wikidata.org/entity/Q22185,Bev Perdue,
http://www.wikidata.org/entity/Q16202700,Governor of North Carolina,http://www.wikidata.org/entity/Q22185,Bev Perdue,2009-01-10T00:00:00Z,2013-01-05T00:00:00Z,http://www.wikidata.org/entity/Q881215,Mike Easley,http://www.wikidata.org/entity/Q39311,Pat McCrory,
http://www.wikidata.org/entity/Q16202700,Governor of North Carolina,http://www.wikidata.org/entity/Q39311,Pat McCrory,2013-01-05T00:00:00Z,2017-01-01T00:00:00Z,http://www.wikidata.org/entity/Q22185,Bev Perdue,http://www.wikidata.org/entity/Q7372694,Roy Cooper,
http://www.wikidata.org/entity/Q16202700,Governor of North Carolina,http://www.wikidata.org/entity/Q7372694,Roy Cooper,2017-01-01T00:00:00Z,2025-01-01T00:00:00Z,http://www.wikidata.org/entity/Q39311,Pat McCrory,http://www.wikidata.org/entity/Q6289402,Josh Stein,
http://www.wikidata.org/entity/Q16202700,Governor of North Carolina,http://www.wikidata.org/entity/Q6289402,Josh Stein,2025-01-01T00:00:00Z,,http://www.wikidata.org/entity/Q7372694,Roy Cooper,,,
http://www.wikidata.org/entity/Q3773741,Governor of North Dakota,http://www.wikidata.org/entity/Q883207,Allen I. Olson,1981-01-06T00:00:00Z,1985-01-01T00:00:00Z,http://www.wikidata.org/entity/Q367727,Arthur A. Link,http://www.wikidata.org/entity/Q367363,George Sinner,
http://www.wikidata.org/entity/Q3773741,Governor of North Dakota,http://www.wikidata.org/entity/Q367363,George Sinner,1985-01-01T00:00:00Z,1992-12-15T00:00:00Z,http://www.wikidata.org/entity/Q883207,Allen I. Olson,http://www.wikidata.org/entity/Q887102,Ed Schafer,
http://www.wikidata.org/entity/Q3773741,Governor of North Dakota,http://www.wikidata.org/entity/Q887102,Ed Schafer,1992-12-15T00:00:00Z,2000-12-15T00:00:00Z,http://www.wikidata.org/entity/Q367363,George Sinner,http://www.wikidata.org/entity/Q374762,John Hoeven,
http://www.wikidata.org/entity/Q3773741,Governor of North Dakota,http://www.wikidata.org/entity/Q374762,John Hoeven,2000-12-15T00:00:00Z,2010-12-07T00:00:00Z,http://www.wikidata.org/entity/Q887102,Ed Schafer,http://www.wikidata.org/entity/Q770393,Jack Dalrymple,
http://www.wikidata.org/entity/Q3773741,Governor of North Dakota,http://www.wikidata.org/entity/Q770393,Jack Dalrymple,2010-12-07T00:00:00Z,2016-12-15T00:00:00Z,http://www.wikidata.org/entity/Q374762,John Hoeven,http://www.wikidata.org/entity/Q22095395,Doug Burgum,
http://www.wikidata.org/entity/Q3773741,Governor of North Dakota,http://www.wikidata.org/entity/Q22095395,Doug Burgum,2016-12-15T00:00:00Z,2024-12-15T00:00:00Z,http://www.wikidata.org/entity/Q770393,Jack Dalrymple,http://www.wikidata.org/entity/Q50362353,Kelly M. Armstrong,
http://www.wikidata.org/entity/Q3773741,Governor of North Dakota,http://www.wikidata.org/entity/Q50362353,Kelly M. Armstrong,2024-12-15T00:00:00Z,,http://www.wikidata.org/entity/Q22095395,Doug Burgum,,,
http://www.wikidata.org/entity/Q17989863,Governor of Ohio,http://www.wikidata.org/entity/Q322827,Dick Celeste,1983-01-10T00:00:00Z,1991-01-14T00:00:00Z,http://www.wikidata.org/entity/Q351238,Jim Rhodes,http://www.wikidata.org/entity/Q529873,George Voinovich,
http://www.wikidata.org/entity/Q17989863,Governor of Ohio,http://www.wikidata.org/entity/Q529873,George Voinovich,1991-01-14T00:00:00Z,1998-12-31T00:00:00Z,http://www.wikidata.org/entity/Q322827,Dick Celeste,http://www.wikidata.org/entity/Q291690,Nancy Hollister,
http://www.wikidata.org/entity/Q17989863,Governor of Ohio,http://www.wikidata.org/entity/Q291690,Nancy Hollister,1998-12-31T00:00:00Z,1999-01-11T00:00:00Z,http://www.wikidata.org/entity/Q529873,George Voinovich,http://www.wikidata.org/entity/Q888281,Bob Taft,
http://www.wikidata.org/entity/Q17989863,Governor of Ohio,http://www.wikidata.org/entity/Q888281,Bob Taft,1999-01-11T00:00:00Z,2007-01-08T00:00:00Z,http://www.wikidata.org/entity/Q291690,Nancy Hollister,http://www.wikidata.org/entity/Q465295,Ted Strickland,
http://www.wikidata.org/entity/Q17989863,Governor of Ohio,http://www.wikidata.org/entity/Q465295,Ted Strickland,2007-01-08T00:00:00Z,2011-01-10T00:00:00Z,http://www.wikidata.org/entity/Q888281,Bob Taft,http://www.wikidata.org/entity/Q69319,John Kasich,
http://www.wikidata.org/entity/Q17989863,Governor of Ohio,http://www.wikidata.org/entity/Q69319,John Kasich,2011-01-10T00:00:00Z,2019-01-14T00:00:00Z,http://www.wikidata.org/entity/Q465295,Ted Strickland,http://www.wikidata.org/entity/Q1363468,Mike DeWine,
http://www.wikidata.org/entity/Q17989863,Governor of Ohio,http://www.wikidata.org/entity/Q1363468,Mike DeWine,2019-01-14T00:00:00Z,,http://www.wikidata.org/entity/Q69319,John Kasich,,,
http://www.wikidata.org/entity/Q2550683,Governor of Oklahoma,http://www.wikidata.org/entity/Q888913,George Nigh,1979-01-03T00:00:00Z,1987-01-12T00:00:00Z,http://www.wikidata.org/entity/Q882362,David Boren,http://www.wikidata.org/entity/Q881173,Henry Bellmon,
http://www.wikidata.org/entity/Q2550683,Governor of Oklahoma,http://www.wikidata.org/entity/Q881173,Henry Bellmon,1987-01-12T00:00:00Z,1991-01-14T00:00:00Z,http://www.wikidata.org/entity/Q888913,George Nigh,http://www.wikidata.org/entity/Q889604,David Walters,
http://www.wikidata.org/entity/Q2550683,Governor of Oklahoma,http://www.wikidata.org/entity/Q889604,David Walters,1991-01-14T00:00:00Z,1995-01-09T00:00:00Z,http://www.wikidata.org/entity/Q881173,Henry Bellmon,http://www.wikidata.org/entity/Q889831,Frank Keating,
http://www.wikidata.org/entity/Q2550683,Governor of Oklahoma,http://www.wikidata.org/entity/Q889831,Frank Keating,1995-01-09T00:00:00Z,2003-01-13T00:00:00Z,http://www.wikidata.org/entity/Q889604,David Walters,http://www.wikidata.org/entity/Q538331,Brad Henry,
http://www.wikidata.org/entity/Q2550683,Governor of Oklahoma,http://www.wikidata.org/entity/Q538331,Brad Henry,2003-01-13T00:00:00Z,2011-01-10T00:00:00Z,http://www.wikidata.org/entity/Q889831,Frank Keating,http://www.wikidata.org/entity/Q257237,Mary Fallin,
http://www.wikidata.org/entity/Q2550683,Governor of Oklahoma,http://www.wikidata.org/entity/Q257237,Mary Fallin,2011-01-10T00:00:00Z,2019-01-14T00:00:00Z,,,,,
http://www.wikidata.org/entity/Q2550683,Governor of Oklahoma,http://www.wikidata.org/entity/Q58322517,Kevin Stitt,2019-01-14T00:00:00Z,,,,,,
http://www.wikidata.org/entity/Q16149111,Governor of Oregon,http://www.wikidata.org/entity/Q1313900,George Law Curry,,,,,,,
http://www.wikidata.org/entity/Q16149111,Governor of Oregon,http://www.wikidata.org/entity/Q1533019,Kintzing Prichette,,,,,,,
http://www.wikidata.org/entity/Q16149111,Governor of Oregon,http://www.wikidata.org/entity/Q28109275,Carolyn B. Shelton,,,,,,,
http://www.wikidata.org/entity/Q16149111,Governor of Oregon,http://www.wikidata.org/entity/Q3101366,George Abernethy,,,,,,,
http://www.wikidata.org/entity/Q16149111,Governor of Oregon,http://www.wikidata.org/entity/Q577809,Victor G. Atiyeh,1979-01-08T00:00:00Z,1987-01-12T00:00:00Z,http://www.wikidata.org/entity/Q1561313,Robert W. Straub,http://www.wikidata.org/entity/Q373606,Neil Goldschmidt,
http://www.wikidata.org/entity/Q16149111,Governor of Oregon,http://www.wikidata.org/entity/Q373606,Neil Goldschmidt,1987-01-12T00:00:00Z,1991-01-14T00:00:00Z,http://www.wikidata.org/entity/Q577809,Victor G. Atiyeh,http://www.wikidata.org/entity/Q528230,Barbara Roberts,
http://www.wikidata.org/entity/Q16149111,Governor of Oregon,http://www.wikidata.org/entity/Q528230,Barbara Roberts,1991-01-14T00:00:00Z,1995-01-09T00:00:00Z,http://www.wikidata.org/entity/Q373606,Neil Goldschmidt,http://www.wikidata.org/entity/Q740345,John Kitzhaber,
http://www.wikidata.org/entity/Q16149111,Governor of Oregon,http://www.wikidata.org/entity/Q740345,John Kitzhaber,1995-01-09T00:00:00Z,2003-01-13T00:00:00Z,http://www.wikidata.org/entity/Q528230,Barbara Roberts,http://www.wikidata.org/entity/Q880976,Ted Kulongoski,
http://www.wikidata.org/entity/Q16149111,Governor of Oregon,http://www.wikidata.org/entity/Q880976,Ted Kulongoski,2003-01-13T00:00:00Z,2011-01-10T00:00:00Z,http://www.wikidata.org/entity/Q740345,John Kitzhaber,http://www.wikidata.org/entity/Q740345,John Kitzhaber,
http://www.wikidata.org/entity/Q16149111,Governor of Oregon,http://www.wikidata.org/entity/Q740345,John Kitzhaber,2011-01-10T00:00:00Z,2015-02-18T00:00:00Z,http://www.wikidata.org/entity/Q880976,Ted Kulongoski,http://www.wikidata.org/entity/Q6375399,Kate Brown,
http://www.wikidata.org/entity/Q16149111,Governor of Oregon,http://www.wikidata.org/entity/Q6375399,Kate Brown,2015-02-18T00:00:00Z,2023-01-09T00:00:00Z,http://www.wikidata.org/entity/Q740345,John Kitzhaber,http://www.wikidata.org/entity/Q1452454,Tina Kotek,
http://www.wikidata.org/entity/Q16149111,Governor of Oregon,http://www.wikidata.org/entity/Q1452454,Tina Kotek,2023-01-09T00:00:00Z,,http://www.wikidata.org/entity/Q6375399,Kate Brown,,,
http://www.wikidata.org/entity/Q20801659,Governor of Pennsylvania,http://www.wikidata.org/entity/Q24037752,Eric Baker,,,,,,,
http://www.wikidata.org/entity/Q20801659,Governor of Pennsylvania,http://www.wikidata.org/entity/Q885091,Dick Thornburgh,1979-01-16T00:00:00Z,1987-01-20T00:00:00Z,http://www.wikidata.org/entity/Q374746,Milton Shapp,http://www.wikidata.org/entity/Q477577,Robert P. Casey,
http://www.wikidata.org/entity/Q20801659,Governor of Pennsylvania,http://www.wikidata.org/entity/Q477577,Robert P. Casey,1987-01-20T00:00:00Z,1995-01-17T00:00:00Z,http://www.wikidata.org/entity/Q885091,Dick Thornburgh,http://www.wikidata.org/entity/Q559822,Tom Ridge,
http://www.wikidata.org/entity/Q20801659,Governor of Pennsylvania,http://www.wikidata.org/entity/Q559822,Tom Ridge,1995-01-17T00:00:00Z,2001-10-05T00:00:00Z,http://www.wikidata.org/entity/Q477577,Robert P. Casey,http://www.wikidata.org/entity/Q776203,Mark S. Schweiker,
http://www.wikidata.org/entity/Q20801659,Governor of Pennsylvania,http://www.wikidata.org/entity/Q776203,Mark S. Schweiker,2001-10-05T00:00:00Z,2003-01-21T00:00:00Z,http://www.wikidata.org/entity/Q559822,Tom Ridge,http://www.wikidata.org/entity/Q434902,Ed Rendell,
http://www.wikidata.org/entity/Q20801659,Governor of Pennsylvania,http://www.wikidata.org/entity/Q434902,Ed Rendell,2003-01-21T00:00:00Z,2011-01-18T00:00:00Z,http://www.wikidata.org/entity/Q776203,Mark S. Schweiker,http://www.wikidata.org/entity/Q881171,Tom Corbett,
http://www.wikidata.org/entity/Q20801659,Governor of Pennsylvania,http://www.wikidata.org/entity/Q881171,Tom Corbett,2011-01-18T00:00:00Z,2015-01-20T00:00:00Z,http://www.wikidata.org/entity/Q434902,Ed Rendell,http://www.wikidata.org/entity/Q7794795,Tom Wolf,
http://www.wikidata.org/entity/Q20801659,Governor of Pennsylvania,http://www.wikidata.org/entity/Q7794795,Tom Wolf,2015-01-20T00:00:00Z,2023-01-17T00:00:00Z,http://www.wikidata.org/entity/Q881171,Tom Corbett,http://www.wikidata.org/entity/Q6289368,Josh Shapiro,
http://www.wikidata.org/entity/Q20801659,Governor of Pennsylvania,http://www.wikidata.org/entity/Q6289368,Josh Shapiro,2023-01-17T00:00:00Z,,http://www.wikidata.org/entity/Q7794795,Tom Wolf,,,
http://www.wikidata.org/entity/Q20765611,Governor of Rhode Island,http://www.wikidata.org/entity/Q889253,J. Joseph Garrahy,1977-01-04T00:00:00Z,1985-01-01T00:00:00Z,http://www.wikidata.org/entity/Q1424544,Philip Noel,http://www.wikidata.org/entity/Q1291990,Edward D. DiPrete,
http://www.wikidata.org/entity/Q20765611,Governor of Rhode Island,http://www.wikidata.org/entity/Q1291990,Edward D. DiPrete,1985-01-01T00:00:00Z,1991-01-01T00:00:00Z,http://www.wikidata.org/entity/Q889253,J. Joseph Garrahy,http://www.wikidata.org/entity/Q889320,Bruce Sundlun,
http://www.wikidata.org/entity/Q20765611,Governor of Rhode Island,http://www.wikidata.org/entity/Q889320,Bruce Sundlun,1991-01-01T00:00:00Z,1995-01-07T00:00:00Z,,,,,
http://www.wikidata.org/entity/Q20765611,Governor of Rhode Island,http://www.wikidata.org/entity/Q886847,Lincoln Almond,1995-01-03T00:00:00Z,2003-01-07T00:00:00Z,http://www.wikidata.org/entity/Q889320,Bruce Sundlun,http://www.wikidata.org/entity/Q523783,Donald Carcieri,
http://www.wikidata.org/entity/Q20765611,Governor of Rhode Island,http://www.wikidata.org/entity/Q523783,Donald Carcieri,2003-01-07T00:00:00Z,2011-01-04T00:00:00Z,http://www.wikidata.org/entity/Q886847,Lincoln Almond,http://www.wikidata.org/entity/Q44690,Lincoln Chafee,
http://www.wikidata.org/entity/Q20765611,Governor of Rhode Island,http://www.wikidata.org/entity/Q44690,Lincoln Chafee,2011-01-04T00:00:00Z,2015-01-06T00:00:00Z,http://www.wikidata.org/entity/Q523783,Donald Carcieri,http://www.wikidata.org/entity/Q5562913,Gina Raimondo,
http://www.wikidata.org/entity/Q20765611,Governor of Rhode Island,http://www.wikidata.org/entity/Q5562913,Gina Raimondo,2015-01-06T00:00:00Z,2021-03-02T00:00:00Z,http://www.wikidata.org/entity/Q44690,Lincoln Chafee,http://www.wikidata.org/entity/Q5218111,Daniel McKee,
http://www.wikidata.org/entity/Q20765611,Governor of Rhode Island,http://www.wikidata.org/entity/Q5218111,Daniel McKee,2021-03-02T00:00:00Z,,http://www.wikidata.org/entity/Q5562913,Gina Raimondo,,,
http://www.wikidata.org/entity/Q3773752,Governor of South Carolina,http://www.wikidata.org/entity/Q880774,Richard Riley,1979-01-10T00:00:00Z,1987-01-14T00:00:00Z,http://www.wikidata.org/entity/Q888950,James B. Edwards,http://www.wikidata.org/entity/Q11672,"Carroll A. Campbell, Jr.",
http://www.wikidata.org/entity/Q3773752,Governor of South Carolina,http://www.wikidata.org/entity/Q11672,"Carroll A. Campbell, Jr.",1987-01-14T00:00:00Z,1995-01-11T00:00:00Z,http://www.wikidata.org/entity/Q880774,Richard Riley,http://www.wikidata.org/entity/Q11671,David Beasley,
http://www.wikidata.org/entity/Q3773752,Governor of South Carolina,http://www.wikidata.org/entity/Q11671,David Beasley,1995-01-11T00:00:00Z,1999-01-13T00:00:00Z,http://www.wikidata.org/entity/Q11672,"Carroll A. Campbell, Jr.",http://www.wikidata.org/entity/Q11670,Jim Hodges,
http://www.wikidata.org/entity/Q3773752,Governor of South Carolina,http://www.wikidata.org/entity/Q11670,Jim Hodges,1999-01-13T00:00:00Z,2003-01-15T00:00:00Z,http://www.wikidata.org/entity/Q11671,David Beasley,http://www.wikidata.org/entity/Q11669,Mark Sanford,
http://www.wikidata.org/entity/Q3773752,Governor of South Carolina,http://www.wikidata.org/entity/Q11669,Mark Sanford,2003-01-15T00:00:00Z,2011-01-12T00:00:00Z,http://www.wikidata.org/entity/Q11670,Jim Hodges,http://www.wikidata.org/entity/Q11668,Nikki Haley,
http://www.wikidata.org/entity/Q3773752,Governor of South Carolina,http://www.wikidata.org/entity/Q11668,Nikki Haley,2011-01-12T00:00:00Z,2017-01-24T00:00:00Z,http://www.wikidata.org/entity/Q11669,Mark Sanford,http://www.wikidata.org/entity/Q5725737,Henry McMaster,
http://www.wikidata.org/entity/Q3773752,Governor of South Carolina,http://www.wikidata.org/entity/Q5725737,Henry McMaster,2017-01-24T00:00:00Z,,http://www.wikidata.org/entity/Q11668,Nikki Haley,,,
http://www.wikidata.org/entity/Q2626318,Governor of South Dakota,http://www.wikidata.org/entity/Q862213,Bill Janklow,1979-01-01T00:00:00Z,1987-01-06T00:00:00Z,http://www.wikidata.org/entity/Q883824,Harvey Wollman,http://www.wikidata.org/entity/Q366825,George S. Mickelson,
http://www.wikidata.org/entity/Q2626318,Governor of South Dakota,http://www.wikidata.org/entity/Q366825,George S. Mickelson,1987-01-06T00:00:00Z,1993-04-19T00:00:00Z,http://www.wikidata.org/entity/Q862213,Bill Janklow,http://www.wikidata.org/entity/Q366817,Walter Dale Miller,
http://www.wikidata.org/entity/Q2626318,Governor of South Dakota,http://www.wikidata.org/entity/Q366817,Walter Dale Miller,1993-04-19T00:00:00Z,1995-01-07T00:00:00Z,http://www.wikidata.org/entity/Q366825,George S. Mickelson,http://www.wikidata.org/entity/Q862213,Bill Janklow,
http://www.wikidata.org/entity/Q2626318,Governor of South Dakota,http://www.wikidata.org/entity/Q862213,Bill Janklow,1995-01-07T00:00:00Z,2003-01-03T00:00:00Z,http://www.wikidata.org/entity/Q366817,Walter Dale Miller,http://www.wikidata.org/entity/Q722503,Mike Rounds,
http://www.wikidata.org/entity/Q2626318,Governor of South Dakota,http://www.wikidata.org/entity/Q722503,Mike Rounds,2003-01-07T00:00:00Z,2011-01-08T00:00:00Z,http://www.wikidata.org/entity/Q862213,Bill Janklow,http://www.wikidata.org/entity/Q881199,Dennis Daugaard,
http://www.wikidata.org/entity/Q2626318,Governor of South Dakota,http://www.wikidata.org/entity/Q881199,Dennis Daugaard,2011-01-08T00:00:00Z,2019-01-05T00:00:00Z,http://www.wikidata.org/entity/Q722503,Mike Rounds,http://www.wikidata.org/entity/Q465749,Kristi Noem,
http://www.wikidata.org/entity/Q2626318,Governor of South Dakota,http://www.wikidata.org/entity/Q465749,Kristi Noem,2019-01-05T00:00:00Z,2025-01-25T00:00:00Z,http://www.wikidata.org/entity/Q881199,Dennis Daugaard,http://www.wikidata.org/entity/Q16193325,Larry Rhoden,
http://www.wikidata.org/entity/Q2626318,Governor of South Dakota,http://www.wikidata.org/entity/Q16193325,Larry Rhoden,2025-01-25T00:00:00Z,,http://www.wikidata.org/entity/Q465749,Kristi Noem,,,
http://www.wikidata.org/entity/Q5589724,Governor of Tennessee,http://www.wikidata.org/entity/Q1301653,Frank G. Clement,,,,,,,
http://www.wikidata.org/entity/Q5589724,Governor of Tennessee,http://www.wikidata.org/entity/Q130715,Isham G. Harris,,,,,,,
http://www.wikidata.org/entity/Q5589724,Governor of Tennessee,http://www.wikidata.org/entity/Q169307,Alvin Hawkins,,,,,,,
http://www.wikidata.org/entity/Q5589724,Governor of Tennessee,http://www.wikidata.org/entity/Q181828,Albert S. Marks,,,,,,,
http://www.wikidata.org/entity/Q5589724,Governor of Tennessee,http://www.wikidata.org/entity/Q2157950,Robert L. Caruthers,,,,,,,
http://www.wikidata.org/entity/Q5589724,Governor of Tennessee,http://www.wikidata.org/entity/Q248649,James D. Porter,,,,,,,
http://www.wikidata.org/entity/Q5589724,Governor of Tennessee,http://www.wikidata.org/entity/Q276604,William B. Bate,,,,,,,
http://www.wikidata.org/entity/Q5589724,Governor of Tennessee,http://www.wikidata.org/entity/Q302874,Aaron V. Brown,,,,,,,
http://www.wikidata.org/entity/Q5589724,Governor of Tennessee,http://www.wikidata.org/entity/Q357966,Joseph McMinn,,,,,,,
http://www.wikidata.org/entity/Q5589724,Governor of Tennessee,http://www.wikidata.org/entity/Q358264,Archibald Roane,,,,,,,
http://www.wikidata.org/entity/Q5589724,Governor of Tennessee,http://www.wikidata.org/entity/Q358271,William Hall,,,,,,,
http://www.wikidata.org/entity/Q5589724,Governor of Tennessee,http://www.wikidata.org/entity/Q358464,Malcolm R. Patterson,,,,,,,
http://www.wikidata.org/entity/Q5589724,Governor of Tennessee,http://www.wikidata.org/entity/Q358471,Austin Peay,,,,,,,
http://www.wikidata.org/entity/Q5589724,Governor of Tennessee,http://www.wikidata.org/entity/Q358665,Benton McMillin,,,,,,,
http://www.wikidata.org/entity/Q5589724,Governor of Tennessee,http://www.wikidata.org/entity/Q766185,James B. Frazier,,,,,,,
http://www.wikidata.org/entity/Q5589724,Governor of Tennessee,http://www.wikidata.org/entity/Q816624,Ben W. Hooper,,,,,,,
http://www.wikidata.org/entity/Q5589724,Governor of Tennessee,http://www.wikidata.org/entity/Q883222,Thomas Clarke Rye,,,,,,,
http://www.wikidata.org/entity/Q5589724,Governor of Tennessee,http://www.wikidata.org/entity/Q883798,Henry Hollis Horton,,,,,,,
http://www.wikidata.org/entity/Q5589724,Governor of Tennessee,http://www.wikidata.org/entity/Q883883,Albert Houston Roberts,,,,,,,
http://www.wikidata.org/entity/Q5589724,Governor of Tennessee,http://www.wikidata.org/entity/Q884331,Gordon Browning,,,,,,,
http://www.wikidata.org/entity/Q5589724,Governor of Tennessee,http://www.wikidata.org/entity/Q884385,Prentice Cooper,,,,,,,
http://www.wikidata.org/entity/Q5589724,Governor of Tennessee,http://www.wikidata.org/entity/Q884588,Jim Nance McCord,,,,,,,
http://www.wikidata.org/entity/Q5589724,Governor of Tennessee,http://www.wikidata.org/entity/Q885000,Ray Blanton,,,,,,,
http://www.wikidata.org/entity/Q5589724,Governor of Tennessee,http://www.wikidata.org/entity/Q419976,Lamar Alexander,1979-01-17T00:00:00Z,1987-01-17T00:00:00Z,http://www.wikidata.org/entity/Q885000,Ray Blanton,http://www.wikidata.org/entity/Q881873,Ned McWherter,
http://www.wikidata.org/entity/Q5589724,Governor of Tennessee,http://www.wikidata.org/entity/Q881873,Ned McWherter,1987-01-17T00:00:00Z,1995-01-21T00:00:00Z,http://www.wikidata.org/entity/Q419976,Lamar Alexander,http://www.wikidata.org/entity/Q358726,Don Sundquist,
http://www.wikidata.org/entity/Q5589724,Governor of Tennessee,http://www.wikidata.org/entity/Q358726,Don Sundquist,1995-01-21T00:00:00Z,2003-01-18T00:00:00Z,http://www.wikidata.org/entity/Q881873,Ned McWherter,http://www.wikidata.org/entity/Q724001,Phil Bredesen,
http://www.wikidata.org/entity/Q5589724,Governor of Tennessee,http://www.wikidata.org/entity/Q724001,Phil Bredesen,2003-01-18T00:00:00Z,2011-01-15T00:00:00Z,http://www.wikidata.org/entity/Q358726,Don Sundquist,http://www.wikidata.org/entity/Q862186,Bill Haslam,
http://www.wikidata.org/entity/Q5589724,Governor of Tennessee,http://www.wikidata.org/entity/Q862186,Bill Haslam,2011-01-15T00:00:00Z,2019-01-19T00:00:00Z,,,,,
http://www.wikidata.org/entity/Q5589724,Governor of Tennessee,http://www.wikidata.org/entity/Q58321685,Bill Lee,2019-01-19T00:00:00Z,,http://www.wikidata.org/entity/Q862186,Bill Haslam,,,
http://www.wikidata.org/entity/Q5589725,Governor of Texas,http://www.wikidata.org/entity/Q1291905,Edward C. Clark,,,,,,,
http://www.wikidata.org/entity/Q5589725,Governor of Texas,http://www.wikidata.org/entity/Q609090,Mark White,1983-01-18T00:00:00Z,1987-01-20T00:00:00Z,http://www.wikidata.org/entity/Q545307,Bill Clements,http://www.wikidata.org/entity/Q545307,Bill Clements,
http://www.wikidata.org/entity/Q5589725,Governor of Texas,http://www.wikidata.org/entity/Q545307,Bill Clements,1987-01-20T00:00:00Z,1991-01-15T00:00:00Z,http://www.wikidata.org/entity/Q609090,Mark White,http://www.wikidata.org/entity/Q237918,Ann Richards,
http://www.wikidata.org/entity/Q5589725,Governor of Texas,http://www.wikidata.org/entity/Q237918,Ann Richards,1991-01-15T00:00:00Z,1995-01-17T00:00:00Z,http://www.wikidata.org/entity/Q545307,Bill Clements,http://www.wikidata.org/entity/Q207,George W. Bush,
http://www.wikidata.org/entity/Q5589725,Governor of Texas,http://www.wikidata.org/entity/Q207,George W. Bush,1995-01-17T00:00:00Z,2000-12-21T00:00:00Z,http://www.wikidata.org/entity/Q237918,Ann Richards,http://www.wikidata.org/entity/Q215057,Rick Perry,
http://www.wikidata.org/entity/Q5589725,Governor of Texas,http://www.wikidata.org/entity/Q215057,Rick Perry,2000-12-21T00:00:00Z,2015-01-20T00:00:00Z,http://www.wikidata.org/entity/Q207,George W. Bush,http://www.wikidata.org/entity/Q5605224,Greg Abbott,
http://www.wikidata.org/entity/Q5589725,Governor of Texas,http://www.wikidata.org/entity/Q5605224,Greg Abbott,2015-01-20T00:00:00Z,,http://www.wikidata.org/entity/Q215057,Rick Perry,,,
http://www.wikidata.org/entity/Q887220,Governor of Utah,http://www.wikidata.org/entity/Q889109,Scott M. Matheson,1977-01-03T00:00:00Z,1985-01-07T00:00:00Z,http://www.wikidata.org/entity/Q888990,Calvin L. Rampton,http://www.wikidata.org/entity/Q887047,Norman H. Bangerter,
http://www.wikidata.org/entity/Q887220,Governor of Utah,http://www.wikidata.org/entity/Q887047,Norman H. Bangerter,1985-01-07T00:00:00Z,1993-01-04T00:00:00Z,http://www.wikidata.org/entity/Q889109,Scott M. Matheson,http://www.wikidata.org/entity/Q879432,Mike Leavitt,
http://www.wikidata.org/entity/Q887220,Governor of Utah,http://www.wikidata.org/entity/Q879432,Mike Leavitt,1993-01-04T00:00:00Z,2003-11-05T00:00:00Z,http://www.wikidata.org/entity/Q887047,Norman H. Bangerter,http://www.wikidata.org/entity/Q271061,Olene S. Walker,
http://www.wikidata.org/entity/Q887220,Governor of Utah,http://www.wikidata.org/entity/Q271061,Olene S. Walker,2003-11-05T00:00:00Z,2005-01-03T00:00:00Z,http://www.wikidata.org/entity/Q879432,Mike Leavitt,http://www.wikidata.org/entity/Q11607,Jon Meade Huntsman Jr.,
http://www.wikidata.org/entity/Q887220,Governor of Utah,http://www.wikidata.org/entity/Q11607,Jon Meade Huntsman Jr.,2005-01-03T00:00:00Z,2009-08-11T00:00:00Z,http://www.wikidata.org/entity/Q271061,Olene S. Walker,http://www.wikidata.org/entity/Q881188,Gary Herbert,
http://www.wikidata.org/entity/Q887220,Governor of Utah,http://www.wikidata.org/entity/Q881188,Gary Herbert,2009-08-11T00:00:00Z,2021-01-04T00:00:00Z,http://www.wikidata.org/entity/Q11607,Jon Meade Huntsman Jr.,,,
http://www.wikidata.org/entity/Q887220,Governor of Utah,http://www.wikidata.org/entity/Q16208237,Spencer Cox,2021-01-04T00:00:00Z,,http://www.wikidata.org/entity/Q881188,Gary Herbert,,,
http://www.wikidata.org/entity/Q3773745,Governor of Vermont,http://www.wikidata.org/entity/Q885669,Richard A. Snelling,1977-01-06T00:00:00Z,1985-01-10T00:00:00Z,http://www.wikidata.org/entity/Q736173,Thomas P. Salmon,http://www.wikidata.org/entity/Q453942,Madeleine Kunin,
http://www.wikidata.org/entity/Q3773745,Governor of Vermont,http://www.wikidata.org/entity/Q453942,Madeleine Kunin,1985-01-10T00:00:00Z,1991-01-10T00:00:00Z,http://www.wikidata.org/entity/Q885669,Richard A. Snelling,http://www.wikidata.org/entity/Q885669,Richard A. Snelling,
http://www.wikidata.org/entity/Q3773745,Governor of Vermont,http://www.wikidata.org/entity/Q885669,Richard A. Snelling,1991-01-10T00:00:00Z,1991-08-13T00:00:00Z,http://www.wikidata.org/entity/Q453942,Madeleine Kunin,http://www.wikidata.org/entity/Q337470,Howard Dean,
http://www.wikidata.org/entity/Q3773745,Governor of Vermont,http://www.wikidata.org/entity/Q337470,Howard Dean,1991-08-14T00:00:00Z,2003-01-08T00:00:00Z,http://www.wikidata.org/entity/Q885669,Richard A. Snelling,http://www.wikidata.org/entity/Q726313,Jim Douglas,
http://www.wikidata.org/entity/Q3773745,Governor of Vermont,http://www.wikidata.org/entity/Q726313,Jim Douglas,2003-01-09T00:00:00Z,2011-01-06T00:00:00Z,http://www.wikidata.org/entity/Q337470,Howard Dean,http://www.wikidata.org/entity/Q881146,Peter Shumlin,
http://www.wikidata.org/entity/Q3773745,Governor of Vermont,http://www.wikidata.org/entity/Q881146,Peter Shumlin,2011-01-06T00:00:00Z,2017-01-05T00:00:00Z,http://www.wikidata.org/entity/Q726313,Jim Douglas,http://www.wikidata.org/entity/Q7185808,Phil Scott,
http://www.wikidata.org/entity/Q3773745,Governor of Vermont,http://www.wikidata.org/entity/Q7185808,Phil Scott,2017-01-05T00:00:00Z,,http://www.wikidata.org/entity/Q881146,Peter Shumlin,,,
http://www.wikidata.org/entity/Q878942,Governor of Virginia,http://www.wikidata.org/entity/Q3048125,Edmund Pendleton,,,,,,,
http://www.wikidata.org/entity/Q878942,Governor of Virginia,http://www.wikidata.org/entity/Q6252472,"John Pendleton, Jr.",,,,,,,
http://www.wikidata.org/entity/Q878942,Governor of Virginia,http://www.wikidata.org/entity/Q885583,Chuck Robb,1982-01-16T00:00:00Z,1986-01-18T00:00:00Z,http://www.wikidata.org/entity/Q880687,John N. Dalton,http://www.wikidata.org/entity/Q880701,Gerald L. Baliles,
http://www.wikidata.org/entity/Q878942,Governor of Virginia,http://www.wikidata.org/entity/Q880701,Gerald L. Baliles,1986-01-18T00:00:00Z,1990-01-13T00:00:00Z,http://www.wikidata.org/entity/Q885583,Chuck Robb,http://www.wikidata.org/entity/Q881154,Douglas Wilder,
http://www.wikidata.org/entity/Q878942,Governor of Virginia,http://www.wikidata.org/entity/Q881154,Douglas Wilder,1990-01-13T00:00:00Z,1994-01-15T00:00:00Z,http://www.wikidata.org/entity/Q880701,Gerald L. Baliles,http://www.wikidata.org/entity/Q527553,George Allen,
http://www.wikidata.org/entity/Q878942,Governor of Virginia,http://www.wikidata.org/entity/Q527553,George Allen,1994-01-15T00:00:00Z,1998-01-17T00:00:00Z,http://www.wikidata.org/entity/Q881154,Douglas Wilder,http://www.wikidata.org/entity/Q705472,Jim Gilmore,
http://www.wikidata.org/entity/Q878942,Governor of Virginia,http://www.wikidata.org/entity/Q705472,Jim Gilmore,1998-01-17T00:00:00Z,2002-01-12T00:00:00Z,http://www.wikidata.org/entity/Q527553,George Allen,http://www.wikidata.org/entity/Q453893,Mark Warner,
http://www.wikidata.org/entity/Q878942,Governor of Virginia,http://www.wikidata.org/entity/Q453893,Mark Warner,2002-01-12T00:00:00Z,2006-01-14T00:00:00Z,http://www.wikidata.org/entity/Q705472,Jim Gilmore,http://www.wikidata.org/entity/Q359888,Tim Kaine,
http://www.wikidata.org/entity/Q878942,Governor of Virginia,http://www.wikidata.org/entity/Q359888,Tim Kaine,2006-01-14T00:00:00Z,2010-01-16T00:00:00Z,http://www.wikidata.org/entity/Q453893,Mark Warner,http://www.wikidata.org/entity/Q456924,Bob McDonnell,
http://www.wikidata.org/entity/Q878942,Governor of Virginia,http://www.wikidata.org/entity/Q456924,Bob McDonnell,2010-01-16T00:00:00Z,2014-01-11T00:00:00Z,http://www.wikidata.org/entity/Q359888,Tim Kaine,http://www.wikidata.org/entity/Q3518911,Terry McAuliffe,
http://www.wikidata.org/entity/Q878942,Governor of Virginia,http://www.wikidata.org/entity/Q3518911,Terry McAuliffe,2014-01-11T00:00:00Z,2018-01-13T00:00:00Z,http://www.wikidata.org/entity/Q456924,Bob McDonnell,http://www.wikidata.org/entity/Q7287916,Ralph Northam,
http://www.wikidata.org/entity/Q878942,Governor of Virginia,http://www.wikidata.org/entity/Q7287916,Ralph Northam,2018-01-13T00:00:00Z,2022-01-15T00:00:00Z,http://www.wikidata.org/entity/Q3518911,Terry McAuliffe,http://www.wikidata.org/entity/Q100963892,Glenn Youngkin,
http://www.wikidata.org/entity/Q878942,Governor of Virginia,http://www.wikidata.org/entity/Q100963892,Glenn Youngkin,2022-01-15T00:00:00Z,2026-01-17T00:00:00Z,http://www.wikidata.org/entity/Q7287916,Ralph Northam,http://www.wikidata.org/entity/Q55603085,Abigail Spanberger,
http://www.wikidata.org/entity/Q878942,Governor of Virginia,http://www.wikidata.org/entity/Q55603085,Abigail Spanberger,2026-01-17T00:00:00Z,,http://www.wikidata.org/entity/Q100963892,Glenn Youngkin,,,
http://www.wikidata.org/entity/Q19647220,Governor of Washington,http://www.wikidata.org/entity/Q372519,John Spellman,1981-01-14T00:00:00Z,1985-01-16T00:00:00Z,http://www.wikidata.org/entity/Q461553,Dixy Lee Ray,http://www.wikidata.org/entity/Q142462,Booth Gardner,
http://www.wikidata.org/entity/Q19647220,Governor of Washington,http://www.wikidata.org/entity/Q142462,Booth Gardner,1985-01-16T00:00:00Z,1993-01-13T00:00:00Z,http://www.wikidata.org/entity/Q372519,John Spellman,http://www.wikidata.org/entity/Q880280,Mike Lowry,
http://www.wikidata.org/entity/Q19647220,Governor of Washington,http://www.wikidata.org/entity/Q880280,Mike Lowry,1993-01-13T00:00:00Z,1997-01-15T00:00:00Z,http://www.wikidata.org/entity/Q142462,Booth Gardner,http://www.wikidata.org/entity/Q350378,Gary Locke,
http://www.wikidata.org/entity/Q19647220,Governor of Washington,http://www.wikidata.org/entity/Q350378,Gary Locke,1997-01-15T00:00:00Z,2005-01-12T00:00:00Z,http://www.wikidata.org/entity/Q880280,Mike Lowry,http://www.wikidata.org/entity/Q239366,Christine Gregoire,
http://www.wikidata.org/entity/Q19647220,Governor of Washington,http://www.wikidata.org/entity/Q239366,Christine Gregoire,2005-01-12T00:00:00Z,2013-01-16T00:00:00Z,http://www.wikidata.org/entity/Q350378,Gary Locke,http://www.wikidata.org/entity/Q1100710,Jay Inslee,
http://www.wikidata.org/entity/Q19647220,Governor of Washington,http://www.wikidata.org/entity/Q1100710,Jay Inslee,2013-01-16T00:00:00Z,2025-01-15T00:00:00Z,http://www.wikidata.org/entity/Q239366,Christine Gregoire,http://www.wikidata.org/entity/Q4932411,Bob Ferguson,
http://www.wikidata.org/entity/Q19647220,Governor of Washington,http://www.wikidata.org/entity/Q4932411,Bob Ferguson,2025-01-15T00:00:00Z,,http://www.wikidata.org/entity/Q1100710,Jay Inslee,,,
http://www.wikidata.org/entity/Q20801652,Governor of West Virginia,http://www.wikidata.org/entity/Q285102,Jay Rockefeller,1977-01-17T00:00:00Z,1985-01-14T00:00:00Z,http://www.wikidata.org/entity/Q365572,Arch A. Moore,http://www.wikidata.org/entity/Q365572,Arch A. Moore,
http://www.wikidata.org/entity/Q20801652,Governor of West Virginia,http://www.wikidata.org/entity/Q365572,Arch A. Moore,1985-01-14T00:00:00Z,1989-01-16T00:00:00Z,http://www.wikidata.org/entity/Q285102,Jay Rockefeller,http://www.wikidata.org/entity/Q889207,Gaston Caperton,
http://www.wikidata.org/entity/Q20801652,Governor of West Virginia,http://www.wikidata.org/entity/Q889207,Gaston Caperton,1989-01-16T00:00:00Z,1997-01-13T00:00:00Z,http://www.wikidata.org/entity/Q365572,Arch A. Moore,http://www.wikidata.org/entity/Q363972,Cecil H. Underwood,
http://www.wikidata.org/entity/Q20801652,Governor of West Virginia,http://www.wikidata.org/entity/Q363972,Cecil H. Underwood,1997-01-13T00:00:00Z,2001-01-15T00:00:00Z,http://www.wikidata.org/entity/Q889207,Gaston Caperton,http://www.wikidata.org/entity/Q780398,Bob Wise,
http://www.wikidata.org/entity/Q20801652,Governor of West Virginia,http://www.wikidata.org/entity/Q780398,Bob Wise,2001-01-15T00:00:00Z,2005-01-17T00:00:00Z,http://www.wikidata.org/entity/Q363972,Cecil H. Underwood,http://www.wikidata.org/entity/Q538868,Joe Manchin,
http://www.wikidata.org/entity/Q20801652,Governor of West Virginia,http://www.wikidata.org/entity/Q24053179,Ray Sullivan,2002-01-01T00:00:00Z,2006-01-01T00:00:00Z,,,,,
http://www.wikidata.org/entity/Q20801652,Governor of West Virginia,http://www.wikidata.org/entity/Q538868,Joe Manchin,2005-01-17T00:00:00Z,2010-11-15T00:00:00Z,http://www.wikidata.org/entity/Q780398,Bob Wise,http://www.wikidata.org/entity/Q888517,Earl Ray Tomblin,
http://www.wikidata.org/entity/Q20801652,Governor of West Virginia,http://www.wikidata.org/entity/Q888517,Earl Ray Tomblin,2010-11-15T00:00:00Z,2017-01-16T00:00:00Z,http://www.wikidata.org/entity/Q538868,Joe Manchin,http://www.wikidata.org/entity/Q20684288,Jim Justice,
http://www.wikidata.org/entity/Q20801652,Governor of West Virginia,http://www.wikidata.org/entity/Q20684288,Jim Justice,2017-01-16T00:00:00Z,2025-01-13T00:00:00Z,http://www.wikidata.org/entity/Q888517,Earl Ray Tomblin,http://www.wikidata.org/entity/Q7147254,Patrick Morrisey,
http://www.wikidata.org/entity/Q20801652,Governor of West Virginia,http://www.wikidata.org/entity/Q7147254,Patrick Morrisey,2025-01-13T00:00:00Z,,http://www.wikidata.org/entity/Q20684288,Jim Justice,,,
http://www.wikidata.org/entity/Q3112727,Governor of Wisconsin,http://www.wikidata.org/entity/Q609122,Tony Earl,1983-01-03T00:00:00Z,1987-01-05T00:00:00Z,http://www.wikidata.org/entity/Q579081,Lee S. Dreyfus,http://www.wikidata.org/entity/Q732804,Tommy Thompson,
http://www.wikidata.org/entity/Q3112727,Governor of Wisconsin,http://www.wikidata.org/entity/Q732804,Tommy Thompson,1987-01-05T00:00:00Z,2001-02-01T00:00:00Z,http://www.wikidata.org/entity/Q609122,Tony Earl,http://www.wikidata.org/entity/Q351214,Scott McCallum,
http://www.wikidata.org/entity/Q3112727,Governor of Wisconsin,http://www.wikidata.org/entity/Q351214,Scott McCallum,2001-02-01T00:00:00Z,2003-01-06T00:00:00Z,http://www.wikidata.org/entity/Q732804,Tommy Thompson,http://www.wikidata.org/entity/Q705961,Jim Doyle,
http://www.wikidata.org/entity/Q3112727,Governor of Wisconsin,http://www.wikidata.org/entity/Q705961,Jim Doyle,2003-01-07T00:00:00Z,2011-01-03T00:00:00Z,http://www.wikidata.org/entity/Q351214,Scott McCallum,http://www.wikidata.org/entity/Q553254,Scott Walker,
http://www.wikidata.org/entity/Q3112727,Governor of Wisconsin,http://www.wikidata.org/entity/Q553254,Scott Walker,2011-01-03T00:00:00Z,2019-01-07T00:00:00Z,http://www.wikidata.org/entity/Q705961,Jim Doyle,http://www.wikidata.org/entity/Q7822309,Tony Evers,
http://www.wikidata.org/entity/Q3112727,Governor of Wisconsin,http://www.wikidata.org/entity/Q7822309,Tony Evers,2019-01-07T00:00:00Z,,http://www.wikidata.org/entity/Q553254,Scott Walker,,,
http://www.wikidata.org/entity/Q20801647,Governor of Wyoming,http://www.wikidata.org/entity/Q882516,Edgar Herschler,1975-01-06T00:00:00Z,1987-01-05T00:00:00Z,http://www.wikidata.org/entity/Q707704,Stanley K. Hathaway,http://www.wikidata.org/entity/Q882921,Mike Sullivan,
http://www.wikidata.org/entity/Q20801647,Governor of Wyoming,http://www.wikidata.org/entity/Q882921,Mike Sullivan,1987-01-05T00:00:00Z,1995-01-02T00:00:00Z,http://www.wikidata.org/entity/Q882516,Edgar Herschler,http://www.wikidata.org/entity/Q436576,Jim Geringer,
http://www.wikidata.org/entity/Q20801647,Governor of Wyoming,http://www.wikidata.org/entity/Q436576,Jim Geringer,1995-01-02T00:00:00Z,2003-01-06T00:00:00Z,http://www.wikidata.org/entity/Q882921,Mike Sullivan,http://www.wikidata.org/entity/Q471364,Dave Freudenthal,
http://www.wikidata.org/entity/Q20801647,Governor of Wyoming,http://www.wikidata.org/entity/Q471364,Dave Freudenthal,2003-01-06T00:00:00Z,2011-01-03T00:00:00Z,http://www.wikidata.org/entity/Q436576,Jim Geringer,http://www.wikidata.org/entity/Q470663,Matt Mead,
http://www.wikidata.org/entity/Q20801647,Governor of Wyoming,http://www.wikidata.org/entity/Q470663,Matt Mead,2011-01-03T00:00:00Z,2019-01-07T00:00:00Z,http://www.wikidata.org/entity/Q471364,Dave Freudenthal,http://www.wikidata.org/entity/Q6767775,Mark Gordon,
http://www.wikidata.org/entity/Q20801647,Governor of Wyoming,http://www.wikidata.org/entity/Q6767775,Mark Gordon,2019-01-07T00:00:00Z,,,,,,
http://www.wikidata.org/entity/Q20801664,governor of Iowa,http://www.wikidata.org/entity/Q39609,Terry Branstad,1983-01-14T00:00:00Z,1999-01-15T00:00:00Z,http://www.wikidata.org/entity/Q737710,Robert D. Ray,http://www.wikidata.org/entity/Q353826,Tom Vilsack,
http://www.wikidata.org/entity/Q20801664,governor of Iowa,http://www.wikidata.org/entity/Q353826,Tom Vilsack,1999-01-15T00:00:00Z,2007-01-12T00:00:00Z,http://www.wikidata.org/entity/Q39609,Terry Branstad,http://www.wikidata.org/entity/Q222940,Chet Culver,
http://www.wikidata.org/entity/Q20801664,governor of Iowa,http://www.wikidata.org/entity/Q222940,Chet Culver,2007-01-12T00:00:00Z,2011-01-14T00:00:00Z,http://www.wikidata.org/entity/Q353826,Tom Vilsack,http://www.wikidata.org/entity/Q39609,Terry Branstad,
http://www.wikidata.org/entity/Q20801664,governor of Iowa,http://www.wikidata.org/entity/Q39609,Terry Branstad,2011-01-14T00:00:00Z,2017-05-24T00:00:00Z,http://www.wikidata.org/entity/Q222940,Chet Culver,http://www.wikidata.org/entity/Q6409269,Kim Reynolds,
http://www.wikidata.org/entity/Q20801664,governor of Iowa,http://www.wikidata.org/entity/Q6409269,Kim Reynolds,2017-05-24T00:00:00Z,,http://www.wikidata.org/entity/Q39609,Terry Branstad,,,
