state,fiscal_year,rainy_day_balance_usd_m,general_fund_expenditure_usd_m,source,verified,rdf_pct_gf_spending,ser_gf_spending_usd_m,notes
AL,1992,0.0,,NASBO Fiscal Survey RDF dataset,1,0.0,3415.1,Fiscal Survey Fall 1993; balance 0 (NASBO reports negative balances as 0); GF spending not derivable
AL,1993,0.0,,NASBO Fiscal Survey RDF dataset,1,0.0,3555.5,Fiscal Survey Fall 1994; balance 0 (NASBO reports negative balances as 0); GF spending not derivable
AL,1994,0.0,,NASBO Fiscal Survey RDF dataset,1,0.0,3878.6,Fiscal Survey Fall 1995; balance 0 (NASBO reports negative balances as 0); GF spending not derivable
AL,1995,0.0,,NASBO Fiscal Survey RDF dataset,1,0.0,4160.4,Fiscal Survey Fall 1996; balance 0 (NASBO reports negative balances as 0); GF spending not derivable
AL,1996,0.0,,NASBO Fiscal Survey RDF dataset,1,0.0,4242.1,Fiscal Survey Fall 1997; balance 0 (NASBO reports negative balances as 0); GF spending not derivable
AL,1997,0.0,,NASBO Fiscal Survey RDF dataset,1,0.0,4479.8,Fiscal Survey Fall 1998; balance 0 (NASBO reports negative balances as 0); GF spending not derivable
AL,1998,0.0,,NASBO Fiscal Survey RDF dataset,1,0.0,4687.6,Fiscal Survey Fall 1999; balance 0 (NASBO reports negative balances as 0); GF spending not derivable
AL,1999,0.0,,NASBO Fiscal Survey RDF dataset,1,0.0,4919.4,Fiscal Survey Fall 2000; balance 0 (NASBO reports negative balances as 0); GF spending not derivable
AL,2000,2.5,5215.4,NASBO Fiscal Survey RDF dataset; GF = balance / pct,1,0.000479,5220.0,Fiscal Survey Fall 2001
AL,2001,7.5,5212.8,NASBO Fiscal Survey RDF dataset; GF = balance / pct,1,0.001439,5213.1,Fiscal Survey Fall 2002
AL,2002,260.8,5325.0,NASBO Fiscal Survey RDF dataset; GF = balance / pct,1,0.048977,5320.2,Fiscal Survey Fall 2003
AL,2003,68.0,5472.7,NASBO Fiscal Survey RDF dataset; GF = balance / pct,1,0.012425,5467.4,Fiscal Survey Fall 2004
AL,2004,104.0,5483.4,NASBO Fiscal Survey RDF dataset; GF = balance / pct,1,0.018966,5512.3,Fiscal Survey Fall 2005
AL,2005,157.0,6051.5,NASBO Fiscal Survey RDF dataset; GF = balance / pct,1,0.025944,11482.0,Fiscal Survey Fall 2006
AL,2006,418.7,6961.5,NASBO Fiscal Survey RDF dataset; GF = balance / pct,1,0.060145,12859.0,Fiscal Survey Fall 2007
AL,2007,676.6,7971.8,NASBO Fiscal Survey RDF dataset; GF = balance / pct,1,0.084874,14807.0,Fiscal Survey Fall 2008
AL,2008,248.0,8612.4,NASBO Fiscal Survey RDF dataset; GF = balance / pct,1,0.028796,8460.0,Fiscal Survey Fall 2009
AL,2009,178.7,7734.8,NASBO Fiscal Survey RDF dataset; GF = balance / pct,1,0.023103,7285.0,Fiscal Survey Fall 2010
AL,2010,0.0,,NASBO Fiscal Survey RDF dataset,1,0.0,6588.0,Fiscal Survey Fall 2011; balance 0 (NASBO reports negative balances as 0); GF spending not derivable
AL,2011,0.0,,NASBO Fiscal Survey RDF dataset,1,0.0,6842.0,Fiscal Survey Fall 2012; balance 0 (NASBO reports negative balances as 0); GF spending not derivable
AL,2012,14.4,7596.2,NASBO Fiscal Survey RDF dataset; GF = balance / pct,1,0.001896,7380.0,Fiscal Survey Fall 2013
AL,2013,14.4,7163.9,NASBO Fiscal Survey RDF dataset; GF = balance / pct,1,0.00201,7124.0,Fiscal Survey Fall 2014
AL,2014,11.2,7479.0,NASBO Fiscal Survey RDF dataset; GF = balance / pct,1,0.001498,7822.0,Fiscal Survey Fall 2015
AL,2015,411.7,7769.6,NASBO Fiscal Survey RDF dataset; GF = balance / pct,1,0.052988,7649.0,Fiscal Survey Fall 2016
AL,2016,530.17464026,7808.2,NASBO Fiscal Survey RDF dataset; GF = balance / pct,1,0.067899,7921.0,Fiscal Survey Fall 2017
AL,2017,766.196711,8166.1,NASBO Fiscal Survey RDF dataset; GF = balance / pct,1,0.093827,8296.0,Fiscal Survey Fall 2018
AL,2018,783.7,8306.5,NASBO Fiscal Survey RDF dataset; GF = balance / pct,1,0.094347,8268.0,Fiscal Survey Fall 2019
AL,2019,848.2,8649.4,NASBO Fiscal Survey RDF dataset; GF = balance / pct,1,0.098065,9035.0,Fiscal Survey Fall 2020
AL,2020,968.107089,9308.5,NASBO Fiscal Survey RDF dataset; GF = balance / pct,1,0.104003,10182.0,Fiscal Survey Fall 2021
AL,2021,1184.3,9729.8,NASBO Fiscal Survey RDF dataset; GF = balance / pct,1,0.121719,10023.0,Fiscal Survey Fall 2022
AL,2022,1449.0,10653.7,NASBO Fiscal Survey RDF dataset; GF = balance / pct,1,0.136009,11506.0,Fiscal Survey Fall 2023
AL,2023,1978.0,13453.4,NASBO Fiscal Survey RDF dataset; GF = balance / pct,1,0.147026,13764.0,Fiscal Survey Fall 2024
AL,2024,2681.7,12763.1,NASBO Fiscal Survey RDF dataset; GF = balance / pct,1,0.210114,13511.0,Fiscal Survey Fall 2025
AL,2025,2754.0,13504.3,NASBO Fiscal Survey RDF dataset; GF = balance / pct,1,0.203935,15655.0,Fiscal Survey Spring 2026
AL,2026,2790.9,14328.9,NASBO Fiscal Survey RDF dataset; GF = balance / pct,1,0.194774,,Fiscal Survey Spring 2026; estimate (NASBO: latest two years are estimates/projections)
AK,1992,1007.0,2886.0,NASBO Fiscal Survey RDF dataset; GF = balance / pct,1,0.348926,2886.0,Fiscal Survey Fall 1993
AK,1993,1633.0,2738.0,NASBO Fiscal Survey RDF dataset; GF = balance / pct,1,0.596421,2695.5,Fiscal Survey Fall 1994
AK,1994,727.0,3148.0,NASBO Fiscal Survey RDF dataset; GF = balance / pct,1,0.23094,3032.7,Fiscal Survey Fall 1995
AK,1995,2136.0,2572.4,NASBO Fiscal Survey RDF dataset; GF = balance / pct,1,0.830353,2496.9,Fiscal Survey Fall 1996
AK,1996,2518.0,2347.0,NASBO Fiscal Survey RDF dataset; GF = balance / pct,1,1.072859,2334.3,Fiscal Survey Fall 1997
AK,1997,3297.0,2419.0,NASBO Fiscal Survey RDF dataset; GF = balance / pct,1,1.36296,2365.5,Fiscal Survey Fall 1998
AK,1998,3471.0,2359.2,NASBO Fiscal Survey RDF dataset; GF = balance / pct,1,1.471261,2301.8,Fiscal Survey Fall 1999
AK,1999,2628.0,2293.6,NASBO Fiscal Survey RDF dataset; GF = balance / pct,1,1.145797,2313.9,Fiscal Survey Fall 2000
AK,2000,2734.2,2261.7,NASBO Fiscal Survey RDF dataset; GF = balance / pct,1,1.208914,0.0,Fiscal Survey Fall 2001
AK,2001,2994.8,2273.3,NASBO Fiscal Survey RDF dataset; GF = balance / pct,1,1.31738,0.0,Fiscal Survey Fall 2002
AK,2002,2114.0,2391.9,NASBO Fiscal Survey RDF dataset; GF = balance / pct,1,0.883816,2585.0,Fiscal Survey Fall 2003
AK,2003,2092.5,2495.7,NASBO Fiscal Survey RDF dataset; GF = balance / pct,1,0.838442,2540.0,Fiscal Survey Fall 2004
AK,2004,2155.1,2319.1,NASBO Fiscal Survey RDF dataset; GF = balance / pct,1,0.929283,2268.0,Fiscal Survey Fall 2005
AK,2005,2274.2,3054.7,NASBO Fiscal Survey RDF dataset; GF = balance / pct,1,0.744492,2858.0,Fiscal Survey Fall 2006
AK,2006,2267.1,3247.2,NASBO Fiscal Survey RDF dataset; GF = balance / pct,1,0.698171,3145.0,Fiscal Survey Fall 2007
AK,2007,3015.2,5504.7,NASBO Fiscal Survey RDF dataset; GF = balance / pct,1,0.54775,4335.0,Fiscal Survey Fall 2008
AK,2008,5601.2,5462.6,NASBO Fiscal Survey RDF dataset; GF = balance / pct,1,1.025373,5090.0,Fiscal Survey Fall 2009
AK,2009,8897.9,5732.1,NASBO Fiscal Survey RDF dataset; GF = balance / pct,1,1.552293,7176.0,Fiscal Survey Fall 2010
AK,2010,10363.6,6603.0,NASBO Fiscal Survey RDF dataset; GF = balance / pct,1,1.569529,5627.0,Fiscal Survey Fall 2011
AK,2011,12981.0,5449.6,NASBO Fiscal Survey RDF dataset; GF = balance / pct,1,2.38201,8948.0,Fiscal Survey Fall 2012
AK,2012,15880.1,7012.7,NASBO Fiscal Survey RDF dataset; GF = balance / pct,1,2.264477,7400.0,Fiscal Survey Fall 2013
AK,2013,16332.004,7782.7,NASBO Fiscal Survey RDF dataset; GF = balance / pct,1,2.098501,7690.0,Fiscal Survey Fall 2014
AK,2014,15597.0,7323.0,NASBO Fiscal Survey RDF dataset; GF = balance / pct,1,2.129865,7226.8,Fiscal Survey Fall 2015
AK,2015,10441.8,6013.6,NASBO Fiscal Survey RDF dataset; GF = balance / pct,1,1.736364,5981.8,Fiscal Survey Fall 2016
AK,2016,7108.9,5474.5,NASBO Fiscal Survey RDF dataset; GF = balance / pct,1,1.298548,5473.8,Fiscal Survey Fall 2017
AK,2017,4641.3,4497.9,NASBO Fiscal Survey RDF dataset; GF = balance / pct,1,1.031882,4485.6,Fiscal Survey Fall 2018
AK,2018,2532.5,4489.1,NASBO Fiscal Survey RDF dataset; GF = balance / pct,1,0.564144,4510.7,Fiscal Survey Fall 2019
AK,2019,2288.0,4888.7,NASBO Fiscal Survey RDF dataset; GF = balance / pct,1,0.468018,5887.0,Fiscal Survey Fall 2020
AK,2020,1378.9,4804.7,NASBO Fiscal Survey RDF dataset; GF = balance / pct,1,0.28699,5715.0,Fiscal Survey Fall 2021
AK,2021,1059.9,4636.2,NASBO Fiscal Survey RDF dataset; GF = balance / pct,1,0.228614,5170.0,Fiscal Survey Fall 2022
AK,2022,2835.8,4591.3,NASBO Fiscal Survey RDF dataset; GF = balance / pct,1,0.617646,6456.0,Fiscal Survey Fall 2023
AK,2023,2453.5,7633.1,NASBO Fiscal Survey RDF dataset; GF = balance / pct,1,0.321429,7449.6,Fiscal Survey Fall 2024
AK,2024,2557.4,6464.4,NASBO Fiscal Survey RDF dataset; GF = balance / pct,1,0.395613,6339.3,Fiscal Survey Fall 2025
AK,2025,2959.0,5530.6,NASBO Fiscal Survey RDF dataset; GF = balance / pct,1,0.535023,6256.2,Fiscal Survey Spring 2026
AK,2026,2985.7,5775.5,NASBO Fiscal Survey RDF dataset; GF = balance / pct,1,0.51696,,Fiscal Survey Spring 2026; estimate (NASBO: latest two years are estimates/projections)
AZ,1992,0.0,,NASBO Fiscal Survey RDF dataset,1,0.0,3600.7,Fiscal Survey Fall 1993; balance 0 (NASBO reports negative balances as 0); GF spending not derivable
AZ,1993,0.0,,NASBO Fiscal Survey RDF dataset,1,0.0,3709.0,Fiscal Survey Fall 1994; balance 0 (NASBO reports negative balances as 0); GF spending not derivable
AZ,1994,42.1457,3935.0,NASBO Fiscal Survey RDF dataset; GF = balance / pct,1,0.01071,3934.8,Fiscal Survey Fall 1995
AZ,1995,223.1964,4425.4,NASBO Fiscal Survey RDF dataset; GF = balance / pct,1,0.050435,4389.5,Fiscal Survey Fall 1996
AZ,1996,233.13,4533.0,NASBO Fiscal Survey RDF dataset; GF = balance / pct,1,0.05143,4520.7,Fiscal Survey Fall 1997
AZ,1997,245.81,4827.0,NASBO Fiscal Survey RDF dataset; GF = balance / pct,1,0.050924,4835.1,Fiscal Survey Fall 1998
AZ,1998,291.6696,5219.4,NASBO Fiscal Survey RDF dataset; GF = balance / pct,1,0.055882,5275.0,Fiscal Survey Fall 1999
AZ,1999,385.2662,5886.1,NASBO Fiscal Survey RDF dataset; GF = balance / pct,1,0.065454,5905.5,Fiscal Survey Fall 2000
AZ,2000,407.7,6012.3,NASBO Fiscal Survey RDF dataset; GF = balance / pct,1,0.067811,6011.5,Fiscal Survey Fall 2001
AZ,2001,391.5,6370.9,NASBO Fiscal Survey RDF dataset; GF = balance / pct,1,0.061451,6372.0,Fiscal Survey Fall 2002
AZ,2002,64.7,6338.6,NASBO Fiscal Survey RDF dataset; GF = balance / pct,1,0.010207,5989.0,Fiscal Survey Fall 2003
AZ,2003,13.8,6025.6,NASBO Fiscal Survey RDF dataset; GF = balance / pct,1,0.00229,5955.0,Fiscal Survey Fall 2004
AZ,2004,13.5,6515.9,NASBO Fiscal Survey RDF dataset; GF = balance / pct,1,0.002072,7588.6,Fiscal Survey Fall 2005
AZ,2005,160.8,7545.1,NASBO Fiscal Survey RDF dataset; GF = balance / pct,1,0.021312,7737.0,Fiscal Survey Fall 2006
AZ,2006,501.6,8768.4,NASBO Fiscal Survey RDF dataset; GF = balance / pct,1,0.057205,8676.0,Fiscal Survey Fall 2007
AZ,2007,677.0,10200.5,NASBO Fiscal Survey RDF dataset; GF = balance / pct,1,0.066369,10074.4,Fiscal Survey Fall 2008
AZ,2008,218.6,10037.2,NASBO Fiscal Survey RDF dataset; GF = balance / pct,1,0.021779,10368.0,Fiscal Survey Fall 2009
AZ,2009,3.0,8754.4,NASBO Fiscal Survey RDF dataset; GF = balance / pct,1,0.000343,9239.0,Fiscal Survey Fall 2010
AZ,2010,0.0,,NASBO Fiscal Survey RDF dataset,1,0.0,9016.0,Fiscal Survey Fall 2011; balance 0 (NASBO reports negative balances as 0); GF spending not derivable
AZ,2011,0.0,,NASBO Fiscal Survey RDF dataset,1,0.0,8306.0,Fiscal Survey Fall 2012; balance 0 (NASBO reports negative balances as 0); GF spending not derivable
AZ,2012,250.1,8420.2,NASBO Fiscal Survey RDF dataset; GF = balance / pct,1,0.029702,8413.8,Fiscal Survey Fall 2013
AZ,2013,454.1,8462.9,NASBO Fiscal Survey RDF dataset; GF = balance / pct,1,0.053658,8414.0,Fiscal Survey Fall 2014
AZ,2014,455.3,8801.0,NASBO Fiscal Survey RDF dataset; GF = balance / pct,1,0.051733,8700.0,Fiscal Survey Fall 2015
AZ,2015,457.6,9269.4,NASBO Fiscal Survey RDF dataset; GF = balance / pct,1,0.049367,9269.0,Fiscal Survey Fall 2016
AZ,2016,460.8,9512.6,NASBO Fiscal Survey RDF dataset; GF = balance / pct,1,0.048441,9690.0,Fiscal Survey Fall 2017
AZ,2017,461.446,9635.6,NASBO Fiscal Survey RDF dataset; GF = balance / pct,1,0.04789,9608.0,Fiscal Survey Fall 2018
AZ,2018,457.8,9808.4,NASBO Fiscal Survey RDF dataset; GF = balance / pct,1,0.046674,9808.0,Fiscal Survey Fall 2019
AZ,2019,742.96,10724.1,NASBO Fiscal Survey RDF dataset; GF = balance / pct,1,0.069279,10725.0,Fiscal Survey Fall 2020
AZ,2020,978.5,11284.2,NASBO Fiscal Survey RDF dataset; GF = balance / pct,1,0.086714,15429.7,Fiscal Survey Fall 2021
AZ,2021,974.7,13594.6,NASBO Fiscal Survey RDF dataset; GF = balance / pct,1,0.071698,11721.9,Fiscal Survey Fall 2022
AZ,2022,982.1637,12889.0,NASBO Fiscal Survey RDF dataset; GF = balance / pct,1,0.076202,12435.0,Fiscal Survey Fall 2023
AZ,2023,1424.0,15674.1,NASBO Fiscal Survey RDF dataset; GF = balance / pct,1,0.09085,16001.0,Fiscal Survey Fall 2024
AZ,2024,1476.8,17316.8,NASBO Fiscal Survey RDF dataset; GF = balance / pct,1,0.085281,17903.0,Fiscal Survey Fall 2025
AZ,2025,1545.3673,16055.3,NASBO Fiscal Survey RDF dataset; GF = balance / pct,1,0.096253,16245.2,Fiscal Survey Spring 2026
AZ,2026,1621.1799,17804.3,NASBO Fiscal Survey RDF dataset; GF = balance / pct,1,0.091056,,Fiscal Survey Spring 2026; estimate (NASBO: latest two years are estimates/projections)
AR,1992,0.0,,NASBO Fiscal Survey RDF dataset,1,0.0,1926.8,Fiscal Survey Fall 1993; balance 0 (NASBO reports negative balances as 0); GF spending not derivable
AR,1993,0.0,,NASBO Fiscal Survey RDF dataset,1,0.0,2040.0,Fiscal Survey Fall 1994; balance 0 (NASBO reports negative balances as 0); GF spending not derivable
AR,1994,0.0,,NASBO Fiscal Survey RDF dataset,1,0.0,2199.2,Fiscal Survey Fall 1995; balance 0 (NASBO reports negative balances as 0); GF spending not derivable
AR,1995,0.0,,NASBO Fiscal Survey RDF dataset,1,0.0,2370.2,Fiscal Survey Fall 1996; balance 0 (NASBO reports negative balances as 0); GF spending not derivable
AR,1996,0.0,,NASBO Fiscal Survey RDF dataset,1,0.0,2489.0,Fiscal Survey Fall 1997; balance 0 (NASBO reports negative balances as 0); GF spending not derivable
AR,1997,0.0,,NASBO Fiscal Survey RDF dataset,1,0.0,2624.3,Fiscal Survey Fall 1998; balance 0 (NASBO reports negative balances as 0); GF spending not derivable
AR,1998,0.0,,NASBO Fiscal Survey RDF dataset,1,0.0,2839.4,Fiscal Survey Fall 1999; balance 0 (NASBO reports negative balances as 0); GF spending not derivable
AR,1999,0.0,,NASBO Fiscal Survey RDF dataset,1,0.0,2981.6,Fiscal Survey Fall 2000; balance 0 (NASBO reports negative balances as 0); GF spending not derivable
AR,2000,0.0,,NASBO Fiscal Survey RDF dataset,1,0.0,3119.5,Fiscal Survey Fall 2001; balance 0 (NASBO reports negative balances as 0); GF spending not derivable
AR,2001,0.0,,NASBO Fiscal Survey RDF dataset,1,0.0,3242.0,Fiscal Survey Fall 2002; balance 0 (NASBO reports negative balances as 0); GF spending not derivable
AR,2002,0.0,,NASBO Fiscal Survey RDF dataset,1,0.0,3213.8,Fiscal Survey Fall 2003; balance 0 (NASBO reports negative balances as 0); GF spending not derivable
AR,2003,0.0,,NASBO Fiscal Survey RDF dataset,1,0.0,3237.9,Fiscal Survey Fall 2004; balance 0 (NASBO reports negative balances as 0); GF spending not derivable
AR,2004,0.0,,NASBO Fiscal Survey RDF dataset,1,0.0,3505.0,Fiscal Survey Fall 2005; balance 0 (NASBO reports negative balances as 0); GF spending not derivable
AR,2005,0.0,,NASBO Fiscal Survey RDF dataset,1,0.0,3596.0,Fiscal Survey Fall 2006; balance 0 (NASBO reports negative balances as 0); GF spending not derivable
AR,2006,0.0,,NASBO Fiscal Survey RDF dataset,1,0.0,3783.0,Fiscal Survey Fall 2007; balance 0 (NASBO reports negative balances as 0); GF spending not derivable
AR,2007,0.0,,NASBO Fiscal Survey RDF dataset,1,0.0,4026.0,Fiscal Survey Fall 2008; balance 0 (NASBO reports negative balances as 0); GF spending not derivable
AR,2008,0.0,,NASBO Fiscal Survey RDF dataset,1,0.0,4274.0,Fiscal Survey Fall 2009; balance 0 (NASBO reports negative balances as 0); GF spending not derivable
AR,2009,0.0,,NASBO Fiscal Survey RDF dataset,1,0.0,4380.0,Fiscal Survey Fall 2010; balance 0 (NASBO reports negative balances as 0); GF spending not derivable
AR,2010,0.0,,NASBO Fiscal Survey RDF dataset,1,0.0,4223.0,Fiscal Survey Fall 2011; balance 0 (NASBO reports negative balances as 0); GF spending not derivable
AR,2011,0.0,,NASBO Fiscal Survey RDF dataset,1,0.0,4453.0,Fiscal Survey Fall 2012; balance 0 (NASBO reports negative balances as 0); GF spending not derivable
AR,2012,0.0,,NASBO Fiscal Survey RDF dataset,1,0.0,4582.0,Fiscal Survey Fall 2013; balance 0 (NASBO reports negative balances as 0); GF spending not derivable
AR,2013,0.0,,NASBO Fiscal Survey RDF dataset,1,0.0,4743.6,Fiscal Survey Fall 2014; balance 0 (NASBO reports negative balances as 0); GF spending not derivable
AR,2014,0.0,,NASBO Fiscal Survey RDF dataset,1,0.0,4908.4,Fiscal Survey Fall 2015; balance 0 (NASBO reports negative balances as 0); GF spending not derivable
AR,2015,0.0,,NASBO Fiscal Survey RDF dataset,1,0.0,5061.3,Fiscal Survey Fall 2016; balance 0 (NASBO reports negative balances as 0); GF spending not derivable
AR,2016,0.0,,NASBO Fiscal Survey RDF dataset,1,0.0,5170.1,Fiscal Survey Fall 2017; balance 0 (NASBO reports negative balances as 0); GF spending not derivable
AR,2017,123.4,5348.8,NASBO Fiscal Survey RDF dataset; GF = balance / pct,1,0.023071,5261.3,Fiscal Survey Fall 2018
AR,2018,126.6,5494.9,NASBO Fiscal Survey RDF dataset; GF = balance / pct,1,0.02304,5369.5,Fiscal Survey Fall 2019
AR,2019,152.5,5626.0,NASBO Fiscal Survey RDF dataset; GF = balance / pct,1,0.027106,5552.8,Fiscal Survey Fall 2020
AR,2020,184.985,5750.2,NASBO Fiscal Survey RDF dataset; GF = balance / pct,1,0.03217,5483.0,Fiscal Survey Fall 2021
AR,2021,210.0,5899.6,NASBO Fiscal Survey RDF dataset; GF = balance / pct,1,0.035596,5456.0,Fiscal Survey Fall 2022
AR,2022,1212.0,5849.2,NASBO Fiscal Survey RDF dataset; GF = balance / pct,1,0.207208,5801.0,Fiscal Survey Fall 2023
AR,2023,1529.6,6024.3,NASBO Fiscal Survey RDF dataset; GF = balance / pct,1,0.253905,5924.0,Fiscal Survey Fall 2024
AR,2024,1814.9,6202.1,NASBO Fiscal Survey RDF dataset; GF = balance / pct,1,0.292627,6075.0,Fiscal Survey Fall 2025
AR,2025,1814.9,6311.5,NASBO Fiscal Survey RDF dataset; GF = balance / pct,1,0.287554,6164.0,Fiscal Survey Spring 2026
AR,2026,1814.9,6494.0,NASBO Fiscal Survey RDF dataset; GF = balance / pct,1,0.279473,,Fiscal Survey Spring 2026; estimate (NASBO: latest two years are estimates/projections)
CA,1992,0.0,,NASBO Fiscal Survey RDF dataset,1,0.0,43327.2,Fiscal Survey Fall 1993; balance 0 (NASBO reports negative balances as 0); GF spending not derivable
CA,1993,118.0,40948.0,NASBO Fiscal Survey RDF dataset; GF = balance / pct,1,0.002882,40946.9,Fiscal Survey Fall 1994
CA,1994,0.0,,NASBO Fiscal Survey RDF dataset,1,0.0,38957.9,Fiscal Survey Fall 1995; balance 0 (NASBO reports negative balances as 0); GF spending not derivable
CA,1995,313.0,41961.0,NASBO Fiscal Survey RDF dataset; GF = balance / pct,1,0.007459,41961.5,Fiscal Survey Fall 1996
CA,1996,235.0,45393.0,NASBO Fiscal Survey RDF dataset; GF = balance / pct,1,0.005177,45393.1,Fiscal Survey Fall 1997
CA,1997,461.0,49088.0,NASBO Fiscal Survey RDF dataset; GF = balance / pct,1,0.009391,49088.1,Fiscal Survey Fall 1998
CA,1998,2584.0,52885.0,NASBO Fiscal Survey RDF dataset; GF = balance / pct,1,0.048861,52874.4,Fiscal Survey Fall 1999
CA,1999,3116.0,57827.1,NASBO Fiscal Survey RDF dataset; GF = balance / pct,1,0.053885,57827.1,Fiscal Survey Fall 2000
CA,2000,8665.5,66494.0,NASBO Fiscal Survey RDF dataset; GF = balance / pct,1,0.13032,66494.0,Fiscal Survey Fall 2001
CA,2001,1563.8,78052.9,NASBO Fiscal Survey RDF dataset; GF = balance / pct,1,0.020035,78053.0,Fiscal Survey Fall 2002
CA,2002,0.0,,NASBO Fiscal Survey RDF dataset,1,0.0,76752.0,Fiscal Survey Fall 2003; balance 0 (NASBO reports negative balances as 0); GF spending not derivable
CA,2003,0.0,,NASBO Fiscal Survey RDF dataset,1,0.0,77482.0,Fiscal Survey Fall 2004; balance 0 (NASBO reports negative balances as 0); GF spending not derivable
CA,2004,0.0,,NASBO Fiscal Survey RDF dataset,1,0.0,78345.0,Fiscal Survey Fall 2005; balance 0 (NASBO reports negative balances as 0); GF spending not derivable
CA,2005,9112.3,79804.0,NASBO Fiscal Survey RDF dataset; GF = balance / pct,1,0.114183,79807.0,Fiscal Survey Fall 2006
CA,2006,10071.4,91591.5,NASBO Fiscal Survey RDF dataset; GF = balance / pct,1,0.10996,91592.0,Fiscal Survey Fall 2007
CA,2007,3014.8,101413.0,NASBO Fiscal Survey RDF dataset; GF = balance / pct,1,0.029728,101413.0,Fiscal Survey Fall 2008
CA,2008,0.0,,NASBO Fiscal Survey RDF dataset,1,0.0,102986.0,Fiscal Survey Fall 2009; balance 0 (NASBO reports negative balances as 0); GF spending not derivable
CA,2009,0.0,,NASBO Fiscal Survey RDF dataset,1,0.0,90940.0,Fiscal Survey Fall 2010; balance 0 (NASBO reports negative balances as 0); GF spending not derivable
CA,2010,0.0,,NASBO Fiscal Survey RDF dataset,1,0.0,87237.0,Fiscal Survey Fall 2011; balance 0 (NASBO reports negative balances as 0); GF spending not derivable
CA,2011,0.0,,NASBO Fiscal Survey RDF dataset,1,0.0,91549.0,Fiscal Survey Fall 2012; balance 0 (NASBO reports negative balances as 0); GF spending not derivable
CA,2012,0.0,,NASBO Fiscal Survey RDF dataset,1,0.0,86404.6,Fiscal Survey Fall 2013; balance 0 (NASBO reports negative balances as 0); GF spending not derivable
CA,2013,1572.9,96562.1,NASBO Fiscal Survey RDF dataset; GF = balance / pct,1,0.016289,96562.0,Fiscal Survey Fall 2014
CA,2014,4619.0,100005.0,NASBO Fiscal Survey RDF dataset; GF = balance / pct,1,0.046188,100005.0,Fiscal Survey Fall 2015
CA,2015,4084.8,113447.7,NASBO Fiscal Survey RDF dataset; GF = balance / pct,1,0.036006,113448.0,Fiscal Survey Fall 2016
CA,2016,7223.6,114464.8,NASBO Fiscal Survey RDF dataset; GF = balance / pct,1,0.063108,114465.0,Fiscal Survey Fall 2017
CA,2017,11250.8,119291.5,NASBO Fiscal Survey RDF dataset; GF = balance / pct,1,0.094314,119290.6,Fiscal Survey Fall 2018
CA,2018,20842.0,124756.1,NASBO Fiscal Survey RDF dataset; GF = balance / pct,1,0.167062,124756.1,Fiscal Survey Fall 2019
CA,2019,23001.3,140387.0,NASBO Fiscal Survey RDF dataset; GF = balance / pct,1,0.163842,140387.0,Fiscal Survey Fall 2020
CA,2020,20632.100000000002,146285.3,NASBO Fiscal Survey RDF dataset; GF = balance / pct,1,0.14104,146285.3,Fiscal Survey Fall 2021
CA,2021,52453.1,162129.1,NASBO Fiscal Survey RDF dataset; GF = balance / pct,1,0.323527,162129.1,Fiscal Survey Fall 2022
CA,2022,81287.76999999999,216784.8,NASBO Fiscal Survey RDF dataset; GF = balance / pct,1,0.37497,216785.0,Fiscal Survey Fall 2023
CA,2023,67571.1,195189.3,NASBO Fiscal Survey RDF dataset; GF = balance / pct,1,0.346182,195189.3,Fiscal Survey Fall 2024
CA,2024,48171.488,205670.5,NASBO Fiscal Survey RDF dataset; GF = balance / pct,1,0.234217,205670.5,Fiscal Survey Fall 2025
CA,2025,50225.248,229230.7,NASBO Fiscal Survey RDF dataset; GF = balance / pct,1,0.219104,233577.3,Fiscal Survey Spring 2026
CA,2026,41290.071,237661.9,NASBO Fiscal Survey RDF dataset; GF = balance / pct,1,0.173735,,Fiscal Survey Spring 2026; estimate (NASBO: latest two years are estimates/projections)
CO,1992,133.0,2906.0,NASBO Fiscal Survey RDF dataset; GF = balance / pct,1,0.045767,2874.5,Fiscal Survey Fall 1993
CO,1993,229.0,3250.0,NASBO Fiscal Survey RDF dataset; GF = balance / pct,1,0.070462,3146.2,Fiscal Survey Fall 1994
CO,1994,,,NASBO Fiscal Survey RDF dataset,0,0.0,3557.8,Fiscal Survey Fall 1995
CO,1995,408.0,3912.8,NASBO Fiscal Survey RDF dataset; GF = balance / pct,1,0.104273,3834.5,Fiscal Survey Fall 1996
CO,1996,0.0,,NASBO Fiscal Survey RDF dataset,1,0.0,4407.6,Fiscal Survey Fall 1997; balance 0 (NASBO reports negative balances as 0); GF spending not derivable
CO,1997,167.0,4534.0,NASBO Fiscal Survey RDF dataset; GF = balance / pct,1,0.036833,4567.0,Fiscal Survey Fall 1998
CO,1998,177.0,4859.7,NASBO Fiscal Survey RDF dataset; GF = balance / pct,1,0.036422,3425.8,Fiscal Survey Fall 1999
CO,1999,217.0,5838.9,NASBO Fiscal Survey RDF dataset; GF = balance / pct,1,0.037165,4680.8,Fiscal Survey Fall 2000
CO,2000,583.4,5992.3,NASBO Fiscal Survey RDF dataset; GF = balance / pct,1,0.097358,5292.0,Fiscal Survey Fall 2001
CO,2001,0.0,,NASBO Fiscal Survey RDF dataset,1,0.0,5641.4,Fiscal Survey Fall 2002; balance 0 (NASBO reports negative balances as 0); GF spending not derivable
CO,2002,0.0,,NASBO Fiscal Survey RDF dataset,1,0.0,5614.0,Fiscal Survey Fall 2003; balance 0 (NASBO reports negative balances as 0); GF spending not derivable
CO,2003,0.0,,NASBO Fiscal Survey RDF dataset,1,0.0,5483.0,Fiscal Survey Fall 2004; balance 0 (NASBO reports negative balances as 0); GF spending not derivable
CO,2004,121.8,5688.8,NASBO Fiscal Survey RDF dataset; GF = balance / pct,1,0.02141,5599.0,Fiscal Survey Fall 2005
CO,2005,0.0,,NASBO Fiscal Survey RDF dataset,1,0.0,5805.0,Fiscal Survey Fall 2006; balance 0 (NASBO reports negative balances as 0); GF spending not derivable
CO,2006,0.0,,NASBO Fiscal Survey RDF dataset,1,0.0,6291.0,Fiscal Survey Fall 2007; balance 0 (NASBO reports negative balances as 0); GF spending not derivable
CO,2007,267.0,7046.6,NASBO Fiscal Survey RDF dataset; GF = balance / pct,1,0.037891,7544.3,Fiscal Survey Fall 2008
CO,2008,283.5,7439.9,NASBO Fiscal Survey RDF dataset; GF = balance / pct,1,0.038105,7907.6,Fiscal Survey Fall 2009
CO,2009,443.75,7386.0,NASBO Fiscal Survey RDF dataset; GF = balance / pct,1,0.06008,7721.7,Fiscal Survey Fall 2010
CO,2010,132.6,6716.0,NASBO Fiscal Survey RDF dataset; GF = balance / pct,1,0.019744,7326.2,Fiscal Survey Fall 2011
CO,2011,156.7,6935.7,NASBO Fiscal Survey RDF dataset; GF = balance / pct,1,0.022593,7278.1,Fiscal Survey Fall 2012
CO,2012,281.1,7211.8,NASBO Fiscal Survey RDF dataset; GF = balance / pct,1,0.038978,7310.8,Fiscal Survey Fall 2013
CO,2013,373.0,7911.6,NASBO Fiscal Survey RDF dataset; GF = balance / pct,1,0.047146,9024.0,Fiscal Survey Fall 2014
CO,2014,410.9,8764.0,NASBO Fiscal Survey RDF dataset; GF = balance / pct,1,0.046885,9048.0,Fiscal Survey Fall 2015
CO,2015,709.1999999999989,9594.2,NASBO Fiscal Survey RDF dataset; GF = balance / pct,1,0.07392,9553.0,Fiscal Survey Fall 2016
CO,2016,512.7246783769497,10230.7,NASBO Fiscal Survey RDF dataset; GF = balance / pct,1,0.050116,10426.0,Fiscal Survey Fall 2017
CO,2017,614.463794379999,10424.6,NASBO Fiscal Survey RDF dataset; GF = balance / pct,1,0.058944,10512.3,Fiscal Survey Fall 2018
CO,2018,1365.9934605829894,11215.5,NASBO Fiscal Survey RDF dataset; GF = balance / pct,1,0.121795,11307.8,Fiscal Survey Fall 2019
CO,2019,1262.0,12855.0,NASBO Fiscal Survey RDF dataset; GF = balance / pct,1,0.098172,11611.0,Fiscal Survey Fall 2020
CO,2020,1823.2999999999993,12715.6,NASBO Fiscal Survey RDF dataset; GF = balance / pct,1,0.143391,12206.7,Fiscal Survey Fall 2021
CO,2021,3178.0,13327.1,NASBO Fiscal Survey RDF dataset; GF = balance / pct,1,0.238461,11255.1,Fiscal Survey Fall 2022
CO,2022,1613.5,17838.7,NASBO Fiscal Survey RDF dataset; GF = balance / pct,1,0.090449,12526.0,Fiscal Survey Fall 2023
CO,2023,2427.3,19027.2,NASBO Fiscal Survey RDF dataset; GF = balance / pct,1,0.12757,13646.8,Fiscal Survey Fall 2024
CO,2024,3153.5000000000036,16873.3,NASBO Fiscal Survey RDF dataset; GF = balance / pct,1,0.186893,14513.4,Fiscal Survey Fall 2025
CO,2025,2408.4000000000015,18585.6,NASBO Fiscal Survey RDF dataset; GF = balance / pct,1,0.129584,16212.8,Fiscal Survey Spring 2026
CO,2026,1643.3000000000063,18209.6,NASBO Fiscal Survey RDF dataset; GF = balance / pct,1,0.090244,,Fiscal Survey Spring 2026; estimate (NASBO: latest two years are estimates/projections)
CT,1992,0.0,,NASBO Fiscal Survey RDF dataset,1,0.0,7254.8,Fiscal Survey Fall 1993; balance 0 (NASBO reports negative balances as 0); GF spending not derivable
CT,1993,0.0,,NASBO Fiscal Survey RDF dataset,1,0.0,7335.7,Fiscal Survey Fall 1994; balance 0 (NASBO reports negative balances as 0); GF spending not derivable
CT,1994,0.0,,NASBO Fiscal Survey RDF dataset,1,0.0,7904.2,Fiscal Survey Fall 1995; balance 0 (NASBO reports negative balances as 0); GF spending not derivable
CT,1995,81.0,8399.2,NASBO Fiscal Survey RDF dataset; GF = balance / pct,1,0.009644,8616.9,Fiscal Survey Fall 1996
CT,1996,241.0,8861.0,NASBO Fiscal Survey RDF dataset; GF = balance / pct,1,0.027198,8616.9,Fiscal Survey Fall 1997
CT,1997,337.0,9320.0,NASBO Fiscal Survey RDF dataset; GF = balance / pct,1,0.036159,9200.0,Fiscal Survey Fall 1998
CT,1998,499.0,9829.3,NASBO Fiscal Survey RDF dataset; GF = balance / pct,1,0.050767,9649.8,Fiscal Survey Fall 1999
CT,1999,529.0,10544.6,NASBO Fiscal Survey RDF dataset; GF = balance / pct,1,0.050168,10250.8,Fiscal Survey Fall 2000
CT,2000,564.0,10913.2,NASBO Fiscal Survey RDF dataset; GF = balance / pct,1,0.051681,11201.0,Fiscal Survey Fall 2001
CT,2001,594.7,11954.8,NASBO Fiscal Survey RDF dataset; GF = balance / pct,1,0.049746,11883.0,Fiscal Survey Fall 2002
CT,2002,0.0,,NASBO Fiscal Survey RDF dataset,1,0.0,12187.0,Fiscal Survey Fall 2003; balance 0 (NASBO reports negative balances as 0); GF spending not derivable
CT,2003,0.0,,NASBO Fiscal Survey RDF dataset,1,0.0,12092.0,Fiscal Survey Fall 2004; balance 0 (NASBO reports negative balances as 0); GF spending not derivable
CT,2004,302.2,12671.2,NASBO Fiscal Survey RDF dataset; GF = balance / pct,1,0.023849,12547.0,Fiscal Survey Fall 2005
CT,2005,666.1,13699.1,NASBO Fiscal Survey RDF dataset; GF = balance / pct,1,0.048624,13334.0,Fiscal Survey Fall 2006
CT,2006,1112.5,14552.2,NASBO Fiscal Survey RDF dataset; GF = balance / pct,1,0.076449,14502.0,Fiscal Survey Fall 2007
CT,2007,1381.7,15434.4,NASBO Fiscal Survey RDF dataset; GF = balance / pct,1,0.089521,15294.0,Fiscal Survey Fall 2008
CT,2008,1381.7,16319.4,NASBO Fiscal Survey RDF dataset; GF = balance / pct,1,0.084666,16627.4,Fiscal Survey Fall 2009
CT,2009,1381.718,16806.1,NASBO Fiscal Survey RDF dataset; GF = balance / pct,1,0.082215,11496.1,Fiscal Survey Fall 2010
CT,2010,0.0,,NASBO Fiscal Survey RDF dataset,1,0.0,17241.0,Fiscal Survey Fall 2011; balance 0 (NASBO reports negative balances as 0); GF spending not derivable
CT,2011,0.0,,NASBO Fiscal Survey RDF dataset,1,0.0,17845.2,Fiscal Survey Fall 2012; balance 0 (NASBO reports negative balances as 0); GF spending not derivable
CT,2012,93.4,18711.1,NASBO Fiscal Survey RDF dataset; GF = balance / pct,1,0.004992,18782.0,Fiscal Survey Fall 2013
CT,2013,270.7,19025.7,NASBO Fiscal Survey RDF dataset; GF = balance / pct,1,0.014228,19026.0,Fiscal Survey Fall 2014
CT,2014,519.2,16980.0,NASBO Fiscal Survey RDF dataset; GF = balance / pct,1,0.030577,16980.0,Fiscal Survey Fall 2015
CT,2015,406.0,17419.7,NASBO Fiscal Survey RDF dataset; GF = balance / pct,1,0.023307,17419.0,Fiscal Survey Fall 2016
CT,2016,235.6,17952.9,NASBO Fiscal Survey RDF dataset; GF = balance / pct,1,0.013123,17921.0,Fiscal Survey Fall 2017
CT,2017,212.9,17726.7,NASBO Fiscal Survey RDF dataset; GF = balance / pct,1,0.01201,17762.9,Fiscal Survey Fall 2018
CT,2018,1185.3,18684.8,NASBO Fiscal Survey RDF dataset; GF = balance / pct,1,0.063437,18610.7,Fiscal Survey Fall 2019
CT,2019,2505.5,19278.9,NASBO Fiscal Survey RDF dataset; GF = balance / pct,1,0.129961,19248.7,Fiscal Survey Fall 2020
CT,2020,3074.6,19163.2,NASBO Fiscal Survey RDF dataset; GF = balance / pct,1,0.160443,19188.6,Fiscal Survey Fall 2021
CT,2021,3112.0,20055.5,NASBO Fiscal Survey RDF dataset; GF = balance / pct,1,0.155169,19436.2,Fiscal Survey Fall 2022
CT,2022,3313.4,20730.9,NASBO Fiscal Survey RDF dataset; GF = balance / pct,1,0.159829,20652.0,Fiscal Survey Fall 2023
CT,2023,3315.8,22267.4,NASBO Fiscal Survey RDF dataset; GF = balance / pct,1,0.148908,22198.7,Fiscal Survey Fall 2024
CT,2024,4105.1,22315.1,NASBO Fiscal Survey RDF dataset; GF = balance / pct,1,0.18396,22779.1,Fiscal Survey Fall 2025
CT,2025,4826.5,23480.9,NASBO Fiscal Survey RDF dataset; GF = balance / pct,1,0.20555,23425.0,Fiscal Survey Spring 2026
CT,2026,4584.5,24378.7,NASBO Fiscal Survey RDF dataset; GF = balance / pct,1,0.188053,,Fiscal Survey Spring 2026; estimate (NASBO: latest two years are estimates/projections)
DE,1992,68.0,1230.0,NASBO Fiscal Survey RDF dataset; GF = balance / pct,1,0.055285,1229.8,Fiscal Survey Fall 1993
DE,1993,68.0,1260.0,NASBO Fiscal Survey RDF dataset; GF = balance / pct,1,0.053968,1260.3,Fiscal Survey Fall 1994
DE,1994,72.0,1345.0,NASBO Fiscal Survey RDF dataset; GF = balance / pct,1,0.053532,1345.3,Fiscal Survey Fall 1995
DE,1995,79.0,1541.0,NASBO Fiscal Survey RDF dataset; GF = balance / pct,1,0.051265,1541.0,Fiscal Survey Fall 1996
DE,1996,87.0,1651.0,NASBO Fiscal Survey RDF dataset; GF = balance / pct,1,0.052695,1651.0,Fiscal Survey Fall 1997
DE,1997,93.0,1766.0,NASBO Fiscal Survey RDF dataset; GF = balance / pct,1,0.052661,1765.7,Fiscal Survey Fall 1998
DE,1998,101.0,1900.0,NASBO Fiscal Survey RDF dataset; GF = balance / pct,1,0.053158,1900.0,Fiscal Survey Fall 1999
DE,1999,114.0,2152.5,NASBO Fiscal Survey RDF dataset; GF = balance / pct,1,0.052962,2152.5,Fiscal Survey Fall 2000
DE,2000,114.0,2246.0,NASBO Fiscal Survey RDF dataset; GF = balance / pct,1,0.050757,2245.8,Fiscal Survey Fall 2001
DE,2001,126.0,2429.0,NASBO Fiscal Survey RDF dataset; GF = balance / pct,1,0.051873,2429.0,Fiscal Survey Fall 2002
DE,2002,128.0,2453.9,NASBO Fiscal Survey RDF dataset; GF = balance / pct,1,0.052162,2454.0,Fiscal Survey Fall 2003
DE,2003,129.0,2454.1,NASBO Fiscal Survey RDF dataset; GF = balance / pct,1,0.052565,2454.0,Fiscal Survey Fall 2004
DE,2004,136.5,2553.7,NASBO Fiscal Survey RDF dataset; GF = balance / pct,1,0.053452,2479.0,Fiscal Survey Fall 2005
DE,2005,148.2,2822.3,NASBO Fiscal Survey RDF dataset; GF = balance / pct,1,0.05251,2822.0,Fiscal Survey Fall 2006
DE,2006,161.1,3180.5,NASBO Fiscal Survey RDF dataset; GF = balance / pct,1,0.050652,3193.0,Fiscal Survey Fall 2007
DE,2007,175.4,3389.9,NASBO Fiscal Survey RDF dataset; GF = balance / pct,1,0.051742,3390.0,Fiscal Survey Fall 2008
DE,2008,182.8,3421.6,NASBO Fiscal Survey RDF dataset; GF = balance / pct,1,0.053425,3422.0,Fiscal Survey Fall 2009
DE,2009,186.4,3295.5,NASBO Fiscal Survey RDF dataset; GF = balance / pct,1,0.056562,3296.0,Fiscal Survey Fall 2010
DE,2010,186.4,3076.5,NASBO Fiscal Survey RDF dataset; GF = balance / pct,1,0.060588,3077.0,Fiscal Survey Fall 2011
DE,2011,186.4,3270.7,NASBO Fiscal Survey RDF dataset; GF = balance / pct,1,0.056991,3271.0,Fiscal Survey Fall 2012
DE,2012,186.4,3592.4,NASBO Fiscal Survey RDF dataset; GF = balance / pct,1,0.051887,3592.0,Fiscal Survey Fall 2013
DE,2013,198.9,3658.5,NASBO Fiscal Survey RDF dataset; GF = balance / pct,1,0.054367,3659.0,Fiscal Survey Fall 2014
DE,2014,201.7,3794.0,NASBO Fiscal Survey RDF dataset; GF = balance / pct,1,0.053163,3794.0,Fiscal Survey Fall 2015
DE,2015,212.5,3832.6,NASBO Fiscal Survey RDF dataset; GF = balance / pct,1,0.055445,3832.0,Fiscal Survey Fall 2016
DE,2016,214.7,3913.7,NASBO Fiscal Survey RDF dataset; GF = balance / pct,1,0.054859,3914.0,Fiscal Survey Fall 2017
DE,2017,221.1,4106.0,NASBO Fiscal Survey RDF dataset; GF = balance / pct,1,0.053848,4106.0,Fiscal Survey Fall 2018
DE,2018,231.6,4118.1,NASBO Fiscal Survey RDF dataset; GF = balance / pct,1,0.05624,4118.0,Fiscal Survey Fall 2019
DE,2019,240.4,4394.3,NASBO Fiscal Survey RDF dataset; GF = balance / pct,1,0.054707,4394.4,Fiscal Survey Fall 2020
DE,2020,252.4,4513.9,NASBO Fiscal Survey RDF dataset; GF = balance / pct,1,0.055916,4489.7,Fiscal Survey Fall 2021
DE,2021,252.4,4516.3,NASBO Fiscal Survey RDF dataset; GF = balance / pct,1,0.055886,4492.0,Fiscal Survey Fall 2022
DE,2022,280.3,5057.9,NASBO Fiscal Survey RDF dataset; GF = balance / pct,1,0.055418,5058.0,Fiscal Survey Fall 2023
DE,2023,316.4,5860.9,NASBO Fiscal Survey RDF dataset; GF = balance / pct,1,0.053985,5861.0,Fiscal Survey Fall 2024
DE,2024,328.8,6232.1,NASBO Fiscal Survey RDF dataset; GF = balance / pct,1,0.052759,6232.0,Fiscal Survey Fall 2025
DE,2025,348.7,6925.4,NASBO Fiscal Survey RDF dataset; GF = balance / pct,1,0.050351,6925.0,Fiscal Survey Spring 2026
DE,2026,366.5,7218.3,NASBO Fiscal Survey RDF dataset; GF = balance / pct,1,0.050774,,Fiscal Survey Spring 2026; estimate (NASBO: latest two years are estimates/projections)
FL,1992,62.0,11047.0,NASBO Fiscal Survey RDF dataset; GF = balance / pct,1,0.005612,11036.7,Fiscal Survey Fall 1993
FL,1993,162.0,11990.0,NASBO Fiscal Survey RDF dataset; GF = balance / pct,1,0.013511,11744.1,Fiscal Survey Fall 1994
FL,1994,296.0,13344.0,NASBO Fiscal Survey RDF dataset; GF = balance / pct,1,0.022182,13140.0,Fiscal Survey Fall 1995
FL,1995,282.0,14247.9,NASBO Fiscal Survey RDF dataset; GF = balance / pct,1,0.019792,13948.6,Fiscal Survey Fall 1996
FL,1996,411.0,14710.0,NASBO Fiscal Survey RDF dataset; GF = balance / pct,1,0.02794,14460.7,Fiscal Survey Fall 1997
FL,1997,603.0,15447.0,NASBO Fiscal Survey RDF dataset; GF = balance / pct,1,0.039037,15202.6,Fiscal Survey Fall 1998
FL,1998,1041.0,17077.8,NASBO Fiscal Survey RDF dataset; GF = balance / pct,1,0.060956,16960.0,Fiscal Survey Fall 1999
FL,1999,1328.0,17951.9,NASBO Fiscal Survey RDF dataset; GF = balance / pct,1,0.073975,17627.2,Fiscal Survey Fall 2000
FL,2000,1666.1,18554.1,NASBO Fiscal Survey RDF dataset; GF = balance / pct,1,0.089797,18406.0,Fiscal Survey Fall 2001
FL,2001,894.0,20065.4,NASBO Fiscal Survey RDF dataset; GF = balance / pct,1,0.044554,19779.0,Fiscal Survey Fall 2002
FL,2002,940.9,19166.4,NASBO Fiscal Survey RDF dataset; GF = balance / pct,1,0.049091,19007.0,Fiscal Survey Fall 2003
FL,2003,958.9,20513.6,NASBO Fiscal Survey RDF dataset; GF = balance / pct,1,0.046745,20257.0,Fiscal Survey Fall 2004
FL,2004,966.4,21426.9,NASBO Fiscal Survey RDF dataset; GF = balance / pct,1,0.045102,21118.0,Fiscal Survey Fall 2005
FL,2005,988.2,24439.8,NASBO Fiscal Survey RDF dataset; GF = balance / pct,1,0.040434,24180.0,Fiscal Survey Fall 2006
FL,2006,1069.3,26014.1,NASBO Fiscal Survey RDF dataset; GF = balance / pct,1,0.041105,25904.0,Fiscal Survey Fall 2007
FL,2007,1236.8,28216.4,NASBO Fiscal Survey RDF dataset; GF = balance / pct,1,0.043833,27680.0,Fiscal Survey Fall 2008
FL,2008,1344.8,27707.6,NASBO Fiscal Survey RDF dataset; GF = balance / pct,1,0.048535,27513.0,Fiscal Survey Fall 2009
FL,2009,273.9,23660.9,NASBO Fiscal Survey RDF dataset; GF = balance / pct,1,0.011576,23662.0,Fiscal Survey Fall 2010
FL,2010,274.9,21223.0,NASBO Fiscal Survey RDF dataset; GF = balance / pct,1,0.012953,21216.0,Fiscal Survey Fall 2011
FL,2011,279.2,23786.9,NASBO Fiscal Survey RDF dataset; GF = balance / pct,1,0.011738,23777.0,Fiscal Survey Fall 2012
FL,2012,493.8,23276.5,NASBO Fiscal Survey RDF dataset; GF = balance / pct,1,0.021215,23054.0,Fiscal Survey Fall 2013
FL,2013,708.5,24712.3,NASBO Fiscal Survey RDF dataset; GF = balance / pct,1,0.02867,24490.0,Fiscal Survey Fall 2014
FL,2014,924.7,26914.0,NASBO Fiscal Survey RDF dataset; GF = balance / pct,1,0.034358,26315.0,Fiscal Survey Fall 2015
FL,2015,1139.2,28007.5,NASBO Fiscal Survey RDF dataset; GF = balance / pct,1,0.040675,27600.0,Fiscal Survey Fall 2016
FL,2016,1353.7,29182.2,NASBO Fiscal Survey RDF dataset; GF = balance / pct,1,0.046388,28813.0,Fiscal Survey Fall 2017
FL,2017,1384.4,30321.8,NASBO Fiscal Survey RDF dataset; GF = balance / pct,1,0.045657,30267.0,Fiscal Survey Fall 2018
FL,2018,1416.5,31830.3,NASBO Fiscal Survey RDF dataset; GF = balance / pct,1,0.044502,31658.0,Fiscal Survey Fall 2019
FL,2019,1483.0,33261.8,NASBO Fiscal Survey RDF dataset; GF = balance / pct,1,0.044586,32958.0,Fiscal Survey Fall 2020
FL,2020,1574.2,32870.3,NASBO Fiscal Survey RDF dataset; GF = balance / pct,1,0.047891,33893.0,Fiscal Survey Fall 2021
FL,2021,1674.2,36268.6,NASBO Fiscal Survey RDF dataset; GF = balance / pct,1,0.046161,35861.0,Fiscal Survey Fall 2022
FL,2022,2730.2,38136.2,NASBO Fiscal Survey RDF dataset; GF = balance / pct,1,0.071591,37334.0,Fiscal Survey Fall 2023
FL,2023,3140.2,49031.1,NASBO Fiscal Survey RDF dataset; GF = balance / pct,1,0.064045,44219.0,Fiscal Survey Fall 2024
FL,2024,4140.4,55016.9,NASBO Fiscal Survey RDF dataset; GF = balance / pct,1,0.075257,51649.0,Fiscal Survey Fall 2025
FL,2025,4440.6,51885.7,NASBO Fiscal Survey RDF dataset; GF = balance / pct,1,0.085584,49932.0,Fiscal Survey Spring 2026
FL,2026,4870.2,56398.2,NASBO Fiscal Survey RDF dataset; GF = balance / pct,1,0.086354,,Fiscal Survey Spring 2026; estimate (NASBO: latest two years are estimates/projections)
GA,1992,0.0,,NASBO Fiscal Survey RDF dataset,1,0.0,7354.0,Fiscal Survey Fall 1993; balance 0 (NASBO reports negative balances as 0); GF spending not derivable
GA,1993,123.0,8089.0,NASBO Fiscal Survey RDF dataset; GF = balance / pct,1,0.015206,8247.6,Fiscal Survey Fall 1994
GA,1994,267.0,8741.0,NASBO Fiscal Survey RDF dataset; GF = balance / pct,1,0.030546,8857.9,Fiscal Survey Fall 1995
GA,1995,288.0,9500.0,NASBO Fiscal Survey RDF dataset; GF = balance / pct,1,0.030316,10030.3,Fiscal Survey Fall 1996
GA,1996,313.0,10439.0,NASBO Fiscal Survey RDF dataset; GF = balance / pct,1,0.029984,9871.7,Fiscal Survey Fall 1997
GA,1997,334.0,11043.0,NASBO Fiscal Survey RDF dataset; GF = balance / pct,1,0.030245,10276.4,Fiscal Survey Fall 1998
GA,1998,352.0,12510.0,NASBO Fiscal Survey RDF dataset; GF = balance / pct,1,0.028137,11102.4,Fiscal Survey Fall 1999
GA,1999,381.0,13013.0,NASBO Fiscal Survey RDF dataset; GF = balance / pct,1,0.029278,13539.9,Fiscal Survey Fall 2000
GA,2000,551.3,13781.9,NASBO Fiscal Survey RDF dataset; GF = balance / pct,1,0.040002,13948.0,Fiscal Survey Fall 2001
GA,2001,734.4,15386.2,NASBO Fiscal Survey RDF dataset; GF = balance / pct,1,0.047731,14644.0,Fiscal Survey Fall 2002
GA,2002,700.3,14052.6,NASBO Fiscal Survey RDF dataset; GF = balance / pct,1,0.049834,14955.0,Fiscal Survey Fall 2003
GA,2003,184.7,16024.5,NASBO Fiscal Survey RDF dataset; GF = balance / pct,1,0.011526,14929.0,Fiscal Survey Fall 2004
GA,2004,51.6,15905.7,NASBO Fiscal Survey RDF dataset; GF = balance / pct,1,0.003244,15123.1,Fiscal Survey Fall 2005
GA,2005,256.6,16323.1,NASBO Fiscal Survey RDF dataset; GF = balance / pct,1,0.01572,16440.0,Fiscal Survey Fall 2006
GA,2006,793.0,17803.7,NASBO Fiscal Survey RDF dataset; GF = balance / pct,1,0.044541,15631.6,Fiscal Survey Fall 2007
GA,2007,1544.6,19166.6,NASBO Fiscal Survey RDF dataset; GF = balance / pct,1,0.080588,18096.0,Fiscal Survey Fall 2008
GA,2008,1024.5,19437.6,NASBO Fiscal Survey RDF dataset; GF = balance / pct,1,0.052707,17934.0,Fiscal Survey Fall 2009
GA,2009,217.3,17496.8,NASBO Fiscal Survey RDF dataset; GF = balance / pct,1,0.012419,16475.9,Fiscal Survey Fall 2010
GA,2010,116.0,15971.4,NASBO Fiscal Survey RDF dataset; GF = balance / pct,1,0.007263,14560.7,Fiscal Survey Fall 2011
GA,2011,328.4,17063.9,NASBO Fiscal Survey RDF dataset; GF = balance / pct,1,0.019245,16476.1,Fiscal Survey Fall 2012
GA,2012,378.0,17335.6,NASBO Fiscal Survey RDF dataset; GF = balance / pct,1,0.021805,17240.1,Fiscal Survey Fall 2013
GA,2013,717.3,18309.6,NASBO Fiscal Survey RDF dataset; GF = balance / pct,1,0.039176,18018.5,Fiscal Survey Fall 2014
GA,2014,862.8,19109.0,NASBO Fiscal Survey RDF dataset; GF = balance / pct,1,0.045151,18843.0,Fiscal Survey Fall 2015
GA,2015,1431.2,20050.3,NASBO Fiscal Survey RDF dataset; GF = balance / pct,1,0.07138,19722.0,Fiscal Survey Fall 2016
GA,2016,2032.9,21911.1,NASBO Fiscal Survey RDF dataset; GF = balance / pct,1,0.092779,21019.0,Fiscal Survey Fall 2017
GA,2017,2308.6,23187.7,NASBO Fiscal Survey RDF dataset; GF = balance / pct,1,0.099561,22454.5,Fiscal Survey Fall 2018
GA,2018,2556.6040043900002,24133.8,NASBO Fiscal Survey RDF dataset; GF = balance / pct,1,0.105935,23674.7,Fiscal Survey Fall 2019
GA,2019,2807.5,25405.9,NASBO Fiscal Survey RDF dataset; GF = balance / pct,1,0.110506,27951.1,Fiscal Survey Fall 2020
GA,2020,2544.46986947,26119.5,NASBO Fiscal Survey RDF dataset; GF = balance / pct,1,0.097417,22703.0,Fiscal Survey Fall 2021
GA,2021,4288.774541,25158.6,NASBO Fiscal Survey RDF dataset; GF = balance / pct,1,0.17047,24154.0,Fiscal Survey Fall 2022
GA,2022,5240.23,28562.1,NASBO Fiscal Survey RDF dataset; GF = balance / pct,1,0.183468,27657.0,Fiscal Survey Fall 2023
GA,2023,5391.680822,30642.9,NASBO Fiscal Survey RDF dataset; GF = balance / pct,1,0.175952,29266.0,Fiscal Survey Fall 2024
GA,2024,5466.3,35685.4,NASBO Fiscal Survey RDF dataset; GF = balance / pct,1,0.15318,34594.0,Fiscal Survey Fall 2025
GA,2025,5582.9,36266.1,NASBO Fiscal Survey RDF dataset; GF = balance / pct,1,0.153943,38040.6,Fiscal Survey Spring 2026
GA,2026,,,NASBO Fiscal Survey RDF dataset,0,,,Fiscal Survey Spring 2026; estimate (NASBO: latest two years are estimates/projections)
HI,1992,0.0,,NASBO Fiscal Survey RDF dataset,1,0.0,2641.7,Fiscal Survey Fall 1993; balance 0 (NASBO reports negative balances as 0); GF spending not derivable
HI,1993,0.0,,NASBO Fiscal Survey RDF dataset,1,0.0,3062.7,Fiscal Survey Fall 1994; balance 0 (NASBO reports negative balances as 0); GF spending not derivable
HI,1994,0.0,,NASBO Fiscal Survey RDF dataset,1,0.0,3059.4,Fiscal Survey Fall 1995; balance 0 (NASBO reports negative balances as 0); GF spending not derivable
HI,1995,0.0,,NASBO Fiscal Survey RDF dataset,1,0.0,3169.1,Fiscal Survey Fall 1996; balance 0 (NASBO reports negative balances as 0); GF spending not derivable
HI,1996,0.0,,NASBO Fiscal Survey RDF dataset,1,0.0,3123.8,Fiscal Survey Fall 1997; balance 0 (NASBO reports negative balances as 0); GF spending not derivable
HI,1997,0.0,,NASBO Fiscal Survey RDF dataset,1,0.0,3186.3,Fiscal Survey Fall 1998; balance 0 (NASBO reports negative balances as 0); GF spending not derivable
HI,1998,0.0,,NASBO Fiscal Survey RDF dataset,1,0.0,3213.5,Fiscal Survey Fall 1999; balance 0 (NASBO reports negative balances as 0); GF spending not derivable
HI,1999,0.0,,NASBO Fiscal Survey RDF dataset,1,0.0,3251.1,Fiscal Survey Fall 2000; balance 0 (NASBO reports negative balances as 0); GF spending not derivable
HI,2000,5.8,3201.0,NASBO Fiscal Survey RDF dataset; GF = balance / pct,1,0.001812,3201.0,Fiscal Survey Fall 2001
HI,2001,21.2,3364.6,NASBO Fiscal Survey RDF dataset; GF = balance / pct,1,0.006301,3365.0,Fiscal Survey Fall 2002
HI,2002,49.9,3656.1,NASBO Fiscal Survey RDF dataset; GF = balance / pct,1,0.013648,3656.2,Fiscal Survey Fall 2003
HI,2003,0.0,,NASBO Fiscal Survey RDF dataset,1,0.0,3336.0,Fiscal Survey Fall 2004; balance 0 (NASBO reports negative balances as 0); GF spending not derivable
HI,2004,54.0,3840.3,NASBO Fiscal Survey RDF dataset; GF = balance / pct,1,0.014061,3801.3,Fiscal Survey Fall 2005
HI,2005,54.1,4184.6,NASBO Fiscal Survey RDF dataset; GF = balance / pct,1,0.012928,4185.0,Fiscal Survey Fall 2006
HI,2006,53.5,4679.1,NASBO Fiscal Survey RDF dataset; GF = balance / pct,1,0.011434,4679.0,Fiscal Survey Fall 2007
HI,2007,61.5,5381.0,NASBO Fiscal Survey RDF dataset; GF = balance / pct,1,0.011429,5352.9,Fiscal Survey Fall 2008
HI,2008,74.0,5407.0,NASBO Fiscal Survey RDF dataset; GF = balance / pct,1,0.013686,5407.0,Fiscal Survey Fall 2009
HI,2009,60.4,5375.2,NASBO Fiscal Survey RDF dataset; GF = balance / pct,1,0.011237,5375.0,Fiscal Survey Fall 2010
HI,2010,63.0,4837.8,NASBO Fiscal Survey RDF dataset; GF = balance / pct,1,0.013022,4838.0,Fiscal Survey Fall 2011
HI,2011,10.0,4968.7,NASBO Fiscal Survey RDF dataset; GF = balance / pct,1,0.002013,4969.0,Fiscal Survey Fall 2012
HI,2012,24.2,5511.3,NASBO Fiscal Survey RDF dataset; GF = balance / pct,1,0.004391,5511.0,Fiscal Survey Fall 2013
HI,2013,24.2,5665.7,NASBO Fiscal Survey RDF dataset; GF = balance / pct,1,0.004271,5666.0,Fiscal Survey Fall 2014
HI,2014,83.2,6275.0,NASBO Fiscal Survey RDF dataset; GF = balance / pct,1,0.013259,6275.0,Fiscal Survey Fall 2015
HI,2015,90.2,6413.4,NASBO Fiscal Survey RDF dataset; GF = balance / pct,1,0.014064,6413.0,Fiscal Survey Fall 2016
HI,2016,100.9,6882.2,NASBO Fiscal Survey RDF dataset; GF = balance / pct,1,0.014661,6882.0,Fiscal Survey Fall 2017
HI,2017,311.3,7485.6,NASBO Fiscal Survey RDF dataset; GF = balance / pct,1,0.041587,7486.0,Fiscal Survey Fall 2018
HI,2018,375.7,7803.9,NASBO Fiscal Survey RDF dataset; GF = balance / pct,1,0.048143,7803.9,Fiscal Survey Fall 2019
HI,2019,378.2,7914.7,NASBO Fiscal Survey RDF dataset; GF = balance / pct,1,0.047784,7915.0,Fiscal Survey Fall 2020
HI,2020,58.9,8034.5,NASBO Fiscal Survey RDF dataset; GF = balance / pct,1,0.007331,8034.5,Fiscal Survey Fall 2021
HI,2021,319.5,8755.8,NASBO Fiscal Survey RDF dataset; GF = balance / pct,1,0.03649,8755.8,Fiscal Survey Fall 2022
HI,2022,325.8,8842.4,NASBO Fiscal Survey RDF dataset; GF = balance / pct,1,0.036845,8843.0,Fiscal Survey Fall 2023
HI,2023,973.7,10501.3,NASBO Fiscal Survey RDF dataset; GF = balance / pct,1,0.092722,10756.8,Fiscal Survey Fall 2024
HI,2024,1516.2,10721.7,NASBO Fiscal Survey RDF dataset; GF = balance / pct,1,0.141414,11221.7,Fiscal Survey Fall 2025
HI,2025,1568.2,10888.0,NASBO Fiscal Survey RDF dataset; GF = balance / pct,1,0.14403,10931.0,Fiscal Survey Spring 2026
HI,2026,1624.7,11199.4,NASBO Fiscal Survey RDF dataset; GF = balance / pct,1,0.14507,,Fiscal Survey Spring 2026; estimate (NASBO: latest two years are estimates/projections)
ID,1992,30.0,991.0,NASBO Fiscal Survey RDF dataset; GF = balance / pct,1,0.030272,991.2,Fiscal Survey Fall 1993
ID,1993,30.0,1032.0,NASBO Fiscal Survey RDF dataset; GF = balance / pct,1,0.02907,1037.5,Fiscal Survey Fall 1994
ID,1994,33.0,1108.0,NASBO Fiscal Survey RDF dataset; GF = balance / pct,1,0.029783,1108.0,Fiscal Survey Fall 1995
ID,1995,33.0,1268.0,NASBO Fiscal Survey RDF dataset; GF = balance / pct,1,0.026025,1268.1,Fiscal Survey Fall 1996
ID,1996,32.0,1337.0,NASBO Fiscal Survey RDF dataset; GF = balance / pct,1,0.023934,1337.6,Fiscal Survey Fall 1997
ID,1997,28.0,1392.0,NASBO Fiscal Survey RDF dataset; GF = balance / pct,1,0.020115,1391.7,Fiscal Survey Fall 1998
ID,1998,36.0,1446.6,NASBO Fiscal Survey RDF dataset; GF = balance / pct,1,0.024886,1446.6,Fiscal Survey Fall 1999
ID,1999,36.0,1610.6,NASBO Fiscal Survey RDF dataset; GF = balance / pct,1,0.022352,1610.6,Fiscal Survey Fall 2000
ID,2000,36.0,1680.8,NASBO Fiscal Survey RDF dataset; GF = balance / pct,1,0.021418,1680.0,Fiscal Survey Fall 2001
ID,2001,53.2,1828.6,NASBO Fiscal Survey RDF dataset; GF = balance / pct,1,0.029093,1829.0,Fiscal Survey Fall 2002
ID,2002,53.1,1979.5,NASBO Fiscal Survey RDF dataset; GF = balance / pct,1,0.026825,1980.0,Fiscal Survey Fall 2003
ID,2003,0.0,,NASBO Fiscal Survey RDF dataset,1,0.0,1926.0,Fiscal Survey Fall 2004; balance 0 (NASBO reports negative balances as 0); GF spending not derivable
ID,2004,0.0,,NASBO Fiscal Survey RDF dataset,1,0.0,1987.0,Fiscal Survey Fall 2005; balance 0 (NASBO reports negative balances as 0); GF spending not derivable
ID,2005,16.0,2110.4,NASBO Fiscal Survey RDF dataset; GF = balance / pct,1,0.007582,2110.0,Fiscal Survey Fall 2006
ID,2006,108.6,2217.7,NASBO Fiscal Survey RDF dataset; GF = balance / pct,1,0.04897,2216.8,Fiscal Survey Fall 2007
ID,2007,121.6,2576.7,NASBO Fiscal Survey RDF dataset; GF = balance / pct,1,0.047192,2608.0,Fiscal Survey Fall 2008
ID,2008,140.6,2793.8,NASBO Fiscal Survey RDF dataset; GF = balance / pct,1,0.050326,2799.0,Fiscal Survey Fall 2009
ID,2009,214.0,2959.3,NASBO Fiscal Survey RDF dataset; GF = balance / pct,1,0.072314,2724.0,Fiscal Survey Fall 2010
ID,2010,103.0,2506.6,NASBO Fiscal Survey RDF dataset; GF = balance / pct,1,0.041092,2338.0,Fiscal Survey Fall 2011
ID,2011,11.0,2449.9,NASBO Fiscal Survey RDF dataset; GF = balance / pct,1,0.00449,2451.0,Fiscal Survey Fall 2012
ID,2012,61.0,2528.9,NASBO Fiscal Survey RDF dataset; GF = balance / pct,1,0.024121,2504.0,Fiscal Survey Fall 2013
ID,2013,185.0,2696.6,NASBO Fiscal Survey RDF dataset; GF = balance / pct,1,0.068605,2691.0,Fiscal Survey Fall 2014
ID,2014,238.0,2781.0,NASBO Fiscal Survey RDF dataset; GF = balance / pct,1,0.085581,2767.0,Fiscal Survey Fall 2015
ID,2015,338.0,2936.1,NASBO Fiscal Survey RDF dataset; GF = balance / pct,1,0.115119,2864.0,Fiscal Survey Fall 2016
ID,2016,371.0,3038.7,NASBO Fiscal Survey RDF dataset; GF = balance / pct,1,0.122092,3028.0,Fiscal Survey Fall 2017
ID,2017,413.0,3261.7,NASBO Fiscal Survey RDF dataset; GF = balance / pct,1,0.126621,3255.3,Fiscal Survey Fall 2018
ID,2018,422.0,3466.2,NASBO Fiscal Survey RDF dataset; GF = balance / pct,1,0.121747,3465.0,Fiscal Survey Fall 2019
ID,2019,463.0,3698.7,NASBO Fiscal Survey RDF dataset; GF = balance / pct,1,0.125179,4285.0,Fiscal Survey Fall 2020
ID,2020,477.0,3907.1,NASBO Fiscal Survey RDF dataset; GF = balance / pct,1,0.122085,4470.0,Fiscal Survey Fall 2021
ID,2021,787.5000000000001,4147.0,NASBO Fiscal Survey RDF dataset; GF = balance / pct,1,0.189896,3750.0,Fiscal Survey Fall 2022
ID,2022,831.7,4418.0,NASBO Fiscal Survey RDF dataset; GF = balance / pct,1,0.188253,4292.0,Fiscal Survey Fall 2023
ID,2023,1103.5,4582.9,NASBO Fiscal Survey RDF dataset; GF = balance / pct,1,0.240786,4548.0,Fiscal Survey Fall 2024
ID,2024,2156.3,5109.5,NASBO Fiscal Survey RDF dataset; GF = balance / pct,1,0.422018,5020.0,Fiscal Survey Fall 2025
ID,2025,1194.5,5392.0,NASBO Fiscal Survey RDF dataset; GF = balance / pct,1,0.221532,5325.0,Fiscal Survey Spring 2026
ID,2026,1196.8,5623.9,NASBO Fiscal Survey RDF dataset; GF = balance / pct,1,0.212806,,Fiscal Survey Spring 2026; estimate (NASBO: latest two years are estimates/projections)
IL,1992,0.0,,NASBO Fiscal Survey RDF dataset,1,0.0,10695.5,Fiscal Survey Fall 1993; balance 0 (NASBO reports negative balances as 0); GF spending not derivable
IL,1993,0.0,,NASBO Fiscal Survey RDF dataset,1,0.0,10888.1,Fiscal Survey Fall 1994; balance 0 (NASBO reports negative balances as 0); GF spending not derivable
IL,1994,0.0,,NASBO Fiscal Survey RDF dataset,1,0.0,11603.4,Fiscal Survey Fall 1995; balance 0 (NASBO reports negative balances as 0); GF spending not derivable
IL,1995,0.0,,NASBO Fiscal Survey RDF dataset,1,0.0,12381.6,Fiscal Survey Fall 1996; balance 0 (NASBO reports negative balances as 0); GF spending not derivable
IL,1996,0.0,,NASBO Fiscal Survey RDF dataset,1,0.0,12925.9,Fiscal Survey Fall 1997; balance 0 (NASBO reports negative balances as 0); GF spending not derivable
IL,1997,,,NASBO Fiscal Survey RDF dataset,0,0.0,13538.6,Fiscal Survey Fall 1998
IL,1998,0.0,,NASBO Fiscal Survey RDF dataset,1,0.0,14496.2,Fiscal Survey Fall 1999; balance 0 (NASBO reports negative balances as 0); GF spending not derivable
IL,1999,0.0,,NASBO Fiscal Survey RDF dataset,1,0.0,15700.6,Fiscal Survey Fall 2000; balance 0 (NASBO reports negative balances as 0); GF spending not derivable
IL,2000,0.0,,NASBO Fiscal Survey RDF dataset,1,0.0,17163.7,Fiscal Survey Fall 2001; balance 0 (NASBO reports negative balances as 0); GF spending not derivable
IL,2001,225.0,24496.9,NASBO Fiscal Survey RDF dataset; GF = balance / pct,1,0.009185,17961.4,Fiscal Survey Fall 2002
IL,2002,225.7,22738.6,NASBO Fiscal Survey RDF dataset; GF = balance / pct,1,0.009926,17830.7,Fiscal Survey Fall 2003
IL,2003,225.7,21893.2,NASBO Fiscal Survey RDF dataset; GF = balance / pct,1,0.010309,18128.0,Fiscal Survey Fall 2004
IL,2004,276.0,23448.0,NASBO Fiscal Survey RDF dataset; GF = balance / pct,1,0.011771,17436.0,Fiscal Survey Fall 2005
IL,2005,276.0,22184.0,NASBO Fiscal Survey RDF dataset; GF = balance / pct,1,0.012441,17374.1,Fiscal Survey Fall 2006
IL,2006,276.0,24193.0,NASBO Fiscal Survey RDF dataset; GF = balance / pct,1,0.011408,19470.0,Fiscal Survey Fall 2007
IL,2007,276.0,25615.0,NASBO Fiscal Survey RDF dataset; GF = balance / pct,1,0.010775,20846.8,Fiscal Survey Fall 2008
IL,2008,276.0,27153.0,NASBO Fiscal Survey RDF dataset; GF = balance / pct,1,0.010165,22139.9,Fiscal Survey Fall 2009
IL,2009,276.0,26797.0,NASBO Fiscal Survey RDF dataset; GF = balance / pct,1,0.0103,29788.0,Fiscal Survey Fall 2010
IL,2010,0.0,,NASBO Fiscal Survey RDF dataset,1,0.0,26316.1,Fiscal Survey Fall 2011; balance 0 (NASBO reports negative balances as 0); GF spending not derivable
IL,2011,0.0,,NASBO Fiscal Survey RDF dataset,1,0.0,25236.7,Fiscal Survey Fall 2012; balance 0 (NASBO reports negative balances as 0); GF spending not derivable
IL,2012,0.0,,NASBO Fiscal Survey RDF dataset,1,0.0,29291.4,Fiscal Survey Fall 2013; balance 0 (NASBO reports negative balances as 0); GF spending not derivable
IL,2013,0.0,,NASBO Fiscal Survey RDF dataset,1,0.0,26901.0,Fiscal Survey Fall 2014; balance 0 (NASBO reports negative balances as 0); GF spending not derivable
IL,2014,275.7,31479.0,NASBO Fiscal Survey RDF dataset; GF = balance / pct,1,0.008758,28380.1,Fiscal Survey Fall 2015
IL,2015,275.7,30763.0,NASBO Fiscal Survey RDF dataset; GF = balance / pct,1,0.008962,28901.9,Fiscal Survey Fall 2016
IL,2016,276.5,27440.2,NASBO Fiscal Survey RDF dataset; GF = balance / pct,1,0.010076,26761.6,Fiscal Survey Fall 2017
IL,2017,9.9,31011.0,NASBO Fiscal Survey RDF dataset; GF = balance / pct,1,0.000319,29423.9,Fiscal Survey Fall 2018
IL,2018,3.8,35409.0,NASBO Fiscal Survey RDF dataset; GF = balance / pct,1,0.000107,35408.8,Fiscal Survey Fall 2019
IL,2019,3.6,36575.0,NASBO Fiscal Survey RDF dataset; GF = balance / pct,1,9.8e-05,36362.0,Fiscal Survey Fall 2020
IL,2020,4.149,41921.0,NASBO Fiscal Survey RDF dataset; GF = balance / pct,1,9.9e-05,36064.7,Fiscal Survey Fall 2021
IL,2021,4.1,43500.0,NASBO Fiscal Survey RDF dataset; GF = balance / pct,1,9.4e-05,41435.5,Fiscal Survey Fall 2022
IL,2022,751.71894407,48332.0,NASBO Fiscal Survey RDF dataset; GF = balance / pct,1,0.015553,41482.0,Fiscal Survey Fall 2023
IL,2023,1940.06724514,50153.0,NASBO Fiscal Survey RDF dataset; GF = balance / pct,1,0.038683,43693.3,Fiscal Survey Fall 2024
IL,2024,1940.06724514,53184.0,NASBO Fiscal Survey RDF dataset; GF = balance / pct,1,0.036478,48563.2,Fiscal Survey Fall 2025
IL,2025,2357.11310046,55331.0,NASBO Fiscal Survey RDF dataset; GF = balance / pct,1,0.0426,50575.5,Fiscal Survey Spring 2026
IL,2026,2518.11310046,56562.0,NASBO Fiscal Survey RDF dataset; GF = balance / pct,1,0.04452,,Fiscal Survey Spring 2026; estimate (NASBO: latest two years are estimates/projections)
IN,1992,329.0,5755.0,NASBO Fiscal Survey RDF dataset; GF = balance / pct,1,0.057168,5796.5,Fiscal Survey Fall 1993
IN,1993,301.0,6309.0,NASBO Fiscal Survey RDF dataset; GF = balance / pct,1,0.04771,6308.8,Fiscal Survey Fall 1994
IN,1994,370.0,6640.0,NASBO Fiscal Survey RDF dataset; GF = balance / pct,1,0.055723,6639.8,Fiscal Survey Fall 1995
IN,1995,419.0,7019.1,NASBO Fiscal Survey RDF dataset; GF = balance / pct,1,0.059694,7019.0,Fiscal Survey Fall 1996
IN,1996,440.0,7344.0,NASBO Fiscal Survey RDF dataset; GF = balance / pct,1,0.059913,7344.0,Fiscal Survey Fall 1997
IN,1997,466.0,7538.0,NASBO Fiscal Survey RDF dataset; GF = balance / pct,1,0.06182,6074.0,Fiscal Survey Fall 1998
IN,1998,496.0,7894.0,NASBO Fiscal Survey RDF dataset; GF = balance / pct,1,0.062833,6706.0,Fiscal Survey Fall 1999
IN,1999,525.0,8489.3,NASBO Fiscal Survey RDF dataset; GF = balance / pct,1,0.061843,6585.1,Fiscal Survey Fall 2000
IN,2000,539.9,8967.4,NASBO Fiscal Survey RDF dataset; GF = balance / pct,1,0.060207,9450.0,Fiscal Survey Fall 2001
IN,2001,525.9,9303.2,NASBO Fiscal Survey RDF dataset; GF = balance / pct,1,0.056529,10018.0,Fiscal Survey Fall 2002
IN,2002,269.2,9737.3,NASBO Fiscal Survey RDF dataset; GF = balance / pct,1,0.027646,9708.0,Fiscal Survey Fall 2003
IN,2003,278.5,10308.9,NASBO Fiscal Survey RDF dataset; GF = balance / pct,1,0.027015,10235.0,Fiscal Survey Fall 2004
IN,2004,242.2,11243.8,NASBO Fiscal Survey RDF dataset; GF = balance / pct,1,0.021541,11385.7,Fiscal Survey Fall 2005
IN,2005,316.5,11799.7,NASBO Fiscal Survey RDF dataset; GF = balance / pct,1,0.026823,11691.0,Fiscal Survey Fall 2006
IN,2006,328.1,11954.1,NASBO Fiscal Survey RDF dataset; GF = balance / pct,1,0.027447,11911.0,Fiscal Survey Fall 2007
IN,2007,344.2,12246.7,NASBO Fiscal Survey RDF dataset; GF = balance / pct,1,0.028106,12247.0,Fiscal Survey Fall 2008
IN,2008,363.0,12730.0,NASBO Fiscal Survey RDF dataset; GF = balance / pct,1,0.028515,12880.0,Fiscal Survey Fall 2009
IN,2009,365.2,13019.4,NASBO Fiscal Survey RDF dataset; GF = balance / pct,1,0.02805,13036.0,Fiscal Survey Fall 2010
IN,2010,0.0,,NASBO Fiscal Survey RDF dataset,1,0.0,12915.0,Fiscal Survey Fall 2011; balance 0 (NASBO reports negative balances as 0); GF spending not derivable
IN,2011,57.2,13049.5,NASBO Fiscal Survey RDF dataset; GF = balance / pct,1,0.004383,13037.0,Fiscal Survey Fall 2012
IN,2012,351.6,13733.6,NASBO Fiscal Survey RDF dataset; GF = balance / pct,1,0.025601,13579.0,Fiscal Survey Fall 2013
IN,2013,515.1,14247.3,NASBO Fiscal Survey RDF dataset; GF = balance / pct,1,0.036154,14189.0,Fiscal Survey Fall 2014
IN,2014,968.9,14553.0,NASBO Fiscal Survey RDF dataset; GF = balance / pct,1,0.066577,14553.0,Fiscal Survey Fall 2015
IN,2015,1254.2,14934.9,NASBO Fiscal Survey RDF dataset; GF = balance / pct,1,0.083978,15346.0,Fiscal Survey Fall 2016
IN,2016,1468.1,14990.5,NASBO Fiscal Survey RDF dataset; GF = balance / pct,1,0.097935,15130.0,Fiscal Survey Fall 2017
IN,2017,1474.4,15454.8,NASBO Fiscal Survey RDF dataset; GF = balance / pct,1,0.095401,15971.0,Fiscal Survey Fall 2018
IN,2018,1419.1,15736.1,NASBO Fiscal Survey RDF dataset; GF = balance / pct,1,0.090181,15846.0,Fiscal Survey Fall 2019
IN,2019,1435.6,16279.7,NASBO Fiscal Survey RDF dataset; GF = balance / pct,1,0.088183,16208.0,Fiscal Survey Fall 2020
IN,2020,877.1,16522.1,NASBO Fiscal Survey RDF dataset; GF = balance / pct,1,0.053086,16679.0,Fiscal Survey Fall 2021
IN,2021,1301.5,17732.3,NASBO Fiscal Survey RDF dataset; GF = balance / pct,1,0.073397,18020.4,Fiscal Survey Fall 2022
IN,2022,1616.6,18414.7,NASBO Fiscal Survey RDF dataset; GF = balance / pct,1,0.087789,19599.0,Fiscal Survey Fall 2023
IN,2023,2094.8,21610.8,NASBO Fiscal Survey RDF dataset; GF = balance / pct,1,0.096933,26397.0,Fiscal Survey Fall 2024
IN,2024,1886.2,22077.9,NASBO Fiscal Survey RDF dataset; GF = balance / pct,1,0.085434,22405.0,Fiscal Survey Fall 2025
IN,2025,1826.1,22974.3,NASBO Fiscal Survey RDF dataset; GF = balance / pct,1,0.079484,21473.7,Fiscal Survey Spring 2026
IN,2026,2196.2,23101.4,NASBO Fiscal Survey RDF dataset; GF = balance / pct,1,0.095068,,Fiscal Survey Spring 2026; estimate (NASBO: latest two years are estimates/projections)
IA,1992,2.0,3179.0,NASBO Fiscal Survey RDF dataset; GF = balance / pct,1,0.000629,3204.1,Fiscal Survey Fall 1993
IA,1993,2.0,3403.0,NASBO Fiscal Survey RDF dataset; GF = balance / pct,1,0.000588,3441.5,Fiscal Survey Fall 1994
IA,1994,38.0,3472.0,NASBO Fiscal Survey RDF dataset; GF = balance / pct,1,0.010945,3503.1,Fiscal Survey Fall 1995
IA,1995,116.0,3615.6,NASBO Fiscal Survey RDF dataset; GF = balance / pct,1,0.032083,3641.4,Fiscal Survey Fall 1996
IA,1996,358.0,3781.0,NASBO Fiscal Survey RDF dataset; GF = balance / pct,1,0.094684,3855.4,Fiscal Survey Fall 1997
IA,1997,430.0,4014.0,NASBO Fiscal Survey RDF dataset; GF = balance / pct,1,0.107125,4138.4,Fiscal Survey Fall 1998
IA,1998,439.0,4354.0,NASBO Fiscal Survey RDF dataset; GF = balance / pct,1,0.100827,4359.3,Fiscal Survey Fall 1999
IA,1999,444.0,4525.7,NASBO Fiscal Survey RDF dataset; GF = balance / pct,1,0.098106,4529.4,Fiscal Survey Fall 2000
IA,2000,443.8,4762.9,NASBO Fiscal Survey RDF dataset; GF = balance / pct,1,0.093179,4721.0,Fiscal Survey Fall 2001
IA,2001,405.2,4878.5,NASBO Fiscal Survey RDF dataset; GF = balance / pct,1,0.083058,4887.0,Fiscal Survey Fall 2002
IA,2002,165.6,4590.9,NASBO Fiscal Survey RDF dataset; GF = balance / pct,1,0.036071,4605.0,Fiscal Survey Fall 2003
IA,2003,0.0,,NASBO Fiscal Survey RDF dataset,1,0.0,4526.0,Fiscal Survey Fall 2004; balance 0 (NASBO reports negative balances as 0); GF spending not derivable
IA,2004,163.0,4517.4,NASBO Fiscal Survey RDF dataset; GF = balance / pct,1,0.036083,4104.0,Fiscal Survey Fall 2005
IA,2005,225.6,4603.1,NASBO Fiscal Survey RDF dataset; GF = balance / pct,1,0.04901,4604.0,Fiscal Survey Fall 2006
IA,2006,391.8,5020.5,NASBO Fiscal Survey RDF dataset; GF = balance / pct,1,0.07804,4989.0,Fiscal Survey Fall 2007
IA,2007,535.1,5384.7,NASBO Fiscal Survey RDF dataset; GF = balance / pct,1,0.099374,5363.0,Fiscal Survey Fall 2008
IA,2008,592.4,5888.0,NASBO Fiscal Survey RDF dataset; GF = balance / pct,1,0.100611,5867.0,Fiscal Survey Fall 2009
IA,2009,519.0,5934.0,NASBO Fiscal Survey RDF dataset; GF = balance / pct,1,0.087462,5904.0,Fiscal Survey Fall 2010
IA,2010,421.9,5298.2,NASBO Fiscal Survey RDF dataset; GF = balance / pct,1,0.079631,5302.0,Fiscal Survey Fall 2011
IA,2011,440.3,5344.4,NASBO Fiscal Survey RDF dataset; GF = balance / pct,1,0.082385,5354.0,Fiscal Survey Fall 2012
IA,2012,601.3,6004.4,NASBO Fiscal Survey RDF dataset; GF = balance / pct,1,0.100143,6010.0,Fiscal Survey Fall 2013
IA,2013,611.1,6413.1,NASBO Fiscal Survey RDF dataset; GF = balance / pct,1,0.095289,6299.0,Fiscal Survey Fall 2014
IA,2014,669.9,6462.0,NASBO Fiscal Survey RDF dataset; GF = balance / pct,1,0.103668,6564.0,Fiscal Survey Fall 2015
IA,2015,697.8,7056.2,NASBO Fiscal Survey RDF dataset; GF = balance / pct,1,0.098892,7050.0,Fiscal Survey Fall 2016
IA,2016,729.1,7244.3,NASBO Fiscal Survey RDF dataset; GF = balance / pct,1,0.100645,7247.0,Fiscal Survey Fall 2017
IA,2017,605.3,7258.2,NASBO Fiscal Survey RDF dataset; GF = balance / pct,1,0.083395,7258.0,Fiscal Survey Fall 2018
IA,2018,620.3,7223.6,NASBO Fiscal Survey RDF dataset; GF = balance / pct,1,0.085871,7254.0,Fiscal Survey Fall 2019
IA,2019,757.2,7527.5,NASBO Fiscal Survey RDF dataset; GF = balance / pct,1,0.100591,7568.0,Fiscal Survey Fall 2020
IA,2020,777.4,7820.7,NASBO Fiscal Survey RDF dataset; GF = balance / pct,1,0.099403,7832.0,Fiscal Survey Fall 2021
IA,2021,801.1,7808.9,NASBO Fiscal Survey RDF dataset; GF = balance / pct,1,0.102588,7832.0,Fiscal Survey Fall 2022
IA,2022,830.3,8122.8,NASBO Fiscal Survey RDF dataset; GF = balance / pct,1,0.102218,8125.0,Fiscal Survey Fall 2023
IA,2023,902.0,8211.6,NASBO Fiscal Survey RDF dataset; GF = balance / pct,1,0.109845,8216.0,Fiscal Survey Fall 2024
IA,2024,961.2,8559.6,NASBO Fiscal Survey RDF dataset; GF = balance / pct,1,0.112295,8560.0,Fiscal Survey Fall 2025
IA,2025,890.8,8948.7,NASBO Fiscal Survey RDF dataset; GF = balance / pct,1,0.099545,8972.0,Fiscal Survey Spring 2026
IA,2026,849.2,9406.8,NASBO Fiscal Survey RDF dataset; GF = balance / pct,1,0.090275,,Fiscal Survey Spring 2026; estimate (NASBO: latest two years are estimates/projections)
KS,1992,0.0,,NASBO Fiscal Survey RDF dataset,1,0.0,2491.3,Fiscal Survey Fall 1993; balance 0 (NASBO reports negative balances as 0); GF spending not derivable
KS,1993,75.0,2690.0,NASBO Fiscal Survey RDF dataset; GF = balance / pct,1,0.027881,2690.1,Fiscal Survey Fall 1994
KS,1994,72.0,3111.0,NASBO Fiscal Survey RDF dataset; GF = balance / pct,1,0.023144,3111.0,Fiscal Survey Fall 1995
KS,1995,5.0,3310.0,NASBO Fiscal Survey RDF dataset; GF = balance / pct,1,0.001511,3310.0,Fiscal Survey Fall 1996
KS,1996,0.0,,NASBO Fiscal Survey RDF dataset,1,0.0,3439.0,Fiscal Survey Fall 1997; balance 0 (NASBO reports negative balances as 0); GF spending not derivable
KS,1997,0.0,,NASBO Fiscal Survey RDF dataset,1,0.0,3538.0,Fiscal Survey Fall 1998; balance 0 (NASBO reports negative balances as 0); GF spending not derivable
KS,1998,0.0,,NASBO Fiscal Survey RDF dataset,1,0.0,3801.0,Fiscal Survey Fall 1999; balance 0 (NASBO reports negative balances as 0); GF spending not derivable
KS,1999,0.0,,NASBO Fiscal Survey RDF dataset,1,0.0,4196.2,Fiscal Survey Fall 2000; balance 0 (NASBO reports negative balances as 0); GF spending not derivable
KS,2000,0.0,,NASBO Fiscal Survey RDF dataset,1,0.0,4367.7,Fiscal Survey Fall 2001; balance 0 (NASBO reports negative balances as 0); GF spending not derivable
KS,2001,0.0,,NASBO Fiscal Survey RDF dataset,1,0.0,4429.0,Fiscal Survey Fall 2002; balance 0 (NASBO reports negative balances as 0); GF spending not derivable
KS,2002,0.0,,NASBO Fiscal Survey RDF dataset,1,0.0,4466.0,Fiscal Survey Fall 2003; balance 0 (NASBO reports negative balances as 0); GF spending not derivable
KS,2003,0.0,,NASBO Fiscal Survey RDF dataset,1,0.0,4137.0,Fiscal Survey Fall 2004; balance 0 (NASBO reports negative balances as 0); GF spending not derivable
KS,2004,0.0,,NASBO Fiscal Survey RDF dataset,1,0.0,4316.0,Fiscal Survey Fall 2005; balance 0 (NASBO reports negative balances as 0); GF spending not derivable
KS,2005,0.0,,NASBO Fiscal Survey RDF dataset,1,0.0,4690.0,Fiscal Survey Fall 2006; balance 0 (NASBO reports negative balances as 0); GF spending not derivable
KS,2006,0.0,,NASBO Fiscal Survey RDF dataset,1,0.0,5139.0,Fiscal Survey Fall 2007; balance 0 (NASBO reports negative balances as 0); GF spending not derivable
KS,2007,0.0,,NASBO Fiscal Survey RDF dataset,1,0.0,5608.0,Fiscal Survey Fall 2008; balance 0 (NASBO reports negative balances as 0); GF spending not derivable
KS,2008,0.0,,NASBO Fiscal Survey RDF dataset,1,0.0,6102.0,Fiscal Survey Fall 2009; balance 0 (NASBO reports negative balances as 0); GF spending not derivable
KS,2009,0.0,,NASBO Fiscal Survey RDF dataset,1,0.0,6064.0,Fiscal Survey Fall 2010; balance 0 (NASBO reports negative balances as 0); GF spending not derivable
KS,2010,0.0,,NASBO Fiscal Survey RDF dataset,1,0.0,5268.0,Fiscal Survey Fall 2011; balance 0 (NASBO reports negative balances as 0); GF spending not derivable
KS,2011,0.0,,NASBO Fiscal Survey RDF dataset,1,0.0,5667.0,Fiscal Survey Fall 2012; balance 0 (NASBO reports negative balances as 0); GF spending not derivable
KS,2012,0.0,,NASBO Fiscal Survey RDF dataset,1,0.0,6098.0,Fiscal Survey Fall 2013; balance 0 (NASBO reports negative balances as 0); GF spending not derivable
KS,2013,0.0,,NASBO Fiscal Survey RDF dataset,1,0.0,6146.0,Fiscal Survey Fall 2014; balance 0 (NASBO reports negative balances as 0); GF spending not derivable
KS,2014,0.0,,NASBO Fiscal Survey RDF dataset,1,0.0,5983.0,Fiscal Survey Fall 2015; balance 0 (NASBO reports negative balances as 0); GF spending not derivable
KS,2015,0.0,,NASBO Fiscal Survey RDF dataset,1,0.0,6237.6,Fiscal Survey Fall 2016; balance 0 (NASBO reports negative balances as 0); GF spending not derivable
KS,2016,0.0,,NASBO Fiscal Survey RDF dataset,1,0.0,6115.4,Fiscal Survey Fall 2017; balance 0 (NASBO reports negative balances as 0); GF spending not derivable
KS,2017,0.0,,NASBO Fiscal Survey RDF dataset,1,0.0,6371.3,Fiscal Survey Fall 2018; balance 0 (NASBO reports negative balances as 0); GF spending not derivable
KS,2018,0.0,,NASBO Fiscal Survey RDF dataset,1,0.0,6638.0,Fiscal Survey Fall 2019; balance 0 (NASBO reports negative balances as 0); GF spending not derivable
KS,2019,0.0,,NASBO Fiscal Survey RDF dataset,1,0.0,6988.6,Fiscal Survey Fall 2020; balance 0 (NASBO reports negative balances as 0); GF spending not derivable
KS,2020,81.9,7522.5,NASBO Fiscal Survey RDF dataset; GF = balance / pct,1,0.010887,7521.6,Fiscal Survey Fall 2021
KS,2021,81.9,7267.8,NASBO Fiscal Survey RDF dataset; GF = balance / pct,1,0.011269,7267.6,Fiscal Survey Fall 2022
KS,2022,969.22308204,8195.9,NASBO Fiscal Survey RDF dataset; GF = balance / pct,1,0.118257,8780.0,Fiscal Survey Fall 2023
KS,2023,1610.3,8727.0,NASBO Fiscal Survey RDF dataset; GF = balance / pct,1,0.18452,8727.1,Fiscal Survey Fall 2024
KS,2024,1687.114261,9365.2,NASBO Fiscal Survey RDF dataset; GF = balance / pct,1,0.180147,9365.2,Fiscal Survey Fall 2025
KS,2025,1890.2,10314.9,NASBO Fiscal Survey RDF dataset; GF = balance / pct,1,0.183249,10314.9,Fiscal Survey Spring 2026
KS,2026,1976.0,10926.9,NASBO Fiscal Survey RDF dataset; GF = balance / pct,1,0.180838,,Fiscal Survey Spring 2026; estimate (NASBO: latest two years are estimates/projections)
KY,1992,24.0,4539.0,NASBO Fiscal Survey RDF dataset; GF = balance / pct,1,0.005288,4538.8,Fiscal Survey Fall 1993
KY,1993,29.0,4521.0,NASBO Fiscal Survey RDF dataset; GF = balance / pct,1,0.006415,4520.2,Fiscal Survey Fall 1994
KY,1994,90.0,4646.0,NASBO Fiscal Survey RDF dataset; GF = balance / pct,1,0.019372,4639.9,Fiscal Survey Fall 1995
KY,1995,100.0,5006.0,NASBO Fiscal Survey RDF dataset; GF = balance / pct,1,0.019976,4996.8,Fiscal Survey Fall 1996
KY,1996,200.0,5286.0,NASBO Fiscal Survey RDF dataset; GF = balance / pct,1,0.037836,5284.1,Fiscal Survey Fall 1997
KY,1997,200.0,5649.0,NASBO Fiscal Survey RDF dataset; GF = balance / pct,1,0.035404,5201.4,Fiscal Survey Fall 1998
KY,1998,200.0,5957.8,NASBO Fiscal Survey RDF dataset; GF = balance / pct,1,0.033569,5957.7,Fiscal Survey Fall 1999
KY,1999,230.0,6536.7,NASBO Fiscal Survey RDF dataset; GF = balance / pct,1,0.035186,6336.6,Fiscal Survey Fall 2000
KY,2000,278.6,6548.6,NASBO Fiscal Survey RDF dataset; GF = balance / pct,1,0.042543,6539.0,Fiscal Survey Fall 2001
KY,2001,239.8,7040.5,NASBO Fiscal Survey RDF dataset; GF = balance / pct,1,0.03406,6969.0,Fiscal Survey Fall 2002
KY,2002,0.0,,NASBO Fiscal Survey RDF dataset,1,0.0,7082.0,Fiscal Survey Fall 2003; balance 0 (NASBO reports negative balances as 0); GF spending not derivable
KY,2003,5.1,7178.8,NASBO Fiscal Survey RDF dataset; GF = balance / pct,1,0.00071,7047.0,Fiscal Survey Fall 2004
KY,2004,50.8,7293.7,NASBO Fiscal Survey RDF dataset; GF = balance / pct,1,0.006965,7206.0,Fiscal Survey Fall 2005
KY,2005,28.8,7698.4,NASBO Fiscal Survey RDF dataset; GF = balance / pct,1,0.003741,7570.0,Fiscal Survey Fall 2006
KY,2006,119.0,8435.7,NASBO Fiscal Survey RDF dataset; GF = balance / pct,1,0.014107,8333.0,Fiscal Survey Fall 2007
KY,2007,231.5,8786.6,NASBO Fiscal Survey RDF dataset; GF = balance / pct,1,0.026347,8781.0,Fiscal Survey Fall 2008
KY,2008,214.8,9449.8,NASBO Fiscal Survey RDF dataset; GF = balance / pct,1,0.022731,9334.0,Fiscal Survey Fall 2009
KY,2009,7.1,9157.5,NASBO Fiscal Survey RDF dataset; GF = balance / pct,1,0.000775,9031.0,Fiscal Survey Fall 2010
KY,2010,0.0,,NASBO Fiscal Survey RDF dataset,1,0.0,8450.4,Fiscal Survey Fall 2011; balance 0 (NASBO reports negative balances as 0); GF spending not derivable
KY,2011,0.0,,NASBO Fiscal Survey RDF dataset,1,0.0,8691.0,Fiscal Survey Fall 2012; balance 0 (NASBO reports negative balances as 0); GF spending not derivable
KY,2012,121.7,9435.3,NASBO Fiscal Survey RDF dataset; GF = balance / pct,1,0.012898,9334.0,Fiscal Survey Fall 2013
KY,2013,121.7,9527.4,NASBO Fiscal Survey RDF dataset; GF = balance / pct,1,0.012774,9426.0,Fiscal Survey Fall 2014
KY,2014,77.1,9864.0,NASBO Fiscal Survey RDF dataset; GF = balance / pct,1,0.007816,9705.0,Fiscal Survey Fall 2015
KY,2015,77.1,10108.0,NASBO Fiscal Survey RDF dataset; GF = balance / pct,1,0.007628,10046.0,Fiscal Survey Fall 2016
KY,2016,235.70000000000002,10320.3,NASBO Fiscal Survey RDF dataset; GF = balance / pct,1,0.022838,10230.1,Fiscal Survey Fall 2017
KY,2017,150.5,11168.6,NASBO Fiscal Survey RDF dataset; GF = balance / pct,1,0.013475,11074.9,Fiscal Survey Fall 2018
KY,2018,93.77998299999999,11329.6,NASBO Fiscal Survey RDF dataset; GF = balance / pct,1,0.008277,11221.0,Fiscal Survey Fall 2019
KY,2019,129.1,11661.4,NASBO Fiscal Survey RDF dataset; GF = balance / pct,1,0.011071,11556.7,Fiscal Survey Fall 2020
KY,2020,303.2,11621.7,NASBO Fiscal Survey RDF dataset; GF = balance / pct,1,0.026089,11621.6,Fiscal Survey Fall 2021
KY,2021,1762.65,11508.1,NASBO Fiscal Survey RDF dataset; GF = balance / pct,1,0.153166,11381.8,Fiscal Survey Fall 2022
KY,2022,1033.525521,13156.3,NASBO Fiscal Survey RDF dataset; GF = balance / pct,1,0.078558,13026.0,Fiscal Survey Fall 2023
KY,2023,3713.5,14465.9,NASBO Fiscal Survey RDF dataset; GF = balance / pct,1,0.256708,14349.7,Fiscal Survey Fall 2024
KY,2024,5226.4,14295.8,NASBO Fiscal Survey RDF dataset; GF = balance / pct,1,0.36559,14188.0,Fiscal Survey Fall 2025
KY,2025,4811.529,15867.8,NASBO Fiscal Survey RDF dataset; GF = balance / pct,1,0.303226,15931.0,Fiscal Survey Spring 2026
KY,2026,3764.1,16761.2,NASBO Fiscal Survey RDF dataset; GF = balance / pct,1,0.224572,,Fiscal Survey Spring 2026; estimate (NASBO: latest two years are estimates/projections)
LA,1992,0.0,,NASBO Fiscal Survey RDF dataset,1,0.0,4446.5,Fiscal Survey Fall 1993; balance 0 (NASBO reports negative balances as 0); GF spending not derivable
LA,1993,0.0,,NASBO Fiscal Survey RDF dataset,1,0.0,4240.6,Fiscal Survey Fall 1994; balance 0 (NASBO reports negative balances as 0); GF spending not derivable
LA,1994,0.0,,NASBO Fiscal Survey RDF dataset,1,0.0,4389.4,Fiscal Survey Fall 1995; balance 0 (NASBO reports negative balances as 0); GF spending not derivable
LA,1995,0.0,,NASBO Fiscal Survey RDF dataset,1,0.0,5329.9,Fiscal Survey Fall 1996; balance 0 (NASBO reports negative balances as 0); GF spending not derivable
LA,1996,0.0,,NASBO Fiscal Survey RDF dataset,1,0.0,5089.7,Fiscal Survey Fall 1997; balance 0 (NASBO reports negative balances as 0); GF spending not derivable
LA,1997,0.0,,NASBO Fiscal Survey RDF dataset,1,0.0,5837.9,Fiscal Survey Fall 1998; balance 0 (NASBO reports negative balances as 0); GF spending not derivable
LA,1998,0.0,,NASBO Fiscal Survey RDF dataset,1,0.0,5770.7,Fiscal Survey Fall 1999; balance 0 (NASBO reports negative balances as 0); GF spending not derivable
LA,1999,24.0,5934.4,NASBO Fiscal Survey RDF dataset; GF = balance / pct,1,0.004044,5818.0,Fiscal Survey Fall 2000
LA,2000,59.0,5811.3,NASBO Fiscal Survey RDF dataset; GF = balance / pct,1,0.010153,5829.0,Fiscal Survey Fall 2001
LA,2001,196.7,6280.3,NASBO Fiscal Survey RDF dataset; GF = balance / pct,1,0.03132,6280.0,Fiscal Survey Fall 2002
LA,2002,266.1,6487.4,NASBO Fiscal Survey RDF dataset; GF = balance / pct,1,0.041018,6399.6,Fiscal Survey Fall 2003
LA,2003,0.0,,NASBO Fiscal Survey RDF dataset,1,0.0,6670.0,Fiscal Survey Fall 2004; balance 0 (NASBO reports negative balances as 0); GF spending not derivable
LA,2004,239.3,6760.4,NASBO Fiscal Survey RDF dataset; GF = balance / pct,1,0.035397,5127.4,Fiscal Survey Fall 2005
LA,2005,461.7,7126.6,NASBO Fiscal Survey RDF dataset; GF = balance / pct,1,0.064785,7179.0,Fiscal Survey Fall 2006
LA,2006,681.2,7740.1,NASBO Fiscal Survey RDF dataset; GF = balance / pct,1,0.088009,7750.0,Fiscal Survey Fall 2007
LA,2007,682.7,9465.2,NASBO Fiscal Survey RDF dataset; GF = balance / pct,1,0.072127,9327.0,Fiscal Survey Fall 2008
LA,2008,775.6,9632.6,NASBO Fiscal Survey RDF dataset; GF = balance / pct,1,0.080518,10371.8,Fiscal Survey Fall 2009
LA,2009,853.7,9381.7,NASBO Fiscal Survey RDF dataset; GF = balance / pct,1,0.090996,9490.0,Fiscal Survey Fall 2010
LA,2010,643.9,8682.7,NASBO Fiscal Survey RDF dataset; GF = balance / pct,1,0.074159,8816.0,Fiscal Survey Fall 2011
LA,2011,646.8,7782.0,NASBO Fiscal Survey RDF dataset; GF = balance / pct,1,0.083115,7786.3,Fiscal Survey Fall 2012
LA,2012,442.9,8234.3,NASBO Fiscal Survey RDF dataset; GF = balance / pct,1,0.053787,8359.0,Fiscal Survey Fall 2013
LA,2013,443.868562,8368.6,NASBO Fiscal Survey RDF dataset; GF = balance / pct,1,0.05304,8347.0,Fiscal Survey Fall 2014
LA,2014,444.505,8583.0,NASBO Fiscal Survey RDF dataset; GF = balance / pct,1,0.051789,8565.1,Fiscal Survey Fall 2015
LA,2015,469.9,8588.0,NASBO Fiscal Survey RDF dataset; GF = balance / pct,1,0.054716,8715.0,Fiscal Survey Fall 2016
LA,2016,358.982171,8704.1,NASBO Fiscal Survey RDF dataset; GF = balance / pct,1,0.041243,8697.2,Fiscal Survey Fall 2017
LA,2017,286.793,9148.5,NASBO Fiscal Survey RDF dataset; GF = balance / pct,1,0.031349,9118.2,Fiscal Survey Fall 2018
LA,2018,321.070307,9605.2,NASBO Fiscal Survey RDF dataset; GF = balance / pct,1,0.033427,9547.7,Fiscal Survey Fall 2019
LA,2019,405.283103,10002.0,NASBO Fiscal Survey RDF dataset; GF = balance / pct,1,0.04052,9796.8,Fiscal Survey Fall 2020
LA,2020,568.236933,10141.0,NASBO Fiscal Survey RDF dataset; GF = balance / pct,1,0.056033,9644.7,Fiscal Survey Fall 2021
LA,2021,545.92958,10354.9,NASBO Fiscal Survey RDF dataset; GF = balance / pct,1,0.052722,9868.8,Fiscal Survey Fall 2022
LA,2022,721.2210755599999,12730.0,NASBO Fiscal Survey RDF dataset; GF = balance / pct,1,0.056655,10343.0,Fiscal Survey Fall 2023
LA,2023,973.9,14282.3,NASBO Fiscal Survey RDF dataset; GF = balance / pct,1,0.068189,11880.2,Fiscal Survey Fall 2024
LA,2024,1057.5,13802.6,NASBO Fiscal Survey RDF dataset; GF = balance / pct,1,0.076616,11970.1,Fiscal Survey Fall 2025
LA,2025,1226.570941,13652.9,NASBO Fiscal Survey RDF dataset; GF = balance / pct,1,0.08984,13027.1,Fiscal Survey Spring 2026
LA,2026,1240.222948,12666.8,NASBO Fiscal Survey RDF dataset; GF = balance / pct,1,0.097911,,Fiscal Survey Spring 2026; estimate (NASBO: latest two years are estimates/projections)
ME,1992,1.0,1563.0,NASBO Fiscal Survey RDF dataset; GF = balance / pct,1,0.00064,1514.7,Fiscal Survey Fall 1993
ME,1993,12.0,1607.0,NASBO Fiscal Survey RDF dataset; GF = balance / pct,1,0.007467,1606.6,Fiscal Survey Fall 1994
ME,1994,17.0,1596.0,NASBO Fiscal Survey RDF dataset; GF = balance / pct,1,0.010652,1592.8,Fiscal Survey Fall 1995
ME,1995,10.0,1687.0,NASBO Fiscal Survey RDF dataset; GF = balance / pct,1,0.005928,1686.4,Fiscal Survey Fall 1996
ME,1996,37.0,1682.0,NASBO Fiscal Survey RDF dataset; GF = balance / pct,1,0.021998,1682.2,Fiscal Survey Fall 1997
ME,1997,46.0,1769.0,NASBO Fiscal Survey RDF dataset; GF = balance / pct,1,0.026003,1768.7,Fiscal Survey Fall 1998
ME,1998,92.0,1898.4,NASBO Fiscal Survey RDF dataset; GF = balance / pct,1,0.048462,1898.4,Fiscal Survey Fall 1999
ME,1999,132.0,2153.5,NASBO Fiscal Survey RDF dataset; GF = balance / pct,1,0.061296,2153.5,Fiscal Survey Fall 2000
ME,2000,143.7,2317.1,NASBO Fiscal Survey RDF dataset; GF = balance / pct,1,0.062017,2317.0,Fiscal Survey Fall 2001
ME,2001,143.7,2645.1,NASBO Fiscal Survey RDF dataset; GF = balance / pct,1,0.054327,2570.8,Fiscal Survey Fall 2002
ME,2002,20.2,2565.3,NASBO Fiscal Survey RDF dataset; GF = balance / pct,1,0.007874,2584.0,Fiscal Survey Fall 2003
ME,2003,0.0,,NASBO Fiscal Survey RDF dataset,1,0.0,2533.0,Fiscal Survey Fall 2004; balance 0 (NASBO reports negative balances as 0); GF spending not derivable
ME,2004,33.0,2642.9,NASBO Fiscal Survey RDF dataset; GF = balance / pct,1,0.012486,2584.0,Fiscal Survey Fall 2005
ME,2005,47.0,2784.4,NASBO Fiscal Survey RDF dataset; GF = balance / pct,1,0.01688,2738.0,Fiscal Survey Fall 2006
ME,2006,79.9,2871.9,NASBO Fiscal Survey RDF dataset; GF = balance / pct,1,0.027821,2824.0,Fiscal Survey Fall 2007
ME,2007,115.5,3024.4,NASBO Fiscal Survey RDF dataset; GF = balance / pct,1,0.038189,3023.0,Fiscal Survey Fall 2008
ME,2008,130.4,3129.3,NASBO Fiscal Survey RDF dataset; GF = balance / pct,1,0.041671,3084.0,Fiscal Survey Fall 2009
ME,2009,0.0,,NASBO Fiscal Survey RDF dataset,1,0.0,3020.0,Fiscal Survey Fall 2010; balance 0 (NASBO reports negative balances as 0); GF spending not derivable
ME,2010,0.2,2849.2,NASBO Fiscal Survey RDF dataset; GF = balance / pct,1,7e-05,2866.0,Fiscal Survey Fall 2011
ME,2011,0.0,,NASBO Fiscal Survey RDF dataset,1,0.0,2859.0,Fiscal Survey Fall 2012; balance 0 (NASBO reports negative balances as 0); GF spending not derivable
ME,2012,44.8,3130.2,NASBO Fiscal Survey RDF dataset; GF = balance / pct,1,0.014312,3087.0,Fiscal Survey Fall 2013
ME,2013,59.7,3082.0,NASBO Fiscal Survey RDF dataset; GF = balance / pct,1,0.019371,3041.3,Fiscal Survey Fall 2014
ME,2014,93.2,3149.0,NASBO Fiscal Survey RDF dataset; GF = balance / pct,1,0.029597,3149.0,Fiscal Survey Fall 2015
ME,2015,118.5,3165.5,NASBO Fiscal Survey RDF dataset; GF = balance / pct,1,0.037435,3165.0,Fiscal Survey Fall 2016
ME,2016,122.30000000000001,3331.3,NASBO Fiscal Survey RDF dataset; GF = balance / pct,1,0.036712,3271.0,Fiscal Survey Fall 2017
ME,2017,208.7,3346.1,NASBO Fiscal Survey RDF dataset; GF = balance / pct,1,0.062371,3346.0,Fiscal Survey Fall 2018
ME,2018,287.8,3514.7,NASBO Fiscal Survey RDF dataset; GF = balance / pct,1,0.081885,3416.0,Fiscal Survey Fall 2019
ME,2019,308.6,3658.6,NASBO Fiscal Survey RDF dataset; GF = balance / pct,1,0.084349,3659.0,Fiscal Survey Fall 2020
ME,2020,272.7,3933.9,NASBO Fiscal Survey RDF dataset; GF = balance / pct,1,0.069321,3825.0,Fiscal Survey Fall 2021
ME,2021,497.3,3894.5,NASBO Fiscal Survey RDF dataset; GF = balance / pct,1,0.127693,3755.0,Fiscal Survey Fall 2022
ME,2022,907.1,4073.5,NASBO Fiscal Survey RDF dataset; GF = balance / pct,1,0.222683,3976.0,Fiscal Survey Fall 2023
ME,2023,907.1,4446.7,NASBO Fiscal Survey RDF dataset; GF = balance / pct,1,0.203994,4304.0,Fiscal Survey Fall 2024
ME,2024,968.3,5076.4,NASBO Fiscal Survey RDF dataset; GF = balance / pct,1,0.190745,4980.0,Fiscal Survey Fall 2025
ME,2025,1030.0,5513.1,NASBO Fiscal Survey RDF dataset; GF = balance / pct,1,0.186828,5485.0,Fiscal Survey Spring 2026
ME,2026,777.6,5896.3,NASBO Fiscal Survey RDF dataset; GF = balance / pct,1,0.131879,,Fiscal Survey Spring 2026; estimate (NASBO: latest two years are estimates/projections)
MD,1992,0.0,,NASBO Fiscal Survey RDF dataset,1,0.0,6233.4,Fiscal Survey Fall 1993; balance 0 (NASBO reports negative balances as 0); GF spending not derivable
MD,1993,51.0,6382.0,NASBO Fiscal Survey RDF dataset; GF = balance / pct,1,0.007991,6388.9,Fiscal Survey Fall 1994
MD,1994,162.0,6603.0,NASBO Fiscal Survey RDF dataset; GF = balance / pct,1,0.024534,6606.6,Fiscal Survey Fall 1995
MD,1995,286.0,7000.0,NASBO Fiscal Survey RDF dataset; GF = balance / pct,1,0.040857,7000.4,Fiscal Survey Fall 1996
MD,1996,461.0,7383.0,NASBO Fiscal Survey RDF dataset; GF = balance / pct,1,0.062441,7388.2,Fiscal Survey Fall 1997
MD,1997,490.0,7374.0,NASBO Fiscal Survey RDF dataset; GF = balance / pct,1,0.06645,7379.9,Fiscal Survey Fall 1998
MD,1998,618.0,7816.0,NASBO Fiscal Survey RDF dataset; GF = balance / pct,1,0.079069,7859.2,Fiscal Survey Fall 1999
MD,1999,635.0,8535.0,NASBO Fiscal Survey RDF dataset; GF = balance / pct,1,0.0744,8543.9,Fiscal Survey Fall 2000
MD,2000,582.0,9022.0,NASBO Fiscal Survey RDF dataset; GF = balance / pct,1,0.064509,9031.0,Fiscal Survey Fall 2001
MD,2001,888.0,10230.0,NASBO Fiscal Survey RDF dataset; GF = balance / pct,1,0.086804,10238.0,Fiscal Survey Fall 2002
MD,2002,548.0,10947.0,NASBO Fiscal Survey RDF dataset; GF = balance / pct,1,0.050059,10572.0,Fiscal Survey Fall 2003
MD,2003,490.2,10346.5,NASBO Fiscal Survey RDF dataset; GF = balance / pct,1,0.047378,7176.0,Fiscal Survey Fall 2004
MD,2004,496.6,10250.3,NASBO Fiscal Survey RDF dataset; GF = balance / pct,1,0.048447,10262.0,Fiscal Survey Fall 2005
MD,2005,521.4,11263.8,NASBO Fiscal Survey RDF dataset; GF = balance / pct,1,0.04629,11275.0,Fiscal Survey Fall 2006
MD,2006,758.8,12341.5,NASBO Fiscal Survey RDF dataset; GF = balance / pct,1,0.061484,12356.0,Fiscal Survey Fall 2007
MD,2007,1432.2,14174.4,NASBO Fiscal Survey RDF dataset; GF = balance / pct,1,0.101041,14204.0,Fiscal Survey Fall 2008
MD,2008,684.7520012200002,14438.9,NASBO Fiscal Survey RDF dataset; GF = balance / pct,1,0.047424,14488.0,Fiscal Survey Fall 2009
MD,2009,691.8,14308.7,NASBO Fiscal Survey RDF dataset; GF = balance / pct,1,0.048348,14352.9,Fiscal Survey Fall 2010
MD,2010,611.6,13428.6,NASBO Fiscal Survey RDF dataset; GF = balance / pct,1,0.045545,13442.3,Fiscal Survey Fall 2011
MD,2011,624.4,13238.3,NASBO Fiscal Survey RDF dataset; GF = balance / pct,1,0.047166,13281.0,Fiscal Survey Fall 2012
MD,2012,671.52829,14935.4,NASBO Fiscal Survey RDF dataset; GF = balance / pct,1,0.044962,14951.0,Fiscal Survey Fall 2013
MD,2013,705.0,15104.9,NASBO Fiscal Survey RDF dataset; GF = balance / pct,1,0.046674,15127.0,Fiscal Survey Fall 2014
MD,2014,763.6,15659.0,NASBO Fiscal Survey RDF dataset; GF = balance / pct,1,0.048764,15603.0,Fiscal Survey Fall 2015
MD,2015,773.5,15994.6,NASBO Fiscal Survey RDF dataset; GF = balance / pct,1,0.04836,15902.0,Fiscal Survey Fall 2016
MD,2016,832.4,16641.5,NASBO Fiscal Survey RDF dataset; GF = balance / pct,1,0.05002,16239.0,Fiscal Survey Fall 2017
MD,2017,832.5,17288.8,NASBO Fiscal Survey RDF dataset; GF = balance / pct,1,0.048153,17153.0,Fiscal Survey Fall 2018
MD,2018,856.8,17286.9,NASBO Fiscal Survey RDF dataset; GF = balance / pct,1,0.049564,17169.0,Fiscal Survey Fall 2019
MD,2019,876.5,17912.1,NASBO Fiscal Survey RDF dataset; GF = balance / pct,1,0.048933,17869.0,Fiscal Survey Fall 2020
MD,2020,1177.2,19531.2,NASBO Fiscal Survey RDF dataset; GF = balance / pct,1,0.060273,18961.0,Fiscal Survey Fall 2021
MD,2021,631.2,18913.7,NASBO Fiscal Survey RDF dataset; GF = balance / pct,1,0.033373,18796.0,Fiscal Survey Fall 2022
MD,2022,1662.3,21198.6,NASBO Fiscal Survey RDF dataset; GF = balance / pct,1,0.078416,21034.0,Fiscal Survey Fall 2023
MD,2023,2957.6,27972.1,NASBO Fiscal Survey RDF dataset; GF = balance / pct,1,0.105734,27972.0,Fiscal Survey Fall 2024
MD,2024,2410.7,27397.1,NASBO Fiscal Survey RDF dataset; GF = balance / pct,1,0.087991,27397.0,Fiscal Survey Fall 2025
MD,2025,2531.0,27433.0,NASBO Fiscal Survey RDF dataset; GF = balance / pct,1,0.092261,27457.0,Fiscal Survey Spring 2026
MD,2026,2171.0,27996.4,NASBO Fiscal Survey RDF dataset; GF = balance / pct,1,0.077546,,Fiscal Survey Spring 2026; estimate (NASBO: latest two years are estimates/projections)
MA,1992,230.0,13104.0,NASBO Fiscal Survey RDF dataset; GF = balance / pct,1,0.017552,10723.4,Fiscal Survey Fall 1993
MA,1993,310.0,11646.0,NASBO Fiscal Survey RDF dataset; GF = balance / pct,1,0.026619,11646.2,Fiscal Survey Fall 1994
MA,1994,383.0,14977.0,NASBO Fiscal Survey RDF dataset; GF = balance / pct,1,0.025573,12075.7,Fiscal Survey Fall 1995
MA,1995,425.0,15705.0,NASBO Fiscal Survey RDF dataset; GF = balance / pct,1,0.027061,13280.8,Fiscal Survey Fall 1996
MA,1996,543.0,16881.0,NASBO Fiscal Survey RDF dataset; GF = balance / pct,1,0.032166,13842.0,Fiscal Survey Fall 1997
MA,1997,799.0,17645.0,NASBO Fiscal Survey RDF dataset; GF = balance / pct,1,0.045282,15133.5,Fiscal Survey Fall 1998
MA,1998,1160.0,17285.0,NASBO Fiscal Survey RDF dataset; GF = balance / pct,1,0.06711,15217.6,Fiscal Survey Fall 1999
MA,1999,1389.0,18369.9,NASBO Fiscal Survey RDF dataset; GF = balance / pct,1,0.075613,16214.4,Fiscal Survey Fall 2000
MA,2000,1608.365,20837.5,NASBO Fiscal Survey RDF dataset; GF = balance / pct,1,0.077186,18656.5,Fiscal Survey Fall 2001
MA,2001,1715.0,22141.0,NASBO Fiscal Survey RDF dataset; GF = balance / pct,1,0.077458,22133.4,Fiscal Survey Fall 2002
MA,2002,881.8,22800.3,NASBO Fiscal Survey RDF dataset; GF = balance / pct,1,0.038675,19869.0,Fiscal Survey Fall 2003
MA,2003,641.3,22439.1,NASBO Fiscal Survey RDF dataset; GF = balance / pct,1,0.02858,19412.0,Fiscal Survey Fall 2004
MA,2004,1137.3,22848.3,NASBO Fiscal Survey RDF dataset; GF = balance / pct,1,0.049776,18311.0,Fiscal Survey Fall 2005
MA,2005,1728.4,23779.1,NASBO Fiscal Survey RDF dataset; GF = balance / pct,1,0.072686,19954.0,Fiscal Survey Fall 2006
MA,2006,2154.7,25584.6,NASBO Fiscal Survey RDF dataset; GF = balance / pct,1,0.084219,25601.0,Fiscal Survey Fall 2007
MA,2007,2335.0,28922.9,NASBO Fiscal Survey RDF dataset; GF = balance / pct,1,0.080732,27589.0,Fiscal Survey Fall 2008
MA,2008,2119.2,33034.7,NASBO Fiscal Survey RDF dataset; GF = balance / pct,1,0.064151,28933.5,Fiscal Survey Fall 2009
MA,2009,841.3,32570.4,NASBO Fiscal Survey RDF dataset; GF = balance / pct,1,0.02583,27403.9,Fiscal Survey Fall 2010
MA,2010,669.8,30423.6,NASBO Fiscal Survey RDF dataset; GF = balance / pct,1,0.022016,21874.4,Fiscal Survey Fall 2011
MA,2011,1379.1,32077.6,NASBO Fiscal Survey RDF dataset; GF = balance / pct,1,0.042993,21997.1,Fiscal Survey Fall 2012
MA,2012,1652.1,32457.6,NASBO Fiscal Survey RDF dataset; GF = balance / pct,1,0.0509,25825.5,Fiscal Survey Fall 2013
MA,2013,1556.8,33894.3,NASBO Fiscal Survey RDF dataset; GF = balance / pct,1,0.045931,27325.8,Fiscal Survey Fall 2014
MA,2014,1248.0,35897.0,NASBO Fiscal Survey RDF dataset; GF = balance / pct,1,0.034766,28594.0,Fiscal Survey Fall 2015
MA,2015,1252.4,38116.3,NASBO Fiscal Survey RDF dataset; GF = balance / pct,1,0.032857,28583.0,Fiscal Survey Fall 2016
MA,2016,1291.5,40454.2,NASBO Fiscal Survey RDF dataset; GF = balance / pct,1,0.031925,27625.0,Fiscal Survey Fall 2017
MA,2017,1300.7,41201.5,NASBO Fiscal Survey RDF dataset; GF = balance / pct,1,0.031569,26436.0,Fiscal Survey Fall 2018
MA,2018,2001.3,31503.4,NASBO Fiscal Survey RDF dataset; GF = balance / pct,1,0.063526,27194.5,Fiscal Survey Fall 2019
MA,2019,3424.4,33038.1,NASBO Fiscal Survey RDF dataset; GF = balance / pct,1,0.10365,28639.0,Fiscal Survey Fall 2020
MA,2020,3501.2,34185.4,NASBO Fiscal Survey RDF dataset; GF = balance / pct,1,0.102418,29508.0,Fiscal Survey Fall 2021
MA,2021,4626.4,30739.5,NASBO Fiscal Survey RDF dataset; GF = balance / pct,1,0.150503,30631.0,Fiscal Survey Fall 2022
MA,2022,6937.9,40204.1,NASBO Fiscal Survey RDF dataset; GF = balance / pct,1,0.172567,32366.0,Fiscal Survey Fall 2023
MA,2023,8036.1,45051.5,NASBO Fiscal Survey RDF dataset; GF = balance / pct,1,0.178376,34287.0,Fiscal Survey Fall 2024
MA,2024,8523.6,48985.7,NASBO Fiscal Survey RDF dataset; GF = balance / pct,1,0.174002,35720.0,Fiscal Survey Fall 2025
MA,2025,8523.6,51876.3,NASBO Fiscal Survey RDF dataset; GF = balance / pct,1,0.164306,40158.0,Fiscal Survey Spring 2026
MA,2026,8144.0,51501.0,NASBO Fiscal Survey RDF dataset; GF = balance / pct,1,0.158133,,Fiscal Survey Spring 2026; estimate (NASBO: latest two years are estimates/projections)
MI,1992,20.0,7406.0,NASBO Fiscal Survey RDF dataset; GF = balance / pct,1,0.002701,7405.5,Fiscal Survey Fall 1993
MI,1993,303.0,7808.0,NASBO Fiscal Survey RDF dataset; GF = balance / pct,1,0.038806,7822.0,Fiscal Survey Fall 1994
MI,1994,776.0,7719.0,NASBO Fiscal Survey RDF dataset; GF = balance / pct,1,0.100531,7719.0,Fiscal Survey Fall 1995
MI,1995,1003.0,7841.5,NASBO Fiscal Survey RDF dataset; GF = balance / pct,1,0.127909,7842.0,Fiscal Survey Fall 1996
MI,1996,1153.6,8673.0,NASBO Fiscal Survey RDF dataset; GF = balance / pct,1,0.13301,8270.0,Fiscal Survey Fall 1997
MI,1997,1152.0,8313.0,NASBO Fiscal Survey RDF dataset; GF = balance / pct,1,0.138578,8214.0,Fiscal Survey Fall 1998
MI,1998,1000.0,8647.3,NASBO Fiscal Survey RDF dataset; GF = balance / pct,1,0.115643,8685.8,Fiscal Survey Fall 1999
MI,1999,1223.0,9422.1,NASBO Fiscal Survey RDF dataset; GF = balance / pct,1,0.129801,9272.7,Fiscal Survey Fall 2000
MI,2000,1264.4,9576.0,NASBO Fiscal Survey RDF dataset; GF = balance / pct,1,0.132038,9404.6,Fiscal Survey Fall 2001
MI,2001,994.2,9719.3,NASBO Fiscal Survey RDF dataset; GF = balance / pct,1,0.102291,9859.2,Fiscal Survey Fall 2002
MI,2002,145.2,9125.5,NASBO Fiscal Survey RDF dataset; GF = balance / pct,1,0.015911,9298.0,Fiscal Survey Fall 2003
MI,2003,0.0,,NASBO Fiscal Survey RDF dataset,1,0.0,8999.6,Fiscal Survey Fall 2004; balance 0 (NASBO reports negative balances as 0); GF spending not derivable
MI,2004,81.3,8750.7,NASBO Fiscal Survey RDF dataset; GF = balance / pct,1,0.009291,8722.0,Fiscal Survey Fall 2005
MI,2005,1.9,8644.3,NASBO Fiscal Survey RDF dataset; GF = balance / pct,1,0.00022,8794.1,Fiscal Survey Fall 2006
MI,2006,2.1,9027.5,NASBO Fiscal Survey RDF dataset; GF = balance / pct,1,0.000233,9248.1,Fiscal Survey Fall 2007
MI,2007,2.1,8985.6,NASBO Fiscal Survey RDF dataset; GF = balance / pct,1,0.000234,9187.1,Fiscal Survey Fall 2008
MI,2008,2.2,9884.7,NASBO Fiscal Survey RDF dataset; GF = balance / pct,1,0.000223,9822.1,Fiscal Survey Fall 2009
MI,2009,2.2,8455.6,NASBO Fiscal Survey RDF dataset; GF = balance / pct,1,0.00026,8506.2,Fiscal Survey Fall 2010
MI,2010,2.2,7705.2,NASBO Fiscal Survey RDF dataset; GF = balance / pct,1,0.000286,7695.6,Fiscal Survey Fall 2011
MI,2011,2.2,8216.6,NASBO Fiscal Survey RDF dataset; GF = balance / pct,1,0.000268,8359.9,Fiscal Survey Fall 2012
MI,2012,365.1,8246.3,NASBO Fiscal Survey RDF dataset; GF = balance / pct,1,0.044274,8618.8,Fiscal Survey Fall 2013
MI,2013,505.6,8851.4,NASBO Fiscal Survey RDF dataset; GF = balance / pct,1,0.057121,8881.9,Fiscal Survey Fall 2014
MI,2014,386.2,8981.0,NASBO Fiscal Survey RDF dataset; GF = balance / pct,1,0.043002,9484.9,Fiscal Survey Fall 2015
MI,2015,498.1,9202.5,NASBO Fiscal Survey RDF dataset; GF = balance / pct,1,0.054127,9649.0,Fiscal Survey Fall 2016
MI,2016,612.4,9684.3,NASBO Fiscal Survey RDF dataset; GF = balance / pct,1,0.063236,10095.0,Fiscal Survey Fall 2017
MI,2017,710.0,9809.4,NASBO Fiscal Survey RDF dataset; GF = balance / pct,1,0.07238,9882.0,Fiscal Survey Fall 2018
MI,2018,1006.1,10082.4,NASBO Fiscal Survey RDF dataset; GF = balance / pct,1,0.099788,10148.0,Fiscal Survey Fall 2019
MI,2019,1148.6,10432.4,NASBO Fiscal Survey RDF dataset; GF = balance / pct,1,0.110099,10345.0,Fiscal Survey Fall 2020
MI,2020,829.2,8889.7,NASBO Fiscal Survey RDF dataset; GF = balance / pct,1,0.093276,8953.0,Fiscal Survey Fall 2021
MI,2021,1382.3,9990.7,NASBO Fiscal Survey RDF dataset; GF = balance / pct,1,0.138359,10155.0,Fiscal Survey Fall 2022
MI,2022,1588.9,11428.4,NASBO Fiscal Survey RDF dataset; GF = balance / pct,1,0.139031,10331.0,Fiscal Survey Fall 2023
MI,2023,1780.3,16871.7,NASBO Fiscal Survey RDF dataset; GF = balance / pct,1,0.10552,14861.0,Fiscal Survey Fall 2024
MI,2024,1996.5,15542.2,NASBO Fiscal Survey RDF dataset; GF = balance / pct,1,0.128457,15129.0,Fiscal Survey Fall 2025
MI,2025,2157.4,15760.3,NASBO Fiscal Survey RDF dataset; GF = balance / pct,1,0.136888,14876.0,Fiscal Survey Spring 2026
MI,2026,1817.2,13902.8,NASBO Fiscal Survey RDF dataset; GF = balance / pct,1,0.130707,,Fiscal Survey Spring 2026; estimate (NASBO: latest two years are estimates/projections)
MN,1992,400.0,7171.0,NASBO Fiscal Survey RDF dataset; GF = balance / pct,1,0.05578,7268.1,Fiscal Survey Fall 1993
MN,1993,360.0,7326.0,NASBO Fiscal Survey RDF dataset; GF = balance / pct,1,0.04914,7439.7,Fiscal Survey Fall 1994
MN,1994,500.0,8136.0,NASBO Fiscal Survey RDF dataset; GF = balance / pct,1,0.061455,8353.5,Fiscal Survey Fall 1995
MN,1995,,,NASBO Fiscal Survey RDF dataset,0,0.0,8833.6,Fiscal Survey Fall 1996
MN,1996,570.0,9078.0,NASBO Fiscal Survey RDF dataset; GF = balance / pct,1,0.062789,9266.2,Fiscal Survey Fall 1997
MN,1997,584.0,9551.0,NASBO Fiscal Survey RDF dataset; GF = balance / pct,1,0.061145,9730.4,Fiscal Survey Fall 1998
MN,1998,1847.0,10212.0,NASBO Fiscal Survey RDF dataset; GF = balance / pct,1,0.180866,10436.0,Fiscal Survey Fall 1999
MN,1999,1542.0,10980.8,NASBO Fiscal Survey RDF dataset; GF = balance / pct,1,0.140427,11177.0,Fiscal Survey Fall 2000
MN,2000,1379.7,11476.3,NASBO Fiscal Survey RDF dataset; GF = balance / pct,1,0.120222,11699.0,Fiscal Survey Fall 2001
MN,2001,1574.2,12702.7,NASBO Fiscal Survey RDF dataset; GF = balance / pct,1,0.123926,12755.0,Fiscal Survey Fall 2002
MN,2002,0.0,,NASBO Fiscal Survey RDF dataset,1,0.0,12333.0,Fiscal Survey Fall 2003; balance 0 (NASBO reports negative balances as 0); GF spending not derivable
MN,2003,103.7,13894.2,NASBO Fiscal Survey RDF dataset; GF = balance / pct,1,0.007464,14216.0,Fiscal Survey Fall 2004
MN,2004,1003.0,13599.7,NASBO Fiscal Survey RDF dataset; GF = balance / pct,1,0.073752,14087.0,Fiscal Survey Fall 2005
MN,2005,1339.7,14528.6,NASBO Fiscal Survey RDF dataset; GF = balance / pct,1,0.092211,15042.0,Fiscal Survey Fall 2006
MN,2006,1112.7,15542.3,NASBO Fiscal Survey RDF dataset; GF = balance / pct,1,0.071592,16117.0,Fiscal Survey Fall 2007
MN,2007,1145.3,15947.2,NASBO Fiscal Survey RDF dataset; GF = balance / pct,1,0.071818,16517.0,Fiscal Survey Fall 2008
MN,2008,1222.1,17005.0,NASBO Fiscal Survey RDF dataset; GF = balance / pct,1,0.071867,17600.0,Fiscal Survey Fall 2009
MN,2009,0.0,,NASBO Fiscal Survey RDF dataset,1,0.0,17555.0,Fiscal Survey Fall 2010; balance 0 (NASBO reports negative balances as 0); GF spending not derivable
MN,2010,0.0,,NASBO Fiscal Survey RDF dataset,1,0.0,15425.0,Fiscal Survey Fall 2011; balance 0 (NASBO reports negative balances as 0); GF spending not derivable
MN,2011,8.7,15334.7,NASBO Fiscal Survey RDF dataset; GF = balance / pct,1,0.000567,16332.0,Fiscal Survey Fall 2012
MN,2012,657.6,16579.9,NASBO Fiscal Survey RDF dataset; GF = balance / pct,1,0.039662,16580.0,Fiscal Survey Fall 2013
MN,2013,656.0,18739.0,NASBO Fiscal Survey RDF dataset; GF = balance / pct,1,0.035007,18739.5,Fiscal Survey Fall 2014
MN,2014,660.992,19348.0,NASBO Fiscal Survey RDF dataset; GF = balance / pct,1,0.034163,19348.0,Fiscal Survey Fall 2015
MN,2015,994.339,20292.8,NASBO Fiscal Survey RDF dataset; GF = balance / pct,1,0.048999,20292.8,Fiscal Survey Fall 2016
MN,2016,1969.057,20152.0,NASBO Fiscal Survey RDF dataset; GF = balance / pct,1,0.09771,20152.0,Fiscal Survey Fall 2017
MN,2017,1980.264,21102.8,NASBO Fiscal Survey RDF dataset; GF = balance / pct,1,0.093839,21102.8,Fiscal Survey Fall 2018
MN,2018,2092.418,22347.2,NASBO Fiscal Survey RDF dataset; GF = balance / pct,1,0.093632,22347.0,Fiscal Survey Fall 2019
MN,2019,2479.808,23054.2,NASBO Fiscal Survey RDF dataset; GF = balance / pct,1,0.107564,23054.2,Fiscal Survey Fall 2020
MN,2020,3010.456,23778.0,NASBO Fiscal Survey RDF dataset; GF = balance / pct,1,0.126607,23778.0,Fiscal Survey Fall 2021
MN,2021,2863.061,23646.6,NASBO Fiscal Survey RDF dataset; GF = balance / pct,1,0.121077,23646.6,Fiscal Survey Fall 2022
MN,2022,3251.87,24686.4,NASBO Fiscal Survey RDF dataset; GF = balance / pct,1,0.131727,24686.0,Fiscal Survey Fall 2023
MN,2023,3202.098,27243.4,NASBO Fiscal Survey RDF dataset; GF = balance / pct,1,0.117537,27244.2,Fiscal Survey Fall 2024
MN,2024,6425.308,35282.3,NASBO Fiscal Survey RDF dataset; GF = balance / pct,1,0.182111,35282.3,Fiscal Survey Fall 2025
MN,2025,5394.843,34002.5,NASBO Fiscal Survey RDF dataset; GF = balance / pct,1,0.15866,35552.5,Fiscal Survey Spring 2026
MN,2026,3771.764,35574.7,NASBO Fiscal Survey RDF dataset; GF = balance / pct,1,0.106024,,Fiscal Survey Spring 2026; estimate (NASBO: latest two years are estimates/projections)
MS,1992,47.0,1945.0,NASBO Fiscal Survey RDF dataset; GF = balance / pct,1,0.024165,1945.0,Fiscal Survey Fall 1993
MS,1993,160.0,1985.0,NASBO Fiscal Survey RDF dataset; GF = balance / pct,1,0.080605,1985.0,Fiscal Survey Fall 1994
MS,1994,195.0,2149.0,NASBO Fiscal Survey RDF dataset; GF = balance / pct,1,0.09074,2150.3,Fiscal Survey Fall 1995
MS,1995,204.0,2601.8,NASBO Fiscal Survey RDF dataset; GF = balance / pct,1,0.078407,2516.6,Fiscal Survey Fall 1996
MS,1996,204.0,2731.0,NASBO Fiscal Survey RDF dataset; GF = balance / pct,1,0.074698,2583.0,Fiscal Survey Fall 1997
MS,1997,210.0,2854.0,NASBO Fiscal Survey RDF dataset; GF = balance / pct,1,0.073581,2694.1,Fiscal Survey Fall 1998
MS,1998,213.0,2933.1,NASBO Fiscal Survey RDF dataset; GF = balance / pct,1,0.072619,2945.8,Fiscal Survey Fall 1999
MS,1999,225.0,3100.4,NASBO Fiscal Survey RDF dataset; GF = balance / pct,1,0.072571,3146.5,Fiscal Survey Fall 2000
MS,2000,231.9,3514.8,NASBO Fiscal Survey RDF dataset; GF = balance / pct,1,0.065978,3403.0,Fiscal Survey Fall 2001
MS,2001,189.5,3615.9,NASBO Fiscal Survey RDF dataset; GF = balance / pct,1,0.052407,3398.0,Fiscal Survey Fall 2002
MS,2002,111.0,3578.7,NASBO Fiscal Survey RDF dataset; GF = balance / pct,1,0.031017,3757.0,Fiscal Survey Fall 2003
MS,2003,22.6,3457.5,NASBO Fiscal Survey RDF dataset; GF = balance / pct,1,0.006537,3255.3,Fiscal Survey Fall 2004
MS,2004,41.0,3591.0,NASBO Fiscal Survey RDF dataset; GF = balance / pct,1,0.011417,3166.1,Fiscal Survey Fall 2005
MS,2005,19.9,3678.0,NASBO Fiscal Survey RDF dataset; GF = balance / pct,1,0.005411,3620.5,Fiscal Survey Fall 2006
MS,2006,73.4,4314.4,NASBO Fiscal Survey RDF dataset; GF = balance / pct,1,0.017013,3654.0,Fiscal Survey Fall 2007
MS,2007,54.2,4371.5,NASBO Fiscal Survey RDF dataset; GF = balance / pct,1,0.012398,3969.1,Fiscal Survey Fall 2008
MS,2008,365.0,5144.6,NASBO Fiscal Survey RDF dataset; GF = balance / pct,1,0.070948,4842.2,Fiscal Survey Fall 2009
MS,2009,334.0,4984.0,NASBO Fiscal Survey RDF dataset; GF = balance / pct,1,0.067014,4802.4,Fiscal Survey Fall 2010
MS,2010,257.0,4319.7,NASBO Fiscal Survey RDF dataset; GF = balance / pct,1,0.059495,4453.9,Fiscal Survey Fall 2011
MS,2011,191.0,4528.3,NASBO Fiscal Survey RDF dataset; GF = balance / pct,1,0.042179,4367.0,Fiscal Survey Fall 2012
MS,2012,99.6,4803.2,NASBO Fiscal Survey RDF dataset; GF = balance / pct,1,0.020736,4525.9,Fiscal Survey Fall 2013
MS,2013,31.5,4744.1,NASBO Fiscal Survey RDF dataset; GF = balance / pct,1,0.00664,4699.0,Fiscal Survey Fall 2014
MS,2014,109.5,5416.0,NASBO Fiscal Survey RDF dataset; GF = balance / pct,1,0.020218,5015.0,Fiscal Survey Fall 2015
MS,2015,395.0,5529.4,NASBO Fiscal Survey RDF dataset; GF = balance / pct,1,0.071436,5453.7,Fiscal Survey Fall 2016
MS,2016,349.8,5734.5,NASBO Fiscal Survey RDF dataset; GF = balance / pct,1,0.060999,5671.7,Fiscal Survey Fall 2017
MS,2017,268.5,5656.3,NASBO Fiscal Survey RDF dataset; GF = balance / pct,1,0.047469,5645.3,Fiscal Survey Fall 2018
MS,2018,295.3,5575.6,NASBO Fiscal Survey RDF dataset; GF = balance / pct,1,0.052963,5574.9,Fiscal Survey Fall 2019
MS,2019,349.7,5533.5,NASBO Fiscal Survey RDF dataset; GF = balance / pct,1,0.063197,5536.0,Fiscal Survey Fall 2020
MS,2020,500.75139,5731.4,NASBO Fiscal Survey RDF dataset; GF = balance / pct,1,0.08737,5733.0,Fiscal Survey Fall 2021
MS,2021,541.7,5559.1,NASBO Fiscal Survey RDF dataset; GF = balance / pct,1,0.097444,5559.0,Fiscal Survey Fall 2022
MS,2022,558.3,5766.1,NASBO Fiscal Survey RDF dataset; GF = balance / pct,1,0.096825,5767.0,Fiscal Survey Fall 2023
MS,2023,581.4,6347.1,NASBO Fiscal Survey RDF dataset; GF = balance / pct,1,0.091601,6315.0,Fiscal Survey Fall 2024
MS,2024,641.7,6667.8,NASBO Fiscal Survey RDF dataset; GF = balance / pct,1,0.096239,6635.0,Fiscal Survey Fall 2025
MS,2025,678.0,7018.0,NASBO Fiscal Survey RDF dataset; GF = balance / pct,1,0.096609,7041.0,Fiscal Survey Spring 2026
MS,2026,703.6,7142.4,NASBO Fiscal Survey RDF dataset; GF = balance / pct,1,0.098511,,Fiscal Survey Spring 2026; estimate (NASBO: latest two years are estimates/projections)
MO,1992,17.0,4287.0,NASBO Fiscal Survey RDF dataset; GF = balance / pct,1,0.003965,4287.0,Fiscal Survey Fall 1993
MO,1993,25.0,4299.0,NASBO Fiscal Survey RDF dataset; GF = balance / pct,1,0.005815,4323.0,Fiscal Survey Fall 1994
MO,1994,37.0,4660.0,NASBO Fiscal Survey RDF dataset; GF = balance / pct,1,0.00794,4660.0,Fiscal Survey Fall 1995
MO,1995,24.0,5261.0,NASBO Fiscal Survey RDF dataset; GF = balance / pct,1,0.004562,5262.0,Fiscal Survey Fall 1996
MO,1996,29.0,5822.0,NASBO Fiscal Survey RDF dataset; GF = balance / pct,1,0.004981,5822.0,Fiscal Survey Fall 1997
MO,1997,121.0,6482.0,NASBO Fiscal Survey RDF dataset; GF = balance / pct,1,0.018667,6482.0,Fiscal Survey Fall 1998
MO,1998,128.0,6579.0,NASBO Fiscal Survey RDF dataset; GF = balance / pct,1,0.019456,6579.0,Fiscal Survey Fall 1999
MO,1999,135.0,7063.1,NASBO Fiscal Survey RDF dataset; GF = balance / pct,1,0.019113,7063.2,Fiscal Survey Fall 2000
MO,2000,142.8,7349.7,NASBO Fiscal Survey RDF dataset; GF = balance / pct,1,0.019429,7320.0,Fiscal Survey Fall 2001
MO,2001,452.0,7730.0,NASBO Fiscal Survey RDF dataset; GF = balance / pct,1,0.058473,6610.0,Fiscal Survey Fall 2002
MO,2002,469.9,7642.8,NASBO Fiscal Survey RDF dataset; GF = balance / pct,1,0.061483,6601.0,Fiscal Survey Fall 2003
MO,2003,462.4,6381.9,NASBO Fiscal Survey RDF dataset; GF = balance / pct,1,0.072455,6379.0,Fiscal Survey Fall 2004
MO,2004,444.2,6662.0,NASBO Fiscal Survey RDF dataset; GF = balance / pct,1,0.066677,6660.0,Fiscal Survey Fall 2005
MO,2005,463.3,7120.8,NASBO Fiscal Survey RDF dataset; GF = balance / pct,1,0.065063,7126.0,Fiscal Survey Fall 2006
MO,2006,493.0,7125.3,NASBO Fiscal Survey RDF dataset; GF = balance / pct,1,0.06919,7126.0,Fiscal Survey Fall 2007
MO,2007,536.5,7863.8,NASBO Fiscal Survey RDF dataset; GF = balance / pct,1,0.068224,7798.0,Fiscal Survey Fall 2008
MO,2008,557.3,8074.2,NASBO Fiscal Survey RDF dataset; GF = balance / pct,1,0.069022,8084.0,Fiscal Survey Fall 2009
MO,2009,560.0,8448.6,NASBO Fiscal Survey RDF dataset; GF = balance / pct,1,0.066283,8402.0,Fiscal Survey Fall 2010
MO,2010,527.4,7569.8,NASBO Fiscal Survey RDF dataset; GF = balance / pct,1,0.069672,7565.4,Fiscal Survey Fall 2011
MO,2011,506.7,7631.3,NASBO Fiscal Survey RDF dataset; GF = balance / pct,1,0.066398,7630.0,Fiscal Survey Fall 2012
MO,2012,497.8,7937.7,NASBO Fiscal Survey RDF dataset; GF = balance / pct,1,0.062713,7938.0,Fiscal Survey Fall 2013
MO,2013,504.5,8024.3,NASBO Fiscal Survey RDF dataset; GF = balance / pct,1,0.062872,8022.0,Fiscal Survey Fall 2014
MO,2014,557.2,8385.0,NASBO Fiscal Survey RDF dataset; GF = balance / pct,1,0.066452,8349.0,Fiscal Survey Fall 2015
MO,2015,542.8,8744.1,NASBO Fiscal Survey RDF dataset; GF = balance / pct,1,0.062076,8771.6,Fiscal Survey Fall 2016
MO,2016,585.6,9028.5,NASBO Fiscal Survey RDF dataset; GF = balance / pct,1,0.064861,9018.0,Fiscal Survey Fall 2017
MO,2017,591.3,9156.1,NASBO Fiscal Survey RDF dataset; GF = balance / pct,1,0.06458,9153.0,Fiscal Survey Fall 2018
MO,2018,616.2,9266.7,NASBO Fiscal Survey RDF dataset; GF = balance / pct,1,0.066496,9263.0,Fiscal Survey Fall 2019
MO,2019,651.3,9540.6,NASBO Fiscal Survey RDF dataset; GF = balance / pct,1,0.068266,9536.0,Fiscal Survey Fall 2020
MO,2020,652.3,9211.5,NASBO Fiscal Survey RDF dataset; GF = balance / pct,1,0.070814,9152.0,Fiscal Survey Fall 2021
MO,2021,603.9,9789.4,NASBO Fiscal Survey RDF dataset; GF = balance / pct,1,0.061689,9759.0,Fiscal Survey Fall 2022
MO,2022,772.1,10466.7,NASBO Fiscal Survey RDF dataset; GF = balance / pct,1,0.073767,10466.0,Fiscal Survey Fall 2023
MO,2023,893.3,12525.2,NASBO Fiscal Survey RDF dataset; GF = balance / pct,1,0.07132,12526.0,Fiscal Survey Fall 2024
MO,2024,927.8,14561.8,NASBO Fiscal Survey RDF dataset; GF = balance / pct,1,0.063715,14561.0,Fiscal Survey Fall 2025
MO,2025,954.6,15717.5,NASBO Fiscal Survey RDF dataset; GF = balance / pct,1,0.060735,14129.0,Fiscal Survey Spring 2026
MO,2026,954.56,16506.6,NASBO Fiscal Survey RDF dataset; GF = balance / pct,1,0.057829,,Fiscal Survey Spring 2026; estimate (NASBO: latest two years are estimates/projections)
MT,1992,0.0,,NASBO Fiscal Survey RDF dataset,1,0.0,521.2,Fiscal Survey Fall 1993; balance 0 (NASBO reports negative balances as 0); GF spending not derivable
MT,1993,0.0,,NASBO Fiscal Survey RDF dataset,1,0.0,521.9,Fiscal Survey Fall 1994; balance 0 (NASBO reports negative balances as 0); GF spending not derivable
MT,1994,0.0,,NASBO Fiscal Survey RDF dataset,1,0.0,904.0,Fiscal Survey Fall 1995; balance 0 (NASBO reports negative balances as 0); GF spending not derivable
MT,1995,0.0,,NASBO Fiscal Survey RDF dataset,1,0.0,945.0,Fiscal Survey Fall 1996; balance 0 (NASBO reports negative balances as 0); GF spending not derivable
MT,1996,0.0,,NASBO Fiscal Survey RDF dataset,1,0.0,983.0,Fiscal Survey Fall 1997; balance 0 (NASBO reports negative balances as 0); GF spending not derivable
MT,1997,0.0,,NASBO Fiscal Survey RDF dataset,1,0.0,993.0,Fiscal Survey Fall 1998; balance 0 (NASBO reports negative balances as 0); GF spending not derivable
MT,1998,0.0,,NASBO Fiscal Survey RDF dataset,1,0.0,1021.0,Fiscal Survey Fall 1999; balance 0 (NASBO reports negative balances as 0); GF spending not derivable
MT,1999,0.0,,NASBO Fiscal Survey RDF dataset,1,0.0,1037.0,Fiscal Survey Fall 2000; balance 0 (NASBO reports negative balances as 0); GF spending not derivable
MT,2000,0.0,,NASBO Fiscal Survey RDF dataset,1,0.0,1102.5,Fiscal Survey Fall 2001; balance 0 (NASBO reports negative balances as 0); GF spending not derivable
MT,2001,0.0,,NASBO Fiscal Survey RDF dataset,1,0.0,1268.0,Fiscal Survey Fall 2002; balance 0 (NASBO reports negative balances as 0); GF spending not derivable
MT,2002,0.0,,NASBO Fiscal Survey RDF dataset,1,0.0,1348.5,Fiscal Survey Fall 2003; balance 0 (NASBO reports negative balances as 0); GF spending not derivable
MT,2003,0.0,,NASBO Fiscal Survey RDF dataset,1,0.0,1264.1,Fiscal Survey Fall 2004; balance 0 (NASBO reports negative balances as 0); GF spending not derivable
MT,2004,0.0,,NASBO Fiscal Survey RDF dataset,1,0.0,1271.8,Fiscal Survey Fall 2005; balance 0 (NASBO reports negative balances as 0); GF spending not derivable
MT,2005,0.0,,NASBO Fiscal Survey RDF dataset,1,0.0,1344.2,Fiscal Survey Fall 2006; balance 0 (NASBO reports negative balances as 0); GF spending not derivable
MT,2006,0.0,,NASBO Fiscal Survey RDF dataset,1,0.0,1557.6,Fiscal Survey Fall 2007; balance 0 (NASBO reports negative balances as 0); GF spending not derivable
MT,2007,0.0,,NASBO Fiscal Survey RDF dataset,1,0.0,1657.3,Fiscal Survey Fall 2008; balance 0 (NASBO reports negative balances as 0); GF spending not derivable
MT,2008,0.0,,NASBO Fiscal Survey RDF dataset,1,0.0,1901.0,Fiscal Survey Fall 2009; balance 0 (NASBO reports negative balances as 0); GF spending not derivable
MT,2009,0.0,,NASBO Fiscal Survey RDF dataset,1,0.0,1753.0,Fiscal Survey Fall 2010; balance 0 (NASBO reports negative balances as 0); GF spending not derivable
MT,2010,0.0,,NASBO Fiscal Survey RDF dataset,1,0.0,1628.0,Fiscal Survey Fall 2011; balance 0 (NASBO reports negative balances as 0); GF spending not derivable
MT,2011,0.0,,NASBO Fiscal Survey RDF dataset,1,0.0,1701.0,Fiscal Survey Fall 2012; balance 0 (NASBO reports negative balances as 0); GF spending not derivable
MT,2012,0.0,,NASBO Fiscal Survey RDF dataset,1,0.0,1764.0,Fiscal Survey Fall 2013; balance 0 (NASBO reports negative balances as 0); GF spending not derivable
MT,2013,0.0,,NASBO Fiscal Survey RDF dataset,1,0.0,1947.0,Fiscal Survey Fall 2014; balance 0 (NASBO reports negative balances as 0); GF spending not derivable
MT,2014,0.0,,NASBO Fiscal Survey RDF dataset,1,0.0,2041.0,Fiscal Survey Fall 2015; balance 0 (NASBO reports negative balances as 0); GF spending not derivable
MT,2015,0.0,,NASBO Fiscal Survey RDF dataset,1,0.0,2138.0,Fiscal Survey Fall 2016; balance 0 (NASBO reports negative balances as 0); GF spending not derivable
MT,2016,0.0,,NASBO Fiscal Survey RDF dataset,1,0.0,2237.1,Fiscal Survey Fall 2017; balance 0 (NASBO reports negative balances as 0); GF spending not derivable
MT,2017,0.0,,NASBO Fiscal Survey RDF dataset,1,0.0,2333.0,Fiscal Survey Fall 2018; balance 0 (NASBO reports negative balances as 0); GF spending not derivable
MT,2018,0.0,,NASBO Fiscal Survey RDF dataset,1,0.0,2242.0,Fiscal Survey Fall 2019; balance 0 (NASBO reports negative balances as 0); GF spending not derivable
MT,2019,60.0,2405.4,NASBO Fiscal Survey RDF dataset; GF = balance / pct,1,0.024944,2304.0,Fiscal Survey Fall 2020
MT,2020,114.0,2436.2,NASBO Fiscal Survey RDF dataset; GF = balance / pct,1,0.046794,2329.5,Fiscal Survey Fall 2021
MT,2021,114.0,2699.0,NASBO Fiscal Survey RDF dataset; GF = balance / pct,1,0.042238,2390.0,Fiscal Survey Fall 2022
MT,2022,118.7,2752.7,NASBO Fiscal Survey RDF dataset; GF = balance / pct,1,0.043121,2460.0,Fiscal Survey Fall 2023
MT,2023,520.0,4769.9,NASBO Fiscal Survey RDF dataset; GF = balance / pct,1,0.109017,2617.0,Fiscal Survey Fall 2024
MT,2024,521.764263,3338.7,NASBO Fiscal Survey RDF dataset; GF = balance / pct,1,0.156276,2684.5,Fiscal Survey Fall 2025
MT,2025,520.0,3708.3,NASBO Fiscal Survey RDF dataset; GF = balance / pct,1,0.140226,2859.2,Fiscal Survey Spring 2026
MT,2026,520.0,3388.1,NASBO Fiscal Survey RDF dataset; GF = balance / pct,1,0.153478,,Fiscal Survey Spring 2026; estimate (NASBO: latest two years are estimates/projections)
NE,1992,27.0,1545.0,NASBO Fiscal Survey RDF dataset; GF = balance / pct,1,0.017476,1545.2,Fiscal Survey Fall 1993
NE,1993,17.0,1614.0,NASBO Fiscal Survey RDF dataset; GF = balance / pct,1,0.010533,1614.1,Fiscal Survey Fall 1994
NE,1994,28.0,1612.0,NASBO Fiscal Survey RDF dataset; GF = balance / pct,1,0.01737,1611.7,Fiscal Survey Fall 1995
NE,1995,21.0,1682.8,NASBO Fiscal Survey RDF dataset; GF = balance / pct,1,0.012479,1682.7,Fiscal Survey Fall 1996
NE,1996,18.0,1758.0,NASBO Fiscal Survey RDF dataset; GF = balance / pct,1,0.010239,1759.6,Fiscal Survey Fall 1997
NE,1997,41.0,1870.0,NASBO Fiscal Survey RDF dataset; GF = balance / pct,1,0.021925,1872.0,Fiscal Survey Fall 1998
NE,1998,133.0,1931.7,NASBO Fiscal Survey RDF dataset; GF = balance / pct,1,0.068851,1932.2,Fiscal Survey Fall 1999
NE,1999,146.0,2232.6,NASBO Fiscal Survey RDF dataset; GF = balance / pct,1,0.065395,2235.2,Fiscal Survey Fall 2000
NE,2000,142.2,2344.1,NASBO Fiscal Survey RDF dataset; GF = balance / pct,1,0.060663,2344.0,Fiscal Survey Fall 2001
NE,2001,170.2,2477.9,NASBO Fiscal Survey RDF dataset; GF = balance / pct,1,0.068687,2479.0,Fiscal Survey Fall 2002
NE,2002,110.1,2598.7,NASBO Fiscal Survey RDF dataset; GF = balance / pct,1,0.042367,2599.0,Fiscal Survey Fall 2003
NE,2003,59.1,2619.0,NASBO Fiscal Survey RDF dataset; GF = balance / pct,1,0.022566,2618.8,Fiscal Survey Fall 2004
NE,2004,87.0,2575.5,NASBO Fiscal Survey RDF dataset; GF = balance / pct,1,0.03378,2576.0,Fiscal Survey Fall 2005
NE,2005,177.2,2720.4,NASBO Fiscal Survey RDF dataset; GF = balance / pct,1,0.065137,2737.1,Fiscal Survey Fall 2006
NE,2006,273.6,2915.8,NASBO Fiscal Survey RDF dataset; GF = balance / pct,1,0.093834,2915.4,Fiscal Survey Fall 2007
NE,2007,516.1,3125.0,NASBO Fiscal Survey RDF dataset; GF = balance / pct,1,0.165152,3126.0,Fiscal Survey Fall 2008
NE,2008,545.5,3247.6,NASBO Fiscal Survey RDF dataset; GF = balance / pct,1,0.16797,3247.0,Fiscal Survey Fall 2009
NE,2009,578.2,3328.6,NASBO Fiscal Survey RDF dataset; GF = balance / pct,1,0.173707,3329.0,Fiscal Survey Fall 2010
NE,2010,467.2,3313.0,NASBO Fiscal Survey RDF dataset; GF = balance / pct,1,0.14102,3313.0,Fiscal Survey Fall 2011
NE,2011,313.2,3321.7,NASBO Fiscal Survey RDF dataset; GF = balance / pct,1,0.094289,3324.0,Fiscal Survey Fall 2012
NE,2012,428.9,3445.7,NASBO Fiscal Survey RDF dataset; GF = balance / pct,1,0.124474,3445.3,Fiscal Survey Fall 2013
NE,2013,384.1,3589.4,NASBO Fiscal Survey RDF dataset; GF = balance / pct,1,0.10701,3589.4,Fiscal Survey Fall 2014
NE,2014,719.1,3791.0,NASBO Fiscal Survey RDF dataset; GF = balance / pct,1,0.189686,3791.5,Fiscal Survey Fall 2015
NE,2015,727.8,4030.4,NASBO Fiscal Survey RDF dataset; GF = balance / pct,1,0.180578,4030.1,Fiscal Survey Fall 2016
NE,2016,730.7,4195.6,NASBO Fiscal Survey RDF dataset; GF = balance / pct,1,0.174159,4196.0,Fiscal Survey Fall 2017
NE,2017,680.7,4329.4,NASBO Fiscal Survey RDF dataset; GF = balance / pct,1,0.157227,4329.0,Fiscal Survey Fall 2018
NE,2018,340.0,4349.7,NASBO Fiscal Survey RDF dataset; GF = balance / pct,1,0.078166,4350.0,Fiscal Survey Fall 2019
NE,2019,333.5,4366.6,NASBO Fiscal Survey RDF dataset; GF = balance / pct,1,0.076375,4367.0,Fiscal Survey Fall 2020
NE,2020,426.3,4498.6,NASBO Fiscal Survey RDF dataset; GF = balance / pct,1,0.094763,4499.0,Fiscal Survey Fall 2021
NE,2021,467.0,4526.0,NASBO Fiscal Survey RDF dataset; GF = balance / pct,1,0.103182,4526.0,Fiscal Survey Fall 2022
NE,2022,927.5,4672.0,NASBO Fiscal Survey RDF dataset; GF = balance / pct,1,0.198523,4672.0,Fiscal Survey Fall 2023
NE,2023,1637.9,5154.2,NASBO Fiscal Survey RDF dataset; GF = balance / pct,1,0.31778,5154.1,Fiscal Survey Fall 2024
NE,2024,912.8,5314.8,NASBO Fiscal Survey RDF dataset; GF = balance / pct,1,0.171747,5314.4,Fiscal Survey Fall 2025
NE,2025,877.1,5474.7,NASBO Fiscal Survey RDF dataset; GF = balance / pct,1,0.16021,5475.1,Fiscal Survey Spring 2026
NE,2026,821.1,5390.0,NASBO Fiscal Survey RDF dataset; GF = balance / pct,1,0.152338,,Fiscal Survey Spring 2026; estimate (NASBO: latest two years are estimates/projections)
NV,1992,0.0,,NASBO Fiscal Survey RDF dataset,1,0.0,0.0,Fiscal Survey Fall 1993; balance 0 (NASBO reports negative balances as 0); GF spending not derivable
NV,1993,,,NASBO Fiscal Survey RDF dataset,0,0.0,1035.3,Fiscal Survey Fall 1994
NV,1994,18.0,1043.0,NASBO Fiscal Survey RDF dataset; GF = balance / pct,1,0.017258,1023.3,Fiscal Survey Fall 1995
NV,1995,100.0,1317.0,NASBO Fiscal Survey RDF dataset; GF = balance / pct,1,0.07593,1103.4,Fiscal Survey Fall 1996
NV,1996,123.0,1257.0,NASBO Fiscal Survey RDF dataset; GF = balance / pct,1,0.097852,0.0,Fiscal Survey Fall 1997
NV,1997,129.0,1319.0,NASBO Fiscal Survey RDF dataset; GF = balance / pct,1,0.097801,0.0,Fiscal Survey Fall 1998
NV,1998,129.0,1464.0,NASBO Fiscal Survey RDF dataset; GF = balance / pct,1,0.088115,1487.6,Fiscal Survey Fall 1999
NV,1999,129.0,1623.9,NASBO Fiscal Survey RDF dataset; GF = balance / pct,1,0.079438,1582.5,Fiscal Survey Fall 2000
NV,2000,136.341,1607.7,NASBO Fiscal Survey RDF dataset; GF = balance / pct,1,0.084803,1574.0,Fiscal Survey Fall 2001
NV,2001,136.3,1838.3,NASBO Fiscal Survey RDF dataset; GF = balance / pct,1,0.074145,1691.0,Fiscal Survey Fall 2002
NV,2002,136.3,1889.4,NASBO Fiscal Survey RDF dataset; GF = balance / pct,1,0.072139,1822.0,Fiscal Survey Fall 2003
NV,2003,1.3,2036.5,NASBO Fiscal Survey RDF dataset; GF = balance / pct,1,0.000638,1952.0,Fiscal Survey Fall 2004
NV,2004,72.0,2389.1,NASBO Fiscal Survey RDF dataset; GF = balance / pct,1,0.030137,2090.6,Fiscal Survey Fall 2005
NV,2005,155.7,3101.4,NASBO Fiscal Survey RDF dataset; GF = balance / pct,1,0.050203,2323.8,Fiscal Survey Fall 2006
NV,2006,184.0,2933.5,NASBO Fiscal Survey RDF dataset; GF = balance / pct,1,0.062724,2890.7,Fiscal Survey Fall 2007
NV,2007,267.6,3592.0,NASBO Fiscal Survey RDF dataset; GF = balance / pct,1,0.074499,2902.8,Fiscal Survey Fall 2008
NV,2008,72.6,3436.2,NASBO Fiscal Survey RDF dataset; GF = balance / pct,1,0.021128,4031.4,Fiscal Survey Fall 2009
NV,2009,0.6,3777.0,NASBO Fiscal Survey RDF dataset; GF = balance / pct,1,0.000159,3777.0,Fiscal Survey Fall 2010
NV,2010,0.0,,NASBO Fiscal Survey RDF dataset,1,0.0,3018.0,Fiscal Survey Fall 2011; balance 0 (NASBO reports negative balances as 0); GF spending not derivable
NV,2011,0.0,,NASBO Fiscal Survey RDF dataset,1,0.0,3175.0,Fiscal Survey Fall 2012; balance 0 (NASBO reports negative balances as 0); GF spending not derivable
NV,2012,39.2,3068.1,NASBO Fiscal Survey RDF dataset; GF = balance / pct,1,0.012777,3062.0,Fiscal Survey Fall 2013
NV,2013,84.7,3289.2,NASBO Fiscal Survey RDF dataset; GF = balance / pct,1,0.025751,3185.0,Fiscal Survey Fall 2014
NV,2014,28.1,3291.0,NASBO Fiscal Survey RDF dataset; GF = balance / pct,1,0.008538,3125.0,Fiscal Survey Fall 2015
NV,2015,0.0,,NASBO Fiscal Survey RDF dataset,1,0.0,3400.0,Fiscal Survey Fall 2016; balance 0 (NASBO reports negative balances as 0); GF spending not derivable
NV,2016,0.0,,NASBO Fiscal Survey RDF dataset,1,0.0,3602.0,Fiscal Survey Fall 2017; balance 0 (NASBO reports negative balances as 0); GF spending not derivable
NV,2017,146.2,3990.0,NASBO Fiscal Survey RDF dataset; GF = balance / pct,1,0.036642,3990.0,Fiscal Survey Fall 2018
NV,2018,179.9,4018.0,NASBO Fiscal Survey RDF dataset; GF = balance / pct,1,0.044774,4032.6,Fiscal Survey Fall 2019
NV,2019,331.7,4419.0,NASBO Fiscal Survey RDF dataset; GF = balance / pct,1,0.075062,4452.4,Fiscal Survey Fall 2020
NV,2020,0.0,,NASBO Fiscal Survey RDF dataset,1,0.0,4467.0,Fiscal Survey Fall 2021; balance 0 (NASBO reports negative balances as 0); GF spending not derivable
NV,2021,97.5,4569.7,NASBO Fiscal Survey RDF dataset; GF = balance / pct,1,0.021336,4570.0,Fiscal Survey Fall 2022
NV,2022,340.01,4537.1,NASBO Fiscal Survey RDF dataset; GF = balance / pct,1,0.074939,4527.0,Fiscal Survey Fall 2023
NV,2023,1173.7,4768.7,NASBO Fiscal Survey RDF dataset; GF = balance / pct,1,0.246126,4742.0,Fiscal Survey Fall 2024
NV,2024,1173.70257,5383.3,NASBO Fiscal Survey RDF dataset; GF = balance / pct,1,0.218025,5273.0,Fiscal Survey Fall 2025
NV,2025,1243.622734,6632.6,NASBO Fiscal Survey RDF dataset; GF = balance / pct,1,0.187501,6149.0,Fiscal Survey Spring 2026
NV,2026,1294.94284524,6987.3,NASBO Fiscal Survey RDF dataset; GF = balance / pct,1,0.185329,,Fiscal Survey Spring 2026; estimate (NASBO: latest two years are estimates/projections)
NH,1992,0.0,,NASBO Fiscal Survey RDF dataset,1,0.0,719.7,Fiscal Survey Fall 1993; balance 0 (NASBO reports negative balances as 0); GF spending not derivable
NH,1993,20.0,787.0,NASBO Fiscal Survey RDF dataset; GF = balance / pct,1,0.025413,752.0,Fiscal Survey Fall 1994
NH,1994,119.0,817.0,NASBO Fiscal Survey RDF dataset; GF = balance / pct,1,0.145655,816.6,Fiscal Survey Fall 1995
NH,1995,20.0,854.4,NASBO Fiscal Survey RDF dataset; GF = balance / pct,1,0.023408,857.8,Fiscal Survey Fall 1996
NH,1996,20.0,852.0,NASBO Fiscal Survey RDF dataset; GF = balance / pct,1,0.023474,844.1,Fiscal Survey Fall 1997
NH,1997,20.0,848.0,NASBO Fiscal Survey RDF dataset; GF = balance / pct,1,0.023585,853.2,Fiscal Survey Fall 1998
NH,1998,20.0,917.6,NASBO Fiscal Survey RDF dataset; GF = balance / pct,1,0.021796,916.4,Fiscal Survey Fall 1999
NH,1999,20.0,934.8,NASBO Fiscal Survey RDF dataset; GF = balance / pct,1,0.021395,940.8,Fiscal Survey Fall 2000
NH,2000,20.0,1028.0,NASBO Fiscal Survey RDF dataset; GF = balance / pct,1,0.019455,1046.6,Fiscal Survey Fall 2001
NH,2001,55.2,1063.0,NASBO Fiscal Survey RDF dataset; GF = balance / pct,1,0.051929,1070.0,Fiscal Survey Fall 2002
NH,2002,0.0,,NASBO Fiscal Survey RDF dataset,1,0.0,1174.0,Fiscal Survey Fall 2003; balance 0 (NASBO reports negative balances as 0); GF spending not derivable
NH,2003,17.3,1260.2,NASBO Fiscal Survey RDF dataset; GF = balance / pct,1,0.013728,1244.1,Fiscal Survey Fall 2004
NH,2004,17.3,1295.4,NASBO Fiscal Survey RDF dataset; GF = balance / pct,1,0.013355,1304.7,Fiscal Survey Fall 2005
NH,2005,17.3,1324.7,NASBO Fiscal Survey RDF dataset; GF = balance / pct,1,0.01306,1394.0,Fiscal Survey Fall 2006
NH,2006,69.0,1333.7,NASBO Fiscal Survey RDF dataset; GF = balance / pct,1,0.051736,1346.0,Fiscal Survey Fall 2007
NH,2007,89.0,1365.9,NASBO Fiscal Survey RDF dataset; GF = balance / pct,1,0.065159,1391.0,Fiscal Survey Fall 2008
NH,2008,89.0,1528.4,NASBO Fiscal Survey RDF dataset; GF = balance / pct,1,0.058231,1515.0,Fiscal Survey Fall 2009
NH,2009,9.3,1417.5,NASBO Fiscal Survey RDF dataset; GF = balance / pct,1,0.006561,1438.0,Fiscal Survey Fall 2010
NH,2010,9.3,1405.1,NASBO Fiscal Survey RDF dataset; GF = balance / pct,1,0.006619,1380.0,Fiscal Survey Fall 2011
NH,2011,9.3,1311.3,NASBO Fiscal Survey RDF dataset; GF = balance / pct,1,0.007092,1326.0,Fiscal Survey Fall 2012
NH,2012,9.3,1240.5,NASBO Fiscal Survey RDF dataset; GF = balance / pct,1,0.007497,1280.0,Fiscal Survey Fall 2013
NH,2013,9.3,1256.9,NASBO Fiscal Survey RDF dataset; GF = balance / pct,1,0.007399,1266.0,Fiscal Survey Fall 2014
NH,2014,9.3,1251.0,NASBO Fiscal Survey RDF dataset; GF = balance / pct,1,0.007434,1251.0,Fiscal Survey Fall 2015
NH,2015,22.3,1278.1,NASBO Fiscal Survey RDF dataset; GF = balance / pct,1,0.017448,1258.0,Fiscal Survey Fall 2016
NH,2016,93.0,1383.8,NASBO Fiscal Survey RDF dataset; GF = balance / pct,1,0.067206,1385.0,Fiscal Survey Fall 2017
NH,2017,100.0,1511.2,NASBO Fiscal Survey RDF dataset; GF = balance / pct,1,0.066173,1512.0,Fiscal Survey Fall 2018
NH,2018,110.0,1504.1,NASBO Fiscal Survey RDF dataset; GF = balance / pct,1,0.073133,1504.0,Fiscal Survey Fall 2019
NH,2019,115.3,1504.8,NASBO Fiscal Survey RDF dataset; GF = balance / pct,1,0.076621,1504.0,Fiscal Survey Fall 2020
NH,2020,115.5,1688.1,NASBO Fiscal Survey RDF dataset; GF = balance / pct,1,0.06842,1688.0,Fiscal Survey Fall 2021
NH,2021,257.8,1605.7,NASBO Fiscal Survey RDF dataset; GF = balance / pct,1,0.160553,1606.0,Fiscal Survey Fall 2022
NH,2022,159.9,1607.2,NASBO Fiscal Survey RDF dataset; GF = balance / pct,1,0.09949,1607.0,Fiscal Survey Fall 2023
NH,2023,292.5,2135.8,NASBO Fiscal Survey RDF dataset; GF = balance / pct,1,0.136951,2136.0,Fiscal Survey Fall 2024
NH,2024,292.5,1980.8,NASBO Fiscal Survey RDF dataset; GF = balance / pct,1,0.147668,1981.0,Fiscal Survey Fall 2025
NH,2025,225.2,2009.7,NASBO Fiscal Survey RDF dataset; GF = balance / pct,1,0.112057,2010.0,Fiscal Survey Spring 2026
NH,2026,225.2,1958.3,NASBO Fiscal Survey RDF dataset; GF = balance / pct,1,0.114995,,Fiscal Survey Spring 2026; estimate (NASBO: latest two years are estimates/projections)
NJ,1992,0.0,,NASBO Fiscal Survey RDF dataset,1,0.0,14706.0,Fiscal Survey Fall 1993; balance 0 (NASBO reports negative balances as 0); GF spending not derivable
NJ,1993,65.0,14301.0,NASBO Fiscal Survey RDF dataset; GF = balance / pct,1,0.004545,14300.9,Fiscal Survey Fall 1994
NJ,1994,159.0,14617.0,NASBO Fiscal Survey RDF dataset; GF = balance / pct,1,0.010878,14616.7,Fiscal Survey Fall 1995
NJ,1995,263.0,14946.5,NASBO Fiscal Survey RDF dataset; GF = balance / pct,1,0.017596,14946.4,Fiscal Survey Fall 1996
NJ,1996,272.0,15532.0,NASBO Fiscal Survey RDF dataset; GF = balance / pct,1,0.017512,15840.3,Fiscal Survey Fall 1997
NJ,1997,388.0,15858.0,NASBO Fiscal Survey RDF dataset; GF = balance / pct,1,0.024467,15857.9,Fiscal Survey Fall 1998
NJ,1998,534.0,16752.6,NASBO Fiscal Survey RDF dataset; GF = balance / pct,1,0.031876,16752.6,Fiscal Survey Fall 1999
NJ,1999,627.0,18070.2,NASBO Fiscal Survey RDF dataset; GF = balance / pct,1,0.034698,18070.2,Fiscal Survey Fall 2000
NJ,2000,698.2,19458.5,NASBO Fiscal Survey RDF dataset; GF = balance / pct,1,0.035881,19458.2,Fiscal Survey Fall 2001
NJ,2001,720.0,20810.7,NASBO Fiscal Survey RDF dataset; GF = balance / pct,1,0.034598,20811.0,Fiscal Survey Fall 2002
NJ,2002,0.0,,NASBO Fiscal Survey RDF dataset,1,0.0,21997.0,Fiscal Survey Fall 2003; balance 0 (NASBO reports negative balances as 0); GF spending not derivable
NJ,2003,0.0,,NASBO Fiscal Survey RDF dataset,1,0.0,23172.0,Fiscal Survey Fall 2004; balance 0 (NASBO reports negative balances as 0); GF spending not derivable
NJ,2004,282.4,24363.9,NASBO Fiscal Survey RDF dataset; GF = balance / pct,1,0.011591,24364.0,Fiscal Survey Fall 2005
NJ,2005,288.7,27844.2,NASBO Fiscal Survey RDF dataset; GF = balance / pct,1,0.010368,27844.0,Fiscal Survey Fall 2006
NJ,2006,559.8,28033.0,NASBO Fiscal Survey RDF dataset; GF = balance / pct,1,0.019969,28033.0,Fiscal Survey Fall 2007
NJ,2007,484.6,30284.1,NASBO Fiscal Survey RDF dataset; GF = balance / pct,1,0.016002,30284.0,Fiscal Survey Fall 2008
NJ,2008,734.7,33111.8,NASBO Fiscal Survey RDF dataset; GF = balance / pct,1,0.022188,33112.0,Fiscal Survey Fall 2009
NJ,2009,0.0,,NASBO Fiscal Survey RDF dataset,1,0.0,30825.0,Fiscal Survey Fall 2010; balance 0 (NASBO reports negative balances as 0); GF spending not derivable
NJ,2010,0.0,,NASBO Fiscal Survey RDF dataset,1,0.0,28285.0,Fiscal Survey Fall 2011; balance 0 (NASBO reports negative balances as 0); GF spending not derivable
NJ,2011,0.0,,NASBO Fiscal Survey RDF dataset,1,0.0,27932.0,Fiscal Survey Fall 2012; balance 0 (NASBO reports negative balances as 0); GF spending not derivable
NJ,2012,0.0,,NASBO Fiscal Survey RDF dataset,1,0.0,30379.0,Fiscal Survey Fall 2013; balance 0 (NASBO reports negative balances as 0); GF spending not derivable
NJ,2013,0.0,,NASBO Fiscal Survey RDF dataset,1,0.0,31195.0,Fiscal Survey Fall 2014; balance 0 (NASBO reports negative balances as 0); GF spending not derivable
NJ,2014,0.0,,NASBO Fiscal Survey RDF dataset,1,0.0,31103.0,Fiscal Survey Fall 2015; balance 0 (NASBO reports negative balances as 0); GF spending not derivable
NJ,2015,0.0,,NASBO Fiscal Survey RDF dataset,1,0.0,32261.0,Fiscal Survey Fall 2016; balance 0 (NASBO reports negative balances as 0); GF spending not derivable
NJ,2016,0.0,,NASBO Fiscal Survey RDF dataset,1,0.0,33151.0,Fiscal Survey Fall 2017; balance 0 (NASBO reports negative balances as 0); GF spending not derivable
NJ,2017,0.0,,NASBO Fiscal Survey RDF dataset,1,0.0,33827.0,Fiscal Survey Fall 2018; balance 0 (NASBO reports negative balances as 0); GF spending not derivable
NJ,2018,0.0,,NASBO Fiscal Survey RDF dataset,1,0.0,35124.0,Fiscal Survey Fall 2019; balance 0 (NASBO reports negative balances as 0); GF spending not derivable
NJ,2019,420.6,38014.3,NASBO Fiscal Survey RDF dataset; GF = balance / pct,1,0.011064,37191.0,Fiscal Survey Fall 2020
NJ,2020,6.7,38139.7,NASBO Fiscal Survey RDF dataset; GF = balance / pct,1,0.000176,37097.0,Fiscal Survey Fall 2021
NJ,2021,2446.9,44820.9,NASBO Fiscal Survey RDF dataset; GF = balance / pct,1,0.054593,42934.0,Fiscal Survey Fall 2022
NJ,2022,0.0,,NASBO Fiscal Survey RDF dataset,1,0.0,50001.0,Fiscal Survey Fall 2023; balance 0 (NASBO reports negative balances as 0); GF spending not derivable
NJ,2023,305.6,51329.9,NASBO Fiscal Survey RDF dataset; GF = balance / pct,1,0.005954,48837.0,Fiscal Survey Fall 2024
NJ,2024,322.3,55126.1,NASBO Fiscal Survey RDF dataset; GF = balance / pct,1,0.005847,52996.0,Fiscal Survey Fall 2025
NJ,2025,0.0,,NASBO Fiscal Survey RDF dataset,1,0.0,56906.0,Fiscal Survey Spring 2026; balance 0 (NASBO reports negative balances as 0); GF spending not derivable
NJ,2026,0.0,,NASBO Fiscal Survey RDF dataset,1,0.0,,Fiscal Survey Spring 2026; estimate (NASBO: latest two years are estimates/projections); balance 0 (NASBO reports negative balances as 0); GF spending not derivable
NM,1992,0.0,,NASBO Fiscal Survey RDF dataset,1,0.0,0.0,Fiscal Survey Fall 1993; balance 0 (NASBO reports negative balances as 0); GF spending not derivable
NM,1993,215.0,2172.0,NASBO Fiscal Survey RDF dataset; GF = balance / pct,1,0.098987,2170.5,Fiscal Survey Fall 1994
NM,1994,0.0,,NASBO Fiscal Survey RDF dataset,1,0.0,2488.8,Fiscal Survey Fall 1995; balance 0 (NASBO reports negative balances as 0); GF spending not derivable
NM,1995,59.0,2714.4,NASBO Fiscal Survey RDF dataset; GF = balance / pct,1,0.021736,2649.8,Fiscal Survey Fall 1996
NM,1996,144.0,2773.0,NASBO Fiscal Survey RDF dataset; GF = balance / pct,1,0.051929,2763.8,Fiscal Survey Fall 1997
NM,1997,,,NASBO Fiscal Survey RDF dataset,0,0.0,2894.0,Fiscal Survey Fall 1998
NM,1998,0.0,,NASBO Fiscal Survey RDF dataset,1,0.0,3073.6,Fiscal Survey Fall 1999; balance 0 (NASBO reports negative balances as 0); GF spending not derivable
NM,1999,185.0,3199.2,NASBO Fiscal Survey RDF dataset; GF = balance / pct,1,0.057827,3027.5,Fiscal Survey Fall 2000
NM,2000,0.0,,NASBO Fiscal Survey RDF dataset,1,0.0,3380.9,Fiscal Survey Fall 2001; balance 0 (NASBO reports negative balances as 0); GF spending not derivable
NM,2001,0.0,,NASBO Fiscal Survey RDF dataset,1,0.0,3595.0,Fiscal Survey Fall 2002; balance 0 (NASBO reports negative balances as 0); GF spending not derivable
NM,2002,0.0,,NASBO Fiscal Survey RDF dataset,1,0.0,3908.7,Fiscal Survey Fall 2003; balance 0 (NASBO reports negative balances as 0); GF spending not derivable
NM,2003,0.0,,NASBO Fiscal Survey RDF dataset,1,0.0,3851.0,Fiscal Survey Fall 2004; balance 0 (NASBO reports negative balances as 0); GF spending not derivable
NM,2004,447.3,4422.4,NASBO Fiscal Survey RDF dataset; GF = balance / pct,1,0.101144,4117.0,Fiscal Survey Fall 2005
NM,2005,688.1,4726.6,NASBO Fiscal Survey RDF dataset; GF = balance / pct,1,0.14558,4948.6,Fiscal Survey Fall 2006
NM,2006,798.2,5414.7,NASBO Fiscal Survey RDF dataset; GF = balance / pct,1,0.147414,5415.0,Fiscal Survey Fall 2007
NM,2007,651.0,5957.0,NASBO Fiscal Survey RDF dataset; GF = balance / pct,1,0.109283,5985.0,Fiscal Survey Fall 2008
NM,2008,735.1,6007.5,NASBO Fiscal Survey RDF dataset; GF = balance / pct,1,0.122364,6027.0,Fiscal Survey Fall 2009
NM,2009,388.6,6045.7,NASBO Fiscal Survey RDF dataset; GF = balance / pct,1,0.064277,6080.0,Fiscal Survey Fall 2010
NM,2010,278.1,5358.0,NASBO Fiscal Survey RDF dataset; GF = balance / pct,1,0.051904,5305.0,Fiscal Survey Fall 2011
NM,2011,500.8,5306.7,NASBO Fiscal Survey RDF dataset; GF = balance / pct,1,0.094371,5230.5,Fiscal Survey Fall 2012
NM,2012,712.9,5580.3,NASBO Fiscal Survey RDF dataset; GF = balance / pct,1,0.127753,5464.0,Fiscal Survey Fall 2013
NM,2013,651.4,5826.0,NASBO Fiscal Survey RDF dataset; GF = balance / pct,1,0.111809,5650.7,Fiscal Survey Fall 2014
NM,2014,637.9,5991.0,NASBO Fiscal Survey RDF dataset; GF = balance / pct,1,0.106476,5905.2,Fiscal Survey Fall 2015
NM,2015,613.1,6325.6,NASBO Fiscal Survey RDF dataset; GF = balance / pct,1,0.096924,6139.0,Fiscal Survey Fall 2016
NM,2016,147.8,6307.0,NASBO Fiscal Survey RDF dataset; GF = balance / pct,1,0.023434,6220.0,Fiscal Survey Fall 2017
NM,2017,0.0,,NASBO Fiscal Survey RDF dataset,1,0.0,6065.0,Fiscal Survey Fall 2018; balance 0 (NASBO reports negative balances as 0); GF spending not derivable
NM,2018,526.8,6190.8,NASBO Fiscal Survey RDF dataset; GF = balance / pct,1,0.085094,6102.0,Fiscal Survey Fall 2019
NM,2019,1834.0,7514.9,NASBO Fiscal Survey RDF dataset; GF = balance / pct,1,0.244048,6034.0,Fiscal Survey Fall 2020
NM,2020,2513.6,7672.3,NASBO Fiscal Survey RDF dataset; GF = balance / pct,1,0.32762,6979.8,Fiscal Survey Fall 2021
NM,2021,2504.8038786199995,8904.1,NASBO Fiscal Survey RDF dataset; GF = balance / pct,1,0.281308,7331.5,Fiscal Survey Fall 2022
NM,2022,3230.0,8065.9,NASBO Fiscal Survey RDF dataset; GF = balance / pct,1,0.40045,7438.0,Fiscal Survey Fall 2023
NM,2023,3988.2,10061.1,NASBO Fiscal Survey RDF dataset; GF = balance / pct,1,0.396398,8682.0,Fiscal Survey Fall 2024
NM,2024,3164.2,13087.5,NASBO Fiscal Survey RDF dataset; GF = balance / pct,1,0.241773,9974.9,Fiscal Survey Fall 2025
NM,2025,3181.4,13785.7,NASBO Fiscal Survey RDF dataset; GF = balance / pct,1,0.230775,10419.0,Fiscal Survey Spring 2026
NM,2026,3336.5,13843.8,NASBO Fiscal Survey RDF dataset; GF = balance / pct,1,0.24101,,Fiscal Survey Spring 2026; estimate (NASBO: latest two years are estimates/projections)
NY,1992,0.0,,NASBO Fiscal Survey RDF dataset,1,0.0,28057.5,Fiscal Survey Fall 1993; balance 0 (NASBO reports negative balances as 0); GF spending not derivable
NY,1993,67.0,30896.0,NASBO Fiscal Survey RDF dataset; GF = balance / pct,1,0.002169,29069.1,Fiscal Survey Fall 1994
NY,1994,,,NASBO Fiscal Survey RDF dataset,0,0.0,30152.3,Fiscal Survey Fall 1995
NY,1995,157.0,33399.0,NASBO Fiscal Survey RDF dataset; GF = balance / pct,1,0.004701,30578.3,Fiscal Survey Fall 1996
NY,1996,144.0,32679.0,NASBO Fiscal Survey RDF dataset; GF = balance / pct,1,0.004406,30907.9,Fiscal Survey Fall 1997
NY,1997,317.0,32897.0,NASBO Fiscal Survey RDF dataset; GF = balance / pct,1,0.009636,30636.4,Fiscal Survey Fall 1998
NY,1998,400.0,34347.0,NASBO Fiscal Survey RDF dataset; GF = balance / pct,1,0.011646,31444.0,Fiscal Survey Fall 1999
NY,1999,473.0,36487.0,NASBO Fiscal Survey RDF dataset; GF = balance / pct,1,0.012964,33717.0,Fiscal Survey Fall 2000
NY,2000,547.0,37170.0,NASBO Fiscal Survey RDF dataset; GF = balance / pct,1,0.014716,34281.0,Fiscal Survey Fall 2001
NY,2001,627.0,39702.0,NASBO Fiscal Survey RDF dataset; GF = balance / pct,1,0.015793,36840.0,Fiscal Survey Fall 2002
NY,2002,710.0,41222.0,NASBO Fiscal Survey RDF dataset; GF = balance / pct,1,0.017224,41222.0,Fiscal Survey Fall 2003
NY,2003,710.0,37613.0,NASBO Fiscal Survey RDF dataset; GF = balance / pct,1,0.018876,37612.4,Fiscal Survey Fall 2004
NY,2004,794.0,42065.0,NASBO Fiscal Survey RDF dataset; GF = balance / pct,1,0.018876,42066.0,Fiscal Survey Fall 2005
NY,2005,872.0,43619.0,NASBO Fiscal Survey RDF dataset; GF = balance / pct,1,0.019991,43619.0,Fiscal Survey Fall 2006
NY,2006,944.0,46495.0,NASBO Fiscal Survey RDF dataset; GF = balance / pct,1,0.020303,46495.0,Fiscal Survey Fall 2007
NY,2007,1031.0,51591.0,NASBO Fiscal Survey RDF dataset; GF = balance / pct,1,0.019984,51591.0,Fiscal Survey Fall 2008
NY,2008,1206.0,53384.9,NASBO Fiscal Survey RDF dataset; GF = balance / pct,1,0.022591,53384.9,Fiscal Survey Fall 2009
NY,2009,1206.0,54607.0,NASBO Fiscal Survey RDF dataset; GF = balance / pct,1,0.022085,54607.0,Fiscal Survey Fall 2010
NY,2010,1206.0,52202.0,NASBO Fiscal Survey RDF dataset; GF = balance / pct,1,0.023103,54262.0,Fiscal Survey Fall 2011
NY,2011,1206.0,55373.0,NASBO Fiscal Survey RDF dataset; GF = balance / pct,1,0.02178,53313.0,Fiscal Survey Fall 2012
NY,2012,1306.0,56489.0,NASBO Fiscal Survey RDF dataset; GF = balance / pct,1,0.02312,56489.0,Fiscal Survey Fall 2013
NY,2013,1306.0,58960.0,NASBO Fiscal Survey RDF dataset; GF = balance / pct,1,0.022151,58960.0,Fiscal Survey Fall 2014
NY,2014,1481.0,61243.0,NASBO Fiscal Survey RDF dataset; GF = balance / pct,1,0.024182,61243.0,Fiscal Survey Fall 2015
NY,2015,1798.0,62856.0,NASBO Fiscal Survey RDF dataset; GF = balance / pct,1,0.028605,62856.0,Fiscal Survey Fall 2016
NY,2016,1798.0,68042.0,NASBO Fiscal Survey RDF dataset; GF = balance / pct,1,0.026425,68042.0,Fiscal Survey Fall 2017
NY,2017,1798.0,68080.0,NASBO Fiscal Survey RDF dataset; GF = balance / pct,1,0.02641,68080.0,Fiscal Survey Fall 2018
NY,2018,1798.0,69724.0,NASBO Fiscal Survey RDF dataset; GF = balance / pct,1,0.025787,69724.0,Fiscal Survey Fall 2019
NY,2019,2048.0,72783.0,NASBO Fiscal Survey RDF dataset; GF = balance / pct,1,0.028138,72783.0,Fiscal Survey Fall 2020
NY,2020,2476.0,77469.0,NASBO Fiscal Survey RDF dataset; GF = balance / pct,1,0.031961,71371.0,Fiscal Survey Fall 2021
NY,2021,2476.0,74095.0,NASBO Fiscal Survey RDF dataset; GF = balance / pct,1,0.033417,66117.0,Fiscal Survey Fall 2022
NY,2022,3319.0,84418.0,NASBO Fiscal Survey RDF dataset; GF = balance / pct,1,0.039316,79105.0,Fiscal Survey Fall 2023
NY,2023,6256.0,90449.0,NASBO Fiscal Survey RDF dataset; GF = balance / pct,1,0.069166,84474.0,Fiscal Survey Fall 2024
NY,2024,6256.0,97867.0,NASBO Fiscal Survey RDF dataset; GF = balance / pct,1,0.063923,91070.0,Fiscal Survey Fall 2025
NY,2025,8756.0,105031.0,NASBO Fiscal Survey RDF dataset; GF = balance / pct,1,0.083366,97846.0,Fiscal Survey Spring 2026
NY,2026,9756.0,126295.0,NASBO Fiscal Survey RDF dataset; GF = balance / pct,1,0.077248,,Fiscal Survey Spring 2026; estimate (NASBO: latest two years are estimates/projections)
NC,1992,42.0,7810.0,NASBO Fiscal Survey RDF dataset; GF = balance / pct,1,0.005378,7652.7,Fiscal Survey Fall 1993
NC,1993,176.0,7879.0,NASBO Fiscal Survey RDF dataset; GF = balance / pct,1,0.022338,7879.0,Fiscal Survey Fall 1994
NC,1994,211.0,9004.0,NASBO Fiscal Survey RDF dataset; GF = balance / pct,1,0.023434,9003.6,Fiscal Survey Fall 1995
NC,1995,424.0,9509.9,NASBO Fiscal Survey RDF dataset; GF = balance / pct,1,0.044585,10034.4,Fiscal Survey Fall 1996
NC,1996,501.0,9685.0,NASBO Fiscal Survey RDF dataset; GF = balance / pct,1,0.051729,9809.4,Fiscal Survey Fall 1997
NC,1997,501.0,10467.0,NASBO Fiscal Survey RDF dataset; GF = balance / pct,1,0.047865,10464.9,Fiscal Survey Fall 1998
NC,1998,523.0,11436.0,NASBO Fiscal Survey RDF dataset; GF = balance / pct,1,0.045733,11495.5,Fiscal Survey Fall 1999
NC,1999,523.0,12962.0,NASBO Fiscal Survey RDF dataset; GF = balance / pct,1,0.040349,12961.7,Fiscal Survey Fall 2000
NC,2000,37.5,13853.7,NASBO Fiscal Survey RDF dataset; GF = balance / pct,1,0.002707,14094.2,Fiscal Survey Fall 2001
NC,2001,157.5,13445.5,NASBO Fiscal Survey RDF dataset; GF = balance / pct,1,0.011714,13446.1,Fiscal Survey Fall 2002
NC,2002,0.0,,NASBO Fiscal Survey RDF dataset,1,0.0,13740.0,Fiscal Survey Fall 2003; balance 0 (NASBO reports negative balances as 0); GF spending not derivable
NC,2003,150.0,13855.5,NASBO Fiscal Survey RDF dataset; GF = balance / pct,1,0.010826,13855.5,Fiscal Survey Fall 2004
NC,2004,267.1,14704.2,NASBO Fiscal Survey RDF dataset; GF = balance / pct,1,0.018165,14705.0,Fiscal Survey Fall 2005
NC,2005,312.6,15798.4,NASBO Fiscal Survey RDF dataset; GF = balance / pct,1,0.019787,15871.0,Fiscal Survey Fall 2006
NC,2006,628.8,17065.1,NASBO Fiscal Survey RDF dataset; GF = balance / pct,1,0.036847,17196.0,Fiscal Survey Fall 2007
NC,2007,786.6,18662.1,NASBO Fiscal Survey RDF dataset; GF = balance / pct,1,0.04215,18662.1,Fiscal Survey Fall 2008
NC,2008,786.6,20521.4,NASBO Fiscal Survey RDF dataset; GF = balance / pct,1,0.038331,20376.0,Fiscal Survey Fall 2009
NC,2009,150.0,19652.5,NASBO Fiscal Survey RDF dataset; GF = balance / pct,1,0.007633,19651.9,Fiscal Survey Fall 2010
NC,2010,150.0,18512.6,NASBO Fiscal Survey RDF dataset; GF = balance / pct,1,0.008103,18513.0,Fiscal Survey Fall 2011
NC,2011,295.6,18502.9,NASBO Fiscal Survey RDF dataset; GF = balance / pct,1,0.015976,18503.0,Fiscal Survey Fall 2012
NC,2012,418.8,19576.3,NASBO Fiscal Survey RDF dataset; GF = balance / pct,1,0.021393,20195.0,Fiscal Survey Fall 2013
NC,2013,651.3,20630.7,NASBO Fiscal Survey RDF dataset; GF = balance / pct,1,0.031569,20202.1,Fiscal Survey Fall 2014
NC,2014,651.4,20930.0,NASBO Fiscal Survey RDF dataset; GF = balance / pct,1,0.031123,20233.7,Fiscal Survey Fall 2015
NC,2015,851.6,20666.4,NASBO Fiscal Survey RDF dataset; GF = balance / pct,1,0.041207,20666.2,Fiscal Survey Fall 2016
NC,2016,1575.2,21205.2,NASBO Fiscal Survey RDF dataset; GF = balance / pct,1,0.074284,21205.1,Fiscal Survey Fall 2017
NC,2017,1838.2,22084.8,NASBO Fiscal Survey RDF dataset; GF = balance / pct,1,0.083234,22142.9,Fiscal Survey Fall 2018
NC,2018,1849.0,22746.3,NASBO Fiscal Survey RDF dataset; GF = balance / pct,1,0.081288,22746.4,Fiscal Survey Fall 2019
NC,2019,1849.0,23666.2,NASBO Fiscal Survey RDF dataset; GF = balance / pct,1,0.078128,23953.0,Fiscal Survey Fall 2020
NC,2020,1169.3,24062.0,NASBO Fiscal Survey RDF dataset; GF = balance / pct,1,0.048595,24609.0,Fiscal Survey Fall 2021
NC,2021,1982.0,23964.2,NASBO Fiscal Survey RDF dataset; GF = balance / pct,1,0.082707,19573.0,Fiscal Survey Fall 2022
NC,2022,3116.0,25793.4,NASBO Fiscal Survey RDF dataset; GF = balance / pct,1,0.120806,25793.0,Fiscal Survey Fall 2023
NC,2023,4750.00111398,26755.3,NASBO Fiscal Survey RDF dataset; GF = balance / pct,1,0.177535,26775.0,Fiscal Survey Fall 2024
NC,2024,4750.0,29216.0,NASBO Fiscal Survey RDF dataset; GF = balance / pct,1,0.162582,29215.5,Fiscal Survey Fall 2025
NC,2025,3622.5,31267.4,NASBO Fiscal Survey RDF dataset; GF = balance / pct,1,0.115855,31300.4,Fiscal Survey Spring 2026
NC,2026,3691.1,33273.8,NASBO Fiscal Survey RDF dataset; GF = balance / pct,1,0.110931,,Fiscal Survey Spring 2026; estimate (NASBO: latest two years are estimates/projections)
ND,1992,23.0,542.0,NASBO Fiscal Survey RDF dataset; GF = balance / pct,1,0.042435,562.3,Fiscal Survey Fall 1993
ND,1993,0.0,,NASBO Fiscal Survey RDF dataset,1,0.0,605.6,Fiscal Survey Fall 1994; balance 0 (NASBO reports negative balances as 0); GF spending not derivable
ND,1994,0.0,,NASBO Fiscal Survey RDF dataset,1,0.0,581.2,Fiscal Survey Fall 1995; balance 0 (NASBO reports negative balances as 0); GF spending not derivable
ND,1995,0.0,,NASBO Fiscal Survey RDF dataset,1,0.0,631.9,Fiscal Survey Fall 1996; balance 0 (NASBO reports negative balances as 0); GF spending not derivable
ND,1996,0.0,,NASBO Fiscal Survey RDF dataset,1,0.0,637.9,Fiscal Survey Fall 1997; balance 0 (NASBO reports negative balances as 0); GF spending not derivable
ND,1997,17.0,685.0,NASBO Fiscal Survey RDF dataset; GF = balance / pct,1,0.024818,668.0,Fiscal Survey Fall 1998
ND,1998,17.0,728.0,NASBO Fiscal Survey RDF dataset; GF = balance / pct,1,0.023352,708.8,Fiscal Survey Fall 1999
ND,1999,0.0,,NASBO Fiscal Survey RDF dataset,1,0.0,776.4,Fiscal Survey Fall 2000; balance 0 (NASBO reports negative balances as 0); GF spending not derivable
ND,2000,0.0,,NASBO Fiscal Survey RDF dataset,1,0.0,773.0,Fiscal Survey Fall 2001; balance 0 (NASBO reports negative balances as 0); GF spending not derivable
ND,2001,40.0,822.0,NASBO Fiscal Survey RDF dataset; GF = balance / pct,1,0.048662,819.0,Fiscal Survey Fall 2002
ND,2002,25.0,862.0,NASBO Fiscal Survey RDF dataset; GF = balance / pct,1,0.029002,862.0,Fiscal Survey Fall 2003
ND,2003,6.0,860.0,NASBO Fiscal Survey RDF dataset; GF = balance / pct,1,0.006977,860.0,Fiscal Survey Fall 2004
ND,2004,0.0,,NASBO Fiscal Survey RDF dataset,1,0.0,894.0,Fiscal Survey Fall 2005; balance 0 (NASBO reports negative balances as 0); GF spending not derivable
ND,2005,100.0,904.0,NASBO Fiscal Survey RDF dataset; GF = balance / pct,1,0.110619,904.0,Fiscal Survey Fall 2006
ND,2006,100.0,966.0,NASBO Fiscal Survey RDF dataset; GF = balance / pct,1,0.10352,966.0,Fiscal Survey Fall 2007
ND,2007,200.0,1012.0,NASBO Fiscal Survey RDF dataset; GF = balance / pct,1,0.197628,1012.0,Fiscal Survey Fall 2008
ND,2008,200.0,1204.0,NASBO Fiscal Survey RDF dataset; GF = balance / pct,1,0.166113,1204.0,Fiscal Survey Fall 2009
ND,2009,325.0,1237.0,NASBO Fiscal Survey RDF dataset; GF = balance / pct,1,0.262732,1240.0,Fiscal Survey Fall 2010
ND,2010,325.0,1584.9,NASBO Fiscal Survey RDF dataset; GF = balance / pct,1,0.20506,1595.0,Fiscal Survey Fall 2011
ND,2011,386.4,1651.3,NASBO Fiscal Survey RDF dataset; GF = balance / pct,1,0.233997,1615.0,Fiscal Survey Fall 2012
ND,2012,386.4,2222.7,NASBO Fiscal Survey RDF dataset; GF = balance / pct,1,0.173843,2223.0,Fiscal Survey Fall 2013
ND,2013,583.5,2353.3,NASBO Fiscal Survey RDF dataset; GF = balance / pct,1,0.24795,2220.0,Fiscal Survey Fall 2014
ND,2014,583.5,3237.0,NASBO Fiscal Survey RDF dataset; GF = balance / pct,1,0.180259,3237.0,Fiscal Survey Fall 2015
ND,2015,572.5,3270.2,NASBO Fiscal Survey RDF dataset; GF = balance / pct,1,0.175066,3338.0,Fiscal Survey Fall 2016
ND,2016,572.5,3009.3,NASBO Fiscal Survey RDF dataset; GF = balance / pct,1,0.190244,3013.0,Fiscal Survey Fall 2017
ND,2017,38.3,2502.9,NASBO Fiscal Survey RDF dataset; GF = balance / pct,1,0.015302,2600.0,Fiscal Survey Fall 2018
ND,2018,113.3,2160.3,NASBO Fiscal Survey RDF dataset; GF = balance / pct,1,0.052446,2103.0,Fiscal Survey Fall 2019
ND,2019,659.2,2206.3,NASBO Fiscal Survey RDF dataset; GF = balance / pct,1,0.298781,2175.0,Fiscal Survey Fall 2020
ND,2020,717.2,2332.6,NASBO Fiscal Survey RDF dataset; GF = balance / pct,1,0.307468,2333.0,Fiscal Survey Fall 2021
ND,2021,748.9,2361.9,NASBO Fiscal Survey RDF dataset; GF = balance / pct,1,0.317075,2329.0,Fiscal Survey Fall 2022
ND,2022,717.4,2322.8,NASBO Fiscal Survey RDF dataset; GF = balance / pct,1,0.308851,2415.0,Fiscal Survey Fall 2023
ND,2023,737.8,2613.6,NASBO Fiscal Survey RDF dataset; GF = balance / pct,1,0.282293,2436.0,Fiscal Survey Fall 2024
ND,2024,914.6,3291.2,NASBO Fiscal Survey RDF dataset; GF = balance / pct,1,0.277893,2876.0,Fiscal Survey Fall 2025
ND,2025,938.5,2484.6,NASBO Fiscal Survey RDF dataset; GF = balance / pct,1,0.377727,2900.0,Fiscal Survey Spring 2026
ND,2026,938.5,3128.2,NASBO Fiscal Survey RDF dataset; GF = balance / pct,1,0.300013,,Fiscal Survey Spring 2026; estimate (NASBO: latest two years are estimates/projections)
OH,1992,0.0,,NASBO Fiscal Survey RDF dataset,1,0.0,10095.8,Fiscal Survey Fall 1993; balance 0 (NASBO reports negative balances as 0); GF spending not derivable
OH,1993,21.0,13674.0,NASBO Fiscal Survey RDF dataset; GF = balance / pct,1,0.001536,13599.8,Fiscal Survey Fall 1994
OH,1994,281.0,14433.0,NASBO Fiscal Survey RDF dataset; GF = balance / pct,1,0.019469,14433.1,Fiscal Survey Fall 1995
OH,1995,828.0,14978.6,NASBO Fiscal Survey RDF dataset; GF = balance / pct,1,0.055279,14978.7,Fiscal Survey Fall 1996
OH,1996,828.0,15858.0,NASBO Fiscal Survey RDF dataset; GF = balance / pct,1,0.052213,15858.1,Fiscal Survey Fall 1997
OH,1997,863.0,16404.0,NASBO Fiscal Survey RDF dataset; GF = balance / pct,1,0.052609,16600.9,Fiscal Survey Fall 1998
OH,1998,907.0,17087.0,NASBO Fiscal Survey RDF dataset; GF = balance / pct,1,0.053081,17649.3,Fiscal Survey Fall 1999
OH,1999,953.0,18016.9,NASBO Fiscal Survey RDF dataset; GF = balance / pct,1,0.052895,18017.0,Fiscal Survey Fall 2000
OH,2000,1002.5,19243.6,NASBO Fiscal Survey RDF dataset; GF = balance / pct,1,0.052095,19243.0,Fiscal Survey Fall 2001
OH,2001,1010.6,21144.2,NASBO Fiscal Survey RDF dataset; GF = balance / pct,1,0.047796,21143.0,Fiscal Survey Fall 2002
OH,2002,427.9,21627.4,NASBO Fiscal Survey RDF dataset; GF = balance / pct,1,0.019785,21628.0,Fiscal Survey Fall 2003
OH,2003,180.7,22653.3,NASBO Fiscal Survey RDF dataset; GF = balance / pct,1,0.007977,22653.0,Fiscal Survey Fall 2004
OH,2004,180.7,23838.9,NASBO Fiscal Survey RDF dataset; GF = balance / pct,1,0.00758,23839.0,Fiscal Survey Fall 2005
OH,2005,574.9,24830.9,NASBO Fiscal Survey RDF dataset; GF = balance / pct,1,0.023153,24830.0,Fiscal Survey Fall 2006
OH,2006,1010.7,24866.3,NASBO Fiscal Survey RDF dataset; GF = balance / pct,1,0.040645,24866.0,Fiscal Survey Fall 2007
OH,2007,1012.3,25147.5,NASBO Fiscal Survey RDF dataset; GF = balance / pct,1,0.040254,25148.0,Fiscal Survey Fall 2008
OH,2008,1012.0,26410.0,NASBO Fiscal Survey RDF dataset; GF = balance / pct,1,0.038319,25722.0,Fiscal Survey Fall 2009
OH,2009,0.0,,NASBO Fiscal Survey RDF dataset,1,0.0,28160.2,Fiscal Survey Fall 2010; balance 0 (NASBO reports negative balances as 0); GF spending not derivable
OH,2010,0.0,,NASBO Fiscal Survey RDF dataset,1,0.0,25401.0,Fiscal Survey Fall 2011; balance 0 (NASBO reports negative balances as 0); GF spending not derivable
OH,2011,0.0,,NASBO Fiscal Survey RDF dataset,1,0.0,31653.2,Fiscal Survey Fall 2012; balance 0 (NASBO reports negative balances as 0); GF spending not derivable
OH,2012,246.9,27056.5,NASBO Fiscal Survey RDF dataset; GF = balance / pct,1,0.009125,26394.7,Fiscal Survey Fall 2013
OH,2013,482.0,27892.9,NASBO Fiscal Survey RDF dataset; GF = balance / pct,1,0.01728,27439.3,Fiscal Survey Fall 2014
OH,2014,1477.935,30172.0,NASBO Fiscal Survey RDF dataset; GF = balance / pct,1,0.048984,28901.8,Fiscal Survey Fall 2015
OH,2015,1477.9,31461.5,NASBO Fiscal Survey RDF dataset; GF = balance / pct,1,0.046975,30831.4,Fiscal Survey Fall 2016
OH,2016,2004.6,34448.9,NASBO Fiscal Survey RDF dataset; GF = balance / pct,1,0.058191,33590.9,Fiscal Survey Fall 2017
OH,2017,2034.05145844,34814.3,NASBO Fiscal Survey RDF dataset; GF = balance / pct,1,0.058426,34502.0,Fiscal Survey Fall 2018
OH,2018,2034.1,31807.3,NASBO Fiscal Survey RDF dataset; GF = balance / pct,1,0.063951,31725.6,Fiscal Survey Fall 2019
OH,2019,2691.6,33450.6,NASBO Fiscal Survey RDF dataset; GF = balance / pct,1,0.080465,22834.0,Fiscal Survey Fall 2020
OH,2020,2691.6,23189.7,NASBO Fiscal Survey RDF dataset; GF = balance / pct,1,0.116069,22520.0,Fiscal Survey Fall 2021
OH,2021,2691.6,23356.7,NASBO Fiscal Survey RDF dataset; GF = balance / pct,1,0.115239,22891.7,Fiscal Survey Fall 2022
OH,2022,2706.2,26943.4,NASBO Fiscal Survey RDF dataset; GF = balance / pct,1,0.10044,23870.0,Fiscal Survey Fall 2023
OH,2023,3500.8481099200003,27073.9,NASBO Fiscal Survey RDF dataset; GF = balance / pct,1,0.129307,24784.0,Fiscal Survey Fall 2024
OH,2024,3786.5523445,35585.1,NASBO Fiscal Survey RDF dataset; GF = balance / pct,1,0.106409,28019.0,Fiscal Survey Fall 2025
OH,2025,3942.52943426,30172.0,NASBO Fiscal Survey RDF dataset; GF = balance / pct,1,0.130669,29414.5,Fiscal Survey Spring 2026
OH,2026,3985.37011065,31654.9,NASBO Fiscal Survey RDF dataset; GF = balance / pct,1,0.125901,,Fiscal Survey Spring 2026; estimate (NASBO: latest two years are estimates/projections)
OK,1992,135.0,3160.0,NASBO Fiscal Survey RDF dataset; GF = balance / pct,1,0.042722,3188.9,Fiscal Survey Fall 1993
OK,1993,91.0,3318.0,NASBO Fiscal Survey RDF dataset; GF = balance / pct,1,0.027426,3306.5,Fiscal Survey Fall 1994
OK,1994,45.0,3302.0,NASBO Fiscal Survey RDF dataset; GF = balance / pct,1,0.013628,3231.5,Fiscal Survey Fall 1995
OK,1995,45.0,3436.0,NASBO Fiscal Survey RDF dataset; GF = balance / pct,1,0.013097,3397.1,Fiscal Survey Fall 1996
OK,1996,114.0,3549.0,NASBO Fiscal Survey RDF dataset; GF = balance / pct,1,0.032122,3557.5,Fiscal Survey Fall 1997
OK,1997,309.0,3880.0,NASBO Fiscal Survey RDF dataset; GF = balance / pct,1,0.079639,3835.5,Fiscal Survey Fall 1998
OK,1998,297.0,4199.0,NASBO Fiscal Survey RDF dataset; GF = balance / pct,1,0.070731,4086.9,Fiscal Survey Fall 1999
OK,1999,150.0,4460.3,NASBO Fiscal Survey RDF dataset; GF = balance / pct,1,0.03363,4393.5,Fiscal Survey Fall 2000
OK,2000,157.6,4545.1,NASBO Fiscal Survey RDF dataset; GF = balance / pct,1,0.034675,4488.0,Fiscal Survey Fall 2001
OK,2001,340.1,4818.7,NASBO Fiscal Survey RDF dataset; GF = balance / pct,1,0.070579,4770.0,Fiscal Survey Fall 2002
OK,2002,72.4,5015.8,NASBO Fiscal Survey RDF dataset; GF = balance / pct,1,0.014434,4882.0,Fiscal Survey Fall 2003
OK,2003,0.1,4652.8,NASBO Fiscal Survey RDF dataset; GF = balance / pct,1,2.1e-05,4409.0,Fiscal Survey Fall 2004
OK,2004,217.5,4868.8,NASBO Fiscal Survey RDF dataset; GF = balance / pct,1,0.044672,4117.0,Fiscal Survey Fall 2005
OK,2005,461.3,4944.5,NASBO Fiscal Survey RDF dataset; GF = balance / pct,1,0.093296,4340.0,Fiscal Survey Fall 2006
OK,2006,495.7,5532.5,NASBO Fiscal Survey RDF dataset; GF = balance / pct,1,0.089598,5322.0,Fiscal Survey Fall 2007
OK,2007,571.6,6255.9,NASBO Fiscal Survey RDF dataset; GF = balance / pct,1,0.09137,5966.0,Fiscal Survey Fall 2008
OK,2008,596.6,6446.8,NASBO Fiscal Survey RDF dataset; GF = balance / pct,1,0.092542,6792.5,Fiscal Survey Fall 2009
OK,2009,596.6,6542.2,NASBO Fiscal Survey RDF dataset; GF = balance / pct,1,0.091193,6817.0,Fiscal Survey Fall 2010
OK,2010,249.1,5119.3,NASBO Fiscal Survey RDF dataset; GF = balance / pct,1,0.048659,4755.0,Fiscal Survey Fall 2011
OK,2011,249.2,5416.6,NASBO Fiscal Survey RDF dataset; GF = balance / pct,1,0.046007,6152.0,Fiscal Survey Fall 2012
OK,2012,577.5,5822.1,NASBO Fiscal Survey RDF dataset; GF = balance / pct,1,0.099191,6575.0,Fiscal Survey Fall 2013
OK,2013,535.2,6275.8,NASBO Fiscal Survey RDF dataset; GF = balance / pct,1,0.08528,6630.0,Fiscal Survey Fall 2014
OK,2014,535.2,6500.0,NASBO Fiscal Survey RDF dataset; GF = balance / pct,1,0.082338,6784.0,Fiscal Survey Fall 2015
OK,2015,385.2,6403.4,NASBO Fiscal Survey RDF dataset; GF = balance / pct,1,0.060156,6822.0,Fiscal Survey Fall 2016
OK,2016,240.6,6114.6,NASBO Fiscal Survey RDF dataset; GF = balance / pct,1,0.039348,5205.0,Fiscal Survey Fall 2017
OK,2017,93.3,5736.5,NASBO Fiscal Survey RDF dataset; GF = balance / pct,1,0.016264,5044.0,Fiscal Survey Fall 2018
OK,2018,451.6,6034.0,NASBO Fiscal Survey RDF dataset; GF = balance / pct,1,0.074843,5854.0,Fiscal Survey Fall 2019
OK,2019,806.2,7015.0,NASBO Fiscal Survey RDF dataset; GF = balance / pct,1,0.114925,6180.0,Fiscal Survey Fall 2020
OK,2020,229.9,7492.9,NASBO Fiscal Survey RDF dataset; GF = balance / pct,1,0.030682,6486.0,Fiscal Survey Fall 2021
OK,2021,541.9,6581.1,NASBO Fiscal Survey RDF dataset; GF = balance / pct,1,0.082342,6965.0,Fiscal Survey Fall 2022
OK,2022,1222.4,7442.1,NASBO Fiscal Survey RDF dataset; GF = balance / pct,1,0.164255,7500.0,Fiscal Survey Fall 2023
OK,2023,1675.3,8936.2,NASBO Fiscal Survey RDF dataset; GF = balance / pct,1,0.187473,7752.0,Fiscal Survey Fall 2024
OK,2024,2028.9,10471.2,NASBO Fiscal Survey RDF dataset; GF = balance / pct,1,0.19376,9139.0,Fiscal Survey Fall 2025
OK,2025,1776.1,10590.2,NASBO Fiscal Survey RDF dataset; GF = balance / pct,1,0.167712,7932.0,Fiscal Survey Spring 2026
OK,2026,1776.1,10380.7,NASBO Fiscal Survey RDF dataset; GF = balance / pct,1,0.171096,,Fiscal Survey Spring 2026; estimate (NASBO: latest two years are estimates/projections)
OR,1992,0.0,,NASBO Fiscal Survey RDF dataset,1,0.0,2723.6,Fiscal Survey Fall 1993; balance 0 (NASBO reports negative balances as 0); GF spending not derivable
OR,1993,0.0,,NASBO Fiscal Survey RDF dataset,1,0.0,2779.2,Fiscal Survey Fall 1994; balance 0 (NASBO reports negative balances as 0); GF spending not derivable
OR,1994,69.0,3073.0,NASBO Fiscal Survey RDF dataset; GF = balance / pct,1,0.022454,3081.2,Fiscal Survey Fall 1995
OR,1995,39.0,3333.2,NASBO Fiscal Survey RDF dataset; GF = balance / pct,1,0.0117,3329.1,Fiscal Survey Fall 1996
OR,1996,36.0,3531.0,NASBO Fiscal Survey RDF dataset; GF = balance / pct,1,0.010195,3568.2,Fiscal Survey Fall 1997
OR,1997,11.0,3866.0,NASBO Fiscal Survey RDF dataset; GF = balance / pct,1,0.002845,3942.2,Fiscal Survey Fall 1998
OR,1998,38.0,4333.1,NASBO Fiscal Survey RDF dataset; GF = balance / pct,1,0.00877,4447.9,Fiscal Survey Fall 1999
OR,1999,28.0,4124.7,NASBO Fiscal Survey RDF dataset; GF = balance / pct,1,0.006788,4124.8,Fiscal Survey Fall 2000
OR,2000,0.0,,NASBO Fiscal Survey RDF dataset,1,0.0,5264.0,Fiscal Survey Fall 2001; balance 0 (NASBO reports negative balances as 0); GF spending not derivable
OR,2001,0.0,,NASBO Fiscal Survey RDF dataset,1,0.0,4825.3,Fiscal Survey Fall 2002; balance 0 (NASBO reports negative balances as 0); GF spending not derivable
OR,2002,0.0,,NASBO Fiscal Survey RDF dataset,1,0.0,5822.0,Fiscal Survey Fall 2003; balance 0 (NASBO reports negative balances as 0); GF spending not derivable
OR,2003,0.0,,NASBO Fiscal Survey RDF dataset,1,0.0,3467.0,Fiscal Survey Fall 2004; balance 0 (NASBO reports negative balances as 0); GF spending not derivable
OR,2004,0.0,,NASBO Fiscal Survey RDF dataset,1,0.0,5547.0,Fiscal Survey Fall 2005; balance 0 (NASBO reports negative balances as 0); GF spending not derivable
OR,2005,0.0,,NASBO Fiscal Survey RDF dataset,1,0.0,4490.0,Fiscal Survey Fall 2006; balance 0 (NASBO reports negative balances as 0); GF spending not derivable
OR,2006,0.0,,NASBO Fiscal Survey RDF dataset,1,0.0,6085.0,Fiscal Survey Fall 2007; balance 0 (NASBO reports negative balances as 0); GF spending not derivable
OR,2007,0.0,,NASBO Fiscal Survey RDF dataset,1,0.0,5574.0,Fiscal Survey Fall 2008; balance 0 (NASBO reports negative balances as 0); GF spending not derivable
OR,2008,621.8,6980.0,NASBO Fiscal Survey RDF dataset; GF = balance / pct,1,0.089083,6601.0,Fiscal Survey Fall 2009
OR,2009,112.6,5889.0,NASBO Fiscal Survey RDF dataset; GF = balance / pct,1,0.01912,5889.0,Fiscal Survey Fall 2010
OR,2010,215.6,6371.0,NASBO Fiscal Survey RDF dataset; GF = balance / pct,1,0.033841,6370.8,Fiscal Survey Fall 2011
OR,2011,15.5,6043.0,NASBO Fiscal Survey RDF dataset; GF = balance / pct,1,0.002565,5665.0,Fiscal Survey Fall 2012
OR,2012,128.2,6925.0,NASBO Fiscal Survey RDF dataset; GF = balance / pct,1,0.018513,6924.7,Fiscal Survey Fall 2013
OR,2013,69.4,6738.9,NASBO Fiscal Survey RDF dataset; GF = balance / pct,1,0.010298,5957.0,Fiscal Survey Fall 2014
OR,2014,153.3,7693.0,NASBO Fiscal Survey RDF dataset; GF = balance / pct,1,0.019927,7929.8,Fiscal Survey Fall 2015
OR,2015,391.2,8136.4,NASBO Fiscal Survey RDF dataset; GF = balance / pct,1,0.04808,7453.4,Fiscal Survey Fall 2016
OR,2016,549.5,8992.2,NASBO Fiscal Survey RDF dataset; GF = balance / pct,1,0.061109,8992.2,Fiscal Survey Fall 2017
OR,2017,760.6,9093.4,NASBO Fiscal Survey RDF dataset; GF = balance / pct,1,0.083643,8954.6,Fiscal Survey Fall 2018
OR,2018,940.0,9773.5,NASBO Fiscal Survey RDF dataset; GF = balance / pct,1,0.096179,10180.2,Fiscal Survey Fall 2019
OR,2019,1287.7,10172.4,NASBO Fiscal Survey RDF dataset; GF = balance / pct,1,0.126587,9613.2,Fiscal Survey Fall 2020
OR,2020,1152.6,11006.0,NASBO Fiscal Survey RDF dataset; GF = balance / pct,1,0.104724,18915.9,Fiscal Survey Fall 2021
OR,2021,1376.8,11455.3,NASBO Fiscal Survey RDF dataset; GF = balance / pct,1,0.120189,16414.9,Fiscal Survey Fall 2022
OR,2022,1659.651044,13294.0,NASBO Fiscal Survey RDF dataset; GF = balance / pct,1,0.124842,12479.0,Fiscal Survey Fall 2023
OR,2023,2018.9,13836.6,NASBO Fiscal Survey RDF dataset; GF = balance / pct,1,0.14591,13585.6,Fiscal Survey Fall 2024
OR,2024,2667.9,16354.6,NASBO Fiscal Survey RDF dataset; GF = balance / pct,1,0.163128,16100.4,Fiscal Survey Fall 2025
OR,2025,2923.4,17026.3,NASBO Fiscal Survey RDF dataset; GF = balance / pct,1,0.171699,16726.3,Fiscal Survey Spring 2026
OR,2026,3141.8,18381.6,NASBO Fiscal Survey RDF dataset; GF = balance / pct,1,0.170921,,Fiscal Survey Spring 2026; estimate (NASBO: latest two years are estimates/projections)
PA,1992,2.0,13757.0,NASBO Fiscal Survey RDF dataset; GF = balance / pct,1,0.000145,13756.0,Fiscal Survey Fall 1993
PA,1993,5.0,13960.0,NASBO Fiscal Survey RDF dataset; GF = balance / pct,1,0.000358,13936.0,Fiscal Survey Fall 1994
PA,1994,30.0,14935.0,NASBO Fiscal Survey RDF dataset; GF = balance / pct,1,0.002009,14935.0,Fiscal Survey Fall 1995
PA,1995,66.0,15732.0,NASBO Fiscal Survey RDF dataset; GF = balance / pct,1,0.004195,15675.0,Fiscal Survey Fall 1996
PA,1996,211.0,16279.0,NASBO Fiscal Survey RDF dataset; GF = balance / pct,1,0.012961,16163.0,Fiscal Survey Fall 1997
PA,1997,411.0,16548.0,NASBO Fiscal Survey RDF dataset; GF = balance / pct,1,0.024837,16467.0,Fiscal Survey Fall 1998
PA,1998,655.0,17288.6,NASBO Fiscal Survey RDF dataset; GF = balance / pct,1,0.037886,17230.0,Fiscal Survey Fall 1999
PA,1999,941.0,18367.5,NASBO Fiscal Survey RDF dataset; GF = balance / pct,1,0.051232,18263.3,Fiscal Survey Fall 2000
PA,2000,1097.4,19295.3,NASBO Fiscal Survey RDF dataset; GF = balance / pct,1,0.056874,19295.0,Fiscal Survey Fall 2001
PA,2001,1126.7,19861.7,NASBO Fiscal Survey RDF dataset; GF = balance / pct,1,0.056727,19862.0,Fiscal Survey Fall 2002
PA,2002,0.0,,NASBO Fiscal Survey RDF dataset,1,0.0,20429.0,Fiscal Survey Fall 2003; balance 0 (NASBO reports negative balances as 0); GF spending not derivable
PA,2003,70.0,20400.1,NASBO Fiscal Survey RDF dataset; GF = balance / pct,1,0.003431,20400.0,Fiscal Survey Fall 2004
PA,2004,260.2,21885.3,NASBO Fiscal Survey RDF dataset; GF = balance / pct,1,0.011889,21885.0,Fiscal Survey Fall 2005
PA,2005,328.9,23054.0,NASBO Fiscal Survey RDF dataset; GF = balance / pct,1,0.014267,23054.0,Fiscal Survey Fall 2006
PA,2006,512.0,24664.5,NASBO Fiscal Survey RDF dataset; GF = balance / pct,1,0.020759,24665.0,Fiscal Survey Fall 2007
PA,2007,713.4,26319.0,NASBO Fiscal Survey RDF dataset; GF = balance / pct,1,0.027106,26298.0,Fiscal Survey Fall 2008
PA,2008,742.1,26968.3,NASBO Fiscal Survey RDF dataset; GF = balance / pct,1,0.027517,26969.0,Fiscal Survey Fall 2009
PA,2009,755.0,27084.3,NASBO Fiscal Survey RDF dataset; GF = balance / pct,1,0.027876,27085.0,Fiscal Survey Fall 2010
PA,2010,0.7,27640.5,NASBO Fiscal Survey RDF dataset; GF = balance / pct,1,2.5e-05,24942.0,Fiscal Survey Fall 2011
PA,2011,0.1,28321.3,NASBO Fiscal Survey RDF dataset; GF = balance / pct,1,4e-06,25074.0,Fiscal Survey Fall 2012
PA,2012,0.1,27185.6,NASBO Fiscal Survey RDF dataset; GF = balance / pct,1,4e-06,27031.0,Fiscal Survey Fall 2013
PA,2013,0.1,27730.6,NASBO Fiscal Survey RDF dataset; GF = balance / pct,1,4e-06,27716.0,Fiscal Survey Fall 2014
PA,2014,0.2,28395.0,NASBO Fiscal Survey RDF dataset; GF = balance / pct,1,7e-06,28395.0,Fiscal Survey Fall 2015
PA,2015,0.2,29153.0,NASBO Fiscal Survey RDF dataset; GF = balance / pct,1,7e-06,29152.0,Fiscal Survey Fall 2016
PA,2016,0.2,30127.0,NASBO Fiscal Survey RDF dataset; GF = balance / pct,1,7e-06,30128.0,Fiscal Survey Fall 2017
PA,2017,0.4,31941.7,NASBO Fiscal Survey RDF dataset; GF = balance / pct,1,1.3e-05,33036.0,Fiscal Survey Fall 2018
PA,2018,0.4,31949.0,NASBO Fiscal Survey RDF dataset; GF = balance / pct,1,1.3e-05,31948.0,Fiscal Survey Fall 2019
PA,2019,22.0,33401.0,NASBO Fiscal Survey RDF dataset; GF = balance / pct,1,0.000659,36319.0,Fiscal Survey Fall 2020
PA,2020,343.0,35219.0,NASBO Fiscal Survey RDF dataset; GF = balance / pct,1,0.009739,34090.0,Fiscal Survey Fall 2021
PA,2021,244.0,34013.2,NASBO Fiscal Survey RDF dataset; GF = balance / pct,1,0.007174,34014.0,Fiscal Survey Fall 2022
PA,2022,2869.0,39351.0,NASBO Fiscal Survey RDF dataset; GF = balance / pct,1,0.072908,39351.0,Fiscal Survey Fall 2023
PA,2023,5129.0,40801.0,NASBO Fiscal Survey RDF dataset; GF = balance / pct,1,0.125708,40800.0,Fiscal Survey Fall 2024
PA,2024,6374.0,44864.0,NASBO Fiscal Survey RDF dataset; GF = balance / pct,1,0.142074,44864.0,Fiscal Survey Fall 2025
PA,2025,7473.0,47823.0,NASBO Fiscal Survey RDF dataset; GF = balance / pct,1,0.156264,47905.0,Fiscal Survey Spring 2026
PA,2026,7819.0,50543.0,NASBO Fiscal Survey RDF dataset; GF = balance / pct,1,0.1547,,Fiscal Survey Spring 2026; estimate (NASBO: latest two years are estimates/projections)
RI,1992,8.0,1720.0,NASBO Fiscal Survey RDF dataset; GF = balance / pct,1,0.004651,1562.7,Fiscal Survey Fall 1993
RI,1993,23.0,1631.0,NASBO Fiscal Survey RDF dataset; GF = balance / pct,1,0.014102,1508.0,Fiscal Survey Fall 1994
RI,1994,43.0,1531.0,NASBO Fiscal Survey RDF dataset; GF = balance / pct,1,0.028086,1471.9,Fiscal Survey Fall 1995
RI,1995,45.0,1641.0,NASBO Fiscal Survey RDF dataset; GF = balance / pct,1,0.027422,1585.0,Fiscal Survey Fall 1996
RI,1996,53.0,1714.0,NASBO Fiscal Survey RDF dataset; GF = balance / pct,1,0.030922,1680.0,Fiscal Survey Fall 1997
RI,1997,55.0,1772.0,NASBO Fiscal Survey RDF dataset; GF = balance / pct,1,0.031038,1668.0,Fiscal Survey Fall 1998
RI,1998,61.0,1862.5,NASBO Fiscal Survey RDF dataset; GF = balance / pct,1,0.032752,1773.6,Fiscal Survey Fall 1999
RI,1999,65.0,2036.3,NASBO Fiscal Survey RDF dataset; GF = balance / pct,1,0.031921,1862.5,Fiscal Survey Fall 2000
RI,2000,71.3,2230.6,NASBO Fiscal Survey RDF dataset; GF = balance / pct,1,0.031964,2231.0,Fiscal Survey Fall 2001
RI,2001,79.7,2482.7,NASBO Fiscal Survey RDF dataset; GF = balance / pct,1,0.032102,2483.0,Fiscal Survey Fall 2002
RI,2002,82.0,2650.2,NASBO Fiscal Survey RDF dataset; GF = balance / pct,1,0.030941,2652.0,Fiscal Survey Fall 2003
RI,2003,83.6,2691.1,NASBO Fiscal Survey RDF dataset; GF = balance / pct,1,0.031065,2690.0,Fiscal Survey Fall 2004
RI,2004,84.29,2726.5,NASBO Fiscal Survey RDF dataset; GF = balance / pct,1,0.030915,2726.4,Fiscal Survey Fall 2005
RI,2005,90.9,2926.9,NASBO Fiscal Survey RDF dataset; GF = balance / pct,1,0.031057,2927.0,Fiscal Survey Fall 2006
RI,2006,95.4,3073.4,NASBO Fiscal Survey RDF dataset; GF = balance / pct,1,0.031041,3073.4,Fiscal Survey Fall 2007
RI,2007,78.7,3217.8,NASBO Fiscal Survey RDF dataset; GF = balance / pct,1,0.024458,3217.8,Fiscal Survey Fall 2008
RI,2008,102.9,3405.3,NASBO Fiscal Survey RDF dataset; GF = balance / pct,1,0.030218,3405.0,Fiscal Survey Fall 2009
RI,2009,80.1,3001.2,NASBO Fiscal Survey RDF dataset; GF = balance / pct,1,0.026689,3001.0,Fiscal Survey Fall 2010
RI,2010,112.280314,2863.6,NASBO Fiscal Survey RDF dataset; GF = balance / pct,1,0.03921,2864.0,Fiscal Survey Fall 2011
RI,2011,130.0,2956.0,NASBO Fiscal Survey RDF dataset; GF = balance / pct,1,0.043978,2956.2,Fiscal Survey Fall 2012
RI,2012,153.4,3110.2,NASBO Fiscal Survey RDF dataset; GF = balance / pct,1,0.049322,3110.0,Fiscal Survey Fall 2013
RI,2013,172.0,3216.0,NASBO Fiscal Survey RDF dataset; GF = balance / pct,1,0.053483,3223.0,Fiscal Survey Fall 2014
RI,2014,176.7,3337.0,NASBO Fiscal Survey RDF dataset; GF = balance / pct,1,0.052952,3336.0,Fiscal Survey Fall 2015
RI,2015,185.4,3453.9,NASBO Fiscal Survey RDF dataset; GF = balance / pct,1,0.053678,3454.0,Fiscal Survey Fall 2016
RI,2016,191.6,3547.9,NASBO Fiscal Survey RDF dataset; GF = balance / pct,1,0.054004,3548.0,Fiscal Survey Fall 2017
RI,2017,192.6,3672.5,NASBO Fiscal Survey RDF dataset; GF = balance / pct,1,0.052444,3672.0,Fiscal Survey Fall 2018
RI,2018,198.502233,3798.7,NASBO Fiscal Survey RDF dataset; GF = balance / pct,1,0.052255,3799.0,Fiscal Survey Fall 2019
RI,2019,203.85525,3924.0,NASBO Fiscal Survey RDF dataset; GF = balance / pct,1,0.05195,3924.0,Fiscal Survey Fall 2020
RI,2020,90.710816,3936.6,NASBO Fiscal Survey RDF dataset; GF = balance / pct,1,0.023043,3937.0,Fiscal Survey Fall 2021
RI,2021,227.94905,4078.6,NASBO Fiscal Survey RDF dataset; GF = balance / pct,1,0.055889,4078.6,Fiscal Survey Fall 2022
RI,2022,278.933475,5239.9,NASBO Fiscal Survey RDF dataset; GF = balance / pct,1,0.053232,5240.0,Fiscal Survey Fall 2023
RI,2023,277.646227,5074.9,NASBO Fiscal Survey RDF dataset; GF = balance / pct,1,0.054709,5074.7,Fiscal Survey Fall 2024
RI,2024,346.5,5236.1,NASBO Fiscal Survey RDF dataset; GF = balance / pct,1,0.066175,5235.6,Fiscal Survey Fall 2025
RI,2025,297.7,5535.5,NASBO Fiscal Survey RDF dataset; GF = balance / pct,1,0.05378,5598.3,Fiscal Survey Spring 2026
RI,2026,303.2,5825.0,NASBO Fiscal Survey RDF dataset; GF = balance / pct,1,0.052052,,Fiscal Survey Spring 2026; estimate (NASBO: latest two years are estimates/projections)
SC,1992,0.0,,NASBO Fiscal Survey RDF dataset,1,0.0,3395.9,Fiscal Survey Fall 1993; balance 0 (NASBO reports negative balances as 0); GF spending not derivable
SC,1993,67.0,3521.0,NASBO Fiscal Survey RDF dataset; GF = balance / pct,1,0.019029,3521.2,Fiscal Survey Fall 1994
SC,1994,100.0,3776.0,NASBO Fiscal Survey RDF dataset; GF = balance / pct,1,0.026483,3843.1,Fiscal Survey Fall 1995
SC,1995,110.0,4051.4,NASBO Fiscal Survey RDF dataset; GF = balance / pct,1,0.027151,4051.9,Fiscal Survey Fall 1996
SC,1996,121.0,4336.0,NASBO Fiscal Survey RDF dataset; GF = balance / pct,1,0.027906,4349.8,Fiscal Survey Fall 1997
SC,1997,127.0,4613.0,NASBO Fiscal Survey RDF dataset; GF = balance / pct,1,0.027531,4616.1,Fiscal Survey Fall 1998
SC,1998,130.0,4903.5,NASBO Fiscal Survey RDF dataset; GF = balance / pct,1,0.026512,4968.7,Fiscal Survey Fall 1999
SC,1999,138.0,4724.1,NASBO Fiscal Survey RDF dataset; GF = balance / pct,1,0.029212,5128.0,Fiscal Survey Fall 2000
SC,2000,145.4,5156.2,NASBO Fiscal Survey RDF dataset; GF = balance / pct,1,0.028199,5167.7,Fiscal Survey Fall 2001
SC,2001,60.5,5519.8,NASBO Fiscal Survey RDF dataset; GF = balance / pct,1,0.010961,5422.0,Fiscal Survey Fall 2002
SC,2002,0.0,,NASBO Fiscal Survey RDF dataset,1,0.0,5192.0,Fiscal Survey Fall 2003; balance 0 (NASBO reports negative balances as 0); GF spending not derivable
SC,2003,0.0,,NASBO Fiscal Survey RDF dataset,1,0.0,4995.0,Fiscal Survey Fall 2004; balance 0 (NASBO reports negative balances as 0); GF spending not derivable
SC,2004,25.2,4864.6,NASBO Fiscal Survey RDF dataset; GF = balance / pct,1,0.00518,4864.0,Fiscal Survey Fall 2005
SC,2005,75.2,5073.2,NASBO Fiscal Survey RDF dataset; GF = balance / pct,1,0.014823,5223.0,Fiscal Survey Fall 2006
SC,2006,153.5,5639.8,NASBO Fiscal Survey RDF dataset; GF = balance / pct,1,0.027217,5640.0,Fiscal Survey Fall 2007
SC,2007,167.7,6565.3,NASBO Fiscal Survey RDF dataset; GF = balance / pct,1,0.025543,6565.0,Fiscal Survey Fall 2008
SC,2008,95.1,7149.1,NASBO Fiscal Survey RDF dataset; GF = balance / pct,1,0.013302,7149.0,Fiscal Survey Fall 2009
SC,2009,0.0,,NASBO Fiscal Survey RDF dataset,1,0.0,5812.0,Fiscal Survey Fall 2010; balance 0 (NASBO reports negative balances as 0); GF spending not derivable
SC,2010,111.0,5117.1,NASBO Fiscal Survey RDF dataset; GF = balance / pct,1,0.021692,5146.0,Fiscal Survey Fall 2011
SC,2011,711.8000000000002,5167.2,NASBO Fiscal Survey RDF dataset; GF = balance / pct,1,0.137754,5275.0,Fiscal Survey Fall 2012
SC,2012,288.3,5516.8,NASBO Fiscal Survey RDF dataset; GF = balance / pct,1,0.052259,5517.0,Fiscal Survey Fall 2013
SC,2013,387.7,6199.7,NASBO Fiscal Survey RDF dataset; GF = balance / pct,1,0.062535,6200.0,Fiscal Survey Fall 2014
SC,2014,407.8,6329.0,NASBO Fiscal Survey RDF dataset; GF = balance / pct,1,0.064434,6329.0,Fiscal Survey Fall 2015
SC,2015,447.3,6815.0,NASBO Fiscal Survey RDF dataset; GF = balance / pct,1,0.065635,6969.0,Fiscal Survey Fall 2016
SC,2016,458.6,7181.1,NASBO Fiscal Survey RDF dataset; GF = balance / pct,1,0.063862,7320.0,Fiscal Survey Fall 2017
SC,2017,487.2,7645.5,NASBO Fiscal Survey RDF dataset; GF = balance / pct,1,0.063724,7804.0,Fiscal Survey Fall 2018
SC,2018,508.9,7895.0,NASBO Fiscal Survey RDF dataset; GF = balance / pct,1,0.064459,8056.0,Fiscal Survey Fall 2019
SC,2019,871.1,8142.2,NASBO Fiscal Survey RDF dataset; GF = balance / pct,1,0.106986,8294.0,Fiscal Survey Fall 2020
SC,2020,1181.2,8633.3,NASBO Fiscal Survey RDF dataset; GF = balance / pct,1,0.136819,8658.0,Fiscal Survey Fall 2021
SC,2021,1707.1,8397.9,NASBO Fiscal Survey RDF dataset; GF = balance / pct,1,0.203277,8574.0,Fiscal Survey Fall 2022
SC,2022,1847.3,9596.1,NASBO Fiscal Survey RDF dataset; GF = balance / pct,1,0.192505,9774.0,Fiscal Survey Fall 2023
SC,2023,842.3,11765.2,NASBO Fiscal Survey RDF dataset; GF = balance / pct,1,0.071592,12089.0,Fiscal Survey Fall 2024
SC,2024,1163.9,13659.4,NASBO Fiscal Survey RDF dataset; GF = balance / pct,1,0.085209,14189.0,Fiscal Survey Fall 2025
SC,2025,1441.7,13830.8,NASBO Fiscal Survey RDF dataset; GF = balance / pct,1,0.104238,14225.0,Fiscal Survey Spring 2026
SC,2026,1952.5,14151.6,NASBO Fiscal Survey RDF dataset; GF = balance / pct,1,0.13797,,Fiscal Survey Spring 2026; estimate (NASBO: latest two years are estimates/projections)
SD,1992,20.0,568.0,NASBO Fiscal Survey RDF dataset; GF = balance / pct,1,0.035211,519.2,Fiscal Survey Fall 1993
SD,1993,21.0,585.0,NASBO Fiscal Survey RDF dataset; GF = balance / pct,1,0.035897,561.8,Fiscal Survey Fall 1994
SD,1994,22.0,626.0,NASBO Fiscal Survey RDF dataset; GF = balance / pct,1,0.035144,598.6,Fiscal Survey Fall 1995
SD,1995,11.0,588.6,NASBO Fiscal Survey RDF dataset; GF = balance / pct,1,0.018688,565.9,Fiscal Survey Fall 1996
SD,1996,18.0,616.0,NASBO Fiscal Survey RDF dataset; GF = balance / pct,1,0.029221,590.3,Fiscal Survey Fall 1997
SD,1997,25.0,639.0,NASBO Fiscal Survey RDF dataset; GF = balance / pct,1,0.039124,635.0,Fiscal Survey Fall 1998
SD,1998,30.0,702.1,NASBO Fiscal Survey RDF dataset; GF = balance / pct,1,0.042729,703.0,Fiscal Survey Fall 1999
SD,1999,35.0,733.6,NASBO Fiscal Survey RDF dataset; GF = balance / pct,1,0.04771,730.2,Fiscal Survey Fall 2000
SD,2000,36.6,770.5,NASBO Fiscal Survey RDF dataset; GF = balance / pct,1,0.047502,764.0,Fiscal Survey Fall 2001
SD,2001,110.6,802.7,NASBO Fiscal Survey RDF dataset; GF = balance / pct,1,0.137785,793.2,Fiscal Survey Fall 2002
SD,2002,115.6,849.8,NASBO Fiscal Survey RDF dataset; GF = balance / pct,1,0.136032,897.0,Fiscal Survey Fall 2003
SD,2003,106.5,883.8,NASBO Fiscal Survey RDF dataset; GF = balance / pct,1,0.120502,866.4,Fiscal Survey Fall 2004
SD,2004,158.0,889.2,NASBO Fiscal Survey RDF dataset; GF = balance / pct,1,0.177688,877.0,Fiscal Survey Fall 2005
SD,2005,134.3,989.1,NASBO Fiscal Survey RDF dataset; GF = balance / pct,1,0.13578,969.0,Fiscal Survey Fall 2006
SD,2006,137.2,1055.5,NASBO Fiscal Survey RDF dataset; GF = balance / pct,1,0.129986,1006.0,Fiscal Survey Fall 2007
SD,2007,132.5,1091.0,NASBO Fiscal Survey RDF dataset; GF = balance / pct,1,0.121448,1058.0,Fiscal Survey Fall 2008
SD,2008,107.0,1176.1,NASBO Fiscal Survey RDF dataset; GF = balance / pct,1,0.090979,1176.1,Fiscal Survey Fall 2009
SD,2009,107.0,1153.4,NASBO Fiscal Survey RDF dataset; GF = balance / pct,1,0.092769,1154.0,Fiscal Survey Fall 2010
SD,2010,107.0,1131.6,NASBO Fiscal Survey RDF dataset; GF = balance / pct,1,0.094556,1149.0,Fiscal Survey Fall 2011
SD,2011,107.0,1148.3,NASBO Fiscal Survey RDF dataset; GF = balance / pct,1,0.093181,1167.0,Fiscal Survey Fall 2012
SD,2012,134.7,1206.7,NASBO Fiscal Survey RDF dataset; GF = balance / pct,1,0.111627,1207.0,Fiscal Survey Fall 2013
SD,2013,134.7,1290.7,NASBO Fiscal Survey RDF dataset; GF = balance / pct,1,0.104362,1291.0,Fiscal Survey Fall 2014
SD,2014,139.3,1442.0,NASBO Fiscal Survey RDF dataset; GF = balance / pct,1,0.096602,1443.0,Fiscal Survey Fall 2015
SD,2015,149.2,1386.4,NASBO Fiscal Survey RDF dataset; GF = balance / pct,1,0.107617,1387.0,Fiscal Survey Fall 2016
SD,2016,143.3,1461.3,NASBO Fiscal Survey RDF dataset; GF = balance / pct,1,0.098063,1462.0,Fiscal Survey Fall 2017
SD,2017,157.4,1548.3,NASBO Fiscal Survey RDF dataset; GF = balance / pct,1,0.10166,1548.0,Fiscal Survey Fall 2018
SD,2018,159.5,1591.1,NASBO Fiscal Survey RDF dataset; GF = balance / pct,1,0.100245,1591.0,Fiscal Survey Fall 2019
SD,2019,169.8,1637.7,NASBO Fiscal Survey RDF dataset; GF = balance / pct,1,0.103682,1638.0,Fiscal Survey Fall 2020
SD,2020,174.3,1702.9,NASBO Fiscal Survey RDF dataset; GF = balance / pct,1,0.102355,1703.0,Fiscal Survey Fall 2021
SD,2021,215.9,1888.1,NASBO Fiscal Survey RDF dataset; GF = balance / pct,1,0.114348,1888.0,Fiscal Survey Fall 2022
SD,2022,307.1,2046.8,NASBO Fiscal Survey RDF dataset; GF = balance / pct,1,0.150039,2048.0,Fiscal Survey Fall 2023
SD,2023,238.9,2230.5,NASBO Fiscal Survey RDF dataset; GF = balance / pct,1,0.107106,2231.0,Fiscal Survey Fall 2024
SD,2024,242.0,2361.4,NASBO Fiscal Survey RDF dataset; GF = balance / pct,1,0.102482,2362.0,Fiscal Survey Fall 2025
SD,2025,322.8,2441.4,NASBO Fiscal Survey RDF dataset; GF = balance / pct,1,0.132219,2392.0,Fiscal Survey Spring 2026
SD,2026,315.2,2546.4,NASBO Fiscal Survey RDF dataset; GF = balance / pct,1,0.123783,,Fiscal Survey Spring 2026; estimate (NASBO: latest two years are estimates/projections)
TN,1992,76.0,3936.0,NASBO Fiscal Survey RDF dataset; GF = balance / pct,1,0.019309,3540.0,Fiscal Survey Fall 1993
TN,1993,150.0,4604.0,NASBO Fiscal Survey RDF dataset; GF = balance / pct,1,0.03258,4035.0,Fiscal Survey Fall 1994
TN,1994,101.0,4825.0,NASBO Fiscal Survey RDF dataset; GF = balance / pct,1,0.020933,4750.2,Fiscal Survey Fall 1995
TN,1995,101.0,5174.0,NASBO Fiscal Survey RDF dataset; GF = balance / pct,1,0.019521,5004.0,Fiscal Survey Fall 1996
TN,1996,101.0,5326.0,NASBO Fiscal Survey RDF dataset; GF = balance / pct,1,0.018964,5561.5,Fiscal Survey Fall 1997
TN,1997,101.0,5500.0,NASBO Fiscal Survey RDF dataset; GF = balance / pct,1,0.018364,4440.8,Fiscal Survey Fall 1998
TN,1998,101.0,5816.0,NASBO Fiscal Survey RDF dataset; GF = balance / pct,1,0.017366,6012.5,Fiscal Survey Fall 1999
TN,1999,127.0,6278.4,NASBO Fiscal Survey RDF dataset; GF = balance / pct,1,0.020228,6506.0,Fiscal Survey Fall 2000
TN,2000,165.1,6592.5,NASBO Fiscal Survey RDF dataset; GF = balance / pct,1,0.025044,6807.0,Fiscal Survey Fall 2001
TN,2001,178.0,7015.1,NASBO Fiscal Survey RDF dataset; GF = balance / pct,1,0.025374,7293.0,Fiscal Survey Fall 2002
TN,2002,178.0,7515.7,NASBO Fiscal Survey RDF dataset; GF = balance / pct,1,0.023684,7779.0,Fiscal Survey Fall 2003
TN,2003,178.0,7913.7,NASBO Fiscal Survey RDF dataset; GF = balance / pct,1,0.022493,8150.0,Fiscal Survey Fall 2004
TN,2004,217.0,8175.1,NASBO Fiscal Survey RDF dataset; GF = balance / pct,1,0.026544,8432.0,Fiscal Survey Fall 2005
TN,2005,275.4,9112.6,NASBO Fiscal Survey RDF dataset; GF = balance / pct,1,0.030222,9424.0,Fiscal Survey Fall 2006
TN,2006,325.0,9064.0,NASBO Fiscal Survey RDF dataset; GF = balance / pct,1,0.035856,9421.0,Fiscal Survey Fall 2007
TN,2007,542.9,9775.5,NASBO Fiscal Survey RDF dataset; GF = balance / pct,1,0.055537,10182.0,Fiscal Survey Fall 2008
TN,2008,750.0,10972.6,NASBO Fiscal Survey RDF dataset; GF = balance / pct,1,0.068352,11570.0,Fiscal Survey Fall 2009
TN,2009,556.5,10675.4,NASBO Fiscal Survey RDF dataset; GF = balance / pct,1,0.052129,11921.0,Fiscal Survey Fall 2010
TN,2010,453.1,9450.6,NASBO Fiscal Survey RDF dataset; GF = balance / pct,1,0.047944,9914.0,Fiscal Survey Fall 2011
TN,2011,283.6,9996.1,NASBO Fiscal Survey RDF dataset; GF = balance / pct,1,0.028371,10561.0,Fiscal Survey Fall 2012
TN,2012,306.0,11168.5,NASBO Fiscal Survey RDF dataset; GF = balance / pct,1,0.027398,11685.0,Fiscal Survey Fall 2013
TN,2013,356.0,11458.1,NASBO Fiscal Survey RDF dataset; GF = balance / pct,1,0.03107,12093.0,Fiscal Survey Fall 2014
TN,2014,456.0,12136.0,NASBO Fiscal Survey RDF dataset; GF = balance / pct,1,0.037574,12837.0,Fiscal Survey Fall 2015
TN,2015,491.5,12330.4,NASBO Fiscal Survey RDF dataset; GF = balance / pct,1,0.039861,12837.0,Fiscal Survey Fall 2016
TN,2016,568.0,12645.0,NASBO Fiscal Survey RDF dataset; GF = balance / pct,1,0.044919,13256.0,Fiscal Survey Fall 2017
TN,2017,668.0,13238.2,NASBO Fiscal Survey RDF dataset; GF = balance / pct,1,0.05046,14162.0,Fiscal Survey Fall 2018
TN,2018,800.0,13827.8,NASBO Fiscal Survey RDF dataset; GF = balance / pct,1,0.057854,14780.0,Fiscal Survey Fall 2019
TN,2019,875.0,14265.5,NASBO Fiscal Survey RDF dataset; GF = balance / pct,1,0.061337,14708.0,Fiscal Survey Fall 2020
TN,2020,1200.0,14619.9,NASBO Fiscal Survey RDF dataset; GF = balance / pct,1,0.08208,15208.0,Fiscal Survey Fall 2021
TN,2021,1450.0,14448.3,NASBO Fiscal Survey RDF dataset; GF = balance / pct,1,0.100358,14690.0,Fiscal Survey Fall 2022
TN,2022,1550.0,15759.0,NASBO Fiscal Survey RDF dataset; GF = balance / pct,1,0.098356,16586.0,Fiscal Survey Fall 2023
TN,2023,1800.0,17193.0,NASBO Fiscal Survey RDF dataset; GF = balance / pct,1,0.104694,19570.0,Fiscal Survey Fall 2024
TN,2024,2050.0,21396.2,NASBO Fiscal Survey RDF dataset; GF = balance / pct,1,0.095811,23411.0,Fiscal Survey Fall 2025
TN,2025,2150.0,21838.9,NASBO Fiscal Survey RDF dataset; GF = balance / pct,1,0.098448,24219.0,Fiscal Survey Spring 2026
TN,2026,2185.6,25814.9,NASBO Fiscal Survey RDF dataset; GF = balance / pct,1,0.084664,,Fiscal Survey Spring 2026; estimate (NASBO: latest two years are estimates/projections)
TX,1992,163.4,16787.0,NASBO Fiscal Survey RDF dataset; GF = balance / pct,1,0.009734,16630.8,Fiscal Survey Fall 1993
TX,1993,51.7,18401.0,NASBO Fiscal Survey RDF dataset; GF = balance / pct,1,0.00281,18683.9,Fiscal Survey Fall 1994
TX,1994,29.1,19200.0,NASBO Fiscal Survey RDF dataset; GF = balance / pct,1,0.001516,19199.5,Fiscal Survey Fall 1995
TX,1995,8.1,20640.3,NASBO Fiscal Survey RDF dataset; GF = balance / pct,1,0.000392,22916.9,Fiscal Survey Fall 1996
TX,1996,8.0,24636.0,NASBO Fiscal Survey RDF dataset; GF = balance / pct,1,0.000325,24636.0,Fiscal Survey Fall 1997
TX,1997,8.5,24736.0,NASBO Fiscal Survey RDF dataset; GF = balance / pct,1,0.000344,25011.8,Fiscal Survey Fall 1998
TX,1998,58.3,26733.0,NASBO Fiscal Survey RDF dataset; GF = balance / pct,1,0.002181,23741.0,Fiscal Survey Fall 1999
TX,1999,80.0,22124.0,NASBO Fiscal Survey RDF dataset; GF = balance / pct,1,0.003616,24883.2,Fiscal Survey Fall 2000
TX,2000,84.7,27492.7,NASBO Fiscal Survey RDF dataset; GF = balance / pct,1,0.003081,27322.0,Fiscal Survey Fall 2001
TX,2001,196.5,29002.9,NASBO Fiscal Survey RDF dataset; GF = balance / pct,1,0.006775,28426.8,Fiscal Survey Fall 2002
TX,2002,903.9,29889.9,NASBO Fiscal Survey RDF dataset; GF = balance / pct,1,0.030241,30006.0,Fiscal Survey Fall 2003
TX,2003,560.5,30656.0,NASBO Fiscal Survey RDF dataset; GF = balance / pct,1,0.018284,29911.1,Fiscal Survey Fall 2004
TX,2004,365.6,29390.2,NASBO Fiscal Survey RDF dataset; GF = balance / pct,1,0.01244,28930.0,Fiscal Survey Fall 2005
TX,2005,6.9,29711.2,NASBO Fiscal Survey RDF dataset; GF = balance / pct,1,0.000232,32157.0,Fiscal Survey Fall 2006
TX,2006,405.2,32020.6,NASBO Fiscal Survey RDF dataset; GF = balance / pct,1,0.012654,34866.0,Fiscal Survey Fall 2007
TX,2007,1311.4,36118.9,NASBO Fiscal Survey RDF dataset; GF = balance / pct,1,0.036308,35061.0,Fiscal Survey Fall 2008
TX,2008,4355.4,39646.5,NASBO Fiscal Survey RDF dataset; GF = balance / pct,1,0.109856,41184.0,Fiscal Survey Fall 2009
TX,2009,6275.7,42410.9,NASBO Fiscal Survey RDF dataset; GF = balance / pct,1,0.147974,41779.0,Fiscal Survey Fall 2010
TX,2010,7692.6,39465.0,NASBO Fiscal Survey RDF dataset; GF = balance / pct,1,0.194922,39473.8,Fiscal Survey Fall 2011
TX,2011,5012.4,38717.0,NASBO Fiscal Survey RDF dataset; GF = balance / pct,1,0.129463,42684.3,Fiscal Survey Fall 2012
TX,2012,6133.373,44576.6,NASBO Fiscal Survey RDF dataset; GF = balance / pct,1,0.137592,44549.0,Fiscal Survey Fall 2013
TX,2013,6170.2,40816.1,NASBO Fiscal Survey RDF dataset; GF = balance / pct,1,0.151171,40830.0,Fiscal Survey Fall 2014
TX,2014,6703.5,46764.0,NASBO Fiscal Survey RDF dataset; GF = balance / pct,1,0.143347,51748.0,Fiscal Survey Fall 2015
TX,2015,8468.9,49308.2,NASBO Fiscal Survey RDF dataset; GF = balance / pct,1,0.171754,49416.0,Fiscal Survey Fall 2016
TX,2016,9714.76,53968.1,NASBO Fiscal Survey RDF dataset; GF = balance / pct,1,0.180009,53967.6,Fiscal Survey Fall 2017
TX,2017,10290.0,53682.8,NASBO Fiscal Survey RDF dataset; GF = balance / pct,1,0.191682,54292.0,Fiscal Survey Fall 2018
TX,2018,11043.4,56049.9,NASBO Fiscal Survey RDF dataset; GF = balance / pct,1,0.197028,55643.0,Fiscal Survey Fall 2019
TX,2019,10099.2,52281.2,NASBO Fiscal Survey RDF dataset; GF = balance / pct,1,0.193171,55645.0,Fiscal Survey Fall 2020
TX,2020,8947.2,59083.9,NASBO Fiscal Survey RDF dataset; GF = balance / pct,1,0.151432,44870.2,Fiscal Survey Fall 2021
TX,2021,10274.0,50909.7,NASBO Fiscal Survey RDF dataset; GF = balance / pct,1,0.201808,42463.0,Fiscal Survey Fall 2022
TX,2022,10614.7,61465.2,NASBO Fiscal Survey RDF dataset; GF = balance / pct,1,0.172694,44774.0,Fiscal Survey Fall 2023
TX,2023,14173.957566,61212.2,NASBO Fiscal Survey RDF dataset; GF = balance / pct,1,0.231554,45367.1,Fiscal Survey Fall 2024
TX,2024,21016.126,85864.9,NASBO Fiscal Survey RDF dataset; GF = balance / pct,1,0.244758,50511.7,Fiscal Survey Fall 2025
TX,2025,24841.081,76193.0,NASBO Fiscal Survey RDF dataset; GF = balance / pct,1,0.326028,46831.0,Fiscal Survey Spring 2026
TX,2026,27400.41,117395.5,NASBO Fiscal Survey RDF dataset; GF = balance / pct,1,0.233403,,Fiscal Survey Spring 2026; estimate (NASBO: latest two years are estimates/projections)
UT,1992,58.0,1852.0,NASBO Fiscal Survey RDF dataset; GF = balance / pct,1,0.031317,1857.1,Fiscal Survey Fall 1993
UT,1993,33.0,1975.0,NASBO Fiscal Survey RDF dataset; GF = balance / pct,1,0.016709,1978.0,Fiscal Survey Fall 1994
UT,1994,43.0,2119.0,NASBO Fiscal Survey RDF dataset; GF = balance / pct,1,0.020293,2121.9,Fiscal Survey Fall 1995
UT,1995,66.0,2341.1,NASBO Fiscal Survey RDF dataset; GF = balance / pct,1,0.028192,2341.1,Fiscal Survey Fall 1996
UT,1996,72.0,2595.0,NASBO Fiscal Survey RDF dataset; GF = balance / pct,1,0.027746,2609.5,Fiscal Survey Fall 1997
UT,1997,79.0,2981.0,NASBO Fiscal Survey RDF dataset; GF = balance / pct,1,0.026501,3014.4,Fiscal Survey Fall 1998
UT,1998,88.0,3041.7,NASBO Fiscal Survey RDF dataset; GF = balance / pct,1,0.028932,3041.6,Fiscal Survey Fall 1999
UT,1999,95.0,3248.2,NASBO Fiscal Survey RDF dataset; GF = balance / pct,1,0.029247,3248.3,Fiscal Survey Fall 2000
UT,2000,109.7,3363.5,NASBO Fiscal Survey RDF dataset; GF = balance / pct,1,0.032615,3362.0,Fiscal Survey Fall 2001
UT,2001,120.3,3767.9,NASBO Fiscal Survey RDF dataset; GF = balance / pct,1,0.031928,3906.0,Fiscal Survey Fall 2002
UT,2002,19.5,3732.6,NASBO Fiscal Survey RDF dataset; GF = balance / pct,1,0.005224,3778.0,Fiscal Survey Fall 2003
UT,2003,26.6,3535.5,NASBO Fiscal Survey RDF dataset; GF = balance / pct,1,0.007524,3536.0,Fiscal Survey Fall 2004
UT,2004,66.9,3573.9,NASBO Fiscal Survey RDF dataset; GF = balance / pct,1,0.018719,3574.0,Fiscal Survey Fall 2005
UT,2005,146.1,3977.7,NASBO Fiscal Survey RDF dataset; GF = balance / pct,1,0.03673,3978.0,Fiscal Survey Fall 2006
UT,2006,254.9,4531.8,NASBO Fiscal Survey RDF dataset; GF = balance / pct,1,0.056247,4223.0,Fiscal Survey Fall 2007
UT,2007,313.4,4991.7,NASBO Fiscal Survey RDF dataset; GF = balance / pct,1,0.062784,4710.7,Fiscal Survey Fall 2008
UT,2008,413.8,5784.2,NASBO Fiscal Survey RDF dataset; GF = balance / pct,1,0.07154,5784.0,Fiscal Survey Fall 2009
UT,2009,418.5,4816.6,NASBO Fiscal Survey RDF dataset; GF = balance / pct,1,0.086887,4817.0,Fiscal Survey Fall 2010
UT,2010,210.0,4441.0,NASBO Fiscal Survey RDF dataset; GF = balance / pct,1,0.047287,4372.0,Fiscal Survey Fall 2011
UT,2011,232.5,4710.4,NASBO Fiscal Survey RDF dataset; GF = balance / pct,1,0.049359,4628.0,Fiscal Survey Fall 2012
UT,2012,277.0,4832.0,NASBO Fiscal Survey RDF dataset; GF = balance / pct,1,0.057326,4742.0,Fiscal Survey Fall 2013
UT,2013,403.0,5126.8,NASBO Fiscal Survey RDF dataset; GF = balance / pct,1,0.078607,5098.0,Fiscal Survey Fall 2014
UT,2014,431.6,5402.0,NASBO Fiscal Survey RDF dataset; GF = balance / pct,1,0.079896,5383.0,Fiscal Survey Fall 2015
UT,2015,490.6,5774.0,NASBO Fiscal Survey RDF dataset; GF = balance / pct,1,0.084967,5749.0,Fiscal Survey Fall 2016
UT,2016,493.1,6307.5,NASBO Fiscal Survey RDF dataset; GF = balance / pct,1,0.078177,6191.0,Fiscal Survey Fall 2017
UT,2017,507.5,6411.1,NASBO Fiscal Survey RDF dataset; GF = balance / pct,1,0.07916,6411.0,Fiscal Survey Fall 2018
UT,2018,578.2,6739.4,NASBO Fiscal Survey RDF dataset; GF = balance / pct,1,0.085794,6739.0,Fiscal Survey Fall 2019
UT,2019,697.0,7578.0,NASBO Fiscal Survey RDF dataset; GF = balance / pct,1,0.091977,7493.0,Fiscal Survey Fall 2020
UT,2020,739.9,7297.7,NASBO Fiscal Survey RDF dataset; GF = balance / pct,1,0.101388,7279.0,Fiscal Survey Fall 2021
UT,2021,886.9,8507.0,NASBO Fiscal Survey RDF dataset; GF = balance / pct,1,0.104255,8501.0,Fiscal Survey Fall 2022
UT,2022,1186.57009345,10253.9,NASBO Fiscal Survey RDF dataset; GF = balance / pct,1,0.115719,10080.0,Fiscal Survey Fall 2023
UT,2023,1186.57009345,11681.9,NASBO Fiscal Survey RDF dataset; GF = balance / pct,1,0.101573,11682.0,Fiscal Survey Fall 2024
UT,2024,1186.6,13673.5,NASBO Fiscal Survey RDF dataset; GF = balance / pct,1,0.086781,13673.5,Fiscal Survey Fall 2025
UT,2025,1188.5226079099998,12657.1,NASBO Fiscal Survey RDF dataset; GF = balance / pct,1,0.093902,12657.1,Fiscal Survey Spring 2026
UT,2026,1284.41530791,11825.6,NASBO Fiscal Survey RDF dataset; GF = balance / pct,1,0.108613,,Fiscal Survey Spring 2026; estimate (NASBO: latest two years are estimates/projections)
VT,1992,0.0,,NASBO Fiscal Survey RDF dataset,1,0.0,630.7,Fiscal Survey Fall 1993; balance 0 (NASBO reports negative balances as 0); GF spending not derivable
VT,1993,0.0,,NASBO Fiscal Survey RDF dataset,1,0.0,622.2,Fiscal Survey Fall 1994; balance 0 (NASBO reports negative balances as 0); GF spending not derivable
VT,1994,1.0,656.0,NASBO Fiscal Survey RDF dataset; GF = balance / pct,1,0.001524,638.8,Fiscal Survey Fall 1995
VT,1995,0.0,,NASBO Fiscal Survey RDF dataset,1,0.0,669.3,Fiscal Survey Fall 1996; balance 0 (NASBO reports negative balances as 0); GF spending not derivable
VT,1996,0.0,,NASBO Fiscal Survey RDF dataset,1,0.0,679.2,Fiscal Survey Fall 1997; balance 0 (NASBO reports negative balances as 0); GF spending not derivable
VT,1997,35.0,771.0,NASBO Fiscal Survey RDF dataset; GF = balance / pct,1,0.045396,696.7,Fiscal Survey Fall 1998
VT,1998,36.0,875.7,NASBO Fiscal Survey RDF dataset; GF = balance / pct,1,0.041112,733.2,Fiscal Survey Fall 1999
VT,1999,40.0,824.8,NASBO Fiscal Survey RDF dataset; GF = balance / pct,1,0.048497,771.9,Fiscal Survey Fall 2000
VT,2000,41.4,854.6,NASBO Fiscal Survey RDF dataset; GF = balance / pct,1,0.048444,859.0,Fiscal Survey Fall 2001
VT,2001,43.0,880.7,NASBO Fiscal Survey RDF dataset; GF = balance / pct,1,0.048825,867.0,Fiscal Survey Fall 2002
VT,2002,12.8,872.1,NASBO Fiscal Survey RDF dataset; GF = balance / pct,1,0.014677,874.0,Fiscal Survey Fall 2003
VT,2003,23.6,888.1,NASBO Fiscal Survey RDF dataset; GF = balance / pct,1,0.026574,588.0,Fiscal Survey Fall 2004
VT,2004,44.5,915.4,NASBO Fiscal Survey RDF dataset; GF = balance / pct,1,0.048613,561.0,Fiscal Survey Fall 2005
VT,2005,45.8,1038.2,NASBO Fiscal Survey RDF dataset; GF = balance / pct,1,0.044115,1060.0,Fiscal Survey Fall 2006
VT,2006,51.8,1113.4,NASBO Fiscal Survey RDF dataset; GF = balance / pct,1,0.046524,1136.0,Fiscal Survey Fall 2007
VT,2007,55.2,1160.0,NASBO Fiscal Survey RDF dataset; GF = balance / pct,1,0.047586,1200.0,Fiscal Survey Fall 2008
VT,2008,57.8,1200.3,NASBO Fiscal Survey RDF dataset; GF = balance / pct,1,0.048155,1225.0,Fiscal Survey Fall 2009
VT,2009,60.0,1146.3,NASBO Fiscal Survey RDF dataset; GF = balance / pct,1,0.052342,773.0,Fiscal Survey Fall 2010
VT,2010,57.3,1087.5,NASBO Fiscal Survey RDF dataset; GF = balance / pct,1,0.05269,774.0,Fiscal Survey Fall 2011
VT,2011,54.4,1162.3,NASBO Fiscal Survey RDF dataset; GF = balance / pct,1,0.046804,744.0,Fiscal Survey Fall 2012
VT,2012,58.11,1250.0,NASBO Fiscal Survey RDF dataset; GF = balance / pct,1,0.046487,1277.0,Fiscal Survey Fall 2013
VT,2013,74.43,1323.2,NASBO Fiscal Survey RDF dataset; GF = balance / pct,1,0.056249,1352.0,Fiscal Survey Fall 2014
VT,2014,71.16,1386.0,NASBO Fiscal Survey RDF dataset; GF = balance / pct,1,0.051342,1392.0,Fiscal Survey Fall 2015
VT,2015,76.11,1428.5,NASBO Fiscal Survey RDF dataset; GF = balance / pct,1,0.053278,1421.0,Fiscal Survey Fall 2016
VT,2016,78.05,1478.5,NASBO Fiscal Survey RDF dataset; GF = balance / pct,1,0.05279,1457.0,Fiscal Survey Fall 2017
VT,2017,106.6,1539.9,NASBO Fiscal Survey RDF dataset; GF = balance / pct,1,0.069225,1498.0,Fiscal Survey Fall 2018
VT,2018,132.8,1563.6,NASBO Fiscal Survey RDF dataset; GF = balance / pct,1,0.084932,1587.0,Fiscal Survey Fall 2019
VT,2019,224.2,1596.5,NASBO Fiscal Survey RDF dataset; GF = balance / pct,1,0.140432,1650.0,Fiscal Survey Fall 2020
VT,2020,228.06,1607.3,NASBO Fiscal Survey RDF dataset; GF = balance / pct,1,0.14189,1539.0,Fiscal Survey Fall 2021
VT,2021,280.26,1742.4,NASBO Fiscal Survey RDF dataset; GF = balance / pct,1,0.160847,1623.0,Fiscal Survey Fall 2022
VT,2022,265.92,2333.4,NASBO Fiscal Survey RDF dataset; GF = balance / pct,1,0.113963,1997.0,Fiscal Survey Fall 2023
VT,2023,288.49,2097.5,NASBO Fiscal Survey RDF dataset; GF = balance / pct,1,0.137537,2055.0,Fiscal Survey Fall 2024
VT,2024,306.6,2400.9,NASBO Fiscal Survey RDF dataset; GF = balance / pct,1,0.127702,2510.0,Fiscal Survey Fall 2025
VT,2025,328.219,2628.5,NASBO Fiscal Survey RDF dataset; GF = balance / pct,1,0.124869,2419.0,Fiscal Survey Spring 2026
VT,2026,464.4,2547.9,NASBO Fiscal Survey RDF dataset; GF = balance / pct,1,0.182268,,Fiscal Survey Spring 2026; estimate (NASBO: latest two years are estimates/projections)
VA,1992,0.0,,NASBO Fiscal Survey RDF dataset,1,0.0,6136.4,Fiscal Survey Fall 1993; balance 0 (NASBO reports negative balances as 0); GF spending not derivable
VA,1993,80.0,6436.0,NASBO Fiscal Survey RDF dataset; GF = balance / pct,1,0.01243,6374.7,Fiscal Survey Fall 1994
VA,1994,80.0,6742.0,NASBO Fiscal Survey RDF dataset; GF = balance / pct,1,0.011866,6676.1,Fiscal Survey Fall 1995
VA,1995,80.0,7490.4,NASBO Fiscal Survey RDF dataset; GF = balance / pct,1,0.01068,7248.1,Fiscal Survey Fall 1996
VA,1996,85.0,7655.0,NASBO Fiscal Survey RDF dataset; GF = balance / pct,1,0.011104,7506.3,Fiscal Survey Fall 1997
VA,1997,157.0,8183.0,NASBO Fiscal Survey RDF dataset; GF = balance / pct,1,0.019186,7988.3,Fiscal Survey Fall 1998
VA,1998,224.0,8335.5,NASBO Fiscal Survey RDF dataset; GF = balance / pct,1,0.026873,8503.7,Fiscal Survey Fall 1999
VA,1999,362.0,10193.6,NASBO Fiscal Survey RDF dataset; GF = balance / pct,1,0.035512,9565.2,Fiscal Survey Fall 2000
VA,2000,574.6,11281.7,NASBO Fiscal Survey RDF dataset; GF = balance / pct,1,0.050932,10533.1,Fiscal Survey Fall 2001
VA,2001,715.6,12491.8,NASBO Fiscal Survey RDF dataset; GF = balance / pct,1,0.057286,11269.6,Fiscal Survey Fall 2002
VA,2002,472.4,12042.7,NASBO Fiscal Survey RDF dataset; GF = balance / pct,1,0.039227,11129.3,Fiscal Survey Fall 2003
VA,2003,247.5,12118.3,NASBO Fiscal Survey RDF dataset; GF = balance / pct,1,0.020424,10974.2,Fiscal Survey Fall 2004
VA,2004,340.0,12387.0,NASBO Fiscal Survey RDF dataset; GF = balance / pct,1,0.027448,11237.8,Fiscal Survey Fall 2005
VA,2005,482.3,13879.1,NASBO Fiscal Survey RDF dataset; GF = balance / pct,1,0.03475,13819.6,Fiscal Survey Fall 2006
VA,2006,1064.7,15231.8,NASBO Fiscal Survey RDF dataset; GF = balance / pct,1,0.0699,14512.1,Fiscal Survey Fall 2007
VA,2007,1189.8,17933.6,NASBO Fiscal Survey RDF dataset; GF = balance / pct,1,0.066345,16546.5,Fiscal Survey Fall 2008
VA,2008,1014.9,17263.0,NASBO Fiscal Survey RDF dataset; GF = balance / pct,1,0.05879,15098.8,Fiscal Survey Fall 2009
VA,2009,575.1,15943.0,NASBO Fiscal Survey RDF dataset; GF = balance / pct,1,0.036072,15020.4,Fiscal Survey Fall 2010
VA,2010,295.2,14786.7,NASBO Fiscal Survey RDF dataset; GF = balance / pct,1,0.019964,14989.4,Fiscal Survey Fall 2011
VA,2011,299.4,15457.5,NASBO Fiscal Survey RDF dataset; GF = balance / pct,1,0.019369,16434.9,Fiscal Survey Fall 2012
VA,2012,303.0,16351.2,NASBO Fiscal Survey RDF dataset; GF = balance / pct,1,0.018531,16986.4,Fiscal Survey Fall 2013
VA,2013,439.9,17136.1,NASBO Fiscal Survey RDF dataset; GF = balance / pct,1,0.025671,18833.2,Fiscal Survey Fall 2014
VA,2014,687.5,17705.0,NASBO Fiscal Survey RDF dataset; GF = balance / pct,1,0.038831,18051.6,Fiscal Survey Fall 2015
VA,2015,467.7,18240.2,NASBO Fiscal Survey RDF dataset; GF = balance / pct,1,0.025641,18598.4,Fiscal Survey Fall 2016
VA,2016,235.5,19102.1,NASBO Fiscal Survey RDF dataset; GF = balance / pct,1,0.012328,19672.1,Fiscal Survey Fall 2017
VA,2017,548.8,20114.7,NASBO Fiscal Survey RDF dataset; GF = balance / pct,1,0.027284,20227.3,Fiscal Survey Fall 2018
VA,2018,439.7,20449.9,NASBO Fiscal Survey RDF dataset; GF = balance / pct,1,0.021501,20886.0,Fiscal Survey Fall 2019
VA,2019,791.9,21444.5,NASBO Fiscal Survey RDF dataset; GF = balance / pct,1,0.036928,21774.0,Fiscal Survey Fall 2020
VA,2020,1071.7,22286.5,NASBO Fiscal Survey RDF dataset; GF = balance / pct,1,0.048087,21876.0,Fiscal Survey Fall 2021
VA,2021,1495.4017313,22722.3,NASBO Fiscal Survey RDF dataset; GF = balance / pct,1,0.065812,22553.0,Fiscal Survey Fall 2022
VA,2022,2647.19330973,26420.0,NASBO Fiscal Survey RDF dataset; GF = balance / pct,1,0.100197,24628.0,Fiscal Survey Fall 2023
VA,2023,3826.5,31742.2,NASBO Fiscal Survey RDF dataset; GF = balance / pct,1,0.120549,27810.0,Fiscal Survey Fall 2024
VA,2024,4693.1,31041.5,NASBO Fiscal Survey RDF dataset; GF = balance / pct,1,0.151188,29557.0,Fiscal Survey Fall 2025
VA,2025,4749.5,36551.9,NASBO Fiscal Survey RDF dataset; GF = balance / pct,1,0.129939,32948.0,Fiscal Survey Spring 2026
VA,2026,4201.4,33780.3,NASBO Fiscal Survey RDF dataset; GF = balance / pct,1,0.124374,,Fiscal Survey Spring 2026; estimate (NASBO: latest two years are estimates/projections)
WA,1992,100.0,7515.0,NASBO Fiscal Survey RDF dataset; GF = balance / pct,1,0.013307,7515.5,Fiscal Survey Fall 1993
WA,1993,100.0,7818.0,NASBO Fiscal Survey RDF dataset; GF = balance / pct,1,0.012791,7741.2,Fiscal Survey Fall 1994
WA,1994,125.0,8011.0,NASBO Fiscal Survey RDF dataset; GF = balance / pct,1,0.015604,8090.8,Fiscal Survey Fall 1995
WA,1995,0.0,,NASBO Fiscal Survey RDF dataset,1,0.0,8759.5,Fiscal Survey Fall 1996; balance 0 (NASBO reports negative balances as 0); GF spending not derivable
WA,1996,0.0,,NASBO Fiscal Survey RDF dataset,1,0.0,8619.4,Fiscal Survey Fall 1997; balance 0 (NASBO reports negative balances as 0); GF spending not derivable
WA,1997,,,NASBO Fiscal Survey RDF dataset,0,0.0,9113.0,Fiscal Survey Fall 1998
WA,1998,300.0,9331.7,NASBO Fiscal Survey RDF dataset; GF = balance / pct,1,0.032148,9331.7,Fiscal Survey Fall 1999
WA,1999,536.0,9826.0,NASBO Fiscal Survey RDF dataset; GF = balance / pct,1,0.054549,9826.0,Fiscal Survey Fall 2000
WA,2000,753.955,10219.5,NASBO Fiscal Survey RDF dataset; GF = balance / pct,1,0.073776,10220.0,Fiscal Survey Fall 2001
WA,2001,462.1,10826.8,NASBO Fiscal Survey RDF dataset; GF = balance / pct,1,0.042681,10827.0,Fiscal Survey Fall 2002
WA,2002,116.1,11214.3,NASBO Fiscal Survey RDF dataset; GF = balance / pct,1,0.010353,11214.0,Fiscal Survey Fall 2003
WA,2003,0.0,,NASBO Fiscal Survey RDF dataset,1,0.0,11334.0,Fiscal Survey Fall 2004; balance 0 (NASBO reports negative balances as 0); GF spending not derivable
WA,2004,0.0,,NASBO Fiscal Survey RDF dataset,1,0.0,11452.0,Fiscal Survey Fall 2005; balance 0 (NASBO reports negative balances as 0); GF spending not derivable
WA,2005,0.0,,NASBO Fiscal Survey RDF dataset,1,0.0,12220.0,Fiscal Survey Fall 2006; balance 0 (NASBO reports negative balances as 0); GF spending not derivable
WA,2006,4.2,13620.9,NASBO Fiscal Survey RDF dataset; GF = balance / pct,1,0.000308,13623.0,Fiscal Survey Fall 2007
WA,2007,293.3,14143.6,NASBO Fiscal Survey RDF dataset; GF = balance / pct,1,0.020737,14144.0,Fiscal Survey Fall 2008
WA,2008,303.2,14615.9,NASBO Fiscal Survey RDF dataset; GF = balance / pct,1,0.020745,14616.0,Fiscal Survey Fall 2009
WA,2009,21.4,14617.2,NASBO Fiscal Survey RDF dataset; GF = balance / pct,1,0.001464,14617.0,Fiscal Survey Fall 2010
WA,2010,95.0,15035.6,NASBO Fiscal Survey RDF dataset; GF = balance / pct,1,0.006318,15036.0,Fiscal Survey Fall 2011
WA,2011,0.6,14823.1,NASBO Fiscal Survey RDF dataset; GF = balance / pct,1,4e-05,14823.0,Fiscal Survey Fall 2012
WA,2012,130.0,15279.0,NASBO Fiscal Survey RDF dataset; GF = balance / pct,1,0.008508,15279.0,Fiscal Survey Fall 2013
WA,2013,270.0,15479.0,NASBO Fiscal Survey RDF dataset; GF = balance / pct,1,0.017443,15479.0,Fiscal Survey Fall 2014
WA,2014,414.6,16079.0,NASBO Fiscal Survey RDF dataset; GF = balance / pct,1,0.025785,16079.0,Fiscal Survey Fall 2015
WA,2015,513.0,16671.0,NASBO Fiscal Survey RDF dataset; GF = balance / pct,1,0.030772,16671.0,Fiscal Survey Fall 2016
WA,2016,550.0,18171.0,NASBO Fiscal Survey RDF dataset; GF = balance / pct,1,0.030268,18171.0,Fiscal Survey Fall 2017
WA,2017,1638.0,19339.0,NASBO Fiscal Survey RDF dataset; GF = balance / pct,1,0.084699,19357.0,Fiscal Survey Fall 2018
WA,2018,1369.0,20448.0,NASBO Fiscal Survey RDF dataset; GF = balance / pct,1,0.06695,20535.0,Fiscal Survey Fall 2019
WA,2019,1618.0,22937.0,NASBO Fiscal Survey RDF dataset; GF = balance / pct,1,0.070541,22936.0,Fiscal Survey Fall 2020
WA,2020,1682.9,23966.9,NASBO Fiscal Survey RDF dataset; GF = balance / pct,1,0.070218,24001.0,Fiscal Survey Fall 2021
WA,2021,-1.3,24827.7,NASBO Fiscal Survey RDF dataset; GF = balance / pct,1,-5.2e-05,24583.0,Fiscal Survey Fall 2022
WA,2022,334.7,27969.4,NASBO Fiscal Survey RDF dataset; GF = balance / pct,1,0.011967,28059.0,Fiscal Survey Fall 2023
WA,2023,2752.4,31016.2,NASBO Fiscal Survey RDF dataset; GF = balance / pct,1,0.088741,30861.0,Fiscal Survey Fall 2024
WA,2024,1768.6,32397.9,NASBO Fiscal Survey RDF dataset; GF = balance / pct,1,0.05459,32397.0,Fiscal Survey Fall 2025
WA,2025,1250.4,35611.7,NASBO Fiscal Survey RDF dataset; GF = balance / pct,1,0.035112,35595.0,Fiscal Survey Spring 2026
WA,2026,1000.1,35846.0,NASBO Fiscal Survey RDF dataset; GF = balance / pct,1,0.0279,,Fiscal Survey Spring 2026; estimate (NASBO: latest two years are estimates/projections)
WV,1992,0.0,,NASBO Fiscal Survey RDF dataset,1,0.0,1964.6,Fiscal Survey Fall 1993; balance 0 (NASBO reports negative balances as 0); GF spending not derivable
WV,1993,0.0,,NASBO Fiscal Survey RDF dataset,1,0.0,2028.3,Fiscal Survey Fall 1994; balance 0 (NASBO reports negative balances as 0); GF spending not derivable
WV,1994,21.0,2100.0,NASBO Fiscal Survey RDF dataset; GF = balance / pct,1,0.01,2092.9,Fiscal Survey Fall 1995
WV,1995,64.0,2210.3,NASBO Fiscal Survey RDF dataset; GF = balance / pct,1,0.028955,2036.3,Fiscal Survey Fall 1996
WV,1996,64.0,2338.0,NASBO Fiscal Survey RDF dataset; GF = balance / pct,1,0.027374,1879.1,Fiscal Survey Fall 1997
WV,1997,68.0,2457.0,NASBO Fiscal Survey RDF dataset; GF = balance / pct,1,0.027676,1977.1,Fiscal Survey Fall 1998
WV,1998,68.0,2542.8,NASBO Fiscal Survey RDF dataset; GF = balance / pct,1,0.026742,2014.3,Fiscal Survey Fall 1999
WV,1999,65.0,2606.0,NASBO Fiscal Survey RDF dataset; GF = balance / pct,1,0.024942,2155.4,Fiscal Survey Fall 2000
WV,2000,73.2,2639.2,NASBO Fiscal Survey RDF dataset; GF = balance / pct,1,0.027736,2231.0,Fiscal Survey Fall 2001
WV,2001,79.1,2706.8,NASBO Fiscal Survey RDF dataset; GF = balance / pct,1,0.029223,2547.0,Fiscal Survey Fall 2002
WV,2002,56.2,2816.8,NASBO Fiscal Survey RDF dataset; GF = balance / pct,1,0.019952,2817.0,Fiscal Survey Fall 2003
WV,2003,57.8,2932.6,NASBO Fiscal Survey RDF dataset; GF = balance / pct,1,0.019709,2936.0,Fiscal Survey Fall 2004
WV,2004,53.6,3018.5,NASBO Fiscal Survey RDF dataset; GF = balance / pct,1,0.017757,3012.0,Fiscal Survey Fall 2005
WV,2005,79.3,3410.4,NASBO Fiscal Survey RDF dataset; GF = balance / pct,1,0.023252,3414.0,Fiscal Survey Fall 2006
WV,2006,359.1,3562.1,NASBO Fiscal Survey RDF dataset; GF = balance / pct,1,0.100811,3559.0,Fiscal Survey Fall 2007
WV,2007,514.9,3700.9,NASBO Fiscal Survey RDF dataset; GF = balance / pct,1,0.139128,3714.0,Fiscal Survey Fall 2008
WV,2008,581.1,3757.0,NASBO Fiscal Survey RDF dataset; GF = balance / pct,1,0.154671,3824.0,Fiscal Survey Fall 2009
WV,2009,472.6,3980.4,NASBO Fiscal Survey RDF dataset; GF = balance / pct,1,0.118732,3901.0,Fiscal Survey Fall 2010
WV,2010,556.0,3676.8,NASBO Fiscal Survey RDF dataset; GF = balance / pct,1,0.151219,3704.0,Fiscal Survey Fall 2011
WV,2011,659.1,3771.8,NASBO Fiscal Survey RDF dataset; GF = balance / pct,1,0.174744,3770.0,Fiscal Survey Fall 2012
WV,2012,851.4,4140.2,NASBO Fiscal Survey RDF dataset; GF = balance / pct,1,0.205642,4144.0,Fiscal Survey Fall 2013
WV,2013,914.5,4270.7,NASBO Fiscal Survey RDF dataset; GF = balance / pct,1,0.214134,4283.0,Fiscal Survey Fall 2014
WV,2014,955.9,4208.0,NASBO Fiscal Survey RDF dataset; GF = balance / pct,1,0.227163,4257.0,Fiscal Survey Fall 2015
WV,2015,869.1,4233.7,NASBO Fiscal Survey RDF dataset; GF = balance / pct,1,0.205281,4237.0,Fiscal Survey Fall 2016
WV,2016,778.7,4174.6,NASBO Fiscal Survey RDF dataset; GF = balance / pct,1,0.186533,4195.0,Fiscal Survey Fall 2017
WV,2017,652.4,4247.6,NASBO Fiscal Survey RDF dataset; GF = balance / pct,1,0.153593,4231.0,Fiscal Survey Fall 2018
WV,2018,709.6,4231.8,NASBO Fiscal Survey RDF dataset; GF = balance / pct,1,0.167683,3638.0,Fiscal Survey Fall 2019
WV,2019,752.7,4603.6,NASBO Fiscal Survey RDF dataset; GF = balance / pct,1,0.163502,3868.0,Fiscal Survey Fall 2020
WV,2020,856.0,4587.9,NASBO Fiscal Survey RDF dataset; GF = balance / pct,1,0.186578,3739.0,Fiscal Survey Fall 2021
WV,2021,995.1,4774.8,NASBO Fiscal Survey RDF dataset; GF = balance / pct,1,0.208407,3665.0,Fiscal Survey Fall 2022
WV,2022,956.7,4740.4,NASBO Fiscal Survey RDF dataset; GF = balance / pct,1,0.201818,3617.0,Fiscal Survey Fall 2023
WV,2023,943.3,5644.8,NASBO Fiscal Survey RDF dataset; GF = balance / pct,1,0.16711,3943.0,Fiscal Survey Fall 2024
WV,2024,1256.2,6339.0,NASBO Fiscal Survey RDF dataset; GF = balance / pct,1,0.19817,4164.0,Fiscal Survey Fall 2025
WV,2025,1347.4,5972.5,NASBO Fiscal Survey RDF dataset; GF = balance / pct,1,0.225601,4827.0,Fiscal Survey Spring 2026
WV,2026,1440.0,6130.4,NASBO Fiscal Survey RDF dataset; GF = balance / pct,1,0.234895,,Fiscal Survey Spring 2026; estimate (NASBO: latest two years are estimates/projections)
WI,1992,0.0,,NASBO Fiscal Survey RDF dataset,1,0.0,6650.7,Fiscal Survey Fall 1993; balance 0 (NASBO reports negative balances as 0); GF spending not derivable
WI,1993,69.0,6926.0,NASBO Fiscal Survey RDF dataset; GF = balance / pct,1,0.009962,6922.2,Fiscal Survey Fall 1994
WI,1994,74.0,7353.0,NASBO Fiscal Survey RDF dataset; GF = balance / pct,1,0.010064,7281.1,Fiscal Survey Fall 1995
WI,1995,78.0,7827.2,NASBO Fiscal Survey RDF dataset; GF = balance / pct,1,0.009965,7790.7,Fiscal Survey Fall 1996
WI,1996,,,NASBO Fiscal Survey RDF dataset,0,0.0,8162.3,Fiscal Survey Fall 1997
WI,1997,0.0,,NASBO Fiscal Survey RDF dataset,1,0.0,9282.9,Fiscal Survey Fall 1998; balance 0 (NASBO reports negative balances as 0); GF spending not derivable
WI,1998,0.0,,NASBO Fiscal Survey RDF dataset,1,0.0,9755.8,Fiscal Survey Fall 1999; balance 0 (NASBO reports negative balances as 0); GF spending not derivable
WI,1999,0.0,,NASBO Fiscal Survey RDF dataset,1,0.0,9845.5,Fiscal Survey Fall 2000; balance 0 (NASBO reports negative balances as 0); GF spending not derivable
WI,2000,0.0,,NASBO Fiscal Survey RDF dataset,1,0.0,11270.0,Fiscal Survey Fall 2001; balance 0 (NASBO reports negative balances as 0); GF spending not derivable
WI,2001,0.0,,NASBO Fiscal Survey RDF dataset,1,0.0,11078.0,Fiscal Survey Fall 2002; balance 0 (NASBO reports negative balances as 0); GF spending not derivable
WI,2002,0.0,,NASBO Fiscal Survey RDF dataset,1,0.0,11259.1,Fiscal Survey Fall 2003; balance 0 (NASBO reports negative balances as 0); GF spending not derivable
WI,2003,0.0,,NASBO Fiscal Survey RDF dataset,1,0.0,11033.0,Fiscal Survey Fall 2004; balance 0 (NASBO reports negative balances as 0); GF spending not derivable
WI,2004,0.0,,NASBO Fiscal Survey RDF dataset,1,0.0,10659.9,Fiscal Survey Fall 2005; balance 0 (NASBO reports negative balances as 0); GF spending not derivable
WI,2005,0.0,,NASBO Fiscal Survey RDF dataset,1,0.0,11859.2,Fiscal Survey Fall 2006; balance 0 (NASBO reports negative balances as 0); GF spending not derivable
WI,2006,0.0,,NASBO Fiscal Survey RDF dataset,1,0.0,12386.0,Fiscal Survey Fall 2007; balance 0 (NASBO reports negative balances as 0); GF spending not derivable
WI,2007,56.4,13105.4,NASBO Fiscal Survey RDF dataset; GF = balance / pct,1,0.004304,13104.5,Fiscal Survey Fall 2008
WI,2008,1.3,13526.0,NASBO Fiscal Survey RDF dataset; GF = balance / pct,1,9.6e-05,13526.9,Fiscal Survey Fall 2009
WI,2009,1.5,12744.3,NASBO Fiscal Survey RDF dataset; GF = balance / pct,1,0.000118,12744.3,Fiscal Survey Fall 2010
WI,2010,1.7,12824.0,NASBO Fiscal Survey RDF dataset; GF = balance / pct,1,0.000133,12824.0,Fiscal Survey Fall 2011
WI,2011,16.6,13564.5,NASBO Fiscal Survey RDF dataset; GF = balance / pct,1,0.001224,13564.5,Fiscal Survey Fall 2012
WI,2012,125.4,13751.0,NASBO Fiscal Survey RDF dataset; GF = balance / pct,1,0.009119,13380.8,Fiscal Survey Fall 2013
WI,2013,279.3,14332.9,NASBO Fiscal Survey RDF dataset; GF = balance / pct,1,0.019487,14042.0,Fiscal Survey Fall 2014
WI,2014,279.7,14674.0,NASBO Fiscal Survey RDF dataset; GF = balance / pct,1,0.019061,14633.0,Fiscal Survey Fall 2015
WI,2015,280.3,15503.5,NASBO Fiscal Survey RDF dataset; GF = balance / pct,1,0.01808,15333.9,Fiscal Survey Fall 2016
WI,2016,281.2,15850.9,NASBO Fiscal Survey RDF dataset; GF = balance / pct,1,0.01774,15341.0,Fiscal Survey Fall 2017
WI,2017,282.9,17099.1,NASBO Fiscal Survey RDF dataset; GF = balance / pct,1,0.016545,15857.5,Fiscal Survey Fall 2018
WI,2018,320.1,17138.8,NASBO Fiscal Survey RDF dataset; GF = balance / pct,1,0.018677,16464.4,Fiscal Survey Fall 2019
WI,2019,649.1,17964.3,NASBO Fiscal Survey RDF dataset; GF = balance / pct,1,0.036133,17151.9,Fiscal Survey Fall 2020
WI,2020,761.8,18449.9,NASBO Fiscal Survey RDF dataset; GF = balance / pct,1,0.04129,17327.4,Fiscal Survey Fall 2021
WI,2021,1729.9,19516.0,NASBO Fiscal Survey RDF dataset; GF = balance / pct,1,0.08864,18276.2,Fiscal Survey Fall 2022
WI,2022,1733.8,19376.7,NASBO Fiscal Survey RDF dataset; GF = balance / pct,1,0.089479,18356.7,Fiscal Survey Fall 2023
WI,2023,1800.049,20464.2,NASBO Fiscal Survey RDF dataset; GF = balance / pct,1,0.087961,18864.4,Fiscal Survey Fall 2024
WI,2024,1899.2,22896.8,NASBO Fiscal Survey RDF dataset; GF = balance / pct,1,0.082946,22280.2,Fiscal Survey Fall 2025
WI,2025,1991.0,21496.4,NASBO Fiscal Survey RDF dataset; GF = balance / pct,1,0.09262,21118.4,Fiscal Survey Spring 2026
WI,2026,,,NASBO Fiscal Survey RDF dataset,0,,,Fiscal Survey Spring 2026; estimate (NASBO: latest two years are estimates/projections)
WY,1992,25.0,383.0,NASBO Fiscal Survey RDF dataset; GF = balance / pct,1,0.065274,382.7,Fiscal Survey Fall 1993
WY,1993,43.0,421.0,NASBO Fiscal Survey RDF dataset; GF = balance / pct,1,0.102138,421.2,Fiscal Survey Fall 1994
WY,1994,18.0,500.0,NASBO Fiscal Survey RDF dataset; GF = balance / pct,1,0.036,495.3,Fiscal Survey Fall 1995
WY,1995,55.0,476.0,NASBO Fiscal Survey RDF dataset; GF = balance / pct,1,0.115546,548.5,Fiscal Survey Fall 1996
WY,1996,4.0,459.0,NASBO Fiscal Survey RDF dataset; GF = balance / pct,1,0.008715,457.1,Fiscal Survey Fall 1997
WY,1997,10.0,499.0,NASBO Fiscal Survey RDF dataset; GF = balance / pct,1,0.02004,505.0,Fiscal Survey Fall 1998
WY,1998,22.0,518.4,NASBO Fiscal Survey RDF dataset; GF = balance / pct,1,0.042438,518.3,Fiscal Survey Fall 1999
WY,1999,13.0,501.5,NASBO Fiscal Survey RDF dataset; GF = balance / pct,1,0.025922,0.0,Fiscal Survey Fall 2000
WY,2000,38.7,518.0,NASBO Fiscal Survey RDF dataset; GF = balance / pct,1,0.07471,363.0,Fiscal Survey Fall 2001
WY,2001,64.8,722.1,NASBO Fiscal Survey RDF dataset; GF = balance / pct,1,0.089738,368.0,Fiscal Survey Fall 2002
WY,2002,64.8,722.1,NASBO Fiscal Survey RDF dataset; GF = balance / pct,1,0.089738,1199.5,Fiscal Survey Fall 2003
WY,2003,247.0,788.2,NASBO Fiscal Survey RDF dataset; GF = balance / pct,1,0.313372,749.0,Fiscal Survey Fall 2004
WY,2004,247.0,453.0,NASBO Fiscal Survey RDF dataset; GF = balance / pct,1,0.545254,1352.0,Fiscal Survey Fall 2005
WY,2005,446.0,1299.0,NASBO Fiscal Survey RDF dataset; GF = balance / pct,1,0.343341,2421.0,Fiscal Survey Fall 2006
WY,2006,446.0,1242.0,NASBO Fiscal Survey RDF dataset; GF = balance / pct,1,0.359098,1883.0,Fiscal Survey Fall 2007
WY,2007,295.0,1823.0,NASBO Fiscal Survey RDF dataset; GF = balance / pct,1,0.161821,3098.2,Fiscal Survey Fall 2008
WY,2008,296.0,1813.0,NASBO Fiscal Survey RDF dataset; GF = balance / pct,1,0.163265,3132.0,Fiscal Survey Fall 2009
WY,2009,398.0,1750.0,NASBO Fiscal Survey RDF dataset; GF = balance / pct,1,0.227429,3874.0,Fiscal Survey Fall 2010
WY,2010,398.0,1750.0,NASBO Fiscal Survey RDF dataset; GF = balance / pct,1,0.227429,3836.0,Fiscal Survey Fall 2011
WY,2011,752.0,1580.0,NASBO Fiscal Survey RDF dataset; GF = balance / pct,1,0.475949,2726.0,Fiscal Survey Fall 2012
WY,2012,765.0,1580.0,NASBO Fiscal Survey RDF dataset; GF = balance / pct,1,0.484177,2455.0,Fiscal Survey Fall 2013
WY,2013,927.0,1788.0,NASBO Fiscal Survey RDF dataset; GF = balance / pct,1,0.518456,3709.0,Fiscal Survey Fall 2014
WY,2014,926.0,1787.0,NASBO Fiscal Survey RDF dataset; GF = balance / pct,1,0.518187,1951.0,Fiscal Survey Fall 2015
WY,2015,1811.0,2100.5,NASBO Fiscal Survey RDF dataset; GF = balance / pct,1,0.862176,1881.0,Fiscal Survey Fall 2016
WY,2016,1811.0,1650.5,NASBO Fiscal Survey RDF dataset; GF = balance / pct,1,1.097243,1881.0,Fiscal Survey Fall 2017
WY,2017,1538.0,1530.0,NASBO Fiscal Survey RDF dataset; GF = balance / pct,1,1.005229,1386.0,Fiscal Survey Fall 2018
WY,2018,1538.0,1530.0,NASBO Fiscal Survey RDF dataset; GF = balance / pct,1,1.005229,1386.0,Fiscal Survey Fall 2019
WY,2019,1577.0,1627.0,NASBO Fiscal Survey RDF dataset; GF = balance / pct,1,0.969269,1507.0,Fiscal Survey Fall 2020
WY,2020,1577.0,1627.0,NASBO Fiscal Survey RDF dataset; GF = balance / pct,1,0.969269,1263.0,Fiscal Survey Fall 2021
WY,2021,1478.0,1543.0,NASBO Fiscal Survey RDF dataset; GF = balance / pct,1,0.957874,1191.0,Fiscal Survey Fall 2022
WY,2022,1478.0,1543.0,NASBO Fiscal Survey RDF dataset; GF = balance / pct,1,0.957874,1470.0,Fiscal Survey Fall 2023
WY,2023,1496.0,1807.0,NASBO Fiscal Survey RDF dataset; GF = balance / pct,1,0.827892,1524.8,Fiscal Survey Fall 2024
WY,2024,1496.0,1807.0,NASBO Fiscal Survey RDF dataset; GF = balance / pct,1,0.827892,1653.9,Fiscal Survey Fall 2025
WY,2025,1626.0,2242.0,NASBO Fiscal Survey RDF dataset; GF = balance / pct,1,0.725245,1653.6,Fiscal Survey Spring 2026
WY,2026,1626.0,2314.0,NASBO Fiscal Survey RDF dataset; GF = balance / pct,1,0.702679,,Fiscal Survey Spring 2026; estimate (NASBO: latest two years are estimates/projections)
