declarationRequestNumber,region,stateAbbreviation,state,tribalRequest,declarationRequestDate,declarationRequestType,incidentName,requestedIncidentTypes,requestedIncidentBeginDate,requestedIncidentEndDate,currentRequestStatus,requestStatusDate,ihProgramRequested,iaProgramRequested,paProgramRequested,hmProgramRequested,incidentId,incidentBeginDate,id
23,10,ID,Idaho,0,2000-03-03T00:00:00.000Z,Major Disaster,ID-ROCKSLIDES-02-11-2000,Mud/Landslide,2000-01-30T00:00:00.000Z,,Turndown,2000-03-17T00:00:00.000Z,0,1,0,1,2000021103,2000-01-30T00:00:00.000Z,08cfe86d-33ab-488d-9590-4232456cb0b0
40,6,OK,Oklahoma,0,2000-05-10T00:00:00.000Z,Major Disaster,OK-Tulsa Flooding-5-6-00,Flood,2000-05-05T00:00:00.000Z,2000-05-08T00:00:00.000Z,Turndown,2000-05-24T00:00:00.000Z,0,1,0,1,2000050701,2000-05-06T00:00:00.000Z,e208d652-96e1-4723-81ae-f2c477f4ed59
46,6,LA,Louisiana,0,2000-06-05T00:00:00.000Z,Major Disaster,LA-Tornado-North Louisiana-4/23/00,Tornado,2000-04-23T00:00:00.000Z,2000-04-24T00:00:00.000Z,Turndown,2000-06-21T00:00:00.000Z,0,1,0,1,2000042401,2000-04-23T00:00:00.000Z,1afb4623-0337-4408-9e3e-1869296f9b01
51,4,NC,North Carolina,0,2000-06-06T00:00:00.000Z,Major Disaster,NC -Severe Storms and Possible Tornados,Severe Storm,2000-05-25T00:00:00.000Z,2000-05-25T00:00:00.000Z,Turndown,2000-06-23T00:00:00.000Z,0,0,1,1,2000052601,2000-05-25T00:00:00.000Z,28e52f4b-1fb7-4af3-b32d-66bfd3275d33
56,5,IL,Illinois,0,2000-06-15T00:00:00.000Z,Major Disaster,"IL-Severe Storms, Tornadoes & Flooding-05/19/2000",Severe Storm,2000-05-18T00:00:00.000Z,2000-05-26T00:00:00.000Z,Turndown,2000-06-27T00:00:00.000Z,0,0,1,1,2000051901,2000-05-19T00:00:00.000Z,eed809d9-3d11-4b1d-a71d-98d30f2bf47a
79,6,TX,Texas,0,2000-07-27T00:00:00.000Z,Emergency,TX-Fire Emergency Request-07-27-00,Fire,2000-07-27T00:00:00.000Z,,Turndown,2000-09-20T00:00:00.000Z,0,0,1,0,2000073101,2000-07-27T00:00:00.000Z,9b36505d-34bb-48ec-9981-d0ae4db214fc
93,1,CT,Connecticut,0,2000-08-17T00:00:00.000Z,Major Disaster,CT Heavy Rains and Flooding 8-11-00,Severe Storm,2000-08-11T00:00:00.000Z,2000-08-12T00:00:00.000Z,Turndown,2000-09-21T00:00:00.000Z,0,1,0,1,2000081404,2000-08-11T00:00:00.000Z,e66c1e51-9575-41ab-ae4f-2ea9104b1a47
138,6,AR,Arkansas,0,2000-09-08T00:00:00.000Z,Emergency,AR-Extreme Fire Hazard-8/25/00,Fire,2000-08-25T00:00:00.000Z,,Turndown,2000-09-20T00:00:00.000Z,0,0,1,0,2000090803,2000-08-25T00:00:00.000Z,da20cb40-90f6-4578-bea3-9bb3f6052f45
154,6,OK,Oklahoma,0,2000-09-22T00:00:00.000Z,Emergency,OK-Severe Fire Threat-8/29/00,Fire,2000-09-15T00:00:00.000Z,,Turndown,2000-10-11T00:00:00.000Z,0,0,1,0,2000092205,2000-09-15T00:00:00.000Z,a0a4d988-798a-48a9-8adf-738ec0706586
155,5,WI,Wisconsin,0,2000-09-22T00:00:00.000Z,Major Disaster,"Wi-Eau Claire, Severe Storms and Flooding",Severe Storm,2000-09-10T00:00:00.000Z,2000-09-11T00:00:00.000Z,Turndown,2000-10-20T00:00:00.000Z,0,0,1,1,2000091401,2000-09-10T00:00:00.000Z,e37c0dda-8864-49e0-9dde-32fd941fe443
162,2,NY,New York,0,2000-10-10T00:00:00.000Z,Major Disaster,NY - Heavy Rains and Thunderstorms,Severe Storm,2000-09-02T00:00:00.000Z,2000-09-09T00:00:00.000Z,Turndown,2000-10-19T00:00:00.000Z,0,1,1,1,2000091202,2000-09-02T00:00:00.000Z,97cd1295-d3e7-4c85-8965-b8fbf8c523be
1006,2,NY,New York,0,2001-01-16T00:00:00.000Z,Major Disaster,"NY Rain Dec17, 2000",Severe Storm,2000-12-16T00:00:00.000Z,2000-12-17T00:00:00.000Z,Turndown,2001-04-03T00:00:00.000Z,0,1,1,1,2000121901,2000-12-16T00:00:00.000Z,89776dbb-815e-4f05-9a69-8f2bf5ae5ee3
1010,6,TX,Texas,0,1998-09-02T00:00:00.000Z,Major Disaster,TX-DUA-Drought-9-21-98,Drought,1998-07-23T00:00:00.000Z,1998-09-21T00:00:00.000Z,Turndown,1998-11-10T00:00:00.000Z,0,0,0,0,2001020501,1998-07-23T00:00:00.000Z,a8e1ee5a-fde2-4109-8463-fc8e6f0b0646
1027,6,AR,Arkansas,0,2001-03-02T00:00:00.000Z,Major Disaster,AR-Tornadoes-2-24-01,Tornado,2001-02-24T00:00:00.000Z,2001-02-25T00:00:00.000Z,Turndown,2001-03-16T00:00:00.000Z,0,1,0,0,2001022602,2001-02-24T00:00:00.000Z,d59f168e-4f07-4c4e-b30d-e6404c999819
1029,6,OK,Oklahoma,0,2001-03-15T00:00:00.000Z,Major Disaster,OK-Ice Storm-1-27-01,Severe Ice Storm,2001-01-27T00:00:00.000Z,2001-01-29T00:00:00.000Z,Turndown,2001-04-03T00:00:00.000Z,0,0,1,1,2001030701,2001-01-27T00:00:00.000Z,22109d03-cb6f-450a-98a2-044dc57ea500
1035,6,TX,Texas,0,2001-05-30T00:00:00.000Z,Major Disaster,TX-Severe Weather-2-23-01,Severe Storm,2001-02-14T00:00:00.000Z,2001-03-30T00:00:00.000Z,Turndown,2001-06-28T00:00:00.000Z,0,0,1,1,2001022701,2001-02-14T00:00:00.000Z,15549b15-dfec-4900-bd8f-6ffeb380792d
1038,1,RI,Rhode Island,0,2001-04-20T00:00:00.000Z,Major Disaster,New England Nor'Easter/Flooding-03/21/2001,Flood,2001-03-22T00:00:00.000Z,2001-03-30T00:00:00.000Z,Turndown,2001-06-21T00:00:00.000Z,0,0,0,1,2001032301,2001-03-21T00:00:00.000Z,8a82cc45-207a-43be-b6f8-b076fb59cdb8
1078,4,FL,Florida,0,2001-08-06T00:00:00.000Z,Major Disaster,R4-TS Barry,Hurricane,2001-08-02T00:00:00.000Z,,Turndown,2001-08-14T00:00:00.000Z,0,1,0,0,2001080301,2001-08-02T00:00:00.000Z,c28837d6-a031-4e02-861c-21c05ce083ea
1081,5,IL,Illinois,0,2001-08-14T00:00:00.000Z,Major Disaster,IL-Chigago Flash Flood-08/02/2110,Flood,2001-08-02T00:00:00.000Z,2001-08-02T00:00:00.000Z,Turndown,2001-08-27T00:00:00.000Z,0,1,0,1,2001080302,2001-08-02T00:00:00.000Z,ba7ce2d2-1666-45ab-a2d2-eb839b677a9a
1095,1,MA,Massachusetts,0,2001-10-02T00:00:00.000Z,Emergency,Fires and Explosions,Fire,2001-09-11T00:00:00.000Z,,Turndown,2001-10-31T00:00:00.000Z,0,0,1,0,2001091102,2001-09-11T00:00:00.000Z,469b5b35-0abe-4846-9f5d-25d15ad4118a
1096,3,MD,Maryland,0,2001-10-02T00:00:00.000Z,Major Disaster,Tornadoes and Severe Storms,Tornado,2001-09-24T00:00:00.000Z,2001-09-24T00:00:00.000Z,Turndown,2001-10-24T00:00:00.000Z,0,1,1,1,2001092501,2001-09-24T00:00:00.000Z,cd103388-9e0d-4d57-bee9-cb23e8590fb5
1097,6,TX,Texas,0,2001-10-03T00:00:00.000Z,Major Disaster,TX-Queen Isabel Bridge Collapse-9-15-01,Other,2001-09-15T00:00:00.000Z,,Turndown,2001-12-21T00:00:00.000Z,0,0,0,0,2001091501,2001-09-15T00:00:00.000Z,ec022381-0045-4f41-81e7-7a67ac93053f
1099,9,FM,Federated States of Micronesia,0,2001-09-10T00:00:00.000Z,Major Disaster,FM-Toxic Substance-08-20-2001,Toxic Substances,2001-07-01T00:00:00.000Z,2001-08-26T00:00:00.000Z,Turndown,2001-10-29T00:00:00.000Z,0,0,1,0,2001082001,2001-08-20T00:00:00.000Z,918628f7-3101-4efd-8c8b-4ca7382dd9be
1101,4,FL,Florida,0,2001-10-17T00:00:00.000Z,Emergency,Fires and Explosions,Fire,2001-09-11T00:00:00.000Z,,Turndown,2001-11-07T00:00:00.000Z,0,0,1,0,2001091102,2001-09-11T00:00:00.000Z,1552a521-ef1b-4546-bed9-967c8fa51416
1102,6,TX,Texas,0,2001-10-25T00:00:00.000Z,Major Disaster,TX-Severe Storms & Tornadoes-10-12-01,Severe Storm,2001-10-12T00:00:00.000Z,2001-10-13T00:00:00.000Z,Turndown,2001-11-27T00:00:00.000Z,0,1,1,1,2001101303,2001-10-12T00:00:00.000Z,be3ef80a-3460-41c7-9fcd-42c3cb0eae89
1114,6,TX,Texas,0,2001-11-30T00:00:00.000Z,Major Disaster,TX-Severe Storms & Flooding-11-15-01,Severe Storm,2001-11-15T00:00:00.000Z,2001-11-18T00:00:00.000Z,Turndown,2002-01-09T00:00:00.000Z,0,1,1,1,2001111601,2001-11-15T00:00:00.000Z,8cb33db1-893a-400d-8f26-2965217a2f70
1115,4,FL,Florida,0,2001-12-04T00:00:00.000Z,Major Disaster,Red Tide (micro algae Karenia brevis),Other,2001-10-16T00:00:00.000Z,,Turndown,2002-03-13T00:00:00.000Z,0,0,0,0,2001120601,2001-10-16T00:00:00.000Z,291a09ef-647d-402d-b315-5e6c57960b55
2017,4,TN,Tennessee,0,2002-02-06T00:00:00.000Z,Major Disaster,TN - Severe Weather System with Flooding,Severe Storm,2002-01-23T00:00:00.000Z,,Turndown,2002-02-19T00:00:00.000Z,0,0,1,0,2002012401,2002-01-22T00:00:00.000Z,d2ac7fc3-3ce8-4028-a624-5b889eafb20d
2020,4,GA,Georgia,0,2002-02-21T00:00:00.000Z,Emergency,GA-Unburied and Uncremated Bodies,Other,2002-02-15T00:00:00.000Z,,Turndown,2002-02-26T00:00:00.000Z,0,0,1,0,2002021901,2002-02-17T00:00:00.000Z,2c99eddc-1e3b-4826-9630-c489e5c0ba5f
2027,1,ME,Maine,0,2002-04-09T00:00:00.000Z,Major Disaster,Drought,Drought,2001-06-01T00:00:00.000Z,,Turndown,2002-07-19T00:00:00.000Z,0,1,1,1,2002032702,2002-06-01T00:00:00.000Z,514ef1a0-3b88-4f17-8963-3ddc83851123
2029,5,IL,Illinois,0,2002-04-25T00:00:00.000Z,Major Disaster,Il-Tornado-4 21 02,Tornado,2002-04-21T00:00:00.000Z,2002-04-21T00:00:00.000Z,Turndown,2002-05-07T00:00:00.000Z,0,1,1,1,2002042201,2002-04-21T00:00:00.000Z,ed56d89b-0780-4f8e-accc-b1c49a472cf6
2052,6,NM,New Mexico,0,2002-06-03T00:00:00.000Z,Emergency,NM-Wildfire Threat-3-24-02,Fire,2002-03-24T00:00:00.000Z,2002-07-19T00:00:00.000Z,Turndown,2002-06-17T00:00:00.000Z,0,0,1,0,2002052901,2002-03-24T00:00:00.000Z,493c92d7-5d1a-4864-9901-d29343cbc3da
2084,5,IL,Illinois,0,2002-07-01T00:00:00.000Z,Major Disaster,IL-Flooding-06/04-05/02,Flood,2002-06-03T00:00:00.000Z,2002-06-05T00:00:00.000Z,Turndown,2002-07-19T00:00:00.000Z,0,0,1,1,2002061902,2002-06-04T00:00:00.000Z,fea50d3d-0cd0-45c7-b4d9-ec80b18b03fd
2094,7,NE,Nebraska,0,2002-07-15T00:00:00.000Z,Major Disaster,Nebraska severe storms,Severe Storm,2002-07-06T00:00:00.000Z,2002-07-06T00:00:00.000Z,Turndown,2002-07-29T00:00:00.000Z,0,1,0,1,2002070601,2002-07-06T00:00:00.000Z,134fa4cb-4464-49f8-8f98-2437c79ba731
2106,8,ND,North Dakota,0,2002-08-01T00:00:00.000Z,Emergency,ND - Wildfire Threat,Fire,2002-02-22T00:00:00.000Z,,Turndown,2002-09-05T00:00:00.000Z,0,0,1,0,2002080102,2002-02-22T00:00:00.000Z,4a6b4ca1-8af9-48cd-a822-eb005fbdd4c2
2107,6,LA,Louisiana,0,2002-08-05T00:00:00.000Z,Emergency,LA-West Nile Virus-8-5-02,Other,2002-06-01T00:00:00.000Z,,Turndown,2003-04-25T00:00:00.000Z,0,0,1,0,2002080601,2002-06-01T00:00:00.000Z,4ca4ab14-1db4-4853-be87-0008408c5e0e
2119,4,MS,Mississippi,0,2002-08-16T00:00:00.000Z,Emergency,MS - West Nile Virus 8-16-02,Other,2002-07-19T00:00:00.000Z,,Turndown,2003-04-25T00:00:00.000Z,0,0,1,0,2002081601,2002-07-19T00:00:00.000Z,9ec11dbe-746f-4d7a-87b1-da9931a21cf5
2121,2,NJ,New Jersey,0,2002-08-14T00:00:00.000Z,Emergency,NJ-Severe Storm Power Outage 8-02-02,Severe Storm,2002-08-02T00:00:00.000Z,,Turndown,2003-01-08T00:00:00.000Z,0,0,1,0,2002080901,2002-08-02T00:00:00.000Z,a0597eb1-2310-4261-b48d-cbbda41a6c0d
2122,9,AZ,Arizona,0,2002-08-06T00:00:00.000Z,Major Disaster,Monsoon 7-09-2002,Other,2002-07-09T00:00:00.000Z,2002-07-15T00:00:00.000Z,Turndown,2002-08-30T00:00:00.000Z,0,1,1,1,2002071703,2002-07-09T00:00:00.000Z,20e6f468-2ffc-4f01-96bc-1514890322c2
2124,8,WY,Wyoming,0,2002-08-30T00:00:00.000Z,Major Disaster,WY Flooding 08/27/02,Flood,2002-08-27T00:00:00.000Z,2002-08-28T00:00:00.000Z,Turndown,2002-09-18T00:00:00.000Z,0,0,1,1,2002082702,2002-08-27T00:00:00.000Z,585be19e-2d9c-4064-bf95-f3be678a71a4
2132,3,VA,Virginia,0,2002-08-23T00:00:00.000Z,Major Disaster,VA - Orange County Drought,Drought,2002-08-26T00:00:00.000Z,,Turndown,2003-01-21T00:00:00.000Z,0,0,1,0,2002092301,2002-08-26T00:00:00.000Z,6c893e0a-72de-4022-bd78-c05df41a4a55
2140,4,FL,Florida,0,2002-10-08T00:00:00.000Z,Emergency,Hurricane Isidore-9-23-02,Hurricane,2002-09-26T00:00:00.000Z,2002-09-27T00:00:00.000Z,Turndown,2002-11-18T00:00:00.000Z,0,0,1,0,2002092302,2002-09-21T00:00:00.000Z,78826501-0211-4b7d-a9ca-76ded6078239
2154,1,CT,Connecticut,0,2002-12-11T00:00:00.000Z,Major Disaster,"CT-Winter Storm -Freezing rain, sleet & snow",Severe Ice Storm,2002-11-16T00:00:00.000Z,2002-11-18T00:00:00.000Z,Turndown,2003-01-08T00:00:00.000Z,0,0,1,1,2002112001,2002-11-16T00:00:00.000Z,40039c61-a1bc-4686-a54b-23fc39e10e63
2156,4,MS,Mississippi,0,2002-12-23T00:00:00.000Z,Major Disaster,MS-Severe Storms and Tornado,Tornado,2002-12-18T00:00:00.000Z,2002-12-19T00:00:00.000Z,Turndown,2003-02-14T00:00:00.000Z,0,0,1,1,2002122001,2002-12-19T00:00:00.000Z,35b01293-10c7-44c0-a297-1abe0327a00a
3002,10,ID,Idaho,0,2000-02-18T00:00:00.000Z,Emergency,ID-ROCKSLIDES-02-11-2000,Mud/Landslide,2000-01-30T00:00:00.000Z,2000-02-11T00:00:00.000Z,Turndown,2000-03-17T00:00:00.000Z,0,0,0,0,2000021103,2000-01-30T00:00:00.000Z,8fe2146a-fb8f-4f7a-8615-0301f296a0c3
3003,9,GU,Guam,0,1999-01-14T00:00:00.000Z,Emergency,FIRE AT THE ORDOT LANDFILL,Fire,1998-12-25T00:00:00.000Z,1998-12-25T00:00:00.000Z,Turndown,1999-04-14T00:00:00.000Z,0,0,1,0,99016,1998-12-25T00:00:00.000Z,f2df7adc-35f0-4d67-825e-7740be198c9a
3013,1,RI,Rhode Island,0,2003-02-24T00:00:00.000Z,Major Disaster,RI Nightclub Fire,Fire,2003-02-20T00:00:00.000Z,,Turndown,2003-04-23T00:00:00.000Z,1,0,1,0,2003022102,2003-02-20T00:00:00.000Z,6b083fdc-5437-4968-bad7-1ac705a96d08
3028,4,FL,Florida,0,2003-03-20T00:00:00.000Z,Major Disaster,FL - Sustained severe freeze events,Freezing,2002-11-01T00:00:00.000Z,2003-02-28T00:00:00.000Z,Turndown,2003-04-28T00:00:00.000Z,0,0,0,1,2003032101,2002-11-01T00:00:00.000Z,82eb4a8c-8a1c-46af-8113-620263ec6aa7
3031,1,NH,New Hampshire,0,2003-04-09T00:00:00.000Z,Major Disaster,Mt. Washington Structural Fire,Other,2003-02-09T00:00:00.000Z,2003-02-09T00:00:00.000Z,Turndown,2003-06-20T00:00:00.000Z,0,0,1,0,2003021902,2003-02-09T00:00:00.000Z,4fe55d77-4f1d-4a7a-bf1c-ab291e2498b3
3034,9,CA,California,0,2003-04-16T00:00:00.000Z,Emergency,CA - Severe Fire Threat,Drought,2002-03-01T00:00:00.000Z,,Turndown,2003-12-22T00:00:00.000Z,0,0,1,0,2003042301,2003-04-16T00:00:00.000Z,19ed3ced-6d0f-4106-bd11-fea9b3aeb00a
3048,6,OK,Oklahoma,0,1998-12-10T00:00:00.000Z,Major Disaster,SEVERE STORMS AND FLOODING,Severe Storm,1998-10-31T00:00:00.000Z,1998-11-02T00:00:00.000Z,Turndown,1999-01-08T00:00:00.000Z,0,0,1,1,99005,1998-10-31T00:00:00.000Z,fda5b67a-312e-4cec-a384-e7224aae6051
3051,5,MI,Michigan,0,2003-06-04T00:00:00.000Z,Major Disaster,MI-Dam Failure 05/14/2003,Dam/Levee Break,0003-05-10T00:00:00.000Z,2003-05-26T00:00:00.000Z,Turndown,2003-09-24T00:00:00.000Z,0,0,1,1,2003051501,2003-05-14T00:00:00.000Z,6334344b-8a3c-48fe-895a-0c3251deec41
3057,9,AZ,Arizona,0,2003-06-12T00:00:00.000Z,Emergency,AZ-Wildfire-05-27-2003,Fire,2002-04-01T00:00:00.000Z,,Turndown,2002-01-08T00:00:00.000Z,0,0,1,0,2003052801,2003-05-27T00:00:00.000Z,3ba64c05-e9dd-4838-a015-9bc82e76a759
3062,4,MS,Mississippi,0,2003-06-12T00:00:00.000Z,Major Disaster,MS Flooding and Damaging Winds,Severe Storm,2003-05-17T00:00:00.000Z,,Turndown,2003-08-28T00:00:00.000Z,0,0,1,1,2003063002,2003-05-17T00:00:00.000Z,f3c13d87-0f7a-435f-a4f8-09981f74ad57
3064,6,LA,Louisiana,0,2003-07-09T00:00:00.000Z,Major Disaster,TS  Bill,Severe Storm,2003-06-30T00:00:00.000Z,,Turndown,2003-09-12T00:00:00.000Z,1,0,1,1,2003063003,2003-06-29T00:00:00.000Z,d3067948-87be-4e50-b3f2-10a843456511
3089,4,FL,Florida,0,2003-08-13T00:00:00.000Z,Major Disaster,FL-Severe Storms and Tornadoes,Tornado,2003-08-07T00:00:00.000Z,2003-08-08T00:00:00.000Z,Turndown,2003-08-29T00:00:00.000Z,1,0,0,1,2003081301,2003-08-07T00:00:00.000Z,83e110c7-f2a3-4775-a5ae-a033c6ccc4c7
3102,4,KY,Kentucky,0,2003-08-29T00:00:00.000Z,Major Disaster,KY - Severe Storms and flooding,Severe Storm,2003-08-22T00:00:00.000Z,2003-08-22T00:00:00.000Z,Turndown,2003-10-07T00:00:00.000Z,1,0,0,1,2003082802,2003-08-22T00:00:00.000Z,d46954f0-f73e-4d14-9ab8-b2e7ac6969b0
3118,2,NJ,New Jersey,0,2003-10-03T00:00:00.000Z,Major Disaster,Hurricane Isabel,Hurricane,2003-09-18T00:00:00.000Z,,Turndown,2003-11-06T00:00:00.000Z,0,0,1,1,2003091101,2003-09-18T00:00:00.000Z,10f36098-260a-4f0f-a00d-1727d0120f50
3119,6,TX,Texas,0,2003-10-21T00:00:00.000Z,Major Disaster,TX-Severe Storms10-12-03,Severe Storm,2003-09-18T00:00:00.000Z,2003-10-20T00:00:00.000Z,Turndown,2003-11-06T00:00:00.000Z,1,0,0,1,2003101701,2003-10-12T00:00:00.000Z,cdaf1234-24cf-4080-ad10-cfe7fccac1eb
3139,6,TX,Texas,0,2003-11-21T00:00:00.000Z,Major Disaster,TX-Severe Storms and Tornadoes-11-17-2003,Severe Storm,2003-11-17T00:00:00.000Z,2003-11-18T00:00:00.000Z,Turndown,2003-12-04T00:00:00.000Z,1,0,0,1,2003111802,2003-11-17T00:00:00.000Z,3591921f-a0e3-4f65-8db3-56ec803fec28
3141,3,PA,Pennsylvania,0,2003-12-05T00:00:00.000Z,Major Disaster,VA Severe Storms and Flooding 11/18/2003,Flood,2003-11-19T00:00:00.000Z,,Turndown,2004-02-10T00:00:00.000Z,1,0,0,1,2003112401,2003-11-18T00:00:00.000Z,a815695e-90c2-4a04-8c40-3ad1b5ff0531
4010,3,WV,West Virginia,0,2004-02-04T00:00:00.000Z,Major Disaster,WV Flood Jan 2004,Flood,2004-01-03T00:00:00.000Z,2004-01-30T00:00:00.000Z,Turndown,2004-03-04T00:00:00.000Z,0,0,1,1,2004021704,2004-01-03T00:00:00.000Z,f7fc4151-e680-489a-a7d7-e1b76d014f60
4013,10,WA,Washington,0,2004-02-06T00:00:00.000Z,Major Disaster,RX-WA-Winter Storm,Severe Ice Storm,2004-01-06T00:00:00.000Z,2004-01-10T00:00:00.000Z,Turndown,2004-05-28T00:00:00.000Z,0,0,1,1,2004020401,2004-02-04T00:00:00.000Z,601fbbcf-ab68-41f3-9ca3-f7ac78e5b157
4015,4,MS,Mississippi,0,2004-03-19T00:00:00.000Z,Major Disaster,MS - Big Bay Lake Dam Failure,Dam/Levee Break,2004-03-12T00:00:00.000Z,2004-03-12T00:00:00.000Z,Turndown,2004-04-05T00:00:00.000Z,1,0,0,1,2004031501,2004-03-12T00:00:00.000Z,88c0ddf4-3f1c-4520-a37a-e09964ebdb41
4028,5,MI,Michigan,0,2004-04-30T00:00:00.000Z,Major Disaster,MI-Emerald Ash Borer Infestation,Other,2004-04-30T00:00:00.000Z,,Turndown,2004-07-26T00:00:00.000Z,0,0,1,1,2004050301,2004-04-30T00:00:00.000Z,5d43eaa1-ee1b-407b-9b4a-cf66735cfef5
4030,6,LA,Louisiana,0,2004-05-11T00:00:00.000Z,Major Disaster,LA-Flooding-4-25-04,Flood,2004-04-25T00:00:00.000Z,,Turndown,2004-08-18T00:00:00.000Z,1,0,0,1,2004042802,2004-04-25T00:00:00.000Z,2d057d11-1706-4195-91d9-a200f1e508fe
4091,4,NC,North Carolina,0,2004-08-20T00:00:00.000Z,Major Disaster,Tropical Storm Bonnie and Hurricane Charley,Hurricane,2004-08-12T00:00:00.000Z,2004-08-15T00:00:00.000Z,Turndown,2004-12-01T00:00:00.000Z,1,0,1,1,2004081102,2004-08-11T00:00:00.000Z,07be4e95-84b4-4f92-bd49-dc312753b09d
4101,5,OH,Ohio,0,2004-09-07T00:00:00.000Z,Major Disaster,Severe Storms and Flooding,Flood,2004-08-27T00:00:00.000Z,2004-08-28T00:00:00.000Z,Turndown,2004-09-20T00:00:00.000Z,1,0,1,1,2004083002,2004-08-27T00:00:00.000Z,c83df896-4fd7-4332-9c15-98f13907e585
4123,4,GA,Georgia,0,2004-09-26T00:00:00.000Z,Major Disaster,Severe Storms & Flooding-remnants of Hur. Jeanne,Other,2004-09-26T00:00:00.000Z,,Turndown,2004-11-09T00:00:00.000Z,1,0,1,1,2004091501,2004-09-28T00:00:00.000Z,3859613d-c557-4f49-94df-c4b26ab96879
4128,3,MD,Maryland,0,2004-09-29T00:00:00.000Z,Major Disaster,Hurricane Ivan,Fire,2004-09-12T00:00:00.000Z,2004-09-23T00:00:00.000Z,Turndown,2004-10-18T00:00:00.000Z,1,0,0,1,2004090502,2004-09-14T00:00:00.000Z,5fd20ccd-3ce7-4ff9-bdc1-5afc0be6532e
4132,7,IA,Iowa,0,2004-10-04T00:00:00.000Z,Major Disaster,Severe storms and flooding,Severe Storm,2004-09-14T00:00:00.000Z,2004-09-21T00:00:00.000Z,Turndown,2004-11-05T00:00:00.000Z,1,0,0,1,2004091601,2004-09-14T00:00:00.000Z,01d6dfe0-4bea-4aac-872a-61381119b994
4136,6,LA,Louisiana,0,2004-12-09T00:00:00.000Z,Major Disaster,Severe Storms and Tornadoes,Severe Storm,2004-11-23T00:00:00.000Z,2004-11-23T00:00:00.000Z,Turndown,2005-02-25T00:00:00.000Z,1,0,0,1,2004112902,2004-11-23T00:00:00.000Z,29966934-d9d0-498a-b7c9-4c44e6edbb92
4137,6,TX,Texas,0,2004-12-09T00:00:00.000Z,Major Disaster,Severe Storms and Flooding,Severe Storm,2004-11-15T00:00:00.000Z,2004-12-04T00:00:00.000Z,Turndown,2004-12-29T00:00:00.000Z,1,0,0,1,2004112201,2004-11-15T00:00:00.000Z,cc58f404-d29a-4c3e-8dc6-fe55e3884660
5003,4,SC,South Carolina,0,2005-01-11T00:00:00.000Z,Emergency,Hazardous Material Spill,Chemical,2005-01-06T00:00:00.000Z,,Turndown,2005-02-09T00:00:00.000Z,0,0,1,0,2005011104,2005-01-06T00:00:00.000Z,5cfcb773-f0b7-4bb5-b6eb-5b70ec2da72c
5036,8,MT,Montana,0,2005-05-02T00:00:00.000Z,Major Disaster,Severe Ice and Wind Storms,Severe Storm,2005-04-09T00:00:00.000Z,2005-04-10T00:00:00.000Z,Turndown,2005-08-08T00:00:00.000Z,0,0,1,1,2005041301,2005-04-09T00:00:00.000Z,dff4d5ee-0b1a-483a-83c3-3f595ebad98d
5037,1,NH,New Hampshire,0,2005-04-28T00:00:00.000Z,Major Disaster,"Severe Storms, Flooding, Snow Melt, and Ice Jams",Severe Storm,2005-04-01T00:00:00.000Z,2005-04-05T00:00:00.000Z,Turndown,2005-08-26T00:00:00.000Z,0,0,1,1,2005041201,2005-03-29T00:00:00.000Z,4073ff01-ca28-48fa-b660-aadc260be0d1
5044,1,MA,Massachusetts,0,2005-06-10T00:00:00.000Z,Major Disaster,Red Tide,Fishing Losses,2005-04-27T00:00:00.000Z,,Turndown,2005-08-11T00:00:00.000Z,0,0,0,0,2005061302,2005-05-04T00:00:00.000Z,9784cbb6-5948-4f89-ab24-bee1840c402b
5052,1,ME,Maine,0,2005-06-30T00:00:00.000Z,Major Disaster,Red Tide,Fishing Losses,2005-05-04T00:00:00.000Z,,Turndown,2005-07-27T00:00:00.000Z,0,0,0,0,2005061302,2005-05-04T00:00:00.000Z,827d3b9c-0a61-4b49-8d9b-56ea1d6c06fd
5063,2,NY,New York,0,2005-07-22T00:00:00.000Z,Major Disaster,Severe Storms and Flooding,Severe Storm,2005-06-06T00:00:00.000Z,2005-07-18T00:00:00.000Z,Turndown,2005-12-08T00:00:00.000Z,1,0,1,1,2005061401,2005-06-06T00:00:00.000Z,dfb95b29-e163-4468-a62e-a6ed6d056717
5064,2,NJ,New Jersey,0,2005-07-21T00:00:00.000Z,Major Disaster,NJ - Severe Storms and Flooding,Severe Storm,2005-07-17T00:00:00.000Z,2005-07-17T00:00:00.000Z,Turndown,2005-10-03T00:00:00.000Z,1,0,0,1,2005072501,2005-07-17T00:00:00.000Z,72ec27df-8458-4e49-96d0-803ae68e4381
5072,1,NH,New Hampshire,0,2005-08-04T00:00:00.000Z,Major Disaster,NH -- Rain and Flash Flooding,Flood,2005-06-06T00:00:00.000Z,2005-06-29T00:00:00.000Z,Turndown,2005-12-21T00:00:00.000Z,0,0,1,1,2005071201,2005-06-06T00:00:00.000Z,c5e7f9b8-e94a-4589-b2ac-57443e051f8b
5077,5,WI,Wisconsin,0,2005-08-25T00:00:00.000Z,Major Disaster,"Severe Storms, Tornadoes, and Heavy Rains",Tornado,2005-08-18T00:00:00.000Z,2005-08-18T00:00:00.000Z,Turndown,2005-12-19T00:00:00.000Z,1,0,1,1,2005081901,2005-08-18T00:00:00.000Z,211f2d81-5860-4bad-9ffb-54c628569e1f
5145,4,MS,Mississippi,0,2005-10-12T00:00:00.000Z,Major Disaster,Hurricane Rita,Hurricane,2005-09-23T00:00:00.000Z,,Turndown,2005-11-04T00:00:00.000Z,1,0,1,1,2005091801,2005-09-23T00:00:00.000Z,e3353417-671f-47cd-a225-bce0666022cb
5148,2,NJ,New Jersey,0,2005-10-18T00:00:00.000Z,Major Disaster,Severe Storms and Flooding,Severe Storm,2005-10-07T00:00:00.000Z,2005-10-14T00:00:00.000Z,Turndown,2005-12-23T00:00:00.000Z,1,0,1,1,2005102001,2005-10-07T00:00:00.000Z,79218e24-8f3b-4b61-8d5c-a06fa64e5d74
5159,7,IA,Iowa,0,2005-11-21T00:00:00.000Z,Major Disaster,Severe Storms and Tornadoes,Tornado,2005-11-12T00:00:00.000Z,2005-11-12T00:00:00.000Z,Turndown,2005-12-13T00:00:00.000Z,1,0,0,0,2005111401,2005-11-12T00:00:00.000Z,b35bca86-90fa-459e-8154-3bbf840bbd3e
5160,2,NY,New York,0,2005-11-23T00:00:00.000Z,Major Disaster,Severe Storms and Flooding,Severe Storm,2005-10-07T00:00:00.000Z,2005-10-17T00:00:00.000Z,Turndown,2006-02-28T00:00:00.000Z,1,0,1,1,2005102501,2005-10-07T00:00:00.000Z,1d35cffa-bf8e-4052-aad3-836bf72e7942
5161,1,RI,Rhode Island,0,2005-11-22T00:00:00.000Z,Major Disaster,Severe Storms and Flooding,Flood,2005-10-07T00:00:00.000Z,2005-10-15T00:00:00.000Z,Turndown,2006-02-03T00:00:00.000Z,1,0,0,1,2005102201,2005-10-07T00:00:00.000Z,e7095cc2-4486-4902-8d06-06d92eec34c4
5162,5,IN,Indiana,0,2005-12-03T00:00:00.000Z,Major Disaster,"Tornadoes, Severe Storms, and Flooding",Tornado,2005-11-15T00:00:00.000Z,2005-11-15T00:00:00.000Z,Turndown,2005-12-21T00:00:00.000Z,1,0,0,0,2005111602,2005-11-15T00:00:00.000Z,240616e2-891e-4c62-8d1a-eb3716bc8d2e
6073,9,CA,California,0,2006-02-26T00:00:00.000Z,Emergency,Threat of Levee Failure,Other,2005-12-29T00:00:00.000Z,,Turndown,2006-05-02T00:00:00.000Z,0,0,1,0,2006030401,2005-12-29T00:00:00.000Z,86d48c9f-0406-4752-83dc-f7073e0db391
6078,4,KY,Kentucky,0,2006-04-07T00:00:00.000Z,Major Disaster,Severe Storms and Tornadoes,Severe Storm,2006-04-02T00:00:00.000Z,2006-04-02T00:00:00.000Z,Turndown,2006-06-01T00:00:00.000Z,1,0,0,1,2006040401,2006-04-02T00:00:00.000Z,baa51bfa-45fe-4043-b7f0-a2ba95513a0e
6082,7,IA,Iowa,0,2006-04-19T00:00:00.000Z,Major Disaster,"Severe Storms, Tornadoes, and Straight Line Winds",Severe Storm,2006-04-13T00:00:00.000Z,2006-04-14T00:00:00.000Z,Turndown,2006-08-08T00:00:00.000Z,1,0,1,1,2006041401,2006-04-13T00:00:00.000Z,d36363e0-191e-4e41-8929-75b1b5956b82
6099,4,SC,South Carolina,0,2006-06-13T00:00:00.000Z,Emergency,Mill Fire,Fire,2006-06-06T00:00:00.000Z,2006-06-13T00:00:00.000Z,Turndown,2006-07-11T00:00:00.000Z,0,0,1,0,2006061401,2006-06-06T00:00:00.000Z,cd7a4679-db84-48d0-a5e0-a1476bd9d750
6120,6,NM,New Mexico,0,2006-07-14T00:00:00.000Z,Major Disaster,Flash Flood,Flood,2006-06-22T00:00:00.000Z,2006-06-22T00:00:00.000Z,Turndown,2006-08-23T00:00:00.000Z,1,0,0,1,2006063001,2006-06-22T00:00:00.000Z,fce8ddb4-b68e-4e3f-b85c-774f2db10f7a
6123,10,OR,Oregon,0,2006-06-02T00:00:00.000Z,Major Disaster,Curtailment of the Salmon Fishing Season,Drought,2006-03-15T00:00:00.000Z,,Turndown,2006-08-14T00:00:00.000Z,0,0,0,1,2006071301,2006-03-15T00:00:00.000Z,0b0ab54a-7a1f-4b1c-9991-08a2bf4b6f85
6127,1,CT,Connecticut,0,2006-07-27T00:00:00.000Z,Major Disaster,Severe Storms and Flooding,Severe Storm,2006-06-02T00:00:00.000Z,2006-06-02T00:00:00.000Z,Turndown,2006-12-21T00:00:00.000Z,0,0,1,1,2006061903,2006-06-02T00:00:00.000Z,6e0c69c0-37c2-49fa-ad56-b4c87ae49d8e
6128,5,IL,Illinois,0,2006-07-26T00:00:00.000Z,Major Disaster,Severe Storms,Severe Storm,2006-07-19T00:00:00.000Z,2006-07-21T00:00:00.000Z,Turndown,2006-10-13T00:00:00.000Z,1,0,1,1,2006072503,2006-07-19T00:00:00.000Z,6a44c90d-1a55-4db2-9bab-33441c9182d7
6150,6,TX,Texas,0,2006-08-24T00:00:00.000Z,Major Disaster,Drought and Fire Hazard,Drought,2006-06-01T00:00:00.000Z,,Turndown,2006-10-03T00:00:00.000Z,1,0,1,1,2006083001,2006-06-01T00:00:00.000Z,598b5458-f75d-4b74-9d74-0c2cd100809c
6153,5,IL,Illinois,0,2006-09-11T00:00:00.000Z,Major Disaster,Severe Storms and Flooding,Severe Storm,2006-09-04T00:00:00.000Z,2006-09-04T00:00:00.000Z,Turndown,2006-12-29T00:00:00.000Z,1,0,0,1,2006090501,2006-09-04T00:00:00.000Z,e149e2e7-0f2a-4fcc-a043-086a1136a39a
6158,7,MO,Missouri,0,2006-09-28T00:00:00.000Z,Major Disaster,"Severe Storms, Tornadoes, and Flooding",Severe Storm,2006-09-22T00:00:00.000Z,2006-09-24T00:00:00.000Z,Turndown,2006-11-30T00:00:00.000Z,1,0,0,1,2006092401,2006-09-22T00:00:00.000Z,553c468c-62c6-464e-b879-1ee953f19fca
6168,6,TX,Texas,0,2006-10-31T00:00:00.000Z,Major Disaster,Severe Storms and Flooding,Severe Storm,2006-10-15T00:00:00.000Z,,Turndown,2007-01-04T00:00:00.000Z,1,0,1,1,2006103101,2006-10-15T00:00:00.000Z,50c34853-b838-4bdf-9d04-134fc5bb0e67
7785,8,CO,Colorado,0,2007-01-05T00:00:00.000Z,Emergency,Severe Winter Storms,Severe Storm,2006-12-18T00:00:00.000Z,2006-12-31T00:00:00.000Z,Turndown,2007-01-12T00:00:00.000Z,0,0,1,0,2007010602,2006-12-18T00:00:00.000Z,da61395f-97a9-4fcc-848d-0101df748737
7798,10,WA,Washington,0,2007-02-05T00:00:00.000Z,Major Disaster,Windstorm,Severe Storm,2007-01-05T00:00:00.000Z,2007-01-07T00:00:00.000Z,Turndown,2007-03-02T00:00:00.000Z,0,0,1,1,2007013101,2007-01-05T00:00:00.000Z,9bf2e96e-e316-450e-a8df-70cbd3604331
7803,6,AR,Arkansas,0,2007-02-27T00:00:00.000Z,Emergency,Severe Storms and Tornadoes,Severe Storm,2007-02-24T00:00:00.000Z,2007-02-24T00:00:00.000Z,Turndown,2007-03-08T00:00:00.000Z,0,0,0,0,2007022602,2007-02-24T00:00:00.000Z,7587b69e-9ce9-40e2-b817-f836409bc7ab
7807,10,WA,Washington,0,2007-03-06T00:00:00.000Z,Emergency,Landslide,Mud/Landslide,2007-02-05T00:00:00.000Z,,Turndown,2007-06-21T00:00:00.000Z,0,0,1,0,2007021602,2007-02-05T00:00:00.000Z,71efc3f8-868e-4330-a43f-554f7a9b832c
7819,6,TX,Texas,0,2007-04-19T00:00:00.000Z,Major Disaster,TX Severe Storms & Flooding-3-29-07,Severe Storm,2007-03-29T00:00:00.000Z,2007-03-31T00:00:00.000Z,Turndown,2007-05-15T00:00:00.000Z,0,0,1,1,2007042302,2007-03-29T00:00:00.000Z,fbb83c58-e43d-4775-94f6-4190de3a7602
7841,4,FL,Florida,0,2007-05-25T00:00:00.000Z,Emergency,FL Fires,Fire,2007-03-25T00:00:00.000Z,,Turndown,2007-06-27T00:00:00.000Z,0,0,1,0,2007052601,2007-03-25T00:00:00.000Z,bc067bb5-2eb0-47de-923e-edc5515a9a38
7844,4,GA,Georgia,0,2007-06-01T00:00:00.000Z,Emergency,GA Fires,Fire,2007-03-29T00:00:00.000Z,,Turndown,2007-06-27T00:00:00.000Z,0,0,1,0,2007060201,2007-03-29T00:00:00.000Z,29843b8e-3e09-48a4-bff8-cfe28eccd5e8
7848,10,AK,Alaska,0,2007-06-11T00:00:00.000Z,Major Disaster,AK-Flood Watch-01-26-2007,Flood,2007-01-25T00:00:00.000Z,2007-02-04T00:00:00.000Z,Turndown,2007-07-27T00:00:00.000Z,0,0,1,1,2007012603,2007-01-25T00:00:00.000Z,4b3dad61-64e7-4702-ac62-1915cd75f81a
7849,7,IA,Iowa,0,2007-06-05T00:00:00.000Z,Major Disaster,IA- Severe Storms and Flooding,Severe Storm,2007-06-01T00:00:00.000Z,2007-06-01T00:00:00.000Z,Turndown,2007-06-22T00:00:00.000Z,1,0,1,1,2007062001,2007-06-01T00:00:00.000Z,fa8e8696-d18f-4dd6-a86e-ee7b8386ebe2
7860,7,MO,Missouri,0,2007-07-03T00:00:00.000Z,Major Disaster,Severe Storms and Flooding,Severe Storm,2007-06-04T00:00:00.000Z,,Turndown,2007-12-05T00:00:00.000Z,1,0,1,1,2007062602,2007-06-04T00:00:00.000Z,89e6b274-9dff-4456-b07f-0ef37b03a3e0
7911,6,TX,Texas,0,2007-09-20T00:00:00.000Z,Major Disaster,Hurricane Humberto,Hurricane,2007-09-13T00:00:00.000Z,2007-09-13T00:00:00.000Z,Turndown,2007-10-16T00:00:00.000Z,1,0,1,1,2007091703,2007-09-13T00:00:00.000Z,172401c4-e776-4fa7-9e0f-8ed9f1d87567
7913,4,GA,Georgia,0,2007-10-20T00:00:00.000Z,Major Disaster,Drought Conditions,Drought,2007-09-28T00:00:00.000Z,,Turndown,2008-03-03T00:00:00.000Z,0,0,1,1,2007102205,2007-09-28T00:00:00.000Z,5ba0b29b-383e-4034-bca9-17dad0905abf
7926,5,IN,Indiana,0,2007-11-02T00:00:00.000Z,Major Disaster,Severe Storms and a Tornado,Severe Storm,2007-10-18T00:00:00.000Z,2007-10-18T00:00:00.000Z,Turndown,2008-01-04T00:00:00.000Z,1,0,0,1,2007101901,2007-10-18T00:00:00.000Z,7ad5f137-f383-48ac-8059-a1c4a8f98ef3
8009,4,AL,Alabama,0,2008-02-08T00:00:00.000Z,Major Disaster,"Severe Storms, Tornadoes, Straight-line Winds, an",Severe Storm,2008-02-05T00:00:00.000Z,2008-02-06T00:00:00.000Z,Turndown,2008-03-24T00:00:00.000Z,1,0,1,1,2008020601,2008-02-05T00:00:00.000Z,83cee93d-80c4-4e1a-80d5-ec56c1d4e730
8022,6,AR,Arkansas,0,2008-02-26T00:00:00.000Z,Emergency,Ft Chaffee Fire,Fire,2008-01-29T00:00:00.000Z,2008-01-29T00:00:00.000Z,Turndown,2008-05-14T00:00:00.000Z,0,0,1,0,2008022702,2008-01-29T00:00:00.000Z,79ebe22d-71bf-4a31-80cc-4a43dc53782d
8046,4,SC,South Carolina,0,2008-03-24T00:00:00.000Z,Major Disaster,Severe Storms and Tornadoes,Tornado,2008-03-15T00:00:00.000Z,2008-03-15T00:00:00.000Z,Turndown,2008-04-01T00:00:00.000Z,1,0,0,1,2008032501,2008-03-15T00:00:00.000Z,51331c6a-2f09-4382-b1ec-890ac8ed5a0a
8049,1,ME,Maine,0,2008-03-28T00:00:00.000Z,Emergency,Record Snowfall,Snowstorm,2008-03-19T00:00:00.000Z,2008-03-22T00:00:00.000Z,Turndown,2008-05-21T00:00:00.000Z,0,0,1,0,2008032801,2008-03-19T00:00:00.000Z,92beba28-08e3-4f44-aeca-9b873edfe3d0
8052,5,IL,Illinois,0,2008-04-08T00:00:00.000Z,Major Disaster,Severe Storms and Flooding,Flood,2008-03-17T00:00:00.000Z,,Turndown,2008-08-20T00:00:00.000Z,1,0,0,1,2008032001,2008-03-17T00:00:00.000Z,f64a3588-4f6b-416a-b80d-9c0cbbac674e
8055,9,CA,California,0,2008-02-19T00:00:00.000Z,Emergency,Martin's Ferry Bridge,Other,2007-12-03T00:00:00.000Z,2008-06-01T00:00:00.000Z,Turndown,2008-04-30T00:00:00.000Z,0,0,1,0,2008011701,2008-01-17T00:00:00.000Z,ed0130e6-c04c-449c-8dc7-af760e96167b
8070,7,MO,Missouri,0,2008-05-15T00:00:00.000Z,Major Disaster,Severe storms and tornadoes,Severe Storm,2008-05-01T00:00:00.000Z,2008-05-03T00:00:00.000Z,Turndown,2008-06-20T00:00:00.000Z,1,0,1,1,2008050802,2008-05-01T00:00:00.000Z,c1dfa79b-617c-41ef-8e51-415241a96a7e
8081,6,LA,Louisiana,0,2008-06-03T00:00:00.000Z,Major Disaster,"Severe Storms, Tornadoes, and Flooding",Severe Storm,2008-05-13T00:00:00.000Z,2008-05-15T00:00:00.000Z,Turndown,2008-08-08T00:00:00.000Z,1,0,0,1,2008051901,2008-05-13T00:00:00.000Z,2cc14faa-64f6-4c2e-bfd8-84ab9d038961
8088,4,GA,Georgia,0,2008-05-28T00:00:00.000Z,Major Disaster,Cherokee County Tornado,Tornado,2008-05-20T00:00:00.000Z,2008-05-20T00:00:00.000Z,Turndown,2008-07-23T00:00:00.000Z,1,0,1,1,2008061301,2008-05-20T00:00:00.000Z,a7fe4249-7d57-4272-83c4-8d664f33a5fa
8113,10,OR,Oregon,0,2008-05-30T00:00:00.000Z,Major Disaster,OR-Fishery Closure-06-06-2008,Fishing Losses,2008-03-15T00:00:00.000Z,,Turndown,2008-07-11T00:00:00.000Z,0,0,0,1,2008060601,2008-03-15T00:00:00.000Z,c0287422-d50a-4e3f-9763-693feec7b78d
8128,9,CA,California,0,2008-08-19T00:00:00.000Z,Major Disaster,Wildfires,Fire,2008-05-22T00:00:00.000Z,,Turndown,2008-10-23T00:00:00.000Z,1,0,1,1,2008062201,2008-06-20T00:00:00.000Z,366e517d-75a6-4e60-b519-79b8b6809ce4
8130,6,TX,Texas,0,2008-08-22T00:00:00.000Z,Major Disaster,Severe Storms and Flooding,Severe Storm,2008-08-18T00:00:00.000Z,,Turndown,2008-10-23T00:00:00.000Z,1,0,1,1,2008082201,2008-08-18T00:00:00.000Z,6ae1fafa-c5df-4d29-b0a2-3bdbc5218444
8136,4,FL,Florida,0,2008-08-31T00:00:00.000Z,Emergency,Hurricane Gustav,Hurricane,2008-08-31T00:00:00.000Z,,Turndown,2008-09-22T00:00:00.000Z,0,0,1,0,2008082602,2008-08-29T00:00:00.000Z,aebd2592-c563-42ca-9edb-ac066be1981d
8150,4,AL,Alabama,0,2008-09-12T00:00:00.000Z,Emergency,Hurricane Ike,Hurricane,2008-09-12T00:00:00.000Z,,Turndown,2008-09-26T00:00:00.000Z,0,0,1,0,2008090202,2008-09-14T00:00:00.000Z,a6c8bf45-fbdf-4a35-a08e-7436e7d749e5
8152,6,TX,Texas,0,2008-09-18T00:00:00.000Z,Emergency,Severe Storms and Flooding,Severe Storm,2008-09-12T00:00:00.000Z,,Turndown,2008-10-06T00:00:00.000Z,0,0,1,0,2008091803,2008-09-12T00:00:00.000Z,57222568-a61f-404a-a976-2e510ae34c02
8155,4,MS,Mississippi,0,2008-09-08T00:00:00.000Z,Emergency,Hurricane Ike,Hurricane,2008-09-08T00:00:00.000Z,,Turndown,2008-09-22T00:00:00.000Z,0,0,1,0,2008090202,2008-09-14T00:00:00.000Z,2c41c1fa-a043-4f9a-878d-fa0262631145
8164,6,OK,Oklahoma,0,2008-09-18T00:00:00.000Z,Major Disaster,OK-Severe Storms-TS Lowel 9/11/2008(2),Severe Storm,2008-09-11T00:00:00.000Z,2008-09-19T00:00:00.000Z,Turndown,2008-10-06T00:00:00.000Z,1,0,0,1,2008100201,2008-09-11T00:00:00.000Z,a98ea3ee-36d3-4263-9333-d6b761f1a49e
8165,9,FM,Federated States of Micronesia,0,2008-07-31T00:00:00.000Z,Major Disaster,High Tides and Drought,Other,2008-03-11T00:00:00.000Z,,Turndown,2008-10-06T00:00:00.000Z,0,0,0,0,2008031101,2008-03-11T00:00:00.000Z,2295673b-a7d5-4fb1-8d45-14fe18f898cd
8167,4,FL,Florida,0,2008-10-07T00:00:00.000Z,Major Disaster,Hurricane Ike,Hurricane,2008-09-08T00:00:00.000Z,2008-09-12T00:00:00.000Z,Turndown,2008-12-18T00:00:00.000Z,0,0,1,1,2008100804,2008-09-08T00:00:00.000Z,0ed9f897-8bd7-4805-8786-91167a4a4969
8174,4,NC,North Carolina,0,2008-10-24T00:00:00.000Z,Major Disaster,94L Non-Tropical Low,Coastal Storm,2008-09-24T00:00:00.000Z,2008-09-28T00:00:00.000Z,Turndown,2008-11-05T00:00:00.000Z,0,0,1,0,2008092901,2008-09-25T00:00:00.000Z,992039c4-6d34-4faf-bb8b-1857789f7967
9006,3,MD,Maryland,0,2009-01-09T00:00:00.000Z,Emergency,56th Presidential Inauguration,Other,2009-01-17T00:00:00.000Z,2009-01-21T00:00:00.000Z,Turndown,2009-04-10T00:00:00.000Z,0,0,1,0,2009010801,2009-01-17T00:00:00.000Z,2ac05a3b-659a-4f79-8eed-374bfcadf4c5
9008,3,VA,Virginia,0,2009-01-13T00:00:00.000Z,Emergency,56th Presidential Inauguration,Other,2009-01-17T00:00:00.000Z,2009-01-21T00:00:00.000Z,Turndown,2009-04-10T00:00:00.000Z,0,0,1,0,2009010801,2009-01-17T00:00:00.000Z,c6a31bbe-ff2b-46f3-be5a-e81a38915b64
9022,6,TX,Texas,0,2009-02-25T00:00:00.000Z,Emergency,Extreme Fire Hazard,Fire,2009-01-16T00:00:00.000Z,,Turndown,2009-05-06T00:00:00.000Z,0,0,1,0,2009022501,2009-01-16T00:00:00.000Z,31e55176-74cc-4af3-9a84-967d51f2ca6b
9027,8,ND,North Dakota,0,2009-02-19T00:00:00.000Z,Emergency,Snow,Snowstorm,2008-11-04T00:00:00.000Z,,Turndown,2009-05-20T00:00:00.000Z,0,0,1,0,2009030301,2008-11-04T00:00:00.000Z,523c4a6e-c83f-485f-98e8-6c427970900e
9056,6,TX,Texas,0,2009-04-16T00:00:00.000Z,Major Disaster,Wildfires,Fire,2009-04-07T00:00:00.000Z,,Turndown,2009-05-08T00:00:00.000Z,1,0,1,1,2009041702,2009-04-07T00:00:00.000Z,ea87b667-8e5d-483e-bae2-d5c1e4dffaa9
9076,6,OK,Oklahoma,0,2009-05-21T00:00:00.000Z,Major Disaster,"Severe Storms, Tornadoes, and Flooding",Severe Storm,2009-04-25T00:00:00.000Z,2009-05-16T00:00:00.000Z,Turndown,2009-09-02T00:00:00.000Z,0,0,1,1,2009052601,2009-04-25T00:00:00.000Z,c4157bc9-4aa5-461e-afaa-45f4c2ff45f3
9082,3,PA,Pennsylvania,0,2009-06-29T00:00:00.000Z,Major Disaster,Severe Storms and Flooding,Flood,2009-05-28T00:00:00.000Z,,Turndown,2009-09-03T00:00:00.000Z,1,0,0,1,2009062601,2009-05-28T00:00:00.000Z,e5a98938-e1ee-4d5a-82a8-c059674128f4
9085,9,CA,California,0,2009-06-19T00:00:00.000Z,Major Disaster,Drought,Drought,2009-04-14T00:00:00.000Z,,Turndown,2009-10-19T00:00:00.000Z,0,0,0,0,2009071001,2009-06-19T00:00:00.000Z,636e8db2-00a3-4c26-a124-6d01835fb287
9095,6,TX,Texas,0,2009-08-18T00:00:00.000Z,Emergency,Extreme Fire Hazard,Fire,2009-07-15T00:00:00.000Z,,Turndown,2009-09-16T00:00:00.000Z,0,0,1,0,2009082501,2009-07-15T00:00:00.000Z,104b77ea-ed88-4ad5-bd4d-c671173ecff1
9109,5,IN,Indiana,0,2009-09-09T00:00:00.000Z,Major Disaster,Severe Storms and Flooding,Severe Storm,2009-08-04T00:00:00.000Z,2009-08-09T00:00:00.000Z,Turndown,2009-11-03T00:00:00.000Z,1,0,1,1,2009082401,2009-08-04T00:00:00.000Z,756fc7d9-a992-4b82-9967-725019c2a0a8
9117,9,AZ,Arizona,0,2008-10-06T00:00:00.000Z,Major Disaster,AZ-Havasupai Flood-08-17-2008,Flood,2008-08-17T00:00:00.000Z,,Turndown,2009-12-04T00:00:00.000Z,0,0,1,1,2008102201,2008-08-17T00:00:00.000Z,5431be39-807e-4a45-bd80-8e29399506c1
10007,4,AL,Alabama,0,2010-02-01T00:00:00.000Z,Major Disaster,Subfreezing Temperatures,Freezing,2010-01-07T00:00:00.000Z,2010-01-12T00:00:00.000Z,Turndown,2010-04-28T00:00:00.000Z,0,0,1,1,2010020101,2010-01-07T00:00:00.000Z,6d6435e6-800a-49ba-a21c-912ee49a8881
10009,2,NY,New York,0,2010-02-02T00:00:00.000Z,Major Disaster,Snowstorm,Snowstorm,2009-12-18T00:00:00.000Z,2009-12-20T00:00:00.000Z,Turndown,2010-05-10T00:00:00.000Z,0,0,1,1,2010011901,2009-12-19T00:00:00.000Z,1664bafe-cb6f-43ae-b43a-3ec134295841
10034,4,FL,Florida,0,2010-03-18T00:00:00.000Z,Major Disaster,Subfreezing Temperatures,Freezing,2010-01-02T00:00:00.000Z,2010-02-01T00:00:00.000Z,Turndown,2010-04-16T00:00:00.000Z,1,0,0,0,2010032201,2010-01-02T00:00:00.000Z,93aa01c4-ba2d-4bf6-8acf-48ab72593e02
10056,6,LA,Louisiana,0,2010-05-07T00:00:00.000Z,Major Disaster,Tornado,Severe Storm,2010-04-24T00:00:00.000Z,2010-04-24T00:00:00.000Z,Turndown,2010-07-23T00:00:00.000Z,1,0,1,1,2010050401,2010-04-24T00:00:00.000Z,f0d8aa7a-f07a-4b9c-a450-4fe466113534
10057,6,AR,Arkansas,0,2010-05-10T00:00:00.000Z,Major Disaster,"Severe Storms, Tornadoes, and Flooding",Severe Storm,2010-04-30T00:00:00.000Z,,Turndown,2010-05-20T00:00:00.000Z,1,0,0,1,2010050402,2010-04-30T00:00:00.000Z,6855731e-65ac-4ee9-ba8a-b9e6db75283f
10063,5,OH,Ohio,0,2010-06-09T00:00:00.000Z,Major Disaster,OH-Tornado-06062010,Tornado,2010-06-05T00:00:00.000Z,2010-06-06T00:00:00.000Z,Turndown,2010-07-30T00:00:00.000Z,1,0,1,1,2010060601,2010-06-06T00:00:00.000Z,695531a3-38a5-4cb9-bb05-09359f288d88
10065,5,IL,Illinois,0,2010-06-18T00:00:00.000Z,Major Disaster,Severe Storms and Tornadoes,Tornado,2010-06-05T00:00:00.000Z,2010-06-05T00:00:00.000Z,Turndown,2010-06-29T00:00:00.000Z,1,0,0,1,2010060602,2010-06-05T00:00:00.000Z,f6788fc0-384f-40f3-96ef-5428a8b5315d
10077,6,OK,Oklahoma,0,2010-07-19T00:00:00.000Z,Major Disaster,"Tornadoes, Severe Storms, and Flooding",Severe Storm,2010-07-06T00:00:00.000Z,2010-07-12T00:00:00.000Z,Turndown,2010-07-28T00:00:00.000Z,1,0,0,1,2010070901,2010-07-06T00:00:00.000Z,4e9872c5-a805-49fb-bfff-9d9aba00e065
10098,1,RI,Rhode Island,0,2010-09-02T00:00:00.000Z,Emergency,Hurricane Earl,Hurricane,2010-08-30T00:00:00.000Z,,Turndown,2010-11-03T00:00:00.000Z,0,0,1,0,2010083102,2010-09-01T00:00:00.000Z,1fecf5fb-5162-4b11-9376-05302012a001
10100,1,CT,Connecticut,0,2010-08-20T00:00:00.000Z,Major Disaster,Severe Storm and Tornado,Tornado,2010-06-24T00:00:00.000Z,2010-06-24T00:00:00.000Z,Turndown,2010-10-08T00:00:00.000Z,1,0,1,1,2010062801,2010-06-24T00:00:00.000Z,e72188c7-fb22-475a-b59b-a8448f962d53
10110,6,TX,Texas,0,2010-09-20T00:00:00.000Z,Major Disaster,Trop Storm Hermine,Other,2010-09-06T00:00:00.000Z,2010-09-10T00:00:00.000Z,Turndown,2010-11-05T00:00:00.000Z,1,0,1,1,2010090701,2010-09-06T00:00:00.000Z,54ba50d9-1d31-4a84-b2e9-ddfe60feb989
10111,9,CA,California,0,2010-09-15T00:00:00.000Z,Major Disaster,Explosions and Fires,Fire,2010-09-09T00:00:00.000Z,2010-09-11T00:00:00.000Z,Turndown,2010-10-28T00:00:00.000Z,1,0,1,1,2010091001,2010-09-09T00:00:00.000Z,46e2743b-5f2a-40fa-8882-c0aa96e52535
11001,7,MO,Missouri,0,2011-01-14T00:00:00.000Z,Major Disaster,Severe Storms and Tornadoes,Severe Storm,2010-12-30T00:00:00.000Z,2010-12-31T00:00:00.000Z,Turndown,2011-01-26T00:00:00.000Z,1,0,0,1,2011010101,2010-12-30T00:00:00.000Z,6204a6eb-b8c2-43f6-9973-cf464f5fc663
11009,10,WA,Washington,0,2011-02-14T00:00:00.000Z,Major Disaster,"Severe Winter Storm, Flooding, Landslides, and Mud",Severe Storm,2010-12-08T00:00:00.000Z,2010-12-18T00:00:00.000Z,Turndown,2011-05-17T00:00:00.000Z,0,0,1,1,2011010401,2010-12-08T00:00:00.000Z,b15c73c4-8466-4ed8-aba0-e2b8a36daba1
11024,5,IN,Indiana,0,2011-03-14T00:00:00.000Z,Major Disaster,Severe Winter Storm,Severe Storm,2011-01-31T00:00:00.000Z,2011-02-04T00:00:00.000Z,Turndown,2011-04-20T00:00:00.000Z,0,0,1,1,2011020101,2011-01-31T00:00:00.000Z,5b7ef4d9-1ef5-4efd-8eb8-b5752f1a4946
11030,6,LA,Louisiana,0,2011-03-18T00:00:00.000Z,Major Disaster,Tornado,Tornado,2011-03-05T00:00:00.000Z,2011-03-05T00:00:00.000Z,Turndown,2011-05-10T00:00:00.000Z,1,0,1,1,2011031501,2011-03-05T00:00:00.000Z,b54adf29-983d-44d1-8e92-d3e2648aa1b1
11041,4,MS,Mississippi,0,2011-03-31T00:00:00.000Z,Major Disaster,Severe Storms and Flooding,Severe Storm,2011-03-08T00:00:00.000Z,2011-03-09T00:00:00.000Z,Turndown,2011-04-08T00:00:00.000Z,1,0,0,0,2011031001,2011-03-08T00:00:00.000Z,0fe7b735-d87d-4b33-9c3f-c7f36ea55022
11050,2,NJ,New Jersey,0,2011-03-31T00:00:00.000Z,Major Disaster,Severe Storms and Flooding,Severe Storm,2011-03-10T00:00:00.000Z,2011-03-17T00:00:00.000Z,Turndown,2011-05-31T00:00:00.000Z,1,0,1,1,2011031002,2011-03-10T00:00:00.000Z,f1e52519-2119-4683-b14c-0831f8e43ce4
11068,4,AL,Alabama,0,2011-04-19T00:00:00.000Z,Major Disaster,"Severe Storms, Tornadoes, and Flooding",Severe Storm,2011-04-15T00:00:00.000Z,2011-04-16T00:00:00.000Z,Turndown,2011-04-22T00:00:00.000Z,1,0,0,1,2011041701,2011-04-15T00:00:00.000Z,e8231b06-f190-43fd-9da4-6b350511f4cf
11073,10,WA,Washington,0,2011-03-25T00:00:00.000Z,Major Disaster,WA-White Swan Fire 02-12-2011,Fire,2011-02-12T00:00:00.000Z,2011-02-13T00:00:00.000Z,Turndown,2011-07-01T00:00:00.000Z,1,0,1,1,2011022502,2011-02-12T00:00:00.000Z,208049b9-7eff-431c-a25a-6c403265b997
11075,3,VA,Virginia,0,2011-04-18T00:00:00.000Z,Major Disaster,"Severe Storms, Tornadoes, and  Flooding",Severe Storm,2011-04-08T00:00:00.000Z,2011-04-08T00:00:00.000Z,Turndown,2011-06-23T00:00:00.000Z,1,0,0,1,2011041103,2011-04-08T00:00:00.000Z,2c3d55b9-b5d6-4f97-a824-3b25a2feeceb
11111,9,CA,California,0,2011-04-22T00:00:00.000Z,Major Disaster,"Severe Storms, Flooding, and Debris and Mud Flows",Severe Storm,2011-03-15T00:00:00.000Z,2011-03-27T00:00:00.000Z,Turndown,2011-08-04T00:00:00.000Z,0,0,1,1,2011052401,2011-03-15T00:00:00.000Z,9c6f6ac1-e03d-4f30-af45-009846b67765
11164,2,NY,New York,0,2011-07-13T00:00:00.000Z,Major Disaster,Severe Storms and Flooding,Severe Storm,2011-05-13T00:00:00.000Z,2011-05-31T00:00:00.000Z,Turndown,2011-11-23T00:00:00.000Z,0,0,1,1,2011071501,2011-05-09T00:00:00.000Z,68dff19a-5446-4ffa-aef4-d84a7c63499c
11205,5,IL,Illinois,0,2011-08-26T00:00:00.000Z,Major Disaster,Severe Storms and Flooding,Severe Storm,2011-07-27T00:00:00.000Z,2011-07-28T00:00:00.000Z,Turndown,2011-09-09T00:00:00.000Z,0,0,1,1,2011083103,2011-07-27T00:00:00.000Z,86c4bd16-c373-4fc9-bc92-af39a1fc02ba
11232,3,MD,Maryland,0,2011-09-08T00:00:00.000Z,Emergency,Remnants of Tropical Storm Lee,Severe Storm,2011-09-03T00:00:00.000Z,,Turndown,2011-11-10T00:00:00.000Z,0,0,1,0,2011090802,2011-09-08T00:00:00.000Z,15bb211e-1d46-42fa-b0cd-da15d9ff0291
11245,7,NE,Nebraska,0,2011-09-15T00:00:00.000Z,Major Disaster,Severe Storms and Flooding,Severe Storm,2011-08-18T00:00:00.000Z,2011-08-22T00:00:00.000Z,Turndown,2011-11-09T00:00:00.000Z,0,0,1,1,2011091505,2011-08-18T00:00:00.000Z,f6b561d3-bd7f-45e7-85b4-c43ee4d496fa
11253,3,VA,Virginia,0,2011-10-08T00:00:00.000Z,Major Disaster,Remnants of Tropical Storm Lee,Severe Storm,2011-09-08T00:00:00.000Z,2011-09-09T00:00:00.000Z,Turndown,2011-11-04T00:00:00.000Z,1,0,1,1,2011090802,2011-09-08T00:00:00.000Z,794c0b48-cdfb-42af-9380-2a7bd186a661
11264,6,OK,Oklahoma,0,2011-11-21T00:00:00.000Z,Major Disaster,Earthquakes,Earthquake,2011-11-05T00:00:00.000Z,,Turndown,2011-11-30T00:00:00.000Z,1,0,0,1,2011112201,2011-11-05T00:00:00.000Z,66ae9970-ad80-41ab-a228-f17d294e0777
12008,7,MO,Missouri,0,2012-03-07T00:00:00.000Z,Major Disaster,"Severe Storms, Straight-line Winds, and Tornadoes",Severe Storm,2012-02-28T00:00:00.000Z,2012-03-01T00:00:00.000Z,Turndown,2012-03-12T00:00:00.000Z,1,0,0,1,2012022902,2012-02-28T00:00:00.000Z,fddbe26b-5d20-48cf-94ac-e35c8525f8f0
12010,5,IL,Illinois,0,2012-03-07T00:00:00.000Z,Major Disaster,Severe Storms and Tornadoes,Tornado,2012-02-29T00:00:00.000Z,2012-03-02T00:00:00.000Z,Turndown,2012-03-21T00:00:00.000Z,1,0,0,1,2012030601,2012-02-29T00:00:00.000Z,7f7739d7-b060-48b5-973d-d1ec50bc32b6
12011,5,OH,Ohio,0,2012-03-07T00:00:00.000Z,Major Disaster,Severe Storms and Tornado,Severe Storm,2012-03-02T00:00:00.000Z,2012-03-02T00:00:00.000Z,Turndown,2012-03-09T00:00:00.000Z,1,0,0,1,2012030602,2012-03-02T00:00:00.000Z,30fd3516-0f49-4bda-aaf5-199bbb785ee2
12018,6,OK,Oklahoma,0,2012-04-18T00:00:00.000Z,Major Disaster,"Severe Storms, Tornadoes, and Straight-line Winds",Severe Storm,2012-04-13T00:00:00.000Z,,Turndown,2012-04-20T00:00:00.000Z,1,0,0,1,2012041601,2012-04-13T00:00:00.000Z,96f5dbd9-289f-472e-95b6-1a641d315038
12019,6,LA,Louisiana,0,2012-04-26T00:00:00.000Z,Major Disaster,Severe Storms and Flooding,Severe Storm,2012-03-11T00:00:00.000Z,2012-03-12T00:00:00.000Z,Turndown,2012-05-08T00:00:00.000Z,1,0,1,1,2012041201,2012-03-11T00:00:00.000Z,9e7e9a59-0926-4254-9ec7-7473c701786f
12021,6,LA,Louisiana,0,2012-05-01T00:00:00.000Z,Major Disaster,"Severe Storms, Tornadoes, and Flooding",Severe Storm,2012-03-20T00:00:00.000Z,2012-03-22T00:00:00.000Z,Turndown,2012-05-08T00:00:00.000Z,1,0,1,1,2012041202,2012-03-20T00:00:00.000Z,fb9b2894-d846-4810-9b79-f4db0501e3b0
12025,5,MI,Michigan,0,2012-06-01T00:00:00.000Z,Major Disaster,MI - Severe Storms and Flooding,Flood,2012-05-03T00:00:00.000Z,2012-05-05T00:00:00.000Z,Turndown,2012-06-08T00:00:00.000Z,1,0,0,1,2012051801,2012-05-03T00:00:00.000Z,819a2fa7-b2d6-44d5-b0c8-09369fc04c98
12044,4,FL,Florida,0,2012-06-30T00:00:00.000Z,Major Disaster,Severe Storms and Flooding,Severe Storm,2012-06-09T00:00:00.000Z,2012-06-11T00:00:00.000Z,Turndown,2012-08-13T00:00:00.000Z,1,0,0,1,2012070101,2012-06-09T00:00:00.000Z,7f31fb06-91e5-4451-9a8c-75d394c63e0e
12079,7,NE,Nebraska,0,2012-08-28T00:00:00.000Z,Major Disaster,Region 24 Fire Complex,Fire,2012-07-20T00:00:00.000Z,2012-07-29T00:00:00.000Z,Turndown,2012-11-09T00:00:00.000Z,0,0,1,1,2012080202,2012-07-20T00:00:00.000Z,a2bd6d8c-4f55-4871-8c67-5eba1b8f5c86
12097,6,OK,Oklahoma,0,2012-09-27T00:00:00.000Z,Major Disaster,Wildfires,Fire,2012-07-28T00:00:00.000Z,2012-08-14T00:00:00.000Z,Turndown,2012-10-15T00:00:00.000Z,0,0,1,1,2012080602,2012-07-28T00:00:00.000Z,d4b63883-88f6-480a-92ed-da9b6c5803e3
12118,4,FL,Florida,0,2012-11-01T00:00:00.000Z,Major Disaster,Hurricane Sandy,Hurricane,2012-10-24T00:00:00.000Z,,Turndown,2013-01-17T00:00:00.000Z,0,0,1,1,2012102505,2012-10-27T00:00:00.000Z,cb758672-0a88-40fb-be7b-970ae57d2e9d
13016,6,TX,Texas,0,2013-04-22T00:00:00.000Z,Major Disaster,Explosion,Other,2013-04-17T00:00:00.000Z,2013-04-23T00:00:00.000Z,Turndown,2013-06-10T00:00:00.000Z,1,0,1,1,2013041901,2013-04-17T00:00:00.000Z,72799577-92cf-4070-930e-bbef40eb500a
13057,9,AZ,Arizona,0,2013-07-12T00:00:00.000Z,Major Disaster,Yarnell Hill Fire,Fire,2013-06-28T00:00:00.000Z,,Turndown,2013-09-13T00:00:00.000Z,1,0,0,1,2013063001,2013-06-30T00:00:00.000Z,c8174573-89dd-4bb5-b4ff-d01998b34f98
13061,9,AZ,Arizona,1,2013-05-03T00:00:00.000Z,Major Disaster,San Carlos Apache Tribe Power Outage,Other,2013-05-02T00:00:00.000Z,2013-05-04T00:00:00.000Z,Turndown,2013-08-05T00:00:00.000Z,0,0,1,1,2013062101,2013-05-02T00:00:00.000Z,e3f7492c-ab0a-4cbc-a90b-69be73e80487
13089,8,SD,South Dakota,1,2013-09-10T00:00:00.000Z,Major Disaster,SD - Severe Storms,Severe Storm,2013-07-30T00:00:00.000Z,2013-07-31T00:00:00.000Z,Turndown,2013-12-12T00:00:00.000Z,0,0,0,0,2013081601,2013-07-30T00:00:00.000Z,fef77ea1-c323-4993-b24c-9c82aecea087
13093,9,AZ,Arizona,0,2013-10-10T00:00:00.000Z,Major Disaster,Flooding,Flood,2013-09-13T00:00:00.000Z,2013-09-17T00:00:00.000Z,Turndown,2013-11-01T00:00:00.000Z,0,0,1,1,2013102403,2013-09-13T00:00:00.000Z,be8a7e1b-3a37-4abe-bdf2-ab3369a171b6
13099,5,IN,Indiana,0,2013-12-04T00:00:00.000Z,Major Disaster,"Severe Storms, Straight-line Winds, and Tornadoes",Severe Storm,2013-11-17T00:00:00.000Z,2013-11-17T00:00:00.000Z,Turndown,2014-01-07T00:00:00.000Z,1,0,0,1,2013111702,2013-11-17T00:00:00.000Z,5486a7e7-5319-4f94-a4f3-89f65c255de5
14007,6,TX,Texas,0,2014-01-17T00:00:00.000Z,Major Disaster,Severe Winter Storm,Severe Storm,2013-12-05T00:00:00.000Z,2013-12-09T00:00:00.000Z,Turndown,2014-04-15T00:00:00.000Z,0,0,1,1,2014012202,2013-12-05T00:00:00.000Z,dbfc78b8-d4de-48d8-93e7-dcf8f05ddb4b
14012,1,CT,Connecticut,0,2014-02-14T00:00:00.000Z,Emergency,Region 1  2-13-2014 Severe Winter Storm,Severe Storm,2014-02-13T00:00:00.000Z,2014-02-17T00:00:00.000Z,Turndown,2014-02-17T00:00:00.000Z,0,0,1,0,2014021501,2014-02-13T00:00:00.000Z,327981f3-f587-4cc5-a4d9-5b9940342291
14017,1,ME,Maine,0,2014-02-21T00:00:00.000Z,Major Disaster,Severe Winter Storms,Severe Ice Storm,2013-12-20T00:00:00.000Z,2014-01-01T00:00:00.000Z,Turndown,2014-03-12T00:00:00.000Z,0,0,1,1,2013122601,2013-12-20T00:00:00.000Z,7afac2cf-8b7c-4241-bf1c-c91c70c68b41
14018,3,WV,West Virginia,0,2014-03-21T00:00:00.000Z,Major Disaster,Chemical Spill,Chemical,2014-01-09T00:00:00.000Z,2014-01-20T00:00:00.000Z,Turndown,2014-05-20T00:00:00.000Z,0,0,1,1,2014011002,2014-01-09T00:00:00.000Z,ce5de0c0-f357-4cdd-8fe5-6b1bba6b3daf
14031,4,NC,North Carolina,0,2014-05-02T00:00:00.000Z,Major Disaster,"Severe Storms, Tornadoes, Straight-line Winds, and",Severe Storm,2014-04-25T00:00:00.000Z,2014-04-26T00:00:00.000Z,Turndown,2014-05-09T00:00:00.000Z,1,0,0,1,2014042501,2014-04-28T00:00:00.000Z,9db658b4-9bda-42ec-af53-d020059868b9
14037,1,NH,New Hampshire,0,2014-05-21T00:00:00.000Z,Major Disaster,Severe Storms and Flooding,Flood,2014-04-15T00:00:00.000Z,2014-04-16T00:00:00.000Z,Turndown,2014-07-17T00:00:00.000Z,0,0,1,1,2014041501,2014-04-15T00:00:00.000Z,a7003e34-b8c0-4315-9e0b-5d3b63ecb3bd
14047,8,SD,South Dakota,0,2014-07-02T00:00:00.000Z,Major Disaster,"Severe Storms, Tornadoes, and Flooding",Flood,2014-06-13T00:00:00.000Z,2014-06-20T00:00:00.000Z,Turndown,2014-07-10T00:00:00.000Z,1,0,0,1,2014061801,2014-06-13T00:00:00.000Z,b8dfeb73-2a77-4e5e-aef8-0067b6f80d62
14056,5,WI,Wisconsin,0,2014-07-23T00:00:00.000Z,Major Disaster,Extreme Cold and Deep Freeze,Freezing,2014-01-01T00:00:00.000Z,2014-04-07T00:00:00.000Z,Turndown,2014-09-04T00:00:00.000Z,0,0,1,1,2014072202,2014-01-01T00:00:00.000Z,41b1fa6c-97a2-4296-9ceb-9d4c7f59818d
14075,9,HI,Hawaii,0,2014-08-21T00:00:00.000Z,Major Disaster,Tropical Storm Iselle,Hurricane,2014-08-07T00:00:00.000Z,2014-08-09T00:00:00.000Z,Turndown,2014-10-16T00:00:00.000Z,1,0,1,1,2014080402,2014-08-07T00:00:00.000Z,971857c6-03e0-4a61-b229-01740dfd59cc
14085,1,VT,Vermont,0,2014-09-04T00:00:00.000Z,Major Disaster,Region I 7-28-2014 Severe Storms and Flooding,Flood,2014-07-28T00:00:00.000Z,2014-07-28T00:00:00.000Z,Turndown,2014-09-23T00:00:00.000Z,0,0,1,1,2014080401,2014-07-28T00:00:00.000Z,31ffd930-2630-4b1a-ba90-a0f971a6792c
14090,8,ND,North Dakota,0,2014-10-08T00:00:00.000Z,Major Disaster,Severe Storms and Flooding,Flood,2014-08-15T00:00:00.000Z,2014-08-25T00:00:00.000Z,Turndown,2014-11-26T00:00:00.000Z,0,0,1,0,2014090904,2014-08-15T00:00:00.000Z,0cd02fd9-2c87-45cd-9ee7-0162f58b7040
14094,8,UT,Utah,0,2014-10-22T00:00:00.000Z,Major Disaster,Severe Storms and Flooding,Flood,2014-09-27T00:00:00.000Z,2014-09-27T00:00:00.000Z,Turndown,2014-11-03T00:00:00.000Z,1,0,0,1,2014102701,2014-09-27T00:00:00.000Z,db6c7d44-f730-4477-9fc5-dfaed2130aef
15008,6,OK,Oklahoma,0,2015-04-01T00:00:00.000Z,Major Disaster,OK - Tornadoes - Severe Storms - Straight-line Win,Tornado,2015-03-25T00:00:00.000Z,2015-03-26T00:00:00.000Z,Turndown,2015-04-03T00:00:00.000Z,1,0,0,1,2015040101,2015-03-25T00:00:00.000Z,f12c1ff3-9a64-40f7-9a73-f305aac1a42a
15020,3,MD,Maryland,0,2015-05-22T00:00:00.000Z,Major Disaster,R3_Baltimore_City_Unrest,Civil Unrest,2015-04-25T00:00:00.000Z,2015-05-01T00:00:00.000Z,Turndown,2015-07-29T00:00:00.000Z,0,0,1,0,2015052801,2015-04-27T00:00:00.000Z,1e713552-013c-4d2f-971f-c1d6592ed557
15023,8,SD,South Dakota,0,2015-05-27T00:00:00.000Z,Major Disaster,SD Severe Storm and Tornado,Tornado,2015-05-10T00:00:00.000Z,2015-05-10T00:00:00.000Z,Turndown,2015-06-03T00:00:00.000Z,1,0,0,1,2015051301,2015-05-10T00:00:00.000Z,05172a34-1483-4c3d-b5d1-22657599b40a
15028,7,IA,Iowa,0,2015-06-17T00:00:00.000Z,Major Disaster,Iowa Highly Pathogenic Avian Influenza (HPAI) 2015,Other,2015-04-13T00:00:00.000Z,,Turndown,2015-07-07T00:00:00.000Z,0,0,0,1,2015061804,2015-04-13T00:00:00.000Z,f06f213a-0efb-4b65-a180-c9004df8de54
15060,10,AK,Alaska,0,2015-07-24T00:00:00.000Z,Major Disaster,Wildfires,Fire,2015-06-14T00:00:00.000Z,,Turndown,2015-08-19T00:00:00.000Z,1,0,1,1,2015081702,2015-06-14T00:00:00.000Z,64e515eb-6a82-47cc-8b59-ecdcd98cd75f
15069,4,FL,Florida,0,2015-08-26T00:00:00.000Z,Major Disaster,Severe Storms and Flooding,Flood,2015-08-01T00:00:00.000Z,2015-08-09T00:00:00.000Z,Turndown,2015-09-23T00:00:00.000Z,1,0,0,1,2015081001,2015-08-01T00:00:00.000Z,e8dd150c-dd29-4d9d-9436-238dd8235662
15071,5,IN,Indiana,0,2015-08-31T00:00:00.000Z,Major Disaster,Indiana_Flooding_06182015,Flood,2015-06-07T00:00:00.000Z,2015-07-29T00:00:00.000Z,Turndown,2015-10-20T00:00:00.000Z,0,0,1,1,2015061802,2015-06-18T00:00:00.000Z,f0da0d24-5f99-4249-a417-250ea010a9a0
15084,9,AZ,Arizona,1,2015-10-02T00:00:00.000Z,Emergency,Chemical Spill,Chemical,2015-08-05T00:00:00.000Z,,Turndown,2015-10-20T00:00:00.000Z,0,0,1,0,2015102001,2015-09-03T00:00:00.000Z,91caef38-1e6c-409f-a0db-7e9d15cd5b8e
15086,4,NC,North Carolina,0,2015-10-29T00:00:00.000Z,Major Disaster,Severe Storms and Flooding,Severe Storm,2015-10-01T00:00:00.000Z,2015-10-23T00:00:00.000Z,Turndown,2015-12-08T00:00:00.000Z,0,0,1,1,2015093001,2015-09-25T00:00:00.000Z,463b2251-06f5-4f3e-9610-a5c1e3161727
15087,2,NJ,New Jersey,0,2015-10-29T00:00:00.000Z,Major Disaster,NJ Severe Coastal Storm,Coastal Storm,2015-10-01T00:00:00.000Z,2015-10-04T00:00:00.000Z,Turndown,2015-11-10T00:00:00.000Z,0,0,1,1,2015101601,2015-10-01T00:00:00.000Z,d4b2d570-98ad-4ccd-943d-29c1526c9e83
15088,10,WA,Washington,1,2015-11-03T00:00:00.000Z,Major Disaster,WA-Colville Indian Reservation-08/13/2015,Fire,2015-08-13T00:00:00.000Z,2015-09-10T00:00:00.000Z,Turndown,2015-11-23T00:00:00.000Z,1,0,0,0,2015110501,2015-08-13T00:00:00.000Z,86f0ac19-9cc6-4492-88d9-de1f0f8eb8ae
16006,5,MI,Michigan,0,2016-01-14T00:00:00.000Z,Major Disaster,Contaminated Water,Toxic Substances,2014-04-25T00:00:00.000Z,,Turndown,2016-01-22T00:00:00.000Z,1,0,1,1,2016010601,2014-04-25T00:00:00.000Z,2579e775-75f4-44bc-b788-1d2a10e0cc2a
16019,6,NM,New Mexico,0,2016-02-16T00:00:00.000Z,Major Disaster,Severe Winter Storm and Snowstorm,Severe Storm,2015-12-26T00:00:00.000Z,2015-12-27T00:00:00.000Z,Turndown,2016-05-10T00:00:00.000Z,0,0,1,1,2016021701,2015-12-26T00:00:00.000Z,2544814f-ab62-4b14-8dc9-378bc4c81581
16025,5,IL,Illinois,0,2016-02-26T00:00:00.000Z,Major Disaster,IL_Flooding_01012016,Flood,2015-12-23T00:00:00.000Z,2016-01-13T00:00:00.000Z,Turndown,2016-04-22T00:00:00.000Z,1,0,1,1,2016010101,2016-01-01T00:00:00.000Z,dd620dd6-1c5f-47d5-96a8-4ea6cf48fbd0
16026,4,FL,Florida,0,2016-02-29T00:00:00.000Z,Emergency,"Severe Storms, Tornadoes, and Straight-line Winds",Severe Storm,2016-02-15T00:00:00.000Z,2016-02-24T00:00:00.000Z,Turndown,2016-03-15T00:00:00.000Z,1,0,1,0,2016021901,2016-02-15T00:00:00.000Z,1ce1fa4b-daf9-4d0e-8f1b-4348c530bc74
16027,6,LA,Louisiana,0,2016-03-02T00:00:00.000Z,Major Disaster,LA - Flooding December 28 2015 - February 1 2016,Flood,2015-12-28T00:00:00.000Z,2016-02-01T00:00:00.000Z,Turndown,2016-06-15T00:00:00.000Z,0,0,1,1,2016030301,2015-12-28T00:00:00.000Z,116b70e5-f0ee-459c-a3d5-9961fc57a380
16029,4,FL,Florida,0,2016-03-16T00:00:00.000Z,Major Disaster,"Severe Storms, Tornadoes, and Straight-line Winds",Severe Storm,2016-02-15T00:00:00.000Z,2016-02-24T00:00:00.000Z,Turndown,2016-03-25T00:00:00.000Z,1,0,0,1,2016021901,2016-02-15T00:00:00.000Z,cd26b2e6-cb46-4a42-8380-5421f4ecc156
16032,6,LA,Louisiana,0,2016-03-18T00:00:00.000Z,Major Disaster,LA - Severe Storms and Tornadoes - February 2016,Severe Storm,2016-02-23T00:00:00.000Z,2016-02-23T00:00:00.000Z,Turndown,2016-04-29T00:00:00.000Z,1,0,1,1,2016031901,2016-02-23T00:00:00.000Z,7711a2d7-f9eb-4c36-947c-897be4a982dc
16035,3,VA,Virginia,0,2016-03-25T00:00:00.000Z,Major Disaster,Severe Storm and Tornadoes,Tornado,2016-02-24T00:00:00.000Z,2016-02-24T00:00:00.000Z,Turndown,2016-05-19T00:00:00.000Z,1,0,0,1,2016030101,2016-02-24T00:00:00.000Z,bc83c087-1982-4859-b156-64a60732906e
16041,4,MS,Mississippi,0,2016-05-13T00:00:00.000Z,Major Disaster,Severe Storms and Flooding,Flood,2016-04-28T00:00:00.000Z,2016-05-02T00:00:00.000Z,Turndown,2016-05-27T00:00:00.000Z,1,0,0,1,2016050601,2016-04-28T00:00:00.000Z,aa5e73f0-f12f-4e49-a5a8-45a31cbdc315
16043,9,CA,California,1,2016-04-26T00:00:00.000Z,Major Disaster,Severe Winter Storm & Flooding,Severe Storm,2016-04-11T00:00:00.000Z,2016-05-10T00:00:00.000Z,Turndown,2016-05-25T00:00:00.000Z,0,0,1,0,2016052701,2016-04-11T00:00:00.000Z,593d4d00-be47-4609-a984-a35159b1b88f
16048,4,FL,Florida,0,2016-06-13T00:00:00.000Z,Emergency,Orlando Terrorist Attack,Terrorist,2016-06-12T00:00:00.000Z,,Turndown,2016-06-20T00:00:00.000Z,0,0,1,0,2016061201,2016-06-12T00:00:00.000Z,97deed9e-ed0c-4c61-a87a-e1e963a54ae3
16055,6,OK,Oklahoma,0,2016-06-29T00:00:00.000Z,Major Disaster,Severe Storms and Flooding,Flood,2016-06-11T00:00:00.000Z,,Turndown,2016-07-07T00:00:00.000Z,1,0,0,1,2016063001,2016-06-11T00:00:00.000Z,51f2ce90-f321-47f5-b85d-eb4cb41c1707
16056,4,FL,Florida,0,2016-07-06T00:00:00.000Z,Emergency,Toxic Algae Blooms,Biological,2016-06-29T00:00:00.000Z,,Turndown,2016-08-25T00:00:00.000Z,0,0,1,0,2016070802,2016-07-07T00:00:00.000Z,a3fa9649-8688-4cab-87ac-91df05a7ce58
16061,9,CA,California,0,2016-07-14T00:00:00.000Z,Major Disaster,Erskine Fire,Fire,2016-06-23T00:00:00.000Z,2016-07-06T00:00:00.000Z,Turndown,2016-07-22T00:00:00.000Z,1,0,0,1,2016062401,2016-06-23T00:00:00.000Z,d08d25c8-adef-429b-8e70-7701b7eb9c07
16063,7,KS,Kansas,0,2016-07-21T00:00:00.000Z,Major Disaster,"Severe Storms, Tornadoes, Straight-line Winds, and",Severe Storm,2016-05-22T00:00:00.000Z,2016-05-31T00:00:00.000Z,Turndown,2016-09-29T00:00:00.000Z,0,0,1,1,2016061401,2016-05-22T00:00:00.000Z,8d4a10a4-0954-4c6c-9a1f-d8dcfddd5243
16074,8,MT,Montana,1,2016-08-02T00:00:00.000Z,Major Disaster,Severe Storms and Straight Straight Line Winds,Severe Storm,2016-06-24T00:00:00.000Z,2016-06-24T00:00:00.000Z,Turndown,2016-08-12T00:00:00.000Z,1,0,0,1,2016080403,2016-06-24T00:00:00.000Z,3951b177-b0ef-49cc-b228-60a931a62863
16088,5,WI,Wisconsin,1,2016-09-02T00:00:00.000Z,Major Disaster,Bad River Severe Storms and Flooding,Severe Storm,2016-07-11T00:00:00.000Z,2016-07-14T00:00:00.000Z,Turndown,2016-10-27T00:00:00.000Z,1,0,0,0,2016081603,2016-07-11T00:00:00.000Z,e76efe0d-ae19-4555-81f9-a19b7cbf3ec1
16092,6,NM,New Mexico,1,2016-09-21T00:00:00.000Z,Major Disaster,Flooding,Flood,2016-08-03T00:00:00.000Z,2016-08-05T00:00:00.000Z,Turndown,2016-11-28T00:00:00.000Z,1,0,0,1,2016092801,2016-08-03T00:00:00.000Z,0f92def0-327c-405e-8642-d2e17e7c0b80
16108,10,WA,Washington,1,2016-10-18T00:00:00.000Z,Major Disaster,Cayuse Mountain Fire,Fire,2016-08-21T00:00:00.000Z,2016-09-07T00:00:00.000Z,Turndown,2016-10-31T00:00:00.000Z,1,0,0,0,2016083001,2016-08-21T00:00:00.000Z,226b5376-b86e-4422-9c8f-58d52a077b20
16112,3,DE,Delaware,0,2016-10-27T00:00:00.000Z,Major Disaster,DE Severe Storms - 09/29/2016,Severe Storm,2016-09-29T00:00:00.000Z,2016-09-30T00:00:00.000Z,Turndown,2016-11-18T00:00:00.000Z,0,0,1,1,2016102401,2016-09-29T00:00:00.000Z,a6ae9541-c826-4da7-ac29-33e618fc23e2
16124,7,KS,Kansas,0,2016-11-24T00:00:00.000Z,Emergency,Chemical Plant Explosion - Neodesha KS,Other,2016-11-22T00:00:00.000Z,,Turndown,2017-01-06T00:00:00.000Z,0,0,1,0,2016112301,2016-11-23T00:00:00.000Z,a82054ba-fc0c-4e72-be99-3af3d64583e9
17001,10,AK,Alaska,1,2016-12-23T00:00:00.000Z,Major Disaster,Newtok Village-Yukip Tribe- Storm Damage,Severe Storm,2006-01-01T00:00:00.000Z,,Turndown,2017-01-18T00:00:00.000Z,1,0,1,1,2017010401,2006-01-01T00:00:00.000Z,6376412d-30e6-481a-a0a2-7d2168685745
17004,10,AK,Alaska,1,2017-01-15T00:00:00.000Z,Major Disaster,Kivalina-StormFloodErosion-01-15-2017,Severe Storm,2017-01-13T00:00:00.000Z,,Turndown,2017-02-01T00:00:00.000Z,0,0,1,1,2017011701,2017-01-13T00:00:00.000Z,d97da7e4-b296-434f-a928-3e5cba7cd37e
17008,8,SD,South Dakota,1,2017-01-25T00:00:00.000Z,Major Disaster,Severe Winter Storm,Severe Ice Storm,2016-12-25T00:00:00.000Z,2016-12-26T00:00:00.000Z,Turndown,2017-02-21T00:00:00.000Z,0,0,1,1,2017011801,2016-12-25T00:00:00.000Z,cff69bbe-d9d3-4a36-b6ba-11ae13ac4bea
17018,10,ID,Idaho,0,2017-02-28T00:00:00.000Z,Major Disaster,FEMA_R10_SevereWinterStorm_2017-2-3_1430_PST_Idaho,Severe Ice Storm,2016-12-22T00:00:00.000Z,2017-01-19T00:00:00.000Z,Turndown,2017-03-21T00:00:00.000Z,1,0,1,1,2017020301,2017-02-03T00:00:00.000Z,463d5832-655f-4648-aeda-a61f269861b8
17040,3,PA,Pennsylvania,0,2017-05-02T00:00:00.000Z,Major Disaster,Severe Winter Storm - 03/13/2017,Snowstorm,2017-03-13T00:00:00.000Z,2017-03-16T00:00:00.000Z,Turndown,2017-06-13T00:00:00.000Z,0,0,1,1,2017031303,2017-03-13T00:00:00.000Z,fc1e1e2e-2789-40f2-b888-109cc586cca4
17045,8,ND,North Dakota,0,2017-04-29T00:00:00.000Z,Major Disaster,ND-Dakota Access Pipeline,Other,2016-08-10T00:00:00.000Z,2017-03-31T00:00:00.000Z,Turndown,2017-05-18T00:00:00.000Z,0,0,1,1,2017042701,2016-08-10T00:00:00.000Z,072388f8-633b-494f-a6ac-493866f37387
17077,2,NY,New York,0,2017-08-31T00:00:00.000Z,Major Disaster,NY June 30 Severe Storm,Severe Storm,2017-06-30T00:00:00.000Z,,Turndown,2018-01-26T00:00:00.000Z,1,0,1,0,2017081001,2017-06-30T00:00:00.000Z,2d1ea386-eba0-4aa2-9267-c7166d07b13f
17084,8,ND,North Dakota,0,2017-08-24T00:00:00.000Z,Major Disaster,ND-Severe Storm,Severe Storm,2017-07-20T00:00:00.000Z,2017-07-20T00:00:00.000Z,Turndown,2017-11-14T00:00:00.000Z,0,0,1,1,2017080402,2017-07-20T00:00:00.000Z,9323c259-bb6e-4ef8-8422-3befd81bb4c1
17088,5,IL,Illinois,0,2017-08-31T00:00:00.000Z,Major Disaster,RV_IL_Flooding_07142017,Flood,2017-07-11T00:00:00.000Z,2017-07-27T00:00:00.000Z,Turndown,2017-11-07T00:00:00.000Z,1,0,0,1,2017071401,2017-07-14T00:00:00.000Z,ce460e65-74ea-41ea-a1ab-07a0e16016c9
17136,8,ND,North Dakota,0,2017-08-07T00:00:00.000Z,Major Disaster,ND - Drought,Drought,2017-05-23T00:00:00.000Z,,Turndown,2017-10-07T00:00:00.000Z,0,0,0,1,2017101004,2017-06-22T00:00:00.000Z,143d579e-2f60-4663-af82-8abfa697a051
17140,8,MT,Montana,0,2017-11-15T00:00:00.000Z,Major Disaster,MT - historic series of wildfires,Other,2017-08-10T00:00:00.000Z,2017-09-20T00:00:00.000Z,Turndown,2018-04-26T00:00:00.000Z,0,0,1,1,2017112101,2017-08-10T00:00:00.000Z,20455946-7e95-4ad0-a315-a10caa13d296
18014,5,IL,Illinois,0,2018-04-11T00:00:00.000Z,Major Disaster,IL-Flooding-02202018-Region V,Flood,2018-02-18T00:00:00.000Z,2018-02-25T00:00:00.000Z,Turndown,2018-04-26T00:00:00.000Z,1,0,0,1,2018022301,2018-02-20T00:00:00.000Z,e8406cd7-8506-48a5-9462-d065ee7a1f0f
18031,6,LA,Louisiana,0,2018-05-12T00:00:00.000Z,Major Disaster,Severe Weather and Tornados,Severe Storm,2018-04-13T00:00:00.000Z,2018-04-14T00:00:00.000Z,Turndown,2018-07-12T00:00:00.000Z,1,0,0,1,2018050101,2018-04-06T00:00:00.000Z,70088cc2-dba8-499c-8da6-4baad44679bc
18039,8,SD,South Dakota,0,2018-06-14T00:00:00.000Z,Major Disaster,SD - Severe Thunderstorms & Flooding,Severe Storm,2018-05-17T00:00:00.000Z,,Turndown,2018-10-15T00:00:00.000Z,0,0,1,1,2018052501,2018-05-17T00:00:00.000Z,42d118db-9f67-41b9-a802-f30605542e39
18042,3,PA,Pennsylvania,0,2018-06-22T00:00:00.000Z,Major Disaster,Pennsylvania Severe Storms - Landslides,Severe Storm,2018-02-15T00:00:00.000Z,2018-04-24T00:00:00.000Z,Turndown,2018-07-11T00:00:00.000Z,0,0,1,1,2018052101,2018-02-15T00:00:00.000Z,4a68060f-4a62-4f21-879e-ae1b83c50772
18074,4,NC,North Carolina,0,2018-07-30T00:00:00.000Z,Major Disaster,RIV Tropical Weather,Severe Storm,2018-05-15T00:00:00.000Z,2018-05-31T00:00:00.000Z,Turndown,2018-11-09T00:00:00.000Z,1,0,1,1,2018052301,2018-05-15T00:00:00.000Z,4353fcbd-707d-472f-8cd3-d8258081bf53
18095,2,NJ,New Jersey,0,2018-08-30T00:00:00.000Z,Major Disaster,NJ Severe Storm and Flooding,Severe Storm,2018-08-11T00:00:00.000Z,2018-08-13T00:00:00.000Z,Turndown,2018-10-01T00:00:00.000Z,1,0,0,1,2018083003,2018-08-11T00:00:00.000Z,bc182088-99f2-4ba0-aa9c-b5b48c9bff0f
18109,6,LA,Louisiana,0,2018-06-29T00:00:00.000Z,Major Disaster,Louisiana Spring Flooding,Flood,2018-02-21T00:00:00.000Z,2018-05-17T00:00:00.000Z,Turndown,2019-02-07T00:00:00.000Z,0,0,1,1,2018061802,2018-02-21T00:00:00.000Z,3b8c010f-d5d5-43c1-a901-6e33bc1027e5
19004,1,VT,Vermont,0,2019-01-04T00:00:00.000Z,Major Disaster,Region I_11-26-2018_Severe Winter Storm,Snowstorm,2018-11-26T00:00:00.000Z,2018-11-28T00:00:00.000Z,Turndown,2019-04-08T00:00:00.000Z,0,0,1,1,2018112901,2018-11-26T00:00:00.000Z,f0eb6453-1ba3-44c1-b67d-7f13c54a4ed1
19040,5,MI,Michigan,0,2019-06-10T00:00:00.000Z,Major Disaster,MI - Flooding,Flood,2019-04-30T00:00:00.000Z,2019-05-01T00:00:00.000Z,Turndown,2019-09-06T00:00:00.000Z,1,0,0,1,2019060601,2019-05-01T00:00:00.000Z,9332dbf2-a599-4992-a0c3-bdb8f47af362
19079,6,AR,Arkansas,0,2019-09-12T00:00:00.000Z,Major Disaster,LA Tropical Storm Barry,Coastal Storm,2019-07-09T00:00:00.000Z,2019-07-15T00:00:00.000Z,Turndown,2019-10-04T00:00:00.000Z,0,0,1,1,2019070902,2019-07-09T00:00:00.000Z,a6bd35fa-12d7-4133-84ee-b460691eb07a
19082,8,SD,South Dakota,0,2019-09-10T00:00:00.000Z,Major Disaster,SD - severe storms August 2-11 2019,Severe Storm,2019-08-02T00:00:00.000Z,2019-08-11T00:00:00.000Z,Turndown,2019-11-22T00:00:00.000Z,0,0,1,1,2019092401,2019-08-02T00:00:00.000Z,b1aa28c4-8add-402e-a473-48537bda3264
19089,7,NE,Nebraska,0,2019-10-21T00:00:00.000Z,Major Disaster,NE Flooding - 07/15/2019,Flood,2019-07-15T00:00:00.000Z,,Turndown,2020-01-07T00:00:00.000Z,1,0,1,1,2019100301,2019-07-15T00:00:00.000Z,26fa2c83-1d1c-420a-9e99-f32c4bb592f4
19104,10,AK,Alaska,0,2019-11-25T00:00:00.000Z,Major Disaster,AK-Swan Lake Fire-20190605,Fire,2019-06-05T00:00:00.000Z,2019-10-02T00:00:00.000Z,Turndown,2020-01-27T00:00:00.000Z,0,0,1,1,2019110702,2019-06-05T00:00:00.000Z,a64f5cfd-cc57-4092-bff4-4fefa3ff6f44
20004,6,TX,Texas,0,2020-01-14T00:00:00.000Z,Major Disaster,TX - Tornados 10/20/2019,Tornado,2019-10-20T00:00:00.000Z,2019-10-21T00:00:00.000Z,Turndown,2020-06-10T00:00:00.000Z,0,0,1,1,2019102303,2019-10-20T00:00:00.000Z,45c0b8cc-caef-4456-acd1-bb1e1fd5d700
20005,6,AR,Arkansas,0,2019-12-03T00:00:00.000Z,Major Disaster,"AR - Severe Storms, Tornado 10/21/2019",Tornado,2019-10-21T00:00:00.000Z,2019-10-21T00:00:00.000Z,Turndown,2020-04-24T00:00:00.000Z,0,0,1,1,2019102801,2019-10-21T00:00:00.000Z,1c97750b-6ed4-4dc9-adbf-721c58b87e7e
20006,10,AK,Alaska,0,2020-02-06T00:00:00.000Z,Major Disaster,Kenai Peninsula Borough Winter Storms,Severe Storm,2019-11-27T00:00:00.000Z,2019-12-10T00:00:00.000Z,Turndown,2020-03-05T00:00:00.000Z,0,0,1,1,2020012701,2019-11-27T00:00:00.000Z,cb491ce5-6f82-4119-bd45-bdf87d65eda0
20146,10,AK,Alaska,0,2020-04-06T00:00:00.000Z,Major Disaster,AK_Kaktovik_School_Fire,Fire,2020-02-06T00:00:00.000Z,2020-02-07T00:00:00.000Z,Turndown,2020-06-19T00:00:00.000Z,0,0,1,0,2020032301,2020-03-23T00:00:00.000Z,0ed00215-61aa-4770-8c2f-3b5ce5b25e7b
20169,4,GA,Georgia,0,2020-04-22T00:00:00.000Z,Major Disaster,SEVERE THUNDERSTORMS,Severe Storm,2020-04-12T00:00:00.000Z,2020-04-13T00:00:00.000Z,Turndown,2020-04-30T00:00:00.000Z,1,0,0,1,2020041101,2020-04-11T00:00:00.000Z,961b7c04-8b16-42e3-9399-93b0a338f110
20173,6,LA,Louisiana,0,2020-04-25T00:00:00.000Z,Major Disaster,Louisiana - Tornado 4/12/2020,Tornado,2020-04-12T00:00:00.000Z,2020-04-12T00:00:00.000Z,Turndown,2020-04-30T00:00:00.000Z,1,0,0,1,2020041301,2020-04-12T00:00:00.000Z,023e1715-5e07-4fd9-83c9-cecd11ffaa95
20206,5,MN,Minnesota,0,2020-07-02T00:00:00.000Z,Major Disaster,MN Fires due to Civil Unrest,Civil Unrest,2020-05-27T00:00:00.000Z,2020-06-03T00:00:00.000Z,Turndown,2020-08-18T00:00:00.000Z,0,0,1,1,2020061801,2020-05-26T00:00:00.000Z,3c82114f-abab-4e52-a924-0d93a0ca575e
20209,6,LA,Louisiana,0,2020-07-10T00:00:00.000Z,Major Disaster,Louisiana - Tornado 4/22/2020,Tornado,2020-04-22T00:00:00.000Z,2020-04-22T00:00:00.000Z,Turndown,2020-09-09T00:00:00.000Z,0,0,1,1,2020042301,2020-04-22T00:00:00.000Z,37e4d5d1-f055-418e-961e-16b48d47a62d
20224,4,MS,Mississippi,0,2020-07-07T00:00:00.000Z,Major Disaster,TS Cristobal,Coastal Storm,2020-06-07T00:00:00.000Z,2020-06-08T00:00:00.000Z,Turndown,2020-11-18T00:00:00.000Z,0,0,1,1,2020060302,2020-06-05T00:00:00.000Z,4a123c8b-bab9-4414-84c3-8e91804c0667
20304,6,TX,Texas,0,2020-09-30T00:00:00.000Z,Major Disaster,TX - Hurricane Hanna,Hurricane,2020-07-25T00:00:00.000Z,2020-07-31T00:00:00.000Z,Turndown,2021-06-01T00:00:00.000Z,0,0,1,1,2020072502,2020-07-25T00:00:00.000Z,1e45d398-2cfa-469b-b964-8bd235e1eaf3
20312,3,PA,Pennsylvania,0,2020-10-05T00:00:00.000Z,Major Disaster,Tropical Storm Isaias,Hurricane,2020-08-03T00:00:00.000Z,2020-08-04T00:00:00.000Z,Turndown,2020-11-18T00:00:00.000Z,1,0,1,1,2020072601,2020-08-03T00:00:00.000Z,cf21b910-e527-4ac0-a669-e6f24b02a49b
21003,3,VA,Virginia,0,2021-01-15T00:00:00.000Z,Emergency,National Special Security Event - 59th Presidentia,Other,2021-01-06T00:00:00.000Z,,Turndown,2021-03-18T00:00:00.000Z,0,0,1,0,2021011002,2021-01-06T00:00:00.000Z,5682b97c-711b-4d51-ace7-82c9d71bbf60
21004,3,MD,Maryland,0,2021-01-15T00:00:00.000Z,Emergency,National Special Security Event - 59th Presidentia,Other,2021-01-06T00:00:00.000Z,,Turndown,2021-03-17T00:00:00.000Z,0,0,1,0,2021011002,2021-01-06T00:00:00.000Z,86b69661-e0c5-442d-a910-6bb522978fd5
21008,4,AL,Alabama,0,2021-02-12T00:00:00.000Z,Major Disaster,Severe Weather/Tornados,Tornado,2021-01-25T00:00:00.000Z,2021-01-25T00:00:00.000Z,Turndown,2021-03-17T00:00:00.000Z,1,0,0,1,2021020401,2021-01-25T00:00:00.000Z,2f08346a-11f2-4910-af6e-ec0ebcf697ea
21057,8,WY,Wyoming,0,2021-05-07T00:00:00.000Z,Major Disaster,WY 2021 Winter Storm-Snow,Snowstorm,2021-03-13T00:00:00.000Z,2021-03-15T00:00:00.000Z,Turndown,2021-07-21T00:00:00.000Z,0,0,1,1,2021051201,2021-03-13T00:00:00.000Z,6a36695c-03f4-4aa3-a72b-d234b69cb81d
21076,8,MT,Montana,1,2021-08-02T00:00:00.000Z,Major Disaster,MT - Ft Peck Indian Res - Straight Line Winds,Severe Storm,2021-06-08T00:00:00.000Z,2021-06-08T00:00:00.000Z,Turndown,2021-09-13T00:00:00.000Z,1,0,0,1,2021080902,2021-06-08T00:00:00.000Z,7b70eebd-c55c-4708-a176-e537372017ff
21079,4,KY,Kentucky,0,2021-08-19T00:00:00.000Z,Major Disaster,R4 Kentucky Flash Flooding,Flood,2021-07-29T00:00:00.000Z,2021-07-30T00:00:00.000Z,Turndown,2021-10-08T00:00:00.000Z,1,0,0,1,2021080601,2021-07-29T00:00:00.000Z,8b5d1dd3-601c-4230-bcee-c9a973634d3e
21108,3,MD,Maryland,0,2021-09-27T00:00:00.000Z,Major Disaster,Remnants of Hurricane Ida,Hurricane,2021-08-31T00:00:00.000Z,2021-09-04T00:00:00.000Z,Turndown,2021-10-08T00:00:00.000Z,1,0,0,1,2021082601,2021-08-27T00:00:00.000Z,851ba60f-e127-423a-91f7-d0da1d294a60
21109,6,TX,Texas,0,2021-09-20T00:00:00.000Z,Emergency,Texas - Border Security,Other,2021-05-31T00:00:00.000Z,,Turndown,2021-10-24T00:00:00.000Z,0,0,1,0,2021092001,2021-05-31T00:00:00.000Z,d3c5c24f-9320-40ee-b6a8-66f83a40030c
21112,5,MN,Minnesota,1,2021-09-30T00:00:00.000Z,Major Disaster,Red Lake Severe Storms,Tornado,2021-07-26T00:00:00.000Z,2021-07-26T00:00:00.000Z,Turndown,2021-10-24T00:00:00.000Z,1,0,1,1,2021092801,2021-07-26T00:00:00.000Z,296432d5-5a7c-4a2d-b6de-c20a8c86a35b
21114,6,NM,New Mexico,0,2021-10-06T00:00:00.000Z,Major Disaster,New Mexico Severe Storms and Flooding,Flood,2021-08-12T00:00:00.000Z,2021-08-16T00:00:00.000Z,Turndown,2021-11-12T00:00:00.000Z,1,0,1,1,2021100601,2021-08-12T00:00:00.000Z,3836a0a5-7072-425c-9b10-ff1a02ad0699
21118,10,OR,Oregon,0,2021-10-06T00:00:00.000Z,Major Disaster,OR-Bootleg Fire-07/10/21,Fire,2021-07-06T00:00:00.000Z,2021-08-15T00:00:00.000Z,Turndown,2021-10-26T00:00:00.000Z,1,0,0,1,2021071101,2021-07-10T00:00:00.000Z,e549f90d-6586-42e8-8a4e-b8804a4e6d80
22006,4,FL,Florida,0,2022-01-24T00:00:00.000Z,Major Disaster,R04 FL Severe Storms and Tornadoes,Tornado,2022-01-16T00:00:00.000Z,2022-01-16T00:00:00.000Z,Turndown,2022-04-24T00:00:00.000Z,1,0,0,0,2022011801,2022-01-16T00:00:00.000Z,9e66b195-db7b-42a0-b123-6683dd89fb93
22035,4,MS,Mississippi,0,2022-04-28T00:00:00.000Z,Major Disaster,"Severe Storms and Tornadoes - March 21-22, 2022",Severe Storm,2022-03-22T00:00:00.000Z,2022-03-22T00:00:00.000Z,Turndown,2022-07-18T00:00:00.000Z,1,0,0,1,2022032102,2022-03-21T00:00:00.000Z,6b197dfa-9631-4dd6-9b16-a24f0897bf36
22037,4,MS,Mississippi,0,2022-04-29T00:00:00.000Z,Major Disaster,R04 Severe Storms,Severe Storm,2022-03-30T00:00:00.000Z,2022-03-30T00:00:00.000Z,Turndown,2022-07-02T00:00:00.000Z,1,0,0,1,2022033001,2022-03-30T00:00:00.000Z,76944eac-93bf-4a1d-8c0d-37b586321128
22044,4,TN,Tennessee,0,2022-05-27T00:00:00.000Z,Major Disaster,R04 Wears Valley Wildfire,Fire,2022-03-30T00:00:00.000Z,2022-04-05T00:00:00.000Z,Turndown,2022-07-02T00:00:00.000Z,1,0,0,1,2022051203,2022-03-30T00:00:00.000Z,fbd76e14-a218-4dbf-ad56-dcf469bb4d94
22045,3,WV,West Virginia,0,2022-06-03T00:00:00.000Z,Major Disaster,"WV, Severe Storms and Flooding- May 6, 2022",Flood,2022-05-06T00:00:00.000Z,2022-05-07T00:00:00.000Z,Turndown,2022-08-27T00:00:00.000Z,1,0,0,1,2022052301,2022-05-06T00:00:00.000Z,205c598c-5f4e-4a02-bc72-5098c73ce66c
22046,5,MI,Michigan,0,2022-06-08T00:00:00.000Z,Major Disaster,MI - Otsego County - Tornado and Severe Weather,Tornado,2022-05-20T00:00:00.000Z,2022-05-20T00:00:00.000Z,Turndown,2022-07-02T00:00:00.000Z,1,0,0,1,2022060301,2022-05-20T00:00:00.000Z,991bfb21-f251-482d-ba09-20287d1e0c84
22081,10,OR,Oregon,0,2022-09-09T00:00:00.000Z,Emergency,OR_Wildfire Response,Fire,2022-09-08T00:00:00.000Z,,Turndown,2023-01-04T00:00:00.000Z,0,0,1,0,2022091001,2022-09-08T00:00:00.000Z,223172b9-7289-4b5f-8f41-5ef9d724fe87
22092,4,GA,Georgia,0,2022-10-04T00:00:00.000Z,Major Disaster,"R4 Flooding in Chattooga/Floyd Counties, GA",Flood,2022-09-04T00:00:00.000Z,2022-09-14T00:00:00.000Z,Turndown,2022-12-31T00:00:00.000Z,1,0,0,0,2022090602,2022-09-04T00:00:00.000Z,67604d9e-8f05-4d7c-8a1f-eb5ed373c84f
22094,3,WV,West Virginia,0,2022-10-14T00:00:00.000Z,Major Disaster,WV Severe Storms and Flooding,Flood,2022-07-25T00:00:00.000Z,2022-08-01T00:00:00.000Z,Turndown,2022-12-05T00:00:00.000Z,0,0,1,1,2022092002,2022-07-25T00:00:00.000Z,48ec3908-4ad1-4aff-b0fe-01e373b93b0a
22095,3,WV,West Virginia,0,2022-10-14T00:00:00.000Z,Major Disaster,WV Severe Storms and Flooding,Flood,2022-08-11T00:00:00.000Z,2022-08-11T00:00:00.000Z,Turndown,2022-12-05T00:00:00.000Z,0,0,1,1,2022092001,2022-08-11T00:00:00.000Z,4d27be30-ce0d-41f8-bef9-e911bb7c378f
22098,8,UT,Utah,0,2022-10-19T00:00:00.000Z,Major Disaster,UT Flooding - 08/19/2022,Flood,2022-08-19T00:00:00.000Z,2022-08-21T00:00:00.000Z,Turndown,2023-01-18T00:00:00.000Z,0,0,1,1,2022092701,2022-08-19T00:00:00.000Z,b0dbf54c-dc8a-429c-95ce-7cd416ef32d2
22100,9,CA,California,0,2022-10-26T00:00:00.000Z,Major Disaster,California Extreme Heat Event and Wildfires,Fire,2022-08-29T00:00:00.000Z,,Turndown,2023-05-16T00:00:00.000Z,1,0,1,1,2022100501,2022-08-30T00:00:00.000Z,8f9d648c-c326-4f05-9d5a-ef84bd94411d
23001,6,OK,Oklahoma,1,2023-01-03T00:00:00.000Z,Major Disaster,Severe Weather 11/4/2022,Severe Storm,2022-11-04T00:00:00.000Z,2022-11-04T00:00:00.000Z,Turndown,2023-05-18T00:00:00.000Z,0,0,1,1,2022110401,2022-11-04T00:00:00.000Z,0cf45069-d4c0-4115-8752-fa56e9783487
23010,6,TX,Texas,0,2023-02-07T00:00:00.000Z,Major Disaster,Severe Weather,Severe Storm,2023-01-24T00:00:00.000Z,2023-01-24T00:00:00.000Z,Turndown,2023-03-16T00:00:00.000Z,1,0,0,1,2023012401,2023-01-24T00:00:00.000Z,e608c3c8-2fbc-413a-92b2-5ed4a0f8fc12
23019,9,HI,Hawaii,0,2023-01-20T00:00:00.000Z,Major Disaster,Mauna Loa Volcanic Eruption,Volcanic Eruption,2022-11-27T00:00:00.000Z,2022-12-16T00:00:00.000Z,Turndown,2023-03-01T00:00:00.000Z,0,0,1,1,2022120301,2022-11-28T00:00:00.000Z,cf608b9c-d4ee-410b-8107-ee420eee9fa1
23020,10,OR,Oregon,0,2023-02-28T00:00:00.000Z,Major Disaster,OR_Severe Winter Storm,Severe Storm,2022-12-26T00:00:00.000Z,2022-12-31T00:00:00.000Z,Turndown,2023-04-05T00:00:00.000Z,0,0,1,1,2023020101,2022-12-26T00:00:00.000Z,7c6c13ee-159b-48d3-bb25-6538858ed9af
23026,8,ND,North Dakota,0,2023-03-21T00:00:00.000Z,Major Disaster,ND freezing fog,Freezing,2023-01-16T00:00:00.000Z,2023-01-20T00:00:00.000Z,Turndown,2023-05-09T00:00:00.000Z,0,0,1,1,2023031701,2023-01-16T00:00:00.000Z,840fe5b3-cc7e-4bf5-92c1-ba1e9f1ee659
23040,5,IL,Illinois,0,2023-04-05T00:00:00.000Z,Emergency,R5-Illinois-March 31st Severe Storms Tornadoes,Severe Storm,2023-03-31T00:00:00.000Z,2023-04-01T00:00:00.000Z,Turndown,2023-05-06T00:00:00.000Z,0,0,1,0,2023041002,2023-03-31T00:00:00.000Z,5a3b7e42-b91e-47d6-b0cf-b80d1376216c
23051,1,NH,New Hampshire,0,2023-05-12T00:00:00.000Z,Major Disaster,Severe Winter Storm,Snowstorm,2023-03-13T00:00:00.000Z,2023-03-15T00:00:00.000Z,Turndown,2023-12-23T00:00:00.000Z,0,0,1,1,2023032901,2023-03-13T00:00:00.000Z,7b168083-2020-44f2-8d9c-0d30fe72c680
23055,4,GA,Georgia,0,2023-05-26T00:00:00.000Z,Major Disaster,Severe Weather,Severe Storm,2023-03-25T00:00:00.000Z,2023-03-27T00:00:00.000Z,Turndown,2023-08-22T00:00:00.000Z,1,0,1,1,2023032302,2023-03-24T00:00:00.000Z,50105648-aec0-4545-86af-ea26b571de00
23057,7,IA,Iowa,0,2023-06-06T00:00:00.000Z,Emergency,R7 Iowa Building Collapse,Other,2023-05-28T00:00:00.000Z,2023-05-28T00:00:00.000Z,Turndown,2023-06-28T00:00:00.000Z,0,0,1,0,2023060701,2023-05-28T00:00:00.000Z,844a0602-4091-43dd-98d0-9ae570c140d5
23060,5,MI,Michigan,0,2023-06-15T00:00:00.000Z,Major Disaster,Flooding/ Spring Thaw/ Snow Melt MI,Flood,2023-04-10T00:00:00.000Z,2023-05-14T00:00:00.000Z,Turndown,2023-08-25T00:00:00.000Z,0,0,1,1,2023051102,2023-04-10T00:00:00.000Z,57c4a2db-c8e0-46a0-9c38-d8d581daffb4
23066,10,AK,Alaska,1,2023-06-29T00:00:00.000Z,Emergency,ICAS_Severed Fiber Optic Cable,Other,2023-06-10T00:00:00.000Z,,Turndown,2024-01-31T00:00:00.000Z,0,0,1,0,2023070601,2023-06-10T00:00:00.000Z,6db03b79-74ce-42d3-9cdc-56407c7628f1
23067,5,OH,Ohio,0,2023-07-03T00:00:00.000Z,Major Disaster,"Ohio Train Derailment, East Palestine",Explosion,2023-02-03T00:00:00.000Z,2023-02-08T00:00:00.000Z,Turndown,2025-01-01T00:00:00.000Z,1,0,1,1,2023070401,2023-02-03T00:00:00.000Z,37847eb1-c355-4057-b052-d62bc3b6de45
23079,1,NH,New Hampshire,0,2023-07-28T00:00:00.000Z,Major Disaster,Flooding,Flood,2023-04-30T00:00:00.000Z,2023-05-01T00:00:00.000Z,Turndown,2023-09-26T00:00:00.000Z,0,0,1,1,2023051002,2023-04-30T00:00:00.000Z,7774361f-f3b5-41f7-84db-fbb49ad4c71c
23082,3,PA,Pennsylvania,0,2023-07-31T00:00:00.000Z,Major Disaster,R3_07092023 Severe Storms and Flooding _PA,Flood,2023-07-09T00:00:00.000Z,2023-07-09T00:00:00.000Z,Turndown,2023-09-26T00:00:00.000Z,1,0,1,1,2023071702,2023-07-09T00:00:00.000Z,42bc5e1f-6de1-4bc2-94ca-f32210a95f45
23094,7,IA,Iowa,0,2023-06-20T00:00:00.000Z,Major Disaster,R7 Iowa Building Collapse,Other,2023-05-28T00:00:00.000Z,2023-05-28T00:00:00.000Z,Turndown,2023-08-15T00:00:00.000Z,0,0,1,0,2023060701,2023-05-28T00:00:00.000Z,b5fada3c-4091-4d0b-aee5-ed24a52c22c0
23099,4,KY,Kentucky,0,2023-08-18T00:00:00.000Z,Major Disaster,Severe Storms straight-line winds & flash flooding,Severe Storm,2023-07-17T00:00:00.000Z,2023-07-20T00:00:00.000Z,Turndown,2024-02-26T00:00:00.000Z,1,0,0,0,2023073102,2023-07-16T00:00:00.000Z,0b7b75c3-df5a-40b0-a6ae-cb14410406b4
23117,10,AK,Alaska,0,2023-09-05T00:00:00.000Z,Major Disaster,AK_Mendenhall Glacier Dam Burst,Dam/Levee Break,2023-08-04T00:00:00.000Z,2023-08-06T00:00:00.000Z,Turndown,2023-09-26T00:00:00.000Z,1,0,1,1,2023081501,2023-08-05T00:00:00.000Z,9474b247-19c2-411f-8311-1bd27dab259d
23136,3,PA,Pennsylvania,0,2023-11-09T00:00:00.000Z,Major Disaster,R3_ Pennsylvania Severe Storms and Flooding,Flood,2023-09-09T00:00:00.000Z,2023-09-10T00:00:00.000Z,Turndown,2024-03-15T00:00:00.000Z,1,0,1,1,2023091801,2023-09-09T00:00:00.000Z,acfb8586-8d73-4ed7-ae88-5437c0c922dd
24004,10,AK,Alaska,0,2024-01-24T00:00:00.000Z,Major Disaster,AK_Permafrost Degradation,Other,2023-11-26T00:00:00.000Z,2023-11-27T00:00:00.000Z,Turndown,2024-03-15T00:00:00.000Z,0,0,1,1,2024011801,2023-11-26T00:00:00.000Z,d28e13d7-c631-4786-93f1-c4c00edec1cd
24006,4,SC,South Carolina,0,2024-02-02T00:00:00.000Z,Major Disaster,Severe Weather,Severe Storm,2024-01-09T00:00:00.000Z,2024-01-10T00:00:00.000Z,Turndown,2024-03-15T00:00:00.000Z,1,0,0,0,2024011101,2024-01-11T00:00:00.000Z,0cff8496-2c3c-4b43-bc9b-f9a38af24fb1
24007,4,FL,Florida,0,2024-02-05T00:00:00.000Z,Major Disaster,Severe Weather,Severe Storm,2024-01-09T00:00:00.000Z,2024-01-09T00:00:00.000Z,Turndown,2024-03-15T00:00:00.000Z,1,0,1,1,2024011101,2024-01-11T00:00:00.000Z,49d58169-45cb-4990-89be-51479b7f0cf9
24009,7,IA,Iowa,0,2024-02-13T00:00:00.000Z,Major Disaster,R7 Winter Storms Iowa,Winter Storm,2024-01-08T00:00:00.000Z,2024-01-14T00:00:00.000Z,Turndown,2024-08-15T00:00:00.000Z,0,0,1,1,2024012501,2024-01-08T00:00:00.000Z,574cad18-14f0-4883-816c-34ac2b55e255
24015,8,SD,South Dakota,1,2018-08-17T00:00:00.000Z,Major Disaster,SD - Severe Storms 07/04/2018,Severe Storm,2018-06-29T00:00:00.000Z,2018-07-04T00:00:00.000Z,Turndown,2018-09-18T00:00:00.000Z,1,0,1,1,2018072602,2018-07-03T00:00:00.000Z,1927c1e9-89ec-44ba-b06f-001904c1f162
24016,8,SD,South Dakota,1,2018-08-27T00:00:00.000Z,Major Disaster,OST severe storm 07/27/2018,Severe Storm,2018-07-27T00:00:00.000Z,2018-07-29T00:00:00.000Z,Turndown,2018-09-18T00:00:00.000Z,1,0,0,1,2024022901,2018-07-27T00:00:00.000Z,3cee0891-ca8c-4198-8a39-e406f3917f62
24025,4,KY,Kentucky,0,2024-03-27T00:00:00.000Z,Major Disaster,"Severe Weather - Winds, Heavy Rains, and Tornadoes",Severe Storm,2024-03-14T00:00:00.000Z,2024-03-14T00:00:00.000Z,Turndown,2024-04-19T00:00:00.000Z,1,0,0,0,2024031501,2024-03-14T00:00:00.000Z,e86fff09-3a41-48c7-befd-b21b5730a4ff
24038,9,CA,California,1,2024-03-21T00:00:00.000Z,Major Disaster,Sycuan Band of Kumeyaay Nation,Flood,2024-01-21T00:00:00.000Z,2024-01-23T00:00:00.000Z,Turndown,2024-05-24T00:00:00.000Z,0,0,1,1,2024050601,2024-01-21T00:00:00.000Z,81a21f41-8f7f-40df-ba70-857f9447d7ab
24041,4,SC,South Carolina,0,2024-05-07T00:00:00.000Z,Major Disaster,Severe Storms & Hail,Severe Storm,2024-04-20T00:00:00.000Z,2024-04-21T00:00:00.000Z,Turndown,2024-05-22T00:00:00.000Z,1,0,0,0,2024042903,2024-04-20T00:00:00.000Z,6692018d-c2f8-415a-a750-b182b94ce0fa
24051,5,OH,Ohio,0,2024-06-03T00:00:00.000Z,Major Disaster,R5 Ohio Severe Storms Eastern Counties,Severe Storm,2024-04-01T00:00:00.000Z,2024-04-04T00:00:00.000Z,Turndown,2024-08-30T00:00:00.000Z,0,0,1,1,2024042201,2024-04-01T00:00:00.000Z,7530f622-cd66-45af-a97d-b7453a90ddb3
24052,10,AK,Alaska,0,2024-06-04T00:00:00.000Z,Major Disaster,AK_City of Kivalina Fire,Fire,2024-04-09T00:00:00.000Z,2024-04-09T00:00:00.000Z,Turndown,2024-07-03T00:00:00.000Z,0,0,1,1,2024051501,2024-04-09T00:00:00.000Z,c5b89e62-aece-4da8-b98f-794f4b72c102
24053,10,AK,Alaska,0,2024-06-04T00:00:00.000Z,Major Disaster,AK_South Tongass VFD Fire,Fire,2024-04-09T00:00:00.000Z,2024-04-09T00:00:00.000Z,Turndown,2024-07-12T00:00:00.000Z,0,0,1,1,2024051502,2024-04-09T00:00:00.000Z,5d1878e6-7551-49bc-96f5-2d9d2910b032
24054,4,SC,South Carolina,0,2024-06-05T00:00:00.000Z,Major Disaster,"May 6, 2024 SC Dam/Spillway Breech",Dam/Levee Break,2024-05-06T00:00:00.000Z,2024-05-06T00:00:00.000Z,Turndown,2024-06-20T00:00:00.000Z,0,0,1,1,2024052101,2024-05-06T00:00:00.000Z,d030e070-ddd9-4007-9343-3951d0865ed8
24056,5,MI,Michigan,0,2024-06-06T00:00:00.000Z,Major Disaster,R5 - MI May 7 Tornadoes,Tornado,2024-05-07T00:00:00.000Z,2024-05-07T00:00:00.000Z,Turndown,2025-01-18T00:00:00.000Z,1,0,0,1,2024052801,2024-05-07T00:00:00.000Z,70668e04-6e33-4a20-8a74-1fc133c58e9c
24119,2,NY,New York,0,2024-07-20T00:00:00.000Z,Emergency,NY Tornado-07/15/2024,Tornado,2024-07-15T00:00:00.000Z,2024-07-16T00:00:00.000Z,Turndown,2025-03-19T00:00:00.000Z,0,0,1,0,2024072002,2024-07-15T00:00:00.000Z,92317a9f-52e0-4c52-b896-6203fae78bde
24175,9,CA,California,0,2024-09-24T00:00:00.000Z,Major Disaster,Park and Borel Fires,Fire,2024-07-24T00:00:00.000Z,2024-08-26T00:00:00.000Z,Turndown,2025-04-11T00:00:00.000Z,1,0,1,1,2024100101,2024-07-24T00:00:00.000Z,023a36a0-e73a-4851-906f-294c7cedb317
24176,10,ID,Idaho,0,2024-10-07T00:00:00.000Z,Major Disaster,ID Gwen Fire,Fire,2024-07-24T00:00:00.000Z,2024-08-09T00:00:00.000Z,Turndown,2024-11-20T00:00:00.000Z,1,0,0,1,2024091201,2024-07-25T00:00:00.000Z,15116beb-8388-4b0e-9d0e-33770068f39b
24202,3,PA,Pennsylvania,0,2024-12-06T00:00:00.000Z,Emergency,Snowstorm,Snowstorm,2024-11-28T00:00:00.000Z,,Turndown,2025-01-13T00:00:00.000Z,0,0,1,0,2024120901,2024-11-28T00:00:00.000Z,13e82093-de07-4d51-b64f-8d5e078c4520
25001,6,LA,Louisiana,0,2025-01-02T00:00:00.000Z,Emergency,New Orleans Terror Attack,Terrorist,2025-01-01T00:00:00.000Z,,Turndown,2025-02-12T00:00:00.000Z,0,0,1,0,2025010201,2025-01-01T00:00:00.000Z,1fda1f4c-0718-41c2-93f5-fe1fe877617b
25006,5,WI,Wisconsin,0,2025-01-13T00:00:00.000Z,Major Disaster,R5 - WI - Lack of Snow,Other,2024-12-20T00:00:00.000Z,,Turndown,2025-02-12T00:00:00.000Z,0,0,0,0,2025011401,2024-12-20T00:00:00.000Z,b37ae38f-5f09-4cde-b62a-7ec38836ebf3
25007,4,KY,Kentucky,0,2025-01-31T00:00:00.000Z,Major Disaster,Winter Storm and Snow,Winter Storm,2025-01-04T00:00:00.000Z,2025-01-11T00:00:00.000Z,Turndown,2025-07-22T00:00:00.000Z,0,0,1,1,2025010804,2025-01-04T00:00:00.000Z,cc6242e2-e7b4-48c2-8e3b-ed24e4637baf
25031,4,TN,Tennessee,0,2025-03-18T00:00:00.000Z,Major Disaster,R4 Severe Weather - 2/14/2025,Severe Storm,2025-02-15T00:00:00.000Z,2025-02-16T00:00:00.000Z,Turndown,2025-04-11T00:00:00.000Z,1,0,0,1,2025021401,2025-02-14T00:00:00.000Z,bfaecb49-c506-420e-82dd-877407676f6d
25042,9,HI,Hawaii,0,2025-03-14T00:00:00.000Z,Major Disaster,HI Severe Weather and Flooding,Flood,2025-01-29T00:00:00.000Z,,Turndown,2025-05-21T00:00:00.000Z,0,0,1,1,2025032803,2025-01-29T00:00:00.000Z,45faaaf5-c7a4-411c-811a-0b452e43df85
25048,5,MI,Michigan,0,2025-04-11T00:00:00.000Z,Emergency,R5 - MI March 2025 Severe Winter Storm / Ice Storm,Severe Ice Storm,2025-03-28T00:00:00.000Z,2025-03-30T00:00:00.000Z,Turndown,2025-06-19T00:00:00.000Z,0,0,1,0,2025041101,2025-03-28T00:00:00.000Z,6b1a13d1-9e52-4886-b309-b8bbe59b9c78
25057,10,WA,Washington,0,2025-01-14T00:00:00.000Z,Major Disaster,WA - Severe Storm,Severe Storm,2024-11-17T00:00:00.000Z,2024-11-23T00:00:00.000Z,Turndown,2025-06-19T00:00:00.000Z,0,0,1,0,2024112001,2024-11-17T00:00:00.000Z,13e5b0f2-ff1e-4e05-a092-08fe9f2c3854
25067,7,MO,Missouri,0,2025-05-19T00:00:00.000Z,Emergency,R7 Severe Weather - R7,Severe Storm,2025-05-16T00:00:00.000Z,,Turndown,2025-06-09T00:00:00.000Z,0,0,1,0,2025051502,2025-05-16T00:00:00.000Z,fb25a304-be6e-4520-93cb-23ab329661fa
25070,10,OR,Oregon,0,2025-05-19T00:00:00.000Z,Major Disaster,"OR Severe Storms, Flooding, Mudslide, Landslide",Flood,2025-03-12T00:00:00.000Z,2025-04-15T00:00:00.000Z,Turndown,2025-06-19T00:00:00.000Z,1,0,0,1,2025052001,2025-03-12T00:00:00.000Z,b190a070-aaaa-4609-92ee-50fd11ca7c56
25076,3,MD,Maryland,0,2025-06-11T00:00:00.000Z,Major Disaster,R3 Severe Storm and Flooding,Severe Storm,2025-05-13T00:00:00.000Z,2025-05-14T00:00:00.000Z,Turndown,2025-10-22T00:00:00.000Z,0,0,1,1,2025052801,2025-05-13T00:00:00.000Z,cf96cdbb-fc8c-4b08-a571-c2271b80ac15
25082,3,WV,West Virginia,0,2025-06-20T00:00:00.000Z,Emergency,R3 PD261-WV (June 14 flooding),Flood,2025-06-14T00:00:00.000Z,,Turndown,2025-07-22T00:00:00.000Z,0,0,1,0,2025062002,2025-06-14T00:00:00.000Z,6b2ffd89-7aa5-4377-9a50-1a8961b2f0a5
25090,8,SD,South Dakota,1,2025-06-26T00:00:00.000Z,Major Disaster,R8 Rosebud Sioux Tribe Winds and Severe Weather,Severe Storm,2025-04-27T00:00:00.000Z,2025-04-28T00:00:00.000Z,Turndown,2025-12-20T00:00:00.000Z,1,0,1,1,2025050701,2025-04-27T00:00:00.000Z,e7b8f0d1-f7be-499e-9e09-f26bd7351ce3
25091,6,OK,Oklahoma,0,2025-07-02T00:00:00.000Z,Major Disaster,"OK SS, Tornadoes, SL Winds, Flooding",Flood,2025-04-19T00:00:00.000Z,2025-05-06T00:00:00.000Z,Turndown,2025-12-20T00:00:00.000Z,0,0,1,1,2025070301,2025-04-19T00:00:00.000Z,033af22e-658c-47d1-9860-7b6b47bc1b67
25098,9,CA,California,1,2025-06-24T00:00:00.000Z,Emergency,Robinson Rancheria Emergency Declaration,Other,2025-06-11T00:00:00.000Z,,Turndown,2025-07-22T00:00:00.000Z,0,0,1,0,2025071604,2025-06-11T00:00:00.000Z,30f750e0-3a18-4b23-ace1-4ec7cf366ef1
25103,7,NE,Nebraska,0,2025-07-24T00:00:00.000Z,Major Disaster,NE - Severe Storms and Heavy Rainfall,Severe Storm,2025-06-29T00:00:00.000Z,2025-06-30T00:00:00.000Z,Turndown,2025-09-11T00:00:00.000Z,0,0,1,1,2025071601,2025-06-29T00:00:00.000Z,2907244d-933c-4f9a-9231-df8e633e4268
25116,5,IL,Illinois,0,2025-08-21T00:00:00.000Z,Major Disaster,R5 IL - July 2025 - Severe Storms and Flooding,Severe Storm,2025-07-25T00:00:00.000Z,2025-07-28T00:00:00.000Z,Turndown,2026-04-10T00:00:00.000Z,1,0,0,1,2025081102,2025-07-25T00:00:00.000Z,76c9b3bc-dbe6-48e3-95f7-c0652502d3aa
25118,1,VT,Vermont,0,2025-08-22T00:00:00.000Z,Major Disaster,R1_VT_Severe Storm-Flooding_07102025,Severe Storm,2025-07-10T00:00:00.000Z,2025-07-10T00:00:00.000Z,Turndown,2026-02-07T00:00:00.000Z,0,0,1,1,2025072301,2025-07-10T00:00:00.000Z,080340b2-70f0-417c-bdb2-8b7ba1bd2567
25124,10,AK,Alaska,0,2025-08-28T00:00:00.000Z,Major Disaster,R10 AK Chevak Public Safety Building Fire,Fire,2025-07-08T00:00:00.000Z,2025-07-08T00:00:00.000Z,Turndown,2025-10-22T00:00:00.000Z,0,0,1,1,2025081901,2025-07-08T00:00:00.000Z,7999966f-8953-42ba-a1cc-b15ad3279988
25125,5,IL,Illinois,0,2025-09-15T00:00:00.000Z,Major Disaster,R5 IL - August 2025 Severe Storms and Flooding,Severe Storm,2025-08-16T00:00:00.000Z,2025-08-19T00:00:00.000Z,Turndown,2026-02-07T00:00:00.000Z,1,0,0,1,2025082501,2025-08-16T00:00:00.000Z,012053e5-c5cd-4bca-bbf6-a809d10790b2
25129,8,CO,Colorado,0,2025-09-26T00:00:00.000Z,Major Disaster,"R8 Colorado Fires, Flood, Mudslide, August 2025",Fire,2025-08-02T00:00:00.000Z,2025-08-29T00:00:00.000Z,Turndown,2026-04-10T00:00:00.000Z,0,0,1,1,2025080802,2025-08-06T00:00:00.000Z,ff7419f2-9326-4f57-bda5-ff3e1ce8cae4
25132,8,MT,Montana,0,2025-10-22T00:00:00.000Z,Emergency,R8 MT Prison Water System Failure - October 2025,Other,2025-10-10T00:00:00.000Z,,Turndown,2025-12-24T00:00:00.000Z,0,0,1,0,2025102302,2025-10-10T00:00:00.000Z,432c27dc-61b2-486d-ae48-6378668927ad
25133,9,AZ,Arizona,0,2025-10-24T00:00:00.000Z,Major Disaster,Severe Thunderstorms and Catastrophic Flooding,Severe Storm,2025-09-25T00:00:00.000Z,2025-09-27T00:00:00.000Z,Turndown,2026-07-02T00:00:00.000Z,0,0,1,1,2025102701,2025-09-25T00:00:00.000Z,0f6620f4-7d84-4b01-8a7e-1a48eac7befe
25134,8,CO,Colorado,0,2025-11-12T00:00:00.000Z,Major Disaster,R8 Colorado Floods and Storms Oct. 2025,Severe Storm,2025-10-10T00:00:00.000Z,2025-10-14T00:00:00.000Z,Turndown,2026-04-10T00:00:00.000Z,0,0,1,1,2025102301,2025-10-10T00:00:00.000Z,737e2b18-626c-4fab-beb8-b2f109c74387
25136,7,KS,Kansas,0,2025-11-21T00:00:00.000Z,Major Disaster,"R7-Severe Storms, Straight-line Winds, Flooding.",Severe Storm,2025-09-08T00:00:00.000Z,2025-09-10T00:00:00.000Z,Turndown,2026-02-07T00:00:00.000Z,0,0,1,1,2025112401,2025-09-08T00:00:00.000Z,123fafb0-21c9-4a65-a5b2-1211b34e77eb
25139,9,AZ,Arizona,0,2025-11-12T00:00:00.000Z,Major Disaster,Arizona October Severe Storms and Flooding,Severe Storm,2025-10-10T00:00:00.000Z,2025-10-13T00:00:00.000Z,Turndown,2026-02-07T00:00:00.000Z,1,0,0,0,2025121902,2025-10-10T00:00:00.000Z,96ba8459-8702-49bb-8f6f-947ad87da213
25140,9,AZ,Arizona,1,2025-12-19T00:00:00.000Z,Major Disaster,SCAT September Severe Storms and Flooding,Severe Storm,2025-09-25T00:00:00.000Z,2025-09-27T00:00:00.000Z,Turndown,2026-05-31T00:00:00.000Z,1,0,1,1,2025121904,2025-09-25T00:00:00.000Z,84165336-636a-4f46-9d30-5fcb0d9af48f
25143,8,MT,Montana,0,2025-12-24T00:00:00.000Z,Emergency,"R8 MT Winds and Winter Storm, December 2025",Straight-Line Winds,2025-12-17T00:00:00.000Z,,Turndown,2026-02-07T00:00:00.000Z,0,0,1,0,2025121901,2025-12-17T00:00:00.000Z,5d211737-2b44-48a6-b259-af76333a35e2
26023,5,MN,Minnesota,1,2025-11-30T00:00:00.000Z,Major Disaster,R5 - Leech Lake Band of Ojibwe - Sep 1 2025 - Fire,Fire,2025-09-01T00:00:00.000Z,2025-09-01T00:00:00.000Z,Turndown,2026-07-02T00:00:00.000Z,0,0,1,1,2025102801,2025-09-01T00:00:00.000Z,69c224ab-3a50-49d5-acdf-f977c7841d09
26026,8,MT,Montana,1,2026-02-13T00:00:00.000Z,Major Disaster,"R8 MT Winds and Winter Storm, December 2025",Straight-Line Winds,2025-12-17T00:00:00.000Z,2025-12-18T00:00:00.000Z,Turndown,2026-05-31T00:00:00.000Z,1,0,0,1,2025121901,2025-12-17T00:00:00.000Z,4cdffd94-46bd-410e-9971-cdb29554c81b
26037,4,GA,Georgia,0,2026-03-12T00:00:00.000Z,Major Disaster,Winter Storm (January 2026),Winter Storm,2026-01-22T00:00:00.000Z,2026-01-27T00:00:00.000Z,Turndown,2026-05-31T00:00:00.000Z,0,0,1,0,2026012101,2026-01-21T00:00:00.000Z,1a838212-35ae-44ad-9a7f-7c3e9af6237b
26043,6,OK,Oklahoma,1,2026-03-18T00:00:00.000Z,Major Disaster,Severe Winter Storm,Winter Storm,2026-01-23T00:00:00.000Z,2026-01-24T00:00:00.000Z,Turndown,2026-05-31T00:00:00.000Z,0,0,1,1,2026032002,2026-01-23T00:00:00.000Z,3a5e666f-65dc-4012-a885-719748f049f1
26048,5,MI,Michigan,0,2026-04-01T00:00:00.000Z,Major Disaster,R5 MI - March 6 2026 - Severe Storms and Tornadoes,Severe Storm,2026-03-06T00:00:00.000Z,2026-03-06T00:00:00.000Z,Turndown,2026-08-03T00:00:00.000Z,1,0,0,1,2026031301,2026-03-06T00:00:00.000Z,7f123b51-e3b1-4a4b-95b9-1874f8fb17a8
26049,9,HI,Hawaii,0,2026-04-07T00:00:00.000Z,Emergency,Severe Weather - Hawaii,Severe Storm,2026-04-07T00:00:00.000Z,,Turndown,2026-07-02T00:00:00.000Z,1,0,1,0,2026040801,2026-04-07T00:00:00.000Z,cb991c8f-dae4-4fcd-a14f-6c6025386dfb
26050,2,NY,New York,0,2026-03-25T00:00:00.000Z,Major Disaster,Winter Storm Hernando - 2/22/2026,Winter Storm,2026-02-22T00:00:00.000Z,2026-02-23T00:00:00.000Z,Turndown,2026-09-02T00:00:00.000Z,0,0,1,1,2026031801,2026-02-22T00:00:00.000Z,51d7f10f-21ed-4ba1-b70e-27d6764192d9
26051,2,NJ,New Jersey,0,2026-04-07T00:00:00.000Z,Major Disaster,Winter Storm Hernando - 2/22/2026,Winter Storm,2026-02-22T00:00:00.000Z,2026-02-23T00:00:00.000Z,Turndown,2026-09-02T00:00:00.000Z,0,0,1,1,2026031801,2026-02-22T00:00:00.000Z,10cb3ad6-5081-4306-9dd1-dc4db3270c88
26052,1,MA,Massachusetts,0,2026-04-07T00:00:00.000Z,Major Disaster,Winter Storm Hernando - 2/22/2026,Winter Storm,2026-02-22T00:00:00.000Z,2026-02-23T00:00:00.000Z,Turndown,2026-09-02T00:00:00.000Z,0,0,1,1,2026031801,2026-02-22T00:00:00.000Z,31e4b7fa-ee4a-41bc-a320-53b9a956d8fd
26053,1,RI,Rhode Island,0,2026-04-08T00:00:00.000Z,Major Disaster,Winter Storm Hernando - 2/22/2026,Winter Storm,2026-02-22T00:00:00.000Z,2026-02-23T00:00:00.000Z,Turndown,2026-09-02T00:00:00.000Z,0,0,1,1,2026031801,2026-02-22T00:00:00.000Z,2b6cb5cf-7271-4be7-aa5f-8c318f631349
26057,10,AK,Alaska,1,2026-04-16T00:00:00.000Z,Major Disaster,Freezing Temps. Tribal Water & Fuel Shortage,Winter Storm,2026-02-19T00:00:00.000Z,2026-03-14T00:00:00.000Z,Turndown,2026-07-02T00:00:00.000Z,1,0,1,1,2026032304,2026-02-19T00:00:00.000Z,427c2e18-a0f9-4814-86d3-7869374857c1
26109,10,ID,Idaho,0,2026-07-22T00:00:00.000Z,Major Disaster,"R10 ID Severe Storm, Flooding",Flood,2026-06-26T00:00:00.000Z,2026-06-27T00:00:00.000Z,Turndown,2026-09-02T00:00:00.000Z,0,0,1,1,2026071301,2026-06-26T00:00:00.000Z,c45b3eef-3be7-405c-8c21-64f24f8b32e2
53001,4,GA,Georgia,0,1953-08-21T00:00:00.000Z,Major Disaster,TORNADO,Tornado,1953-08-21T00:00:00.000Z,1953-08-21T00:00:00.000Z,Turndown,1953-08-21T00:00:00.000Z,0,0,0,0,53001,1953-08-21T00:00:00.000Z,dad7835f-15ea-4ca5-8a2e-f81622e64110
53002,9,CA,California,0,1953-12-10T00:00:00.000Z,Major Disaster,BEACH EROSION,Mud/Landslide,1953-12-10T00:00:00.000Z,1953-12-10T00:00:00.000Z,Turndown,1953-12-10T00:00:00.000Z,0,0,0,0,53002,1953-12-10T00:00:00.000Z,18a99d8e-3044-4efe-b751-a1b4d7a57f64
54001,5,MN,Minnesota,0,1954-07-01T00:00:00.000Z,Major Disaster,CROP INFESTATION - ARMY WORMS,Crop Losses,1954-07-01T00:00:00.000Z,1954-07-01T00:00:00.000Z,Turndown,1954-07-01T00:00:00.000Z,0,0,0,0,54001,1954-07-01T00:00:00.000Z,00ee8e2d-bfd9-4792-b8f3-f0fd70ee0934
54002,5,MI,Michigan,0,1954-12-10T00:00:00.000Z,Major Disaster,FLOOD,Flood,1954-12-10T00:00:00.000Z,1954-12-10T00:00:00.000Z,Turndown,1954-12-10T00:00:00.000Z,0,0,0,0,54002,1954-12-10T00:00:00.000Z,355fbb06-0179-4869-a729-0af73480e9ed
55001,4,KY,Kentucky,0,1955-03-01T00:00:00.000Z,Major Disaster,FLOOD,Flood,1955-03-01T00:00:00.000Z,1955-03-01T00:00:00.000Z,Turndown,1955-03-01T00:00:00.000Z,0,0,0,0,55001,1955-03-01T00:00:00.000Z,adf99b36-5515-48a2-9a5c-9f1042d6b029
55002,5,OH,Ohio,0,1955-04-08T00:00:00.000Z,Major Disaster,TORNADO,Tornado,1955-04-08T00:00:00.000Z,1955-04-08T00:00:00.000Z,Turndown,1955-04-08T00:00:00.000Z,0,0,0,0,55002,1955-04-08T00:00:00.000Z,60a94843-da99-4a77-aabf-8aefd8f886d6
56001,6,OK,Oklahoma,0,1956-10-15T00:00:00.000Z,Major Disaster,FIRE,Fire,1956-10-15T00:00:00.000Z,1956-10-15T00:00:00.000Z,Turndown,1956-10-15T00:00:00.000Z,0,0,0,0,56001,1956-10-15T00:00:00.000Z,912dd734-b9ef-45c2-a609-0ea36b4fd9e1
56002,3,PA,Pennsylvania,0,1956-11-30T00:00:00.000Z,Major Disaster,SNOW STORM,Snowstorm,1956-11-30T00:00:00.000Z,1956-11-30T00:00:00.000Z,Turndown,1956-11-30T00:00:00.000Z,0,0,0,0,56002,1956-11-30T00:00:00.000Z,2dae265c-79df-495f-a3b7-a3b9215517e0
57001,9,NV,Nevada,0,1957-01-25T00:00:00.000Z,Major Disaster,WATER SHORTAGE,Drought,1957-01-25T00:00:00.000Z,1957-01-25T00:00:00.000Z,Turndown,1957-01-25T00:00:00.000Z,0,0,0,0,57001,1957-01-25T00:00:00.000Z,2dbd6341-2f01-4ac7-8731-e775905826e7
57002,4,SC,South Carolina,0,1957-04-15T00:00:00.000Z,Major Disaster,TORNADO,Tornado,1957-04-15T00:00:00.000Z,1957-04-15T00:00:00.000Z,Turndown,1957-04-15T00:00:00.000Z,0,0,0,0,57002,1957-04-15T00:00:00.000Z,1744dcfe-b1bf-40a2-b886-82229aba995b
57003,4,NC,North Carolina,0,1957-04-16T00:00:00.000Z,Major Disaster,TORNADO,Tornado,1957-04-16T00:00:00.000Z,1957-04-16T00:00:00.000Z,Turndown,1957-04-16T00:00:00.000Z,0,0,0,0,57003,1957-04-16T00:00:00.000Z,ea56a68f-5299-428b-b747-2ce43156b69e
57004,4,AL,Alabama,0,1957-04-26T00:00:00.000Z,Major Disaster,TORNADO,Tornado,1957-04-26T00:00:00.000Z,1957-04-26T00:00:00.000Z,Turndown,1957-04-26T00:00:00.000Z,0,0,0,0,57004,1957-04-26T00:00:00.000Z,103cfb18-b283-421f-a8f9-884abe2b7c70
57005,1,MA,Massachusetts,0,1957-05-15T00:00:00.000Z,Major Disaster,FOREST FIRE,Fire,1957-05-15T00:00:00.000Z,1957-05-15T00:00:00.000Z,Turndown,1957-05-15T00:00:00.000Z,0,0,0,0,57005,1957-05-15T00:00:00.000Z,f2dd6c3a-d5c6-4cb3-97e9-2ffd89a19f6e
57006,5,OH,Ohio,0,1957-05-25T00:00:00.000Z,Major Disaster,WINDSTORM,Severe Storm,1957-05-25T00:00:00.000Z,1957-05-25T00:00:00.000Z,Turndown,1957-05-25T00:00:00.000Z,0,0,0,0,57006,1957-05-25T00:00:00.000Z,f1974748-fa96-40c1-ab41-429978dcd9eb
57007,8,CO,Colorado,0,1957-06-03T00:00:00.000Z,Major Disaster,FLOOD,Flood,1957-06-03T00:00:00.000Z,1957-06-03T00:00:00.000Z,Turndown,1957-06-03T00:00:00.000Z,0,0,0,0,57007,1957-06-03T00:00:00.000Z,600494e0-ed9b-4123-acaf-76729100afdb
57008,8,SD,South Dakota,0,1957-06-21T00:00:00.000Z,Major Disaster,FLOOD,Flood,1957-06-21T00:00:00.000Z,1957-06-21T00:00:00.000Z,Turndown,1957-06-21T00:00:00.000Z,0,0,0,0,57008,1957-06-21T00:00:00.000Z,ce4e1588-91b1-4317-9767-3d5424e3874d
57009,7,IA,Iowa,0,1957-06-26T00:00:00.000Z,Major Disaster,FLOOD,Flood,1957-06-26T00:00:00.000Z,1957-06-26T00:00:00.000Z,Turndown,1957-06-26T00:00:00.000Z,0,0,0,0,57009,1957-06-26T00:00:00.000Z,5800102c-dba9-4c5d-a408-0db5c3d91aa0
57010,7,MO,Missouri,0,1957-09-16T00:00:00.000Z,Major Disaster,WINDS & TORRENTIAL RAINS,Severe Storm,1957-09-16T00:00:00.000Z,1957-09-16T00:00:00.000Z,Turndown,1957-09-16T00:00:00.000Z,0,0,0,0,57010,1957-09-16T00:00:00.000Z,160709e1-8874-45e7-9ec7-6461ce37041b
57011,7,MO,Missouri,0,1957-12-17T00:00:00.000Z,Major Disaster,EXCESSIVE RAINFALL,Severe Storm,1957-12-17T00:00:00.000Z,1957-12-17T00:00:00.000Z,Turndown,1957-12-17T00:00:00.000Z,0,0,0,0,57011,1957-12-17T00:00:00.000Z,15df3566-a8bf-4b41-bd26-58793600cdcc
58001,5,IL,Illinois,0,1958-01-17T00:00:00.000Z,Major Disaster,TORNADO,Tornado,1958-01-17T00:00:00.000Z,1958-01-17T00:00:00.000Z,Turndown,1958-01-17T00:00:00.000Z,0,0,0,0,58001,1958-01-17T00:00:00.000Z,a5d015d0-c6c9-4011-9b93-78acbae52502
58002,4,GA,Georgia,0,1958-02-03T00:00:00.000Z,Major Disaster,TORNADO,Tornado,1958-02-03T00:00:00.000Z,1958-02-03T00:00:00.000Z,Turndown,1958-02-03T00:00:00.000Z,0,0,0,0,58002,1958-02-03T00:00:00.000Z,7c766e60-4125-430e-8819-c94c9939997e
58003,7,MO,Missouri,0,1958-02-22T00:00:00.000Z,Major Disaster,TORNADO,Tornado,1958-02-22T00:00:00.000Z,1958-02-22T00:00:00.000Z,Turndown,1958-02-22T00:00:00.000Z,0,0,0,0,58003,1958-02-22T00:00:00.000Z,a1cd8999-f8cb-4898-8d7b-babf9dcf666b
58004,4,AL,Alabama,0,1958-03-08T00:00:00.000Z,Major Disaster,SEVERE WINTER WEATHER,Snowstorm,1958-03-08T00:00:00.000Z,1958-03-08T00:00:00.000Z,Turndown,1958-03-08T00:00:00.000Z,0,0,0,0,58004,1958-03-08T00:00:00.000Z,fed3a234-bbaa-4217-b699-d45ba9d60ce3
58005,4,SC,South Carolina,0,1958-03-13T00:00:00.000Z,Major Disaster,EXTREME WINTER WEATHER,Snowstorm,1958-03-13T00:00:00.000Z,1958-03-13T00:00:00.000Z,Turndown,1958-03-13T00:00:00.000Z,0,0,0,0,58005,1958-03-13T00:00:00.000Z,df000150-5f11-481b-83f6-247ad1d18a29
58006,5,WI,Wisconsin,0,1958-06-12T00:00:00.000Z,Major Disaster,TORNADO,Tornado,1958-06-12T00:00:00.000Z,1958-06-12T00:00:00.000Z,Turndown,1958-06-12T00:00:00.000Z,0,0,0,0,58006,1958-06-12T00:00:00.000Z,14f01f46-ba8e-4049-8580-8377a69e6476
58007,3,WV,West Virginia,0,1958-08-14T00:00:00.000Z,Major Disaster,FLASH FLOOD,Flood,1958-08-14T00:00:00.000Z,1958-08-14T00:00:00.000Z,Turndown,1958-08-14T00:00:00.000Z,0,0,0,0,58007,1958-08-14T00:00:00.000Z,ecb5957b-cc30-4ab4-9549-b122f59887b9
58008,5,OH,Ohio,0,1958-08-22T00:00:00.000Z,Major Disaster,EXCESSIVE RAINFALL,Severe Storm,1958-08-22T00:00:00.000Z,1958-08-22T00:00:00.000Z,Turndown,1958-08-22T00:00:00.000Z,0,0,0,0,58008,1958-08-22T00:00:00.000Z,c81d518e-c371-4d8d-876d-390bc78970e9
58009,6,OK,Oklahoma,0,1958-08-26T00:00:00.000Z,Major Disaster,"FLOODS, WIND & HAIL",Flood,1958-08-26T00:00:00.000Z,1958-08-26T00:00:00.000Z,Turndown,1958-08-26T00:00:00.000Z,0,0,0,0,58009,1958-08-26T00:00:00.000Z,992bae39-1711-4b39-97a9-6e41fee87e45
58010,7,MO,Missouri,0,1958-08-30T00:00:00.000Z,Major Disaster,EXCESSIVE RAINS & FLOODS,Flood,1958-08-30T00:00:00.000Z,1958-08-30T00:00:00.000Z,Turndown,1958-08-30T00:00:00.000Z,0,0,0,0,58010,1958-08-30T00:00:00.000Z,495f6df7-cdaa-4a8f-9b1a-4e08a297e054
58011,5,MI,Michigan,0,1958-10-07T00:00:00.000Z,Major Disaster,WINDSTORM,Severe Storm,1958-10-07T00:00:00.000Z,1958-10-07T00:00:00.000Z,Turndown,1958-10-07T00:00:00.000Z,0,0,0,0,58011,1958-10-07T00:00:00.000Z,ab6fe47b-7ab5-4d21-b05b-a87e6065c82e
59001,4,GA,Georgia,0,1959-01-05T00:00:00.000Z,Major Disaster,SEVERE DROUGHT CONDITIONS,Drought,1959-01-05T00:00:00.000Z,1959-01-05T00:00:00.000Z,Turndown,1959-01-05T00:00:00.000Z,0,0,0,0,59001,1959-01-05T00:00:00.000Z,c054e9a6-358a-4c58-8742-a7a9d5ad80f6
59002,9,CA,California,0,1959-01-20T00:00:00.000Z,Major Disaster,FIRES & THREATENING FLOODS,Fire,1959-01-20T00:00:00.000Z,1959-01-20T00:00:00.000Z,Turndown,1959-01-20T00:00:00.000Z,0,0,0,0,59002,1959-01-20T00:00:00.000Z,386b4bfa-034b-4be7-9d97-3e24a19ee3d3
59003,10,AK,Alaska,0,1959-04-17T00:00:00.000Z,Major Disaster,CLOSURE OF BRISTOL BAY TO COMM FISHING,Fishing Losses,1959-04-17T00:00:00.000Z,1959-04-17T00:00:00.000Z,Turndown,1959-04-17T00:00:00.000Z,0,0,0,0,59003,1959-04-17T00:00:00.000Z,7f4b7282-2207-4e8b-bae1-d2c394308f8e
59004,3,DE,Delaware,0,1959-06-08T00:00:00.000Z,Major Disaster,OYSTER INDUSTRY,Fishing Losses,1959-06-08T00:00:00.000Z,1959-06-08T00:00:00.000Z,Turndown,1959-06-08T00:00:00.000Z,0,0,0,0,59004,1959-06-08T00:00:00.000Z,9fdbe27e-1ce6-454b-8f3c-05a5f5361e6b
59005,4,GA,Georgia,0,1959-06-15T00:00:00.000Z,Major Disaster,TORRENTIAL RAINS,Severe Storm,1959-06-15T00:00:00.000Z,1959-06-15T00:00:00.000Z,Turndown,1959-06-15T00:00:00.000Z,0,0,0,0,59005,1959-06-15T00:00:00.000Z,90f3e85a-c1be-44ea-9914-b2df31162371
59006,7,MO,Missouri,0,1959-08-14T00:00:00.000Z,Major Disaster,EXCESSIVE RAINFALL & FLOODING,Flood,1959-08-14T00:00:00.000Z,1959-08-14T00:00:00.000Z,Turndown,1959-08-14T00:00:00.000Z,0,0,0,0,59006,1959-08-14T00:00:00.000Z,c904f542-5875-4b67-b229-97f92961bc4d
59007,4,AL,Alabama,0,1959-08-19T00:00:00.000Z,Major Disaster,HEAVY RAINFALL,Severe Storm,1959-08-19T00:00:00.000Z,1959-08-19T00:00:00.000Z,Turndown,1959-08-19T00:00:00.000Z,0,0,0,0,59007,1959-08-19T00:00:00.000Z,86e9c388-dc07-4313-8d09-a0f300a63c0e
59008,8,SD,South Dakota,0,1959-08-21T00:00:00.000Z,Major Disaster,DROUGHT,Drought,1959-08-21T00:00:00.000Z,1959-08-21T00:00:00.000Z,Turndown,1959-08-21T00:00:00.000Z,0,0,0,0,59008,1959-08-21T00:00:00.000Z,c6d94775-7f48-4b35-8ada-c66573fa0323
59009,6,TX,Texas,0,1959-10-12T00:00:00.000Z,Major Disaster,HURRICANE DEBRA,Hurricane,1959-10-12T00:00:00.000Z,1959-10-12T00:00:00.000Z,Turndown,1959-10-12T00:00:00.000Z,0,0,0,0,59009,1959-10-12T00:00:00.000Z,e689782d-ab3f-4967-af8b-30ac1d853dc1
59010,5,MN,Minnesota,0,1959-10-20T00:00:00.000Z,Major Disaster,DROUGHT,Drought,1959-10-20T00:00:00.000Z,1959-10-20T00:00:00.000Z,Turndown,1959-10-20T00:00:00.000Z,0,0,0,0,59010,1959-10-20T00:00:00.000Z,f2ba35a7-6c38-46ca-a788-139811f8593a
59011,3,PA,Pennsylvania,0,1959-11-12T00:00:00.000Z,Major Disaster,GROUND SUBSIDENCE,Other,1959-11-12T00:00:00.000Z,1959-11-12T00:00:00.000Z,Turndown,1959-11-12T00:00:00.000Z,0,0,0,0,59011,1959-11-12T00:00:00.000Z,549074fd-4bd6-4dd7-95ef-7d2d004b736d
59012,6,AR,Arkansas,0,1959-11-24T00:00:00.000Z,Major Disaster,FLOOD,Flood,1959-11-24T00:00:00.000Z,1959-11-24T00:00:00.000Z,Turndown,1959-11-24T00:00:00.000Z,0,0,0,0,59012,1959-11-24T00:00:00.000Z,652bc1c7-e28d-4134-8a74-aab9326d9015
60001,1,MA,Massachusetts,0,1960-01-02T00:00:00.000Z,Major Disaster,TIDAL FLOOD,Flood,1960-01-02T00:00:00.000Z,1960-01-02T00:00:00.000Z,Turndown,1960-01-02T00:00:00.000Z,0,0,0,0,60001,1960-01-02T00:00:00.000Z,dd81847f-d3a8-4b19-86f9-d60ad6949492
60002,4,AL,Alabama,0,1960-03-17T00:00:00.000Z,Major Disaster,ICE STORM,Snowstorm,1960-03-17T00:00:00.000Z,1960-03-17T00:00:00.000Z,Turndown,1960-03-17T00:00:00.000Z,0,0,0,0,60002,1960-03-17T00:00:00.000Z,cd4c167f-9b76-4141-9860-e427affc1e25
60003,4,GA,Georgia,0,1960-03-17T00:00:00.000Z,Major Disaster,ICE STORM,Snowstorm,1960-03-17T00:00:00.000Z,1960-03-17T00:00:00.000Z,Turndown,1960-03-17T00:00:00.000Z,0,0,0,0,60003,1960-03-17T00:00:00.000Z,57ecd3f0-2c10-4b82-b181-fc528983533a
60004,7,IA,Iowa,0,1960-04-01T00:00:00.000Z,Major Disaster,FLOODS,Flood,1960-04-01T00:00:00.000Z,1960-04-01T00:00:00.000Z,Turndown,1960-04-01T00:00:00.000Z,0,0,0,0,60004,1960-04-01T00:00:00.000Z,bb1bd128-3a50-4b48-8ab4-645dd23ab4a6
60005,5,MI,Michigan,0,1960-05-06T00:00:00.000Z,Major Disaster,SEVERE FLOOD,Flood,1960-05-06T00:00:00.000Z,1960-05-06T00:00:00.000Z,Turndown,1960-05-06T00:00:00.000Z,0,0,0,0,60005,1960-05-06T00:00:00.000Z,a37675d0-5cc7-4d81-8cb9-f1f8e5e9eb79
60006,5,MI,Michigan,0,1960-05-31T00:00:00.000Z,Major Disaster,SEVERE FLOOD (2ND TURNDOWN),Flood,1960-05-31T00:00:00.000Z,1960-05-31T00:00:00.000Z,Turndown,1960-05-31T00:00:00.000Z,0,0,0,0,60006,1960-05-31T00:00:00.000Z,08836765-5fa7-44d6-9fb4-c467792c54d2
60007,7,KS,Kansas,0,1960-06-13T00:00:00.000Z,Major Disaster,TORNADO,Tornado,1960-06-13T00:00:00.000Z,1960-06-13T00:00:00.000Z,Turndown,1960-06-13T00:00:00.000Z,0,0,0,0,60007,1960-06-13T00:00:00.000Z,8e876526-b5ae-47bf-9750-4133bd5a55a4
60008,3,PA,Pennsylvania,0,1960-06-17T00:00:00.000Z,Major Disaster,GROUND SUBSIDENCE,Other,1960-06-17T00:00:00.000Z,1960-06-17T00:00:00.000Z,Turndown,1960-06-17T00:00:00.000Z,0,0,0,0,60008,1960-06-17T00:00:00.000Z,b0e17c7e-5539-48b0-aa18-9cd7ac173fd5
60009,5,MI,Michigan,0,1960-07-11T00:00:00.000Z,Major Disaster,SEVERE FLOOD (3RD TURNDOWN),Flood,1960-07-11T00:00:00.000Z,1960-07-11T00:00:00.000Z,Turndown,1960-07-11T00:00:00.000Z,0,0,0,0,60009,1960-07-11T00:00:00.000Z,2c1e5efb-c1f6-412a-a112-81d92736e94b
60010,4,MS,Mississippi,0,1960-08-01T00:00:00.000Z,Major Disaster,DROUGHT,Drought,1960-08-01T00:00:00.000Z,1960-08-01T00:00:00.000Z,Turndown,1960-08-01T00:00:00.000Z,0,0,0,0,60010,1960-08-01T00:00:00.000Z,4e83b01d-4773-45c3-9b5c-ba60e94ceab6
60011,6,LA,Louisiana,0,1960-08-01T00:00:00.000Z,Major Disaster,DROUGHT,Drought,1960-08-01T00:00:00.000Z,1960-08-01T00:00:00.000Z,Turndown,1960-08-01T00:00:00.000Z,0,0,0,0,60011,1960-08-01T00:00:00.000Z,08eb696b-9839-4ab2-a879-50088bb4f7ed
60012,3,PA,Pennsylvania,0,1960-10-17T00:00:00.000Z,Major Disaster,MINE WATER SEEPAGE,Other,1960-10-17T00:00:00.000Z,1960-10-17T00:00:00.000Z,Turndown,1960-10-17T00:00:00.000Z,0,0,0,0,60012,1960-10-17T00:00:00.000Z,6bffc0e0-47be-4dc9-af48-3dd0b13545a5
61001,6,TX,Texas,0,1961-02-13T00:00:00.000Z,Major Disaster,RAINS & FLOODS,Flood,1961-02-13T00:00:00.000Z,1961-02-13T00:00:00.000Z,Turndown,1961-02-13T00:00:00.000Z,0,0,0,0,61001,1961-02-13T00:00:00.000Z,b575ebf8-7546-43f1-aa77-99e6409e762b
61002,6,OK,Oklahoma,0,1961-03-16T00:00:00.000Z,Major Disaster,TORNADO,Tornado,1961-03-16T00:00:00.000Z,1961-03-16T00:00:00.000Z,Turndown,1961-03-16T00:00:00.000Z,0,0,0,0,61002,1961-03-16T00:00:00.000Z,e56117a3-f437-47c6-ade7-fd6bb61a8e29
61003,4,GA,Georgia,0,1961-04-10T00:00:00.000Z,Major Disaster,TORNADO,Tornado,1961-04-10T00:00:00.000Z,1961-04-10T00:00:00.000Z,Turndown,1961-04-10T00:00:00.000Z,0,0,0,0,61003,1961-04-10T00:00:00.000Z,b2513bbc-3c2c-4368-aa9d-e38f05048fd0
61004,7,IA,Iowa,0,1961-08-25T00:00:00.000Z,Major Disaster,FLOOD,Flood,1961-08-25T00:00:00.000Z,1961-08-25T00:00:00.000Z,Turndown,1961-08-25T00:00:00.000Z,0,0,0,0,61004,1961-08-25T00:00:00.000Z,4bd62d61-f888-4cfe-b696-4733c45f399c
61005,8,ND,North Dakota,0,1961-08-31T00:00:00.000Z,Major Disaster,DROUGHT,Drought,1961-08-31T00:00:00.000Z,1961-08-31T00:00:00.000Z,Turndown,1961-08-31T00:00:00.000Z,0,0,0,0,61005,1961-08-31T00:00:00.000Z,a5d76dac-b8e5-40d0-ada1-962f38502157
61006,7,MO,Missouri,0,1961-10-09T00:00:00.000Z,Major Disaster,FLOODS,Flood,1961-10-09T00:00:00.000Z,1961-10-09T00:00:00.000Z,Turndown,1961-10-09T00:00:00.000Z,0,0,0,0,61006,1961-10-09T00:00:00.000Z,cb197ead-2847-4e6d-acc7-1902c29562a7
61007,9,CA,California,0,1961-10-09T00:00:00.000Z,Major Disaster,FIRES,Fire,1961-10-09T00:00:00.000Z,1961-10-09T00:00:00.000Z,Turndown,1961-10-09T00:00:00.000Z,0,0,0,0,61007,1961-10-09T00:00:00.000Z,d8b5fe54-493d-4771-a1d1-37bec2bdf00d
62001,6,OK,Oklahoma,0,1962-03-06T00:00:00.000Z,Major Disaster,MANGUM SCHOOL FIRE,Fire,1962-03-06T00:00:00.000Z,1962-03-06T00:00:00.000Z,Turndown,1962-03-06T00:00:00.000Z,0,0,0,0,62001,1962-03-06T00:00:00.000Z,c365e503-04ae-465b-9cf5-3a1b9f3e0bdb
62002,8,WY,Wyoming,0,1962-06-19T00:00:00.000Z,Major Disaster,FLOOD,Flood,1962-06-19T00:00:00.000Z,1962-06-19T00:00:00.000Z,Turndown,1962-06-19T00:00:00.000Z,0,0,0,0,62002,1962-06-19T00:00:00.000Z,7105a200-c98b-47b7-9ea6-03242579f806
62003,6,LA,Louisiana,0,1962-07-18T00:00:00.000Z,Major Disaster,MOSQUITOES,Other,1962-07-18T00:00:00.000Z,1962-07-18T00:00:00.000Z,Turndown,1962-07-18T00:00:00.000Z,0,0,0,0,62003,1962-07-18T00:00:00.000Z,07984a50-647d-4a9c-b5b8-5f7a78d80b3a
62004,6,TX,Texas,0,1962-07-18T00:00:00.000Z,Major Disaster,MOSQUITOES,Other,1962-07-18T00:00:00.000Z,1962-07-18T00:00:00.000Z,Turndown,1962-07-18T00:00:00.000Z,0,0,0,0,62004,1962-07-18T00:00:00.000Z,f427e6ad-07fb-480f-a9c5-3f742c812623
63001,8,UT,Utah,0,1963-01-01T00:00:00.000Z,Major Disaster,DAM FAILURE & FLOODS,Flood,1963-01-01T00:00:00.000Z,1963-01-01T00:00:00.000Z,Turndown,1963-12-31T00:00:00.000Z,0,0,0,0,63001,1963-01-01T00:00:00.000Z,98bd579d-e525-468b-9fe6-6bdec81dc4f6
63002,9,AZ,Arizona,0,1963-01-01T00:00:00.000Z,Major Disaster,FLOODS,Flood,1963-01-01T00:00:00.000Z,1963-01-01T00:00:00.000Z,Turndown,1963-12-31T00:00:00.000Z,0,0,0,0,63002,1963-01-01T00:00:00.000Z,228104c2-0f72-4ad1-89d3-c55498ca005c
63003,6,LA,Louisiana,0,1963-01-01T00:00:00.000Z,Major Disaster,DROUGHT & FREEZE,Snowstorm,1963-01-01T00:00:00.000Z,1963-01-01T00:00:00.000Z,Turndown,1963-01-01T00:00:00.000Z,0,0,0,0,63003,1963-01-01T00:00:00.000Z,7bedef05-23e9-4547-a86f-a056c3e7a212
63004,4,FL,Florida,0,1963-02-11T00:00:00.000Z,Major Disaster,HIGH TIDES,Flood,1963-02-11T00:00:00.000Z,1963-02-11T00:00:00.000Z,Turndown,1963-02-11T00:00:00.000Z,0,0,0,0,63004,1963-02-11T00:00:00.000Z,6f6c2ba3-3993-4a1c-9e3f-033e4a42940d
63005,4,AL,Alabama,0,1963-03-16T00:00:00.000Z,Major Disaster,TORNADO,Tornado,1963-03-16T00:00:00.000Z,1963-03-16T00:00:00.000Z,Turndown,1963-03-16T00:00:00.000Z,0,0,0,0,63005,1963-03-16T00:00:00.000Z,3943a208-ec8d-48e5-b607-11bf3598dcff
63006,4,FL,Florida,0,1963-05-31T00:00:00.000Z,Major Disaster,SEVERE STORM & BEACH EROSION,Coastal Storm,1963-05-31T00:00:00.000Z,1963-05-31T00:00:00.000Z,Turndown,1963-05-31T00:00:00.000Z,0,0,0,0,63006,1963-05-31T00:00:00.000Z,44b6b974-759c-4387-b037-5b87e5b8882c
63007,4,AL,Alabama,0,1963-07-26T00:00:00.000Z,Major Disaster,FLOOD,Flood,1963-07-26T00:00:00.000Z,1963-07-26T00:00:00.000Z,Turndown,1963-07-26T00:00:00.000Z,0,0,0,0,63007,1963-07-26T00:00:00.000Z,94068b76-887e-4316-810e-4cd6fcba452e
63008,10,AK,Alaska,0,1963-08-01T00:00:00.000Z,Major Disaster,SALMON INDUSTRY PROBLEM,Fishing Losses,1963-08-01T00:00:00.000Z,1963-08-01T00:00:00.000Z,Turndown,1963-08-01T00:00:00.000Z,0,0,0,0,63008,1963-08-01T00:00:00.000Z,c1530e5a-2c61-4439-af6b-ebb5f4bdbff3
63009,3,PA,Pennsylvania,0,1963-08-06T00:00:00.000Z,Major Disaster,SEVERE STORMS,Severe Storm,1963-08-06T00:00:00.000Z,1963-08-06T00:00:00.000Z,Turndown,1963-08-06T00:00:00.000Z,0,0,0,0,63009,1963-08-06T00:00:00.000Z,457e63c3-17fc-4d22-9832-56f62b36bab1
63010,10,AK,Alaska,0,1963-10-15T00:00:00.000Z,Major Disaster,ARCTIC STORM,Snowstorm,1963-10-15T00:00:00.000Z,1963-10-15T00:00:00.000Z,Turndown,1963-10-15T00:00:00.000Z,0,0,0,0,63010,1963-10-15T00:00:00.000Z,7843eabb-b0c3-49a0-812d-821feecbdad2
63011,4,KY,Kentucky,0,1963-11-19T00:00:00.000Z,Major Disaster,DROUGHT,Drought,1963-11-19T00:00:00.000Z,1963-11-19T00:00:00.000Z,Turndown,1963-11-19T00:00:00.000Z,0,0,0,0,63011,1963-11-19T00:00:00.000Z,481a48cc-726f-4b4e-abd3-c3ed073a8041
64001,9,CA,California,0,1964-01-01T00:00:00.000Z,Major Disaster,MUDSLIDE,Mud/Landslide,1964-01-01T00:00:00.000Z,1964-01-01T00:00:00.000Z,Turndown,1964-12-31T00:00:00.000Z,0,0,0,0,64001,1964-01-01T00:00:00.000Z,522f2d1e-b913-4eab-8f89-8acfc9df47de
64002,9,CA,California,0,1964-01-01T00:00:00.000Z,Major Disaster,"RAIN,WIND, MUD SLIDES",Severe Storm,1964-01-01T00:00:00.000Z,1964-01-01T00:00:00.000Z,Turndown,1964-12-31T00:00:00.000Z,0,0,0,0,64002,1964-01-01T00:00:00.000Z,d030dcba-8664-478f-97fd-ed754fc68581
64003,9,NV,Nevada,0,1964-01-01T00:00:00.000Z,Major Disaster,SNOWSTORM & POWER FAILURE,Snowstorm,1964-01-01T00:00:00.000Z,1964-01-01T00:00:00.000Z,Turndown,1964-12-31T00:00:00.000Z,0,0,0,0,64003,1964-01-01T00:00:00.000Z,0a71c485-97e0-4059-ab09-c4eeb5070240
64004,6,LA,Louisiana,0,1964-01-08T00:00:00.000Z,Major Disaster,FLOODS,Flood,1964-01-08T00:00:00.000Z,1964-01-08T00:00:00.000Z,Turndown,1964-01-08T00:00:00.000Z,0,0,0,0,64004,1964-01-08T00:00:00.000Z,eae4dee3-43e7-4ad0-80a1-6c97595daa65
64005,9,CA,California,0,1964-05-01T00:00:00.000Z,Major Disaster,FIRES,Fire,1964-05-01T00:00:00.000Z,1964-05-01T00:00:00.000Z,Turndown,1964-05-01T00:00:00.000Z,0,0,0,0,64005,1964-05-01T00:00:00.000Z,1ea7032d-d4b4-4489-9ddd-9f68f2923792
64006,5,IN,Indiana,0,1964-08-14T00:00:00.000Z,Major Disaster,FLOODS,Flood,1964-08-14T00:00:00.000Z,1964-08-14T00:00:00.000Z,Turndown,1964-08-14T00:00:00.000Z,0,0,0,0,64006,1964-08-14T00:00:00.000Z,1b95f4e3-65af-483f-a6d4-bd3856cc0c19
64007,9,NV,Nevada,0,1964-09-09T00:00:00.000Z,Major Disaster,FIRES,Fire,1964-09-09T00:00:00.000Z,1964-09-09T00:00:00.000Z,Turndown,1964-09-09T00:00:00.000Z,0,0,0,0,64007,1964-09-09T00:00:00.000Z,6b99da0c-baa0-4915-8dd8-15db08117449
64008,6,TX,Texas,0,1964-11-24T00:00:00.000Z,Major Disaster,FLOOD,Flood,1964-11-24T00:00:00.000Z,1964-11-24T00:00:00.000Z,Turndown,1964-11-24T00:00:00.000Z,0,0,0,0,64008,1964-11-24T00:00:00.000Z,0ebc6db8-be3a-43ea-985a-536055041bb5
65001,8,UT,Utah,0,1965-01-01T00:00:00.000Z,Major Disaster,FLOOD THREAT,Flood,1965-01-01T00:00:00.000Z,1965-01-01T00:00:00.000Z,Turndown,1965-12-31T00:00:00.000Z,0,0,0,0,65001,1965-01-01T00:00:00.000Z,03108700-6656-4de5-8256-7c9dd3c0dc65
65002,9,CA,California,0,1965-01-01T00:00:00.000Z,Major Disaster,BEACH EROSION,Mud/Landslide,1965-01-01T00:00:00.000Z,1965-01-01T00:00:00.000Z,Turndown,1965-12-31T00:00:00.000Z,0,0,0,0,65002,1965-01-01T00:00:00.000Z,e9318043-7c05-497b-a035-18d651a98ce1
65003,9,CA,California,0,1965-01-01T00:00:00.000Z,Major Disaster,CIVIL RIOTS,Human Cause,1965-01-01T00:00:00.000Z,1965-01-01T00:00:00.000Z,Turndown,1965-12-31T00:00:00.000Z,0,0,0,0,65003,1965-01-01T00:00:00.000Z,2cf003a5-5117-4b58-9d1c-b811c6427896
65004,4,GA,Georgia,0,1965-01-19T00:00:00.000Z,Major Disaster,FLOOD,Flood,1965-01-19T00:00:00.000Z,1965-01-19T00:00:00.000Z,Turndown,1965-01-19T00:00:00.000Z,0,0,0,0,65004,1965-01-19T00:00:00.000Z,5d9c456c-f094-4d88-8cef-26f76d05f796
65005,6,AR,Arkansas,0,1965-05-06T00:00:00.000Z,Major Disaster,FLOOD,Flood,1965-05-06T00:00:00.000Z,1965-05-06T00:00:00.000Z,Turndown,1965-05-06T00:00:00.000Z,0,0,0,0,65005,1965-05-06T00:00:00.000Z,67bccbf0-dbfe-4c02-91b1-d4ff21233e1a
65006,6,AR,Arkansas,0,1965-05-22T00:00:00.000Z,Major Disaster,TORNADO,Tornado,1965-05-22T00:00:00.000Z,1965-05-22T00:00:00.000Z,Turndown,1965-05-22T00:00:00.000Z,0,0,0,0,65006,1965-05-22T00:00:00.000Z,7d64dbca-2d7c-4642-9cba-e787cd3e0c52
65007,7,MO,Missouri,0,1965-06-16T00:00:00.000Z,Major Disaster,FLOOD,Flood,1965-06-16T00:00:00.000Z,1965-06-16T00:00:00.000Z,Turndown,1965-06-16T00:00:00.000Z,0,0,0,0,65007,1965-06-16T00:00:00.000Z,7a93df74-bf43-4251-ab21-9a772c215d82
65008,8,WY,Wyoming,0,1965-07-07T00:00:00.000Z,Major Disaster,FLOOD,Flood,1965-07-07T00:00:00.000Z,1965-07-07T00:00:00.000Z,Turndown,1965-07-07T00:00:00.000Z,0,0,0,0,65008,1965-07-07T00:00:00.000Z,ffff0bd9-6895-40d6-8533-e77e204a25f3
65009,7,NE,Nebraska,0,1965-08-04T00:00:00.000Z,Major Disaster,FLOOD,Flood,1965-08-04T00:00:00.000Z,1965-08-04T00:00:00.000Z,Turndown,1965-08-04T00:00:00.000Z,0,0,0,0,65009,1965-08-04T00:00:00.000Z,dc38b362-62d8-4175-90a2-6238e180b931
65010,7,IA,Iowa,0,1965-09-13T00:00:00.000Z,Major Disaster,TORNADO & FLOOD,Tsunami,1965-09-13T00:00:00.000Z,1965-09-13T00:00:00.000Z,Turndown,1965-09-13T00:00:00.000Z,0,0,0,0,65010,1965-09-13T00:00:00.000Z,d512a4ee-d5f4-408a-9720-258cc47ac274
65011,10,ID,Idaho,0,1965-09-25T00:00:00.000Z,Major Disaster,FLOOD,Flood,1965-09-25T00:00:00.000Z,1965-09-25T00:00:00.000Z,Turndown,1965-09-25T00:00:00.000Z,0,0,0,0,65011,1965-09-25T00:00:00.000Z,b02bbfa4-4f20-493f-83d1-244bd7591938
65012,6,AR,Arkansas,0,1965-12-06T00:00:00.000Z,Major Disaster,FLOOD,Flood,1965-12-06T00:00:00.000Z,1965-12-06T00:00:00.000Z,Turndown,1965-12-06T00:00:00.000Z,0,0,0,0,65012,1965-12-06T00:00:00.000Z,fbb67cca-6401-4988-a14c-f3b4fded9897
66001,9,CA,California,0,1966-01-01T00:00:00.000Z,Major Disaster,EARTHSLIDES,Mud/Landslide,1966-01-01T00:00:00.000Z,1966-01-01T00:00:00.000Z,Turndown,1966-12-31T00:00:00.000Z,0,0,0,0,66001,1966-01-01T00:00:00.000Z,bdcda2c9-d3f6-4a06-8f9c-81fc06cfbf09
66002,9,NV,Nevada,0,1966-01-01T00:00:00.000Z,Major Disaster,FLOODS,Flood,1966-01-01T00:00:00.000Z,1966-01-01T00:00:00.000Z,Turndown,1966-12-31T00:00:00.000Z,0,0,0,0,66002,1966-01-01T00:00:00.000Z,42a73e30-7712-4822-bb9c-80dab7dd33f4
66003,6,NM,New Mexico,0,1966-02-10T00:00:00.000Z,Major Disaster,FLOODS,Flood,1966-02-10T00:00:00.000Z,1966-02-10T00:00:00.000Z,Turndown,1966-02-10T00:00:00.000Z,0,0,0,0,66003,1966-02-10T00:00:00.000Z,b1b0979e-3a21-4003-8795-452a821dff40
66004,6,AR,Arkansas,0,1966-02-14T00:00:00.000Z,Major Disaster,FLOODING,Flood,1966-02-14T00:00:00.000Z,1966-02-14T00:00:00.000Z,Turndown,1966-02-14T00:00:00.000Z,0,0,0,0,66004,1966-02-14T00:00:00.000Z,00c01e6e-809a-4a97-8a69-f07b06f49fae
66005,4,MS,Mississippi,0,1966-03-15T00:00:00.000Z,Major Disaster,TORNADOES,Tornado,1966-03-15T00:00:00.000Z,1966-03-15T00:00:00.000Z,Turndown,1966-03-15T00:00:00.000Z,0,0,0,0,66005,1966-03-15T00:00:00.000Z,5ebeebb3-13f2-4ad6-9cfa-7159dfd0f85b
66006,8,SD,South Dakota,0,1966-04-04T00:00:00.000Z,Major Disaster,BLIZZARD,Snowstorm,1966-04-04T00:00:00.000Z,1966-04-04T00:00:00.000Z,Turndown,1966-04-04T00:00:00.000Z,0,0,0,0,66006,1966-04-04T00:00:00.000Z,c42861f4-9384-434f-9944-d5c774b26116
66007,4,FL,Florida,0,1966-04-19T00:00:00.000Z,Major Disaster,TORNADOES,Tornado,1966-04-19T00:00:00.000Z,1966-04-19T00:00:00.000Z,Turndown,1966-04-19T00:00:00.000Z,0,0,0,0,66007,1966-04-19T00:00:00.000Z,bb951d55-8ffa-412b-8ce7-bebac23f5281
66008,9,CA,California,0,1966-04-19T00:00:00.000Z,Major Disaster,LANDSLIDES,Mud/Landslide,1966-04-19T00:00:00.000Z,1966-04-19T00:00:00.000Z,Turndown,1966-04-19T00:00:00.000Z,0,0,0,0,66008,1966-04-19T00:00:00.000Z,b8746d93-5ba5-415f-a135-8c4362be50fd
66009,6,TX,Texas,0,1966-09-12T00:00:00.000Z,Major Disaster,FLOODING,Flood,1966-09-12T00:00:00.000Z,1966-09-12T00:00:00.000Z,Turndown,1966-09-12T00:00:00.000Z,0,0,0,0,66009,1966-09-12T00:00:00.000Z,f70dfd4b-04f7-459e-bc63-034912909c15
67001,9,AZ,Arizona,0,1967-01-01T00:00:00.000Z,Major Disaster,SNOWSTORMS,Snowstorm,1967-01-01T00:00:00.000Z,1967-01-01T00:00:00.000Z,Turndown,1967-12-31T00:00:00.000Z,0,0,0,0,67001,1967-01-01T00:00:00.000Z,f02ec42f-d190-4a38-982f-675320109344
67002,9,CA,California,0,1967-01-01T00:00:00.000Z,Major Disaster,FLOODS,Flood,1967-01-01T00:00:00.000Z,1967-01-01T00:00:00.000Z,Turndown,1967-12-31T00:00:00.000Z,0,0,0,0,67002,1967-01-01T00:00:00.000Z,787b8d69-f413-4123-826e-7bbe1d4973c4
67003,9,CA,California,0,1967-01-01T00:00:00.000Z,Major Disaster,EARTHSLIDES,Mud/Landslide,1967-01-01T00:00:00.000Z,1967-01-01T00:00:00.000Z,Turndown,1967-12-31T00:00:00.000Z,0,0,0,0,67003,1967-01-01T00:00:00.000Z,3fe9cc49-6485-43b0-8e1a-8eff0ae7fb49
67004,9,HI,Hawaii,0,1967-01-01T00:00:00.000Z,Major Disaster,FLOODS,Flood,1967-01-01T00:00:00.000Z,1967-01-01T00:00:00.000Z,Turndown,1967-12-31T00:00:00.000Z,0,0,0,0,67004,1967-01-01T00:00:00.000Z,554a5c49-58f2-46db-8374-dd08383b3045
67005,9,NV,Nevada,0,1967-01-11T00:00:00.000Z,Major Disaster,FLOODING,Flood,1967-01-11T00:00:00.000Z,1967-01-11T00:00:00.000Z,Turndown,1967-01-11T00:00:00.000Z,0,0,0,0,67005,1967-01-11T00:00:00.000Z,f6fcddca-55e0-49e3-9863-aa03f6148521
67006,7,MO,Missouri,0,1967-02-07T00:00:00.000Z,Major Disaster,TORNADOES,Tornado,1967-02-07T00:00:00.000Z,1967-02-07T00:00:00.000Z,Turndown,1967-02-07T00:00:00.000Z,0,0,0,0,67006,1967-02-07T00:00:00.000Z,bdf603af-4319-4e3e-bf1a-1fb57d43e057
67007,5,WI,Wisconsin,0,1967-05-10T00:00:00.000Z,Major Disaster,STORMS & FLOODS,Flood,1967-05-10T00:00:00.000Z,1967-05-10T00:00:00.000Z,Turndown,1967-05-10T00:00:00.000Z,0,0,0,0,67007,1967-05-10T00:00:00.000Z,5aa90460-70ba-4d94-a58c-2b6479f38d21
67008,5,IL,Illinois,0,1967-05-19T00:00:00.000Z,Major Disaster,FLOODING,Flood,1967-05-19T00:00:00.000Z,1967-05-19T00:00:00.000Z,Turndown,1967-05-19T00:00:00.000Z,0,0,0,0,67008,1967-05-19T00:00:00.000Z,675c836d-04d4-4d29-a114-6f3f65872866
67009,5,MN,Minnesota,0,1967-06-02T00:00:00.000Z,Major Disaster,FLOODING,Flood,1967-06-02T00:00:00.000Z,1967-06-02T00:00:00.000Z,Turndown,1967-06-02T00:00:00.000Z,0,0,0,0,67009,1967-06-02T00:00:00.000Z,ef0082a7-8a59-4a8a-a95a-fa9c5976d5bd
67010,4,GA,Georgia,0,1967-06-09T00:00:00.000Z,Major Disaster,FLOODING,Flood,1967-06-09T00:00:00.000Z,1967-06-09T00:00:00.000Z,Turndown,1967-06-09T00:00:00.000Z,0,0,0,0,67010,1967-06-09T00:00:00.000Z,bea645d6-56cc-4af2-9cc4-cda9308aea9e
67011,5,MN,Minnesota,0,1967-07-22T00:00:00.000Z,Major Disaster,WINDSTORM,Severe Storm,1967-07-22T00:00:00.000Z,1967-07-22T00:00:00.000Z,Turndown,1967-07-22T00:00:00.000Z,0,0,0,0,67011,1967-07-22T00:00:00.000Z,81d64ad4-5101-465b-94d2-ac77dbb2671d
67012,4,KY,Kentucky,0,1967-08-12T00:00:00.000Z,Major Disaster,FLOODING,Flood,1967-08-12T00:00:00.000Z,1967-08-12T00:00:00.000Z,Turndown,1967-08-12T00:00:00.000Z,0,0,0,0,67012,1967-08-12T00:00:00.000Z,47a7945d-4064-4115-b4ee-3c2d2e4e444d
67013,4,GA,Georgia,0,1967-09-12T00:00:00.000Z,Major Disaster,FLOODING,Flood,1967-09-12T00:00:00.000Z,1967-09-12T00:00:00.000Z,Turndown,1967-09-12T00:00:00.000Z,0,0,0,0,67013,1967-09-12T00:00:00.000Z,84065364-3047-49dc-a6fa-dc5d8253119b
67014,2,PR,Puerto Rico,0,1967-09-20T00:00:00.000Z,Major Disaster,DROUGHT,Drought,1967-09-20T00:00:00.000Z,1967-09-20T00:00:00.000Z,Turndown,1967-09-20T00:00:00.000Z,0,0,0,0,67014,1967-09-20T00:00:00.000Z,8710de5d-e200-415c-adad-207e7b133762
67015,6,NM,New Mexico,0,1967-09-27T00:00:00.000Z,Major Disaster,FLOODING,Flood,1967-09-27T00:00:00.000Z,1967-09-27T00:00:00.000Z,Turndown,1967-09-27T00:00:00.000Z,0,0,0,0,67015,1967-09-27T00:00:00.000Z,98bf5b31-b35d-43e5-8e99-1140fe8ca490
67016,9,FM,Federated States of Micronesia,0,1967-12-13T00:00:00.000Z,Major Disaster,TYPHOON,Typhoon,1967-12-13T00:00:00.000Z,1967-12-13T00:00:00.000Z,Turndown,1967-12-13T00:00:00.000Z,0,0,0,0,67016,1967-12-13T00:00:00.000Z,ea69cdda-8a8f-4646-a432-052b97be320a
68001,9,HI,Hawaii,0,1968-01-01T00:00:00.000Z,Major Disaster,FLOOD,Flood,1968-01-01T00:00:00.000Z,1968-01-01T00:00:00.000Z,Turndown,1968-12-31T00:00:00.000Z,0,0,0,0,68001,1968-01-01T00:00:00.000Z,b52af316-4058-4eaa-899c-488e58cd191e
68002,9,HI,Hawaii,0,1968-02-06T00:00:00.000Z,Major Disaster,FLOODING,Flood,1968-02-06T00:00:00.000Z,1968-02-06T00:00:00.000Z,Turndown,1968-02-06T00:00:00.000Z,0,0,0,0,68002,1968-02-06T00:00:00.000Z,3e66ccf9-0bc1-4b65-a038-9d3ce0d09862
68003,5,IN,Indiana,0,1968-11-12T00:00:00.000Z,Major Disaster,FLOODING,Flood,1968-11-12T00:00:00.000Z,1968-11-12T00:00:00.000Z,Turndown,1968-11-12T00:00:00.000Z,0,0,0,0,68003,1968-11-12T00:00:00.000Z,8439f0a2-ff7c-4890-bb24-321df11fcaa0
69001,9,NV,Nevada,0,1969-01-01T00:00:00.000Z,Major Disaster,HEAVY SNOWS,Snowstorm,1969-01-01T00:00:00.000Z,1969-01-01T00:00:00.000Z,Turndown,1969-01-01T00:00:00.000Z,0,0,0,0,69001,1969-01-01T00:00:00.000Z,54a82446-a8d4-4918-82e1-4afec5cd7e10
69002,7,NE,Nebraska,0,1969-02-13T00:00:00.000Z,Major Disaster,SNOW & BLIZZARD,Snowstorm,1969-02-13T00:00:00.000Z,1969-02-13T00:00:00.000Z,Turndown,1969-02-13T00:00:00.000Z,0,0,0,0,69002,1969-02-13T00:00:00.000Z,ea04e05f-3da5-4978-ac26-822fcbd69a76
69003,4,MS,Mississippi,0,1969-02-25T00:00:00.000Z,Major Disaster,EXPLOSION & FIRES,Fire,1969-02-25T00:00:00.000Z,1969-02-25T00:00:00.000Z,Turndown,1969-02-25T00:00:00.000Z,0,0,0,0,69003,1969-02-25T00:00:00.000Z,c7d2cf90-6889-4e72-86ea-5d2e8ee26665
69004,4,MS,Mississippi,0,1969-02-25T00:00:00.000Z,Major Disaster,TORNADOES,Tornado,1969-02-25T00:00:00.000Z,1969-02-25T00:00:00.000Z,Turndown,1969-02-25T00:00:00.000Z,0,0,0,0,69004,1969-02-25T00:00:00.000Z,29e12ecd-659d-4720-8c3f-29a0b278b1b3
69005,8,SD,South Dakota,0,1969-03-06T00:00:00.000Z,Major Disaster,SNOW PROBLEM,Snowstorm,1969-03-06T00:00:00.000Z,1969-03-06T00:00:00.000Z,Turndown,1969-03-06T00:00:00.000Z,0,0,0,0,69005,1969-03-06T00:00:00.000Z,bb6ed68b-be03-4fb3-b6d6-cd08e8ac9a78
69006,8,ND,North Dakota,0,1969-03-21T00:00:00.000Z,Major Disaster,SNOW REMOVAL & FLOOD PREPARATIONS,Other,1969-03-21T00:00:00.000Z,1969-03-21T00:00:00.000Z,Turndown,1969-03-21T00:00:00.000Z,0,0,0,0,69006,1969-03-21T00:00:00.000Z,db133401-a1d7-43bd-a5fb-6a100accea4f
69007,9,NV,Nevada,0,1969-04-01T00:00:00.000Z,Major Disaster,FLOODS,Flood,1969-04-01T00:00:00.000Z,1969-04-01T00:00:00.000Z,Turndown,1969-04-01T00:00:00.000Z,0,0,0,0,69007,1969-04-01T00:00:00.000Z,b89e3549-53fb-43eb-9b3d-99429a1e412a
69008,4,NC,North Carolina,0,1969-04-09T00:00:00.000Z,Major Disaster,SLEET & ICE STORM,Snowstorm,1969-04-09T00:00:00.000Z,1969-04-09T00:00:00.000Z,Turndown,1969-04-09T00:00:00.000Z,0,0,0,0,69008,1969-04-09T00:00:00.000Z,514d6b0f-28bb-46c0-8aba-49369e1de077
69009,4,GA,Georgia,0,1969-05-06T00:00:00.000Z,Major Disaster,TORNADO,Tornado,1969-05-06T00:00:00.000Z,1969-05-06T00:00:00.000Z,Turndown,1969-05-06T00:00:00.000Z,0,0,0,0,69009,1969-05-06T00:00:00.000Z,55ae5f9f-feac-4d15-a2a0-e14b4f151468
69010,6,TX,Texas,0,1969-06-10T00:00:00.000Z,Major Disaster,"FLOODING, HARD WIND & HAIL",Flood,1969-06-10T00:00:00.000Z,1969-06-10T00:00:00.000Z,Turndown,1969-06-10T00:00:00.000Z,0,0,0,0,69010,1969-06-10T00:00:00.000Z,77bd53c0-2030-4708-be7b-c7cd6e09ca23
69011,4,GA,Georgia,0,1969-06-19T00:00:00.000Z,Major Disaster,HEAVY RAINS & FLOODING,Flood,1969-06-19T00:00:00.000Z,1969-06-19T00:00:00.000Z,Turndown,1969-06-19T00:00:00.000Z,0,0,0,0,69011,1969-06-19T00:00:00.000Z,356bc0a1-1cea-4966-8303-34a890fc9b60
69012,9,AZ,Arizona,0,1969-07-03T00:00:00.000Z,Major Disaster,DROUGHT,Drought,1969-07-03T00:00:00.000Z,1969-07-03T00:00:00.000Z,Turndown,1969-07-03T00:00:00.000Z,0,0,0,0,69012,1969-07-03T00:00:00.000Z,67231d4c-5b96-4da7-b93d-6a7b737d58a8
69013,6,NM,New Mexico,0,1969-08-20T00:00:00.000Z,Major Disaster,STORM & RESULTANT FLOODING,Flood,1969-08-20T00:00:00.000Z,1969-08-20T00:00:00.000Z,Turndown,1969-08-20T00:00:00.000Z,0,0,0,0,69013,1969-08-20T00:00:00.000Z,531b3480-3e53-4fbf-aafc-edde03863556
69014,5,OH,Ohio,0,1969-09-06T00:00:00.000Z,Major Disaster,TORNADO,Tornado,1969-09-06T00:00:00.000Z,1969-09-06T00:00:00.000Z,Turndown,1969-09-06T00:00:00.000Z,0,0,0,0,69014,1969-09-06T00:00:00.000Z,052bfc91-f998-4cb6-afc2-13e005ba0bfb
69015,6,AR,Arkansas,0,1969-09-29T00:00:00.000Z,Major Disaster,FLOODING,Flood,1969-09-29T00:00:00.000Z,1969-09-29T00:00:00.000Z,Turndown,1969-09-29T00:00:00.000Z,0,0,0,0,69015,1969-09-29T00:00:00.000Z,5b1682df-0092-43a9-93ba-3502a066fa01
70001,4,AL,Alabama,0,1970-02-03T00:00:00.000Z,Major Disaster,EXCESSIVE RAINS & FLOODING,Flood,1970-02-03T00:00:00.000Z,1970-02-03T00:00:00.000Z,Turndown,1970-02-03T00:00:00.000Z,0,0,0,0,70001,1970-02-03T00:00:00.000Z,7724542f-84be-412c-8291-bb05f5f1c79d
70002,4,MS,Mississippi,0,1970-05-18T00:00:00.000Z,Major Disaster,TORNADOES,Tornado,1970-05-18T00:00:00.000Z,1970-05-18T00:00:00.000Z,Turndown,1970-05-18T00:00:00.000Z,0,0,0,0,70002,1970-05-18T00:00:00.000Z,9a32f5ab-80bb-4181-869b-56f700b75b05
70003,4,AL,Alabama,0,1970-07-24T00:00:00.000Z,Major Disaster,MERCURY POLLUTION,Toxic Substances,1970-07-24T00:00:00.000Z,1970-07-24T00:00:00.000Z,Turndown,1970-07-24T00:00:00.000Z,0,0,0,0,70003,1970-07-24T00:00:00.000Z,1f2c7cc6-99f1-4cd2-99e8-328c65d9fdf2
70004,5,IL,Illinois,0,1970-07-24T00:00:00.000Z,Major Disaster,"TRAIN DERAILMENT, EXPLOSION & FIRE",Other,1970-07-24T00:00:00.000Z,1970-07-24T00:00:00.000Z,Turndown,1970-07-24T00:00:00.000Z,0,0,0,0,70004,1970-07-24T00:00:00.000Z,cc5f7440-938f-4231-9d3b-549c1ce47267
70005,2,NJ,New Jersey,0,1970-07-27T00:00:00.000Z,Major Disaster,CIVIL DISORDERS,Human Cause,1970-07-27T00:00:00.000Z,1970-07-27T00:00:00.000Z,Turndown,1970-07-27T00:00:00.000Z,0,0,0,0,70005,1970-07-27T00:00:00.000Z,4f2abaa6-4f31-47c4-99e0-bcf70054286b
70006,4,MS,Mississippi,0,1970-08-06T00:00:00.000Z,Major Disaster,FLOODING,Flood,1970-08-06T00:00:00.000Z,1970-08-06T00:00:00.000Z,Turndown,1970-08-06T00:00:00.000Z,0,0,0,0,70006,1970-08-06T00:00:00.000Z,9c12df5d-381f-415e-b1f8-451db22b1b4e
70007,5,MN,Minnesota,0,1970-08-06T00:00:00.000Z,Major Disaster,HEAVY RAINS & FLOODING,Flood,1970-08-06T00:00:00.000Z,1970-08-06T00:00:00.000Z,Turndown,1970-08-06T00:00:00.000Z,0,0,0,0,70007,1970-08-06T00:00:00.000Z,780c2d3e-f341-452b-a573-d18b76db8cab
70008,2,NY,New York,0,1970-11-09T00:00:00.000Z,Major Disaster,FLOODING,Flood,1970-11-09T00:00:00.000Z,1970-11-09T00:00:00.000Z,Turndown,1970-11-09T00:00:00.000Z,0,0,0,0,70008,1970-11-09T00:00:00.000Z,1f34d952-855d-49a7-abf2-8b0f20ce5158
71025,4,NC,North Carolina,0,1971-02-22T00:00:00.000Z,Major Disaster,ICE & SLEET STORM,Snowstorm,1971-02-22T00:00:00.000Z,1971-02-22T00:00:00.000Z,Turndown,1971-02-22T00:00:00.000Z,0,0,0,0,71025,1971-02-22T00:00:00.000Z,822a88bb-bdb0-460c-ba8d-816864e36d69
71027,4,NC,North Carolina,0,1971-03-18T00:00:00.000Z,Major Disaster,TORNADOES,Tornado,1971-03-18T00:00:00.000Z,1971-03-18T00:00:00.000Z,Turndown,1971-03-18T00:00:00.000Z,0,0,0,0,71027,1971-03-18T00:00:00.000Z,4f79c0bc-4795-4a00-bc0a-a7e29c25cf86
71029,4,TN,Tennessee,0,1971-03-18T00:00:00.000Z,Major Disaster,TORNADOES,Tornado,1971-03-18T00:00:00.000Z,1971-03-18T00:00:00.000Z,Turndown,1971-03-18T00:00:00.000Z,0,0,0,0,71029,1971-03-18T00:00:00.000Z,b16cef66-e56f-42b0-a72c-cbf8634844f9
71030,6,OK,Oklahoma,0,1971-03-18T00:00:00.000Z,Major Disaster,BLIZZARD,Snowstorm,1971-03-18T00:00:00.000Z,1971-03-18T00:00:00.000Z,Turndown,1971-03-18T00:00:00.000Z,0,0,0,0,71030,1971-03-18T00:00:00.000Z,84931f17-32e9-491d-9128-856fb887aa00
71034,10,AK,Alaska,0,1971-04-15T00:00:00.000Z,Emergency,IMMINENT FLOOD,Flood,1971-04-15T00:00:00.000Z,1971-04-15T00:00:00.000Z,Turndown,1971-04-15T00:00:00.000Z,0,0,0,0,71034,1971-04-15T00:00:00.000Z,c8744e90-2778-43ff-b041-f195e81715d8
71036,5,IL,Illinois,0,1971-05-11T00:00:00.000Z,Major Disaster,TORNADO,Tornado,1971-05-11T00:00:00.000Z,1971-05-11T00:00:00.000Z,Turndown,1971-05-11T00:00:00.000Z,0,0,0,0,71036,1971-05-11T00:00:00.000Z,6d4b0017-2e00-419e-aa01-b26272e704a8
71040,4,FL,Florida,0,1971-06-04T00:00:00.000Z,Emergency,BEACH EROSION,Mud/Landslide,1971-06-04T00:00:00.000Z,1971-06-04T00:00:00.000Z,Turndown,1971-06-04T00:00:00.000Z,0,0,0,0,71040,1971-06-04T00:00:00.000Z,4e5682a2-841e-45b4-b9ce-213c8db3da88
71041,5,IN,Indiana,0,1971-06-17T00:00:00.000Z,Emergency,BEACH EROSION,Mud/Landslide,1971-06-17T00:00:00.000Z,1971-06-17T00:00:00.000Z,Turndown,1971-06-17T00:00:00.000Z,0,0,0,0,71041,1971-06-17T00:00:00.000Z,e628be8a-c51d-4194-8abd-358d4bf37411
71043,6,LA,Louisiana,0,1971-06-17T00:00:00.000Z,Emergency,BEACH EROSION,Mud/Landslide,1971-06-17T00:00:00.000Z,1971-06-17T00:00:00.000Z,Turndown,1971-06-17T00:00:00.000Z,0,0,0,0,71043,1971-06-17T00:00:00.000Z,18dbab71-cf23-45d7-b118-16485f9e1944
71045,8,ND,North Dakota,0,1971-06-24T00:00:00.000Z,Major Disaster,FLOODING,Flood,1971-06-24T00:00:00.000Z,1971-06-24T00:00:00.000Z,Turndown,1971-06-24T00:00:00.000Z,0,0,0,0,71045,1971-06-24T00:00:00.000Z,5bfa840a-9218-4d96-a9dd-c53494e906a5
71049,7,IA,Iowa,0,1971-09-02T00:00:00.000Z,Major Disaster,"HAIL, TORNADOES, & FLOODING",Tsunami,1971-09-02T00:00:00.000Z,1971-09-02T00:00:00.000Z,Turndown,1971-09-02T00:00:00.000Z,0,0,0,0,71049,1971-09-02T00:00:00.000Z,4f0b93ee-1d13-4c61-adf2-aa481972f930
71051,10,AK,Alaska,0,1971-09-10T00:00:00.000Z,Major Disaster,FLOODING,Flood,1971-09-10T00:00:00.000Z,1971-09-10T00:00:00.000Z,Turndown,1971-09-10T00:00:00.000Z,0,0,0,0,71051,1971-09-10T00:00:00.000Z,200fdadd-8034-4377-9d08-9730a2c03573
71057,5,WI,Wisconsin,0,1971-10-21T00:00:00.000Z,Major Disaster,TORNADOES,Tornado,1971-10-21T00:00:00.000Z,1971-10-21T00:00:00.000Z,Turndown,1971-10-21T00:00:00.000Z,0,0,0,0,71057,1971-10-21T00:00:00.000Z,1c1c9203-4e95-477b-9235-8df6577d7258
71058,4,NC,North Carolina,0,1971-11-05T00:00:00.000Z,Major Disaster,HURRICANE GINGER,Hurricane,1971-11-05T00:00:00.000Z,1971-11-05T00:00:00.000Z,Turndown,1971-11-05T00:00:00.000Z,0,0,0,0,71058,1971-11-05T00:00:00.000Z,38efbf50-ab90-4ebe-9838-56498c743b29
71059,4,FL,Florida,0,1971-11-24T00:00:00.000Z,Major Disaster,HEAVY RAINS & FLOODING,Flood,1971-11-24T00:00:00.000Z,1971-11-24T00:00:00.000Z,Turndown,1971-11-24T00:00:00.000Z,0,0,0,0,71059,1971-11-24T00:00:00.000Z,a92f611f-ff50-44f2-a0cd-0ae6058ee5a0
72005,4,MS,Mississippi,0,1972-01-27T00:00:00.000Z,Major Disaster,TORNADO & FLOODING,Tsunami,1972-01-27T00:00:00.000Z,1972-01-27T00:00:00.000Z,Turndown,1972-01-27T00:00:00.000Z,0,0,0,0,72005,1972-01-27T00:00:00.000Z,b55f3bb0-49a4-4d32-9a86-833881201e41
72009,5,IL,Illinois,0,1972-02-10T00:00:00.000Z,Major Disaster,RAILROAD CAR EXPLOSION,Other,1972-02-10T00:00:00.000Z,1972-02-10T00:00:00.000Z,Turndown,1972-02-10T00:00:00.000Z,0,0,0,0,72009,1972-02-10T00:00:00.000Z,3075934a-c18a-4d1f-aad0-ce6da185e7b5
72018,6,OK,Oklahoma,0,1972-03-24T00:00:00.000Z,Emergency,WEATHER MODIFICATION PROJECT',Other,1972-03-24T00:00:00.000Z,1972-03-24T00:00:00.000Z,Turndown,1972-03-24T00:00:00.000Z,0,0,0,0,72018,1972-03-24T00:00:00.000Z,10398b47-34b4-4c7e-a7b8-49b15541a7a6
72021,6,OK,Oklahoma,0,1972-04-18T00:00:00.000Z,Major Disaster,DROUGHT,Drought,1972-04-18T00:00:00.000Z,1972-04-18T00:00:00.000Z,Turndown,1972-04-18T00:00:00.000Z,0,0,0,0,72021,1972-04-18T00:00:00.000Z,6ff83a8c-334f-4f79-956d-f3cb113bab13
72022,8,ND,North Dakota,0,1972-04-25T00:00:00.000Z,Major Disaster,FLOODING,Flood,1972-04-25T00:00:00.000Z,1972-04-25T00:00:00.000Z,Turndown,1972-04-25T00:00:00.000Z,0,0,0,0,72022,1972-04-25T00:00:00.000Z,3a2ab97b-160b-40de-ac7b-35b0a462b631
72023,5,OH,Ohio,0,1972-05-10T00:00:00.000Z,Major Disaster,FLOODING,Flood,1972-05-10T00:00:00.000Z,1972-05-10T00:00:00.000Z,Turndown,1972-05-10T00:00:00.000Z,0,0,0,0,72023,1972-05-10T00:00:00.000Z,d08f7e3d-6c19-4bfe-bc02-a3acb5b0dd23
72026,10,ID,Idaho,0,1972-05-17T00:00:00.000Z,Major Disaster,SUNSHINE SILVER MINE FIRE,Fire,1972-05-17T00:00:00.000Z,1972-05-17T00:00:00.000Z,Turndown,1972-05-17T00:00:00.000Z,0,0,0,0,72026,1972-05-17T00:00:00.000Z,002d9606-c355-41b2-a28a-e9b3759e89ea
72028,9,CA,California,0,1972-06-08T00:00:00.000Z,Major Disaster,HEAVY FREEZE & HAIL STORMS,Snowstorm,1972-06-08T00:00:00.000Z,1972-06-08T00:00:00.000Z,Turndown,1972-06-08T00:00:00.000Z,0,0,0,0,72028,1972-06-08T00:00:00.000Z,86245216-c395-46cd-8fe6-e8fcfdc59bad
72032,4,MS,Mississippi,0,1972-06-14T00:00:00.000Z,Major Disaster,HEAVY RAINS & FLOODING,Flood,1972-06-14T00:00:00.000Z,1972-06-14T00:00:00.000Z,Turndown,1972-06-14T00:00:00.000Z,0,0,0,0,72032,1972-06-14T00:00:00.000Z,0b84d0f8-da4a-441b-b879-808d2c6fc405
72041,5,MN,Minnesota,0,1972-07-18T00:00:00.000Z,Major Disaster,FLASH FLOODING,Flood,1972-07-18T00:00:00.000Z,1972-07-18T00:00:00.000Z,Turndown,1972-07-18T00:00:00.000Z,0,0,0,0,72041,1972-07-18T00:00:00.000Z,60b62719-bae0-42d4-a16c-70e200f5b8f3
72046,4,NC,North Carolina,0,1972-08-22T00:00:00.000Z,Major Disaster,FLOODING,Flood,1972-08-22T00:00:00.000Z,1972-08-22T00:00:00.000Z,Turndown,1972-08-22T00:00:00.000Z,0,0,0,0,72046,1972-08-22T00:00:00.000Z,bef84f9f-f726-4296-8d73-4a34f796f877
72047,3,DE,Delaware,0,1972-08-22T00:00:00.000Z,Major Disaster,"STRONG WINDS, HEAVY RAINS & FLOODING",Flood,1972-08-22T00:00:00.000Z,1972-08-22T00:00:00.000Z,Turndown,1972-08-22T00:00:00.000Z,0,0,0,0,72047,1972-08-22T00:00:00.000Z,7f88d18f-c5c6-423e-94dc-3d1ec406152e
72060,5,IN,Indiana,0,1972-11-10T00:00:00.000Z,Emergency,BEACH EROSION,Mud/Landslide,1972-11-10T00:00:00.000Z,1972-11-10T00:00:00.000Z,Turndown,1972-11-10T00:00:00.000Z,0,0,0,0,72060,1972-11-10T00:00:00.000Z,de153cce-0a53-4f5a-9d61-ee0594939a78
72064,6,OK,Oklahoma,0,1972-12-20T00:00:00.000Z,Major Disaster,HEAVY RAINS & FLOODING,Flood,1972-12-20T00:00:00.000Z,1972-12-20T00:00:00.000Z,Turndown,1972-12-20T00:00:00.000Z,0,0,0,0,72064,1972-12-20T00:00:00.000Z,87b16601-dfda-4c40-a872-cc61713e268e
72065,6,AR,Arkansas,0,1972-12-21T00:00:00.000Z,Major Disaster,FLOODS,Flood,1972-12-21T00:00:00.000Z,1972-12-21T00:00:00.000Z,Turndown,1972-12-21T00:00:00.000Z,0,0,0,0,72065,1972-12-21T00:00:00.000Z,c9ad882c-58d3-4561-9ecb-23a8f8070ed8
73001,6,AR,Arkansas,0,1973-01-08T00:00:00.000Z,Major Disaster,FLOODING,Flood,1973-01-19T00:00:00.000Z,1973-01-19T00:00:00.000Z,Turndown,1973-01-19T00:00:00.000Z,0,0,0,0,73001,1973-01-19T00:00:00.000Z,195566ff-9aae-4e52-989e-d427a3031095
73002,4,TN,Tennessee,0,1973-01-11T00:00:00.000Z,Major Disaster,HEAVY RAINS & FLOODING,Flood,1973-01-19T00:00:00.000Z,1973-01-19T00:00:00.000Z,Turndown,1973-01-19T00:00:00.000Z,0,0,0,0,73002,1973-01-19T00:00:00.000Z,801a2ad7-c3e6-4e41-8168-890632b0ebe7
73003,4,KY,Kentucky,0,1973-01-16T00:00:00.000Z,Major Disaster,EARTHSLIDE,Mud/Landslide,1973-01-26T00:00:00.000Z,1973-01-26T00:00:00.000Z,Turndown,1973-01-26T00:00:00.000Z,0,0,0,0,73003,1973-01-26T00:00:00.000Z,7a8043d3-cdb6-41f5-bc9d-0ed5380a7815
73004,1,VT,Vermont,0,1973-01-23T00:00:00.000Z,Major Disaster,FIRE,Fire,1973-02-09T00:00:00.000Z,1973-02-09T00:00:00.000Z,Turndown,1973-02-09T00:00:00.000Z,0,0,0,0,73004,1973-02-09T00:00:00.000Z,6bf83688-2704-42d0-8f6f-89f80aa557d3
73005,4,GA,Georgia,0,1973-01-17T00:00:00.000Z,Major Disaster,SEVERE ICE STORM,Snowstorm,1973-02-01T00:00:00.000Z,1973-02-01T00:00:00.000Z,Turndown,1973-02-01T00:00:00.000Z,0,0,0,0,73005,1973-02-01T00:00:00.000Z,b476ffc9-aa92-4e07-b1bf-9283593bb09a
73006,6,OK,Oklahoma,0,1973-01-23T00:00:00.000Z,Emergency,HAY SHORTAGE,Crop Losses,1973-02-16T00:00:00.000Z,1973-02-16T00:00:00.000Z,Turndown,1973-02-16T00:00:00.000Z,0,0,0,0,73006,1973-02-16T00:00:00.000Z,e334a092-84b8-40de-be02-fddb956a230d
73007,6,OK,Oklahoma,0,1973-01-29T00:00:00.000Z,Major Disaster,SEVERE ROAD DAMAGE,Other,1973-03-06T00:00:00.000Z,1973-03-06T00:00:00.000Z,Turndown,1973-03-06T00:00:00.000Z,0,0,0,0,73007,1973-03-06T00:00:00.000Z,0a1470b9-ce65-4a78-8cd2-438744e9c2f9
73010,2,NY,New York,0,1973-02-13T00:00:00.000Z,Major Disaster,FLOODING,Flood,1973-03-17T00:00:00.000Z,1973-03-17T00:00:00.000Z,Turndown,1973-03-17T00:00:00.000Z,0,0,0,0,73010,1973-03-17T00:00:00.000Z,8f6f1ec7-892c-435b-bf96-f3160002d57d
73011,4,SC,South Carolina,0,1973-02-13T00:00:00.000Z,Major Disaster,SNOW STORM,Snowstorm,1973-05-25T00:00:00.000Z,1973-05-25T00:00:00.000Z,Turndown,1973-05-25T00:00:00.000Z,0,0,0,0,73011,1973-05-25T00:00:00.000Z,87560eb2-8714-4fd3-9c5b-5fafcd26e4b7
73012,2,NY,New York,0,1973-02-14T00:00:00.000Z,Emergency,LAKESHORE,Mud/Landslide,1973-04-12T00:00:00.000Z,1973-04-12T00:00:00.000Z,Turndown,1973-04-12T00:00:00.000Z,0,0,0,0,73012,1973-04-12T00:00:00.000Z,7af5ca06-d278-43f9-b8ce-483bb6b8ac1c
73013,3,MD,Maryland,0,1973-02-16T00:00:00.000Z,Emergency,DELMARVA,Other,1973-03-27T00:00:00.000Z,1973-03-27T00:00:00.000Z,Turndown,1973-03-27T00:00:00.000Z,0,0,0,0,73013,1973-03-27T00:00:00.000Z,683aed2d-fa2c-4d63-8dbc-1b5e36841f4e
73014,4,AL,Alabama,0,1973-02-28T00:00:00.000Z,Major Disaster,SNOW STORM,Snowstorm,1973-05-25T00:00:00.000Z,1973-05-25T00:00:00.000Z,Turndown,1973-05-25T00:00:00.000Z,0,0,0,0,73014,1973-05-25T00:00:00.000Z,1a144f9b-14f0-4e98-9581-c88b4648005e
73015,4,GA,Georgia,0,1973-03-01T00:00:00.000Z,Major Disaster,SNOW STORM,Snowstorm,1973-05-25T00:00:00.000Z,1973-05-25T00:00:00.000Z,Turndown,1973-05-25T00:00:00.000Z,0,0,0,0,73015,1973-05-25T00:00:00.000Z,6e2036a1-39d8-43d5-8d0a-364a194a6f06
73023,3,VA,Virginia,0,1973-04-02T00:00:00.000Z,Major Disaster,TORNADOES,Tornado,1973-04-13T00:00:00.000Z,1973-04-13T00:00:00.000Z,Turndown,1973-04-13T00:00:00.000Z,0,0,0,0,73023,1973-04-13T00:00:00.000Z,60505679-474c-4f28-b08f-adcb808cad7a
73024,4,SC,South Carolina,0,1973-04-02T00:00:00.000Z,Major Disaster,TORNADOES,Tornado,1973-04-13T00:00:00.000Z,1973-04-13T00:00:00.000Z,Turndown,1973-04-13T00:00:00.000Z,0,0,0,0,73024,1973-04-13T00:00:00.000Z,8ede7928-2633-4659-9de9-248057a0a2bf
73025,4,NC,North Carolina,0,1973-04-05T00:00:00.000Z,Major Disaster,SHORE EROSION,Mud/Landslide,1973-05-10T00:00:00.000Z,1973-05-10T00:00:00.000Z,Turndown,1973-05-10T00:00:00.000Z,0,0,0,0,73025,1973-05-10T00:00:00.000Z,93ad745d-4fc8-4080-92d5-c0c2d557a28e
73027,9,CA,California,0,1973-04-05T00:00:00.000Z,Emergency,EUCALYPTUS TREE FREEZE,Crop Losses,1973-05-25T00:00:00.000Z,1973-05-25T00:00:00.000Z,Turndown,1973-05-25T00:00:00.000Z,0,0,0,0,73027,1973-05-25T00:00:00.000Z,c7607c15-763d-48c5-a668-373f715bcdb8
73028,1,ME,Maine,0,1973-04-06T00:00:00.000Z,Major Disaster,FLOODING,Flood,1973-04-27T00:00:00.000Z,1973-04-27T00:00:00.000Z,Turndown,1973-04-27T00:00:00.000Z,0,0,0,0,73028,1973-04-27T00:00:00.000Z,e68f914a-92a3-409b-892d-45549add0aae
73035,6,TX,Texas,0,1973-04-19T00:00:00.000Z,Major Disaster,TORNADOES,Tornado,1973-05-09T00:00:00.000Z,1973-05-09T00:00:00.000Z,Turndown,1973-05-09T00:00:00.000Z,0,0,0,0,73035,1973-05-09T00:00:00.000Z,4fc5c04e-2783-45b5-9f80-9e2339f24342
73038,4,AL,Alabama,0,1973-04-24T00:00:00.000Z,Major Disaster,FREEZE,Snowstorm,1973-05-30T00:00:00.000Z,1973-05-30T00:00:00.000Z,Turndown,1973-05-30T00:00:00.000Z,0,0,0,0,73038,1973-05-30T00:00:00.000Z,1a35cb1d-9419-48d7-a75c-50c5a297fd0f
73043,6,TX,Texas,0,1973-05-07T00:00:00.000Z,Major Disaster,FLOODING,Flood,1973-05-25T00:00:00.000Z,1973-05-25T00:00:00.000Z,Turndown,1973-05-25T00:00:00.000Z,0,0,0,0,73043,1973-05-25T00:00:00.000Z,70cc70a4-b7bd-43ae-9323-c9ec719b5b90
73058,4,SC,South Carolina,0,1973-05-31T00:00:00.000Z,Major Disaster,TORNADOES,Tornado,1973-07-06T00:00:00.000Z,1973-07-06T00:00:00.000Z,Turndown,1973-07-06T00:00:00.000Z,0,0,0,0,73058,1973-07-06T00:00:00.000Z,f0f6ceae-11ee-4cd0-886d-cc5e576465c4
73061,3,VA,Virginia,0,1973-06-08T00:00:00.000Z,Major Disaster,STORMS & FLOODING,Flood,1973-06-29T00:00:00.000Z,1973-06-29T00:00:00.000Z,Turndown,1973-06-29T00:00:00.000Z,0,0,0,0,73061,1973-06-29T00:00:00.000Z,624d86eb-497b-4d05-af2a-b6e2fbb051b9
73065,2,NY,New York,0,1973-06-21T00:00:00.000Z,Major Disaster,SEVERE HIGH WINDS,Severe Storm,1973-07-10T00:00:00.000Z,1973-07-10T00:00:00.000Z,Turndown,1973-07-10T00:00:00.000Z,0,0,0,0,73065,1973-07-10T00:00:00.000Z,558ecf2d-5e48-4efb-b7f4-210c24374039
73066,1,VT,Vermont,0,1973-06-28T00:00:00.000Z,Major Disaster,TORNADO & FLOODING,Tsunami,1973-07-06T00:00:00.000Z,1973-07-06T00:00:00.000Z,Turndown,1973-07-06T00:00:00.000Z,0,0,0,0,73066,1973-07-06T00:00:00.000Z,0df2b750-4b2d-4e31-93b1-43fa72d2eaf3
73071,5,OH,Ohio,0,1973-07-05T00:00:00.000Z,Major Disaster,SEVERE STORMS & FLOODING,Flood,1973-07-31T00:00:00.000Z,1973-07-31T00:00:00.000Z,Turndown,1973-07-31T00:00:00.000Z,0,0,0,0,73071,1973-07-31T00:00:00.000Z,2e255f3c-8366-4887-8b81-2e0a48a085c8
73072,5,MI,Michigan,0,1973-07-09T00:00:00.000Z,Major Disaster,LAKESHORE,Mud/Landslide,1973-07-26T00:00:00.000Z,1973-07-26T00:00:00.000Z,Turndown,1973-07-26T00:00:00.000Z,0,0,0,0,73072,1973-07-26T00:00:00.000Z,6defc6d3-547e-4bb8-86c7-420133332ff2
73073,3,WV,West Virginia,0,1973-07-09T00:00:00.000Z,Major Disaster,FLOODING,Flood,1973-07-25T00:00:00.000Z,1973-07-25T00:00:00.000Z,Turndown,1973-07-25T00:00:00.000Z,0,0,0,0,73073,1973-07-25T00:00:00.000Z,2b4a2a74-04c2-4765-a7b6-4ab80ceac149
73074,7,IA,Iowa,0,1973-07-13T00:00:00.000Z,Major Disaster,"SEVERE STORMS, HIGH WINDS & FLOODING",Flood,1973-07-26T00:00:00.000Z,1973-07-26T00:00:00.000Z,Turndown,1973-07-26T00:00:00.000Z,0,0,0,0,73074,1973-07-26T00:00:00.000Z,55a1bc2c-c458-4545-985b-ecb9593c9a4e
73075,3,PA,Pennsylvania,0,1973-07-31T00:00:00.000Z,Major Disaster,FLOODING,Flood,1973-08-09T00:00:00.000Z,1973-08-09T00:00:00.000Z,Turndown,1973-08-09T00:00:00.000Z,0,0,0,0,73075,1973-08-09T00:00:00.000Z,183da256-d734-4ce1-b2e0-892fecb9a98a
73078,6,TX,Texas,0,1973-08-09T00:00:00.000Z,Major Disaster,FLOODING,Flood,1973-08-24T00:00:00.000Z,1973-08-24T00:00:00.000Z,Turndown,1973-08-24T00:00:00.000Z,0,0,0,0,73078,1973-08-24T00:00:00.000Z,df91468b-01c3-40eb-acb6-b350be1405a1
73079,5,IN,Indiana,0,1973-08-10T00:00:00.000Z,Major Disaster,FLOODING,Flood,1973-08-29T00:00:00.000Z,1973-08-29T00:00:00.000Z,Turndown,1973-08-29T00:00:00.000Z,0,0,0,0,73079,1973-08-29T00:00:00.000Z,96eb8a34-af32-4261-9242-de82a7521d71
73080,8,MT,Montana,0,1973-08-17T00:00:00.000Z,Major Disaster,FIRE (CITY OF BUTTE),Fire,1973-09-19T00:00:00.000Z,1973-09-19T00:00:00.000Z,Turndown,1973-09-19T00:00:00.000Z,0,0,0,0,73080,1973-09-19T00:00:00.000Z,7683962a-0073-44a9-8a4f-3cc5388f72fe
73089,4,FL,Florida,0,1973-08-31T00:00:00.000Z,Emergency,TEMPORARY HOUSING,Other,1973-09-07T00:00:00.000Z,1973-09-07T00:00:00.000Z,Turndown,1973-09-07T00:00:00.000Z,0,0,0,0,73089,1973-09-07T00:00:00.000Z,0656824e-8631-4c3e-ae59-aa8b583207a1
73091,1,ME,Maine,0,1973-09-07T00:00:00.000Z,Major Disaster,FLOODING,Flood,1973-09-24T00:00:00.000Z,1973-09-24T00:00:00.000Z,Turndown,1973-09-24T00:00:00.000Z,0,0,0,0,73091,1973-09-24T00:00:00.000Z,663d8af9-df42-41fe-a44c-be66e5ed8625
73093,6,TX,Texas,0,1973-09-11T00:00:00.000Z,Major Disaster,FLOODING (TROPICAL STORM DELIA),Flood,1973-10-09T00:00:00.000Z,1973-10-09T00:00:00.000Z,Turndown,1973-10-09T00:00:00.000Z,0,0,0,0,73093,1973-10-09T00:00:00.000Z,4dc22b14-3bf7-49bf-9514-64a113aa0c07
73094,8,UT,Utah,0,1973-09-18T00:00:00.000Z,Emergency,URBAN FIRE,Fire,1973-10-09T00:00:00.000Z,1973-10-09T00:00:00.000Z,Turndown,1973-10-09T00:00:00.000Z,0,0,0,0,73094,1973-10-09T00:00:00.000Z,8b828a27-1772-4234-940d-8156b97bcc38
73095,4,SC,South Carolina,0,1973-09-20T00:00:00.000Z,Emergency,FLOODING,Flood,1973-09-28T00:00:00.000Z,1973-09-28T00:00:00.000Z,Turndown,1973-09-28T00:00:00.000Z,0,0,0,0,73095,1973-09-28T00:00:00.000Z,3cddf28e-d215-40a2-b8bf-9011430a5535
73096,5,OH,Ohio,0,1973-09-21T00:00:00.000Z,Major Disaster,HEAVY RAINS & FLOODING,Flood,1973-10-19T00:00:00.000Z,1973-10-19T00:00:00.000Z,Turndown,1973-10-19T00:00:00.000Z,0,0,0,0,73096,1973-10-19T00:00:00.000Z,c84e4114-ecc7-47a5-8b0d-706a48455d58
73098,6,TX,Texas,0,1973-10-02T00:00:00.000Z,Emergency,FLOODING,Flood,1973-10-26T00:00:00.000Z,1973-10-26T00:00:00.000Z,Turndown,1973-10-26T00:00:00.000Z,0,0,0,0,73098,1973-10-26T00:00:00.000Z,2c599872-a660-4271-9c99-b6ff837ccb4b
73099,4,GA,Georgia,0,1973-10-02T00:00:00.000Z,Major Disaster,FLOODING,Flood,1973-11-08T00:00:00.000Z,1973-11-08T00:00:00.000Z,Turndown,1973-11-08T00:00:00.000Z,0,0,0,0,73099,1973-11-08T00:00:00.000Z,97ba7bf6-2a2b-4ef3-933b-796aacf6dc05
73106,1,CT,Connecticut,0,1973-10-30T00:00:00.000Z,Emergency,URBAN FIRE,Fire,1973-11-30T00:00:00.000Z,1973-11-30T00:00:00.000Z,Turndown,1973-11-30T00:00:00.000Z,0,0,0,0,73106,1973-11-30T00:00:00.000Z,553fb5af-c381-4f7d-9d05-f0c637bc20a9
73108,5,IN,Indiana,0,1973-11-15T00:00:00.000Z,Emergency,URBAN FIRE,Fire,1973-11-30T00:00:00.000Z,1973-11-30T00:00:00.000Z,Turndown,1973-11-30T00:00:00.000Z,0,0,0,0,73108,1973-11-30T00:00:00.000Z,1e0517d9-bfd8-452a-981e-db283e1ebb16
73110,4,MS,Mississippi,0,1973-11-30T00:00:00.000Z,Major Disaster,TORNADOES,Tornado,1973-12-20T00:00:00.000Z,1973-12-20T00:00:00.000Z,Turndown,1973-12-20T00:00:00.000Z,0,0,0,0,73110,1973-12-20T00:00:00.000Z,6c8018e2-869c-416a-bbc1-393a994d2c30
73111,4,KY,Kentucky,0,1973-12-06T00:00:00.000Z,Major Disaster,FLOODING,Flood,1973-12-27T00:00:00.000Z,1973-12-27T00:00:00.000Z,Turndown,1973-12-27T00:00:00.000Z,0,0,0,0,73111,1973-12-27T00:00:00.000Z,cc837b65-176c-4910-ad35-f4de053ef15f
73112,6,AR,Arkansas,0,1973-12-10T00:00:00.000Z,Major Disaster,TORNADOES & FLOODING,Tsunami,1974-01-03T00:00:00.000Z,1974-01-03T00:00:00.000Z,Turndown,1974-01-03T00:00:00.000Z,0,0,0,0,73112,1974-01-03T00:00:00.000Z,e7126df1-5888-48c9-9943-7032e5e7388c
73113,4,SC,South Carolina,0,1973-12-14T00:00:00.000Z,Major Disaster,TORNADOES,Tornado,1974-01-03T00:00:00.000Z,1974-01-03T00:00:00.000Z,Turndown,1974-01-03T00:00:00.000Z,0,0,0,0,73113,1974-01-03T00:00:00.000Z,11317c53-1c1b-42f9-8706-c87bedd12183
73114,4,GA,Georgia,0,1973-12-18T00:00:00.000Z,Major Disaster,TORNADOES,Tornado,1974-01-04T00:00:00.000Z,1974-01-04T00:00:00.000Z,Turndown,1974-01-04T00:00:00.000Z,0,0,0,0,73114,1974-01-04T00:00:00.000Z,058266ea-a252-4458-9706-f1c265d2af39
74001,10,WA,Washington,0,1974-01-02T00:00:00.000Z,Major Disaster,COASTAL FLOODING,Flood,1974-01-16T00:00:00.000Z,1974-01-16T00:00:00.000Z,Turndown,1974-01-16T00:00:00.000Z,0,0,0,0,74001,1974-01-16T00:00:00.000Z,ee5bf041-26d6-41a4-bff6-05ae29660fad
74004,1,CT,Connecticut,0,1974-01-03T00:00:00.000Z,Major Disaster,ICE STORM,Snowstorm,1974-02-14T00:00:00.000Z,1974-02-14T00:00:00.000Z,Turndown,1974-02-14T00:00:00.000Z,0,0,0,0,74004,1974-02-14T00:00:00.000Z,b8ce3745-185e-429c-ae39-b1ba24413f80
74005,8,UT,Utah,0,1974-01-04T00:00:00.000Z,Emergency,AVALANCHE,Mud/Landslide,1974-01-31T00:00:00.000Z,1974-01-31T00:00:00.000Z,Turndown,1974-01-31T00:00:00.000Z,0,0,0,0,74005,1974-01-31T00:00:00.000Z,96599a3d-bdce-4da2-8b0c-13a69e1a672a
74007,7,KS,Kansas,0,1974-01-16T00:00:00.000Z,Major Disaster,ICE STORM,Snowstorm,1974-02-04T00:00:00.000Z,1974-02-04T00:00:00.000Z,Turndown,1974-02-04T00:00:00.000Z,0,0,0,0,74007,1974-02-04T00:00:00.000Z,c9bb3744-36f3-41bf-af4d-9ce276351527
74012,6,TX,Texas,0,1974-01-22T00:00:00.000Z,Major Disaster,BEACH EROSION,Mud/Landslide,1974-03-01T00:00:00.000Z,1974-03-01T00:00:00.000Z,Turndown,1974-03-01T00:00:00.000Z,0,0,0,0,74012,1974-03-01T00:00:00.000Z,77d7efda-60d3-498b-88ed-8f6ac812e4af
74014,4,MS,Mississippi,0,1974-01-24T00:00:00.000Z,Major Disaster,ICE STORM,Snowstorm,1974-02-19T00:00:00.000Z,1974-02-19T00:00:00.000Z,Turndown,1974-02-19T00:00:00.000Z,0,0,0,0,74014,1974-02-19T00:00:00.000Z,a9e32d93-5b72-467e-889e-fd661a3fa7e1
74015,2,NY,New York,0,1974-02-05T00:00:00.000Z,Major Disaster,ICE STORM,Snowstorm,1974-02-27T00:00:00.000Z,1974-02-27T00:00:00.000Z,Turndown,1974-02-27T00:00:00.000Z,0,0,0,0,74015,1974-02-27T00:00:00.000Z,263aecb5-6f52-468d-b1d1-90d9eb41530c
74017,6,TX,Texas,0,1974-02-08T00:00:00.000Z,Major Disaster,FLOODING,Flood,1974-03-13T00:00:00.000Z,1974-03-13T00:00:00.000Z,Turndown,1974-03-13T00:00:00.000Z,0,0,0,0,74017,1974-03-13T00:00:00.000Z,01477fde-8f05-4756-abcd-e9a4559d1dbb
74018,10,WA,Washington,0,1974-02-15T00:00:00.000Z,Emergency,TUSSOCK MOTH INFESTATION,Crop Losses,1974-04-25T00:00:00.000Z,1974-04-25T00:00:00.000Z,Turndown,1974-04-25T00:00:00.000Z,0,0,0,0,74018,1974-04-25T00:00:00.000Z,a64fa1cc-ca23-4071-ba23-86c33bf3d17c
74019,10,OR,Oregon,0,1974-02-28T00:00:00.000Z,Emergency,TUSSOCK MOTH INFESTATION,Crop Losses,1974-04-25T00:00:00.000Z,1974-04-25T00:00:00.000Z,Turndown,1974-04-25T00:00:00.000Z,0,0,0,0,74019,1974-04-25T00:00:00.000Z,243f4479-9e77-4a8e-973b-2a777196c4cf
74020,7,MO,Missouri,0,1974-03-11T00:00:00.000Z,Major Disaster,ICE JAMS (CHARITON RIVER),Snowstorm,1974-04-01T00:00:00.000Z,1974-04-01T00:00:00.000Z,Turndown,1974-04-01T00:00:00.000Z,0,0,0,0,74020,1974-04-01T00:00:00.000Z,c9f3f5a3-8635-4c25-9f05-57e00f2ad3e8
74022,4,GA,Georgia,0,1974-03-27T00:00:00.000Z,Emergency,SEVERE HIGH WINDS,Severe Storm,1974-04-17T00:00:00.000Z,1974-04-17T00:00:00.000Z,Turndown,1974-04-17T00:00:00.000Z,0,0,0,0,74022,1974-04-17T00:00:00.000Z,5dbe15c2-8156-4e3e-88f3-b14cb27df2ae
74024,6,LA,Louisiana,0,1974-04-01T00:00:00.000Z,Emergency,TORNADO,Tornado,1974-04-05T00:00:00.000Z,1974-04-05T00:00:00.000Z,Turndown,1974-04-05T00:00:00.000Z,0,0,0,0,74024,1974-04-05T00:00:00.000Z,9fcea6b9-bb2c-475e-80d7-684137db6dbf
74025,9,CA,California,0,1974-04-03T00:00:00.000Z,Emergency,FLOODS,Flood,1974-04-17T00:00:00.000Z,1974-04-17T00:00:00.000Z,Turndown,1974-04-17T00:00:00.000Z,0,0,0,0,74025,1974-04-17T00:00:00.000Z,d969ac99-adc0-4cb0-9d2c-91dbfc1a1bc6
74036,3,VA,Virginia,0,1974-04-09T00:00:00.000Z,Emergency,SEVERE STORMS & TORNADOES,Tornado,1974-04-25T00:00:00.000Z,1974-04-25T00:00:00.000Z,Turndown,1974-04-25T00:00:00.000Z,0,0,0,0,74036,1974-04-25T00:00:00.000Z,f016342a-f837-43b6-8171-b31a16dd08bf
74039,7,NE,Nebraska,0,1974-04-24T00:00:00.000Z,Emergency,TORNADOES,Tornado,1974-05-06T00:00:00.000Z,1974-05-06T00:00:00.000Z,Turndown,1974-05-06T00:00:00.000Z,0,0,0,0,74039,1974-05-06T00:00:00.000Z,b3c3265d-4ca6-47db-9dec-3d977ce7eb64
74044,1,ME,Maine,0,1974-05-06T00:00:00.000Z,Major Disaster,FLOODING,Flood,1974-05-23T00:00:00.000Z,1974-05-23T00:00:00.000Z,Turndown,1974-05-23T00:00:00.000Z,0,0,0,0,74044,1974-05-23T00:00:00.000Z,249713a4-d8f1-4571-8636-5c7d8bb52ca8
74048,4,GA,Georgia,0,1974-05-15T00:00:00.000Z,Emergency,SEVERE STORMS & FLOODING,Flood,1974-05-24T00:00:00.000Z,1974-05-24T00:00:00.000Z,Turndown,1974-05-24T00:00:00.000Z,0,0,0,0,74048,1974-05-24T00:00:00.000Z,2c6c73cc-63b9-4d82-bd95-2eb6a06dfb42
74050,4,TN,Tennessee,0,1974-05-20T00:00:00.000Z,Emergency,FLASH FLOOD,Flood,1974-06-03T00:00:00.000Z,1974-06-03T00:00:00.000Z,Turndown,1974-06-03T00:00:00.000Z,0,0,0,0,74050,1974-06-03T00:00:00.000Z,9c73ed4f-5932-46fb-bbe1-18e70cf8ec60
74052,9,FM,Federated States of Micronesia,0,1974-05-21T00:00:00.000Z,Major Disaster,SEAWALL DAMAGE,Coastal Storm,1974-06-10T00:00:00.000Z,1974-06-10T00:00:00.000Z,Turndown,1974-06-10T00:00:00.000Z,0,0,0,0,74052,1974-06-10T00:00:00.000Z,898513e5-1feb-41f0-bfe2-ad6613615992
74053,2,NY,New York,0,1974-05-22T00:00:00.000Z,Major Disaster,FLOODS,Flood,1974-06-10T00:00:00.000Z,1974-06-10T00:00:00.000Z,Turndown,1974-06-10T00:00:00.000Z,0,0,0,0,74053,1974-06-10T00:00:00.000Z,9b8ad826-6796-4fa5-9ead-2de9f0c99b99
74061,6,TX,Texas,0,1974-06-12T00:00:00.000Z,Emergency,SEVERE STORMS,Severe Storm,1974-06-27T00:00:00.000Z,1974-06-27T00:00:00.000Z,Turndown,1974-06-27T00:00:00.000Z,0,0,0,0,74061,1974-06-27T00:00:00.000Z,af46db7a-7c31-4d4a-ad66-27fd1cfdfd66
74063,6,LA,Louisiana,0,1974-06-17T00:00:00.000Z,Major Disaster,TORNADO,Tornado,1974-07-11T00:00:00.000Z,1974-07-11T00:00:00.000Z,Turndown,1974-07-11T00:00:00.000Z,0,0,0,0,74063,1974-07-11T00:00:00.000Z,0dc4c5a1-af65-4e50-9a0c-311276b1efdc
74065,5,IN,Indiana,0,1974-06-24T00:00:00.000Z,Major Disaster,TORNADO & HEAVY RAINS,Tornado,1974-07-10T00:00:00.000Z,1974-07-10T00:00:00.000Z,Turndown,1974-07-10T00:00:00.000Z,0,0,0,0,74065,1974-07-10T00:00:00.000Z,8d406066-3a20-4904-9999-866cb6fdd344
74067,5,MN,Minnesota,0,1974-06-27T00:00:00.000Z,Emergency,URBAN FIRE,Fire,1974-07-12T00:00:00.000Z,1974-07-12T00:00:00.000Z,Turndown,1974-07-12T00:00:00.000Z,0,0,0,0,74067,1974-07-12T00:00:00.000Z,0e128366-d7b2-48a9-9e8e-141ea544feda
74068,2,NY,New York,0,1974-03-21T00:00:00.000Z,Major Disaster,ICE STORM,Snowstorm,1974-05-09T00:00:00.000Z,1974-05-09T00:00:00.000Z,Turndown,1974-05-09T00:00:00.000Z,0,0,0,0,74068,1974-05-09T00:00:00.000Z,c37c3bbb-5f6c-497f-adf0-16d4eca584e3
75002,4,AL,Alabama,0,1974-07-02T00:00:00.000Z,Major Disaster,SHRIMP FISHERY,Fishing Losses,1974-07-29T00:00:00.000Z,1974-07-29T00:00:00.000Z,Turndown,1974-07-29T00:00:00.000Z,0,0,0,0,75002,1974-07-29T00:00:00.000Z,19bae0ae-fd34-4331-a13b-08f7fec39c8f
75004,4,FL,Florida,0,1974-07-03T00:00:00.000Z,Major Disaster,SEVERE STORMS & FLOODING,Flood,1974-07-30T00:00:00.000Z,1974-07-30T00:00:00.000Z,Turndown,1974-07-30T00:00:00.000Z,0,0,0,0,75004,1974-07-30T00:00:00.000Z,d9fa8e6e-05c7-4070-96d4-b3616170f80f
75005,3,PA,Pennsylvania,0,1974-07-05T00:00:00.000Z,Emergency,FLOODING,Flood,1974-07-10T00:00:00.000Z,1974-07-10T00:00:00.000Z,Turndown,1974-07-10T00:00:00.000Z,0,0,0,0,75005,1974-07-10T00:00:00.000Z,68b59ec2-83f5-47c6-a7ee-a236a2051efe
75006,1,ME,Maine,0,1974-07-08T00:00:00.000Z,Emergency,SEVERE STORMS,Severe Storm,1974-07-18T00:00:00.000Z,1974-07-18T00:00:00.000Z,Turndown,1974-07-18T00:00:00.000Z,0,0,0,0,75006,1974-07-18T00:00:00.000Z,ed028b54-3e53-47a1-ae9b-998024e267d7
75008,3,PA,Pennsylvania,0,1974-07-09T00:00:00.000Z,Major Disaster,"SEVERE STORMS, RAINS, HAIL & WINDS",Severe Storm,1974-07-29T00:00:00.000Z,1974-07-29T00:00:00.000Z,Turndown,1974-07-29T00:00:00.000Z,0,0,0,0,75008,1974-07-29T00:00:00.000Z,406f5fe8-438f-4cd8-9ddd-b4f5d4c37b43
75011,5,WI,Wisconsin,0,1974-07-24T00:00:00.000Z,Emergency,FLOODING,Flood,1974-08-15T00:00:00.000Z,1974-08-15T00:00:00.000Z,Turndown,1974-08-15T00:00:00.000Z,0,0,0,0,75011,1974-08-15T00:00:00.000Z,702f5800-c21e-430e-9934-aa846e1d5715
75012,2,NY,New York,0,1974-07-29T00:00:00.000Z,Emergency,LAKESHORE EROSION,Mud/Landslide,1974-08-15T00:00:00.000Z,1974-08-15T00:00:00.000Z,Turndown,1974-08-15T00:00:00.000Z,0,0,0,0,75012,1974-08-15T00:00:00.000Z,e7a15155-be24-4d7b-9b21-df1c0b4fbb24
75013,1,VT,Vermont,0,1974-08-02T00:00:00.000Z,Emergency,URBAN FIRE (BURLINGTON),Fire,1974-08-15T00:00:00.000Z,1974-08-15T00:00:00.000Z,Turndown,1974-08-15T00:00:00.000Z,0,0,0,0,75013,1974-08-15T00:00:00.000Z,2ee3e3f5-888c-4d5d-98ca-99f02933b815
75014,4,TN,Tennessee,0,1974-08-05T00:00:00.000Z,Emergency,BRIDGE DAMAGE,Other,1974-08-23T00:00:00.000Z,1974-08-23T00:00:00.000Z,Turndown,1974-08-23T00:00:00.000Z,0,0,0,0,75014,1974-08-23T00:00:00.000Z,f8a830c0-6f19-4f7a-9779-4dfff945de74
75015,5,IL,Illinois,0,1974-07-30T00:00:00.000Z,Major Disaster,TRAIN EXPLOSION & FIRE,Other,1974-08-23T00:00:00.000Z,1974-08-23T00:00:00.000Z,Turndown,1974-08-23T00:00:00.000Z,0,0,0,0,75015,1974-08-23T00:00:00.000Z,dcf4ac5d-1c2c-4f80-bf23-4e699bfbfa85
75017,5,MI,Michigan,0,1974-08-12T00:00:00.000Z,Major Disaster,HEAVY RAINS & HIGH WINDS,Severe Storm,1974-08-29T00:00:00.000Z,1974-08-29T00:00:00.000Z,Turndown,1974-08-29T00:00:00.000Z,0,0,0,0,75017,1974-08-29T00:00:00.000Z,c649f00a-b54a-444f-b051-294599b3dcd7
75019,3,PA,Pennsylvania,0,1974-08-14T00:00:00.000Z,Emergency,FLOODING,Flood,1974-08-27T00:00:00.000Z,1974-08-27T00:00:00.000Z,Turndown,1974-08-27T00:00:00.000Z,0,0,0,0,75019,1974-08-27T00:00:00.000Z,de00e596-8f9e-4a79-9104-cfca32302cd6
75020,7,IA,Iowa,0,1974-08-15T00:00:00.000Z,Emergency,TORNADO,Tornado,1974-08-27T00:00:00.000Z,1974-08-27T00:00:00.000Z,Turndown,1974-08-27T00:00:00.000Z,0,0,0,0,75020,1974-08-27T00:00:00.000Z,9df18bad-365e-48f6-a23d-3e9a4c272819
75022,7,KS,Kansas,0,1974-08-23T00:00:00.000Z,Emergency,SEVERE STORMS,Severe Storm,1974-09-11T00:00:00.000Z,1974-09-11T00:00:00.000Z,Turndown,1974-09-11T00:00:00.000Z,0,0,0,0,75022,1974-09-11T00:00:00.000Z,2175db72-8571-4633-be6a-9ddb3da99b73
75023,3,PA,Pennsylvania,0,1974-08-22T00:00:00.000Z,Emergency,FLOODING,Flood,1974-09-11T00:00:00.000Z,1974-09-11T00:00:00.000Z,Turndown,1974-09-11T00:00:00.000Z,0,0,0,0,75023,1974-09-11T00:00:00.000Z,7e7305a3-ef32-4787-bbab-7d2b6194ac67
75026,3,PA,Pennsylvania,0,1974-09-19T00:00:00.000Z,Emergency,FLOODING,Flood,1974-10-04T00:00:00.000Z,1974-10-04T00:00:00.000Z,Turndown,1974-10-04T00:00:00.000Z,0,0,0,0,75026,1974-10-04T00:00:00.000Z,96976fb9-bbd7-4d8a-a82f-b1e2103bc56e
75027,1,ME,Maine,0,1974-09-19T00:00:00.000Z,Emergency,RED TIDE,Fishing Losses,1974-10-16T00:00:00.000Z,1974-10-16T00:00:00.000Z,Turndown,1974-10-16T00:00:00.000Z,0,0,0,0,75027,1974-10-16T00:00:00.000Z,2eee5332-85f8-4db6-bdea-d8d00329c97a
75028,8,CO,Colorado,0,1974-09-19T00:00:00.000Z,Emergency,URBAN FIRE,Fire,1974-10-04T00:00:00.000Z,1974-10-04T00:00:00.000Z,Turndown,1974-10-04T00:00:00.000Z,0,0,0,0,75028,1974-10-04T00:00:00.000Z,d4a6f175-51c8-4f97-8fcc-8062fb73e460
75030,2,NY,New York,0,1974-09-25T00:00:00.000Z,Major Disaster,HEAVY RAINS & FLOODING,Flood,1974-10-09T00:00:00.000Z,1974-10-09T00:00:00.000Z,Turndown,1974-10-09T00:00:00.000Z,0,0,0,0,75030,1974-10-09T00:00:00.000Z,af8a8e6d-4eac-4d2d-82f8-3d372a2087d7
75031,6,TX,Texas,0,1974-10-09T00:00:00.000Z,Major Disaster,FLOODING,Flood,1974-10-25T00:00:00.000Z,1974-10-25T00:00:00.000Z,Turndown,1974-10-25T00:00:00.000Z,0,0,0,0,75031,1974-10-25T00:00:00.000Z,49e46323-674f-479b-9c05-69c55d758464
75032,10,WA,Washington,0,1974-10-29T00:00:00.000Z,Major Disaster,COMMERCIAL SALMON FISHING,Fishing Losses,1974-11-12T00:00:00.000Z,1974-11-12T00:00:00.000Z,Turndown,1974-11-12T00:00:00.000Z,0,0,0,0,75032,1974-11-12T00:00:00.000Z,a3d096db-cf87-4d4f-895d-9e4686f9b9ee
75033,6,NM,New Mexico,0,1974-10-25T00:00:00.000Z,Emergency,TORNADO,Tornado,1974-11-12T00:00:00.000Z,1974-11-12T00:00:00.000Z,Turndown,1974-11-12T00:00:00.000Z,0,0,0,0,75033,1974-11-12T00:00:00.000Z,412835c1-339b-4d7a-b9a8-7aa51bebb7fe
75035,8,MT,Montana,0,1974-10-30T00:00:00.000Z,Emergency,URBAN FIRE (SHERIDAN),Fire,1974-11-18T00:00:00.000Z,1974-11-18T00:00:00.000Z,Turndown,1974-11-18T00:00:00.000Z,0,0,0,0,75035,1974-11-18T00:00:00.000Z,f5298aff-f715-454e-96f0-5b32003ff9d7
75036,2,NY,New York,0,1974-10-30T00:00:00.000Z,Emergency,FLOODING (NYS BARGE CANAL),Flood,1974-11-02T00:00:00.000Z,1974-11-02T00:00:00.000Z,Turndown,1974-11-02T00:00:00.000Z,0,0,0,0,75036,1974-11-02T00:00:00.000Z,033780a9-6ce4-4513-b993-47af7804f41e
75038,2,NY,New York,0,1974-11-01T00:00:00.000Z,Emergency,URBAN FIRE (CARMEL),Fire,1974-11-11T00:00:00.000Z,1974-11-11T00:00:00.000Z,Turndown,1974-11-11T00:00:00.000Z,0,0,0,0,75038,1974-11-11T00:00:00.000Z,0104257b-b4f9-450c-b323-1bceb3bfa6a7
75045,3,MD,Maryland,0,1974-12-10T00:00:00.000Z,Emergency,SEVERE STORMS,Severe Storm,1974-12-20T00:00:00.000Z,1974-12-20T00:00:00.000Z,Turndown,1974-12-20T00:00:00.000Z,0,0,0,0,75045,1974-12-20T00:00:00.000Z,adc3a89a-0d59-4a48-a368-918f007413c6
75046,2,NJ,New Jersey,0,1974-12-12T00:00:00.000Z,Emergency,SEVERE STORMS & FLOODING,Flood,1974-12-20T00:00:00.000Z,1974-12-20T00:00:00.000Z,Turndown,1974-12-20T00:00:00.000Z,0,0,0,0,75046,1974-12-20T00:00:00.000Z,a02aa331-b570-4ae0-954c-31a82c507434
75049,3,VA,Virginia,0,1974-12-31T00:00:00.000Z,Emergency,SEVERE STORMS,Severe Storm,1975-01-14T00:00:00.000Z,1975-01-14T00:00:00.000Z,Turndown,1975-01-14T00:00:00.000Z,0,0,0,0,75049,1975-01-14T00:00:00.000Z,773436e8-5c0e-4935-ab14-8dab4b79a92c
75050,1,MA,Massachusetts,0,1975-01-05T00:00:00.000Z,Emergency,URBAN FIRE (MIDDLEBORO),Fire,1975-01-09T00:00:00.000Z,1975-01-09T00:00:00.000Z,Turndown,1975-01-09T00:00:00.000Z,0,0,0,0,75050,1975-01-09T00:00:00.000Z,ef0a25e9-c049-47ec-b978-8fc04376656a
75053,4,GA,Georgia,0,1975-01-18T00:00:00.000Z,Emergency,TORNADOES,Tornado,1975-01-24T00:00:00.000Z,1975-01-24T00:00:00.000Z,Turndown,1975-01-24T00:00:00.000Z,0,0,0,0,75053,1975-01-24T00:00:00.000Z,9e59f08e-cd92-4cff-b611-a47cb4ce06c6
75054,1,RI,Rhode Island,0,1975-01-27T00:00:00.000Z,Emergency,URBAN FIRE (NEWPORT),Fire,1975-02-04T00:00:00.000Z,1975-02-04T00:00:00.000Z,Turndown,1975-02-04T00:00:00.000Z,0,0,0,0,75054,1975-02-04T00:00:00.000Z,05b19194-13c5-4831-906a-9f12a287e162
75056,4,FL,Florida,0,1975-02-13T00:00:00.000Z,Emergency,TORNADO,Tornado,1975-02-20T00:00:00.000Z,1975-02-20T00:00:00.000Z,Turndown,1975-02-20T00:00:00.000Z,0,0,0,0,75056,1975-02-20T00:00:00.000Z,6be730f0-f5c7-410f-99d8-894d477b282a
75058,6,AR,Arkansas,0,1975-02-24T00:00:00.000Z,Emergency,TORNADOES,Tornado,1975-03-07T00:00:00.000Z,1975-03-07T00:00:00.000Z,Turndown,1975-03-07T00:00:00.000Z,0,0,0,0,75058,1975-03-07T00:00:00.000Z,471ef884-085e-4048-9b88-afc7986c14bd
75059,6,OK,Oklahoma,0,1975-02-27T00:00:00.000Z,Major Disaster,TORNADOES,Tornado,1975-03-14T00:00:00.000Z,1975-03-14T00:00:00.000Z,Turndown,1975-03-14T00:00:00.000Z,0,0,0,0,75059,1975-03-14T00:00:00.000Z,a1593ccd-81a8-430a-ab6f-dd5de39d325b
75062,4,GA,Georgia,0,1975-02-28T00:00:00.000Z,Major Disaster,"TORNADO, HIGH WINDS & FLOODING",Tornado,1975-02-28T00:00:00.000Z,1975-02-28T00:00:00.000Z,Turndown,1975-02-28T00:00:00.000Z,0,0,0,0,75062,1975-02-28T00:00:00.000Z,50caede0-714b-455e-8d3f-b2aba1ae2d52
75063,1,RI,Rhode Island,0,1975-03-14T00:00:00.000Z,Emergency,URBAN FIRE (PROVIDENCE),Fire,1975-03-24T00:00:00.000Z,1975-03-24T00:00:00.000Z,Turndown,1975-03-24T00:00:00.000Z,0,0,0,0,75063,1975-03-24T00:00:00.000Z,47640155-1e77-4c35-bd70-213862c8d89d
75067,4,NC,North Carolina,0,1975-03-18T00:00:00.000Z,Emergency,TORNADOES,Tornado,1975-04-04T00:00:00.000Z,1975-04-04T00:00:00.000Z,Turndown,1975-04-04T00:00:00.000Z,0,0,0,0,75067,1975-04-04T00:00:00.000Z,947b6bd2-ab1e-42b0-8a76-48200b647295
75073,1,RI,Rhode Island,0,1975-03-28T00:00:00.000Z,Emergency,URBAN FIRE (WESTERLY),Fire,1975-04-15T00:00:00.000Z,1975-04-15T00:00:00.000Z,Turndown,1975-04-15T00:00:00.000Z,0,0,0,0,75073,1975-04-15T00:00:00.000Z,f3ef0867-e39b-4903-85f0-4f77a8f9924b
75076,4,MS,Mississippi,0,1975-03-29T00:00:00.000Z,Emergency,FLOODING,Flood,1975-04-10T00:00:00.000Z,1975-04-10T00:00:00.000Z,Turndown,1975-04-10T00:00:00.000Z,0,0,0,0,75076,1975-04-10T00:00:00.000Z,7ca8ffb9-d5d2-4d8d-8931-c97e95e102f7
75078,5,WI,Wisconsin,0,1975-04-04T00:00:00.000Z,Emergency,FLOODING,Flood,1975-04-16T00:00:00.000Z,1975-04-16T00:00:00.000Z,Turndown,1975-04-16T00:00:00.000Z,0,0,0,0,75078,1975-04-16T00:00:00.000Z,a938554c-bb6b-42ed-a09c-b7726463c474
75080,3,VA,Virginia,0,1975-04-08T00:00:00.000Z,Emergency,HIGH WINDS,Severe Storm,1975-04-18T00:00:00.000Z,1975-04-18T00:00:00.000Z,Turndown,1975-04-18T00:00:00.000Z,0,0,0,0,75080,1975-04-18T00:00:00.000Z,0ab8671a-41b2-4e59-8b51-54d6b26e2317
75081,5,IL,Illinois,0,1975-04-14T00:00:00.000Z,Emergency,FLOODS,Flood,1975-04-14T00:00:00.000Z,1975-04-14T00:00:00.000Z,Turndown,1975-04-14T00:00:00.000Z,0,0,0,0,75081,1975-04-14T00:00:00.000Z,4d9a2fc5-d672-4477-b408-55b08895f99a
75082,3,VA,Virginia,0,1975-04-09T00:00:00.000Z,Emergency,FLOODS & TORNADO,Tsunami,1975-05-08T00:00:00.000Z,1975-05-08T00:00:00.000Z,Turndown,1975-05-08T00:00:00.000Z,0,0,0,0,75082,1975-05-08T00:00:00.000Z,23a10589-d7b5-407d-bfa8-5507fc3f00e0
75086,6,AR,Arkansas,0,1975-05-05T00:00:00.000Z,Major Disaster,FLOODING,Flood,1975-05-05T00:00:00.000Z,1975-05-05T00:00:00.000Z,Turndown,1975-05-05T00:00:00.000Z,0,0,0,0,75086,1975-05-05T00:00:00.000Z,62fac93f-ed8f-4752-8480-156047638ce9
75093,3,VA,Virginia,0,1975-05-30T00:00:00.000Z,Major Disaster,SEVERE STORMS & FLOODING,Flood,1975-06-19T00:00:00.000Z,1975-06-19T00:00:00.000Z,Turndown,1975-06-19T00:00:00.000Z,0,0,0,0,75093,1975-06-19T00:00:00.000Z,2a5e26ff-4c40-49c5-856b-260685ef8c98
75094,5,WI,Wisconsin,0,1975-06-04T00:00:00.000Z,Major Disaster,FLOODING,Flood,1975-06-19T00:00:00.000Z,1975-06-19T00:00:00.000Z,Turndown,1975-06-19T00:00:00.000Z,0,0,0,0,75094,1975-06-19T00:00:00.000Z,88ce6f71-f755-45c5-97eb-59e8ee99b0a4
75099,7,KS,Kansas,0,1975-06-30T00:00:00.000Z,Major Disaster,SEVERE STORMS & FLOODING,Flood,1975-07-18T00:00:00.000Z,1975-07-18T00:00:00.000Z,Turndown,1975-07-18T00:00:00.000Z,0,0,0,0,75099,1975-07-18T00:00:00.000Z,d5b82150-fcaf-49ff-a73e-00a173ca74ca
75200,4,FL,Florida,0,1975-04-18T00:00:00.000Z,Emergency,FLOODING,Flood,1975-04-18T00:00:00.000Z,1975-04-18T00:00:00.000Z,Turndown,1975-04-18T00:00:00.000Z,0,0,0,0,75200,1975-04-18T00:00:00.000Z,9e223bdd-0d97-4cdf-b2bb-1dd411f781af
75201,10,ID,Idaho,0,1975-04-22T00:00:00.000Z,Emergency,EARTHQUAKE,Earthquake,1975-04-22T00:00:00.000Z,1975-04-22T00:00:00.000Z,Turndown,1975-04-22T00:00:00.000Z,0,0,0,0,75201,1975-04-22T00:00:00.000Z,4ecf8285-8186-4ac5-b30d-617a7c4389ae
75202,6,TX,Texas,0,1975-05-13T00:00:00.000Z,Emergency,TORNADOES & HEAVY RAINS,Tornado,1975-05-13T00:00:00.000Z,1975-05-13T00:00:00.000Z,Turndown,1975-05-13T00:00:00.000Z,0,0,0,0,75202,1975-05-13T00:00:00.000Z,521f59c5-cb96-4a04-b348-4fde1a3b5ab5
75203,3,MD,Maryland,0,1975-05-14T00:00:00.000Z,Emergency,HIGH WINDS & WAVE ACTION,Coastal Storm,1975-05-14T00:00:00.000Z,1975-05-14T00:00:00.000Z,Turndown,1975-05-14T00:00:00.000Z,0,0,0,0,75203,1975-05-14T00:00:00.000Z,f8c5f166-cc48-4b22-b9c9-c63fc2d102a3
75204,6,TX,Texas,0,1975-05-22T00:00:00.000Z,Emergency,SEVERE STORMS & TORNADOES,Tornado,1975-05-22T00:00:00.000Z,1975-05-22T00:00:00.000Z,Turndown,1975-05-22T00:00:00.000Z,0,0,0,0,75204,1975-05-22T00:00:00.000Z,724e35a6-c931-475a-ac3e-becef12a269a
75205,3,VA,Virginia,0,1975-05-29T00:00:00.000Z,Emergency,FLOODING,Flood,1975-05-29T00:00:00.000Z,1975-05-29T00:00:00.000Z,Turndown,1975-05-29T00:00:00.000Z,0,0,0,0,75205,1975-05-29T00:00:00.000Z,e5a0f970-e24a-46e4-a5a6-3425bb288c10
75206,1,ME,Maine,0,1975-05-08T00:00:00.000Z,Emergency,"HIGH WINDS, RAIN",Severe Storm,1975-05-08T00:00:00.000Z,1975-05-08T00:00:00.000Z,Turndown,1975-05-08T00:00:00.000Z,0,0,0,0,75206,1975-05-08T00:00:00.000Z,9eed5fc7-f509-4eca-8a75-6a27a300f36b
75207,4,NC,North Carolina,0,1975-06-17T00:00:00.000Z,Emergency,FLOODING,Flood,1975-06-17T00:00:00.000Z,1975-06-17T00:00:00.000Z,Turndown,1975-06-17T00:00:00.000Z,0,0,0,0,75207,1975-06-17T00:00:00.000Z,d80c77a9-1e5a-473a-8fe1-5c2ff60c34f8
75208,6,TX,Texas,0,1975-06-19T00:00:00.000Z,Emergency,FLOODING,Flood,1975-06-19T00:00:00.000Z,1975-06-19T00:00:00.000Z,Turndown,1975-06-19T00:00:00.000Z,0,0,0,0,75208,1975-06-19T00:00:00.000Z,888fb590-91c5-44a3-9e1b-73a6629b11f2
75209,5,WI,Wisconsin,0,1975-06-19T00:00:00.000Z,Emergency,HEAVY RAINFALL & FLOODING,Flood,1975-06-19T00:00:00.000Z,1975-06-19T00:00:00.000Z,Turndown,1975-06-19T00:00:00.000Z,0,0,0,0,75209,1975-06-19T00:00:00.000Z,55c75eef-6990-4826-ba5c-af5b04a1c8d2
76002,6,TX,Texas,0,1975-07-09T00:00:00.000Z,Major Disaster,"STORMS, FLOODING & TORNADOES",Tornado,1975-07-18T00:00:00.000Z,1975-07-18T00:00:00.000Z,Turndown,1975-07-18T00:00:00.000Z,0,0,0,0,76002,1975-07-18T00:00:00.000Z,0e5286ba-f023-491b-998b-573d8becc417
76005,6,LA,Louisiana,0,1975-07-17T00:00:00.000Z,Major Disaster,HEAVY RAINS & FLOODING,Flood,1975-08-04T00:00:00.000Z,1975-08-04T00:00:00.000Z,Turndown,1975-08-04T00:00:00.000Z,0,0,0,0,76005,1975-08-04T00:00:00.000Z,425601e4-9972-4494-a71c-4900cfb65afe
76009,2,NY,New York,0,1975-08-14T00:00:00.000Z,Major Disaster,HEAVY RAINS & FLOODING,Flood,1975-09-03T00:00:00.000Z,1975-09-03T00:00:00.000Z,Turndown,1975-09-03T00:00:00.000Z,0,0,0,0,76009,1975-09-03T00:00:00.000Z,d4c5b977-e281-4300-9933-0330d4277aa5
76010,8,ND,North Dakota,0,1975-08-18T00:00:00.000Z,Major Disaster,STORMS & HIGH WINDS,Severe Storm,1975-09-03T00:00:00.000Z,1975-09-03T00:00:00.000Z,Turndown,1975-09-03T00:00:00.000Z,0,0,0,0,76010,1975-09-03T00:00:00.000Z,87d66a1e-d758-4741-8a62-40eb68f1e68e
76012,6,TX,Texas,0,1975-09-05T00:00:00.000Z,Major Disaster,HEAVY RAINS & FLOODING,Flood,1975-09-16T00:00:00.000Z,1975-09-16T00:00:00.000Z,Turndown,1975-09-16T00:00:00.000Z,0,0,0,0,76012,1975-09-16T00:00:00.000Z,f47d0069-fee6-4dda-bd25-b43faca0e763
76015,2,NJ,New Jersey,0,1975-09-13T00:00:00.000Z,Major Disaster,WATER SUPPLY PROBLEM,Drought,1975-10-01T00:00:00.000Z,1975-10-01T00:00:00.000Z,Turndown,1975-10-01T00:00:00.000Z,0,0,0,0,76015,1975-10-01T00:00:00.000Z,f04cf6cc-abcc-4201-a72f-3a43a598ddb0
76023,3,VA,Virginia,0,1975-10-28T00:00:00.000Z,Major Disaster,HEAVY RAINS & FLOODING,Flood,1975-11-13T00:00:00.000Z,1975-11-13T00:00:00.000Z,Turndown,1975-11-13T00:00:00.000Z,0,0,0,0,76023,1975-11-13T00:00:00.000Z,cb284e1b-af44-4432-bff3-54084d8eaa43
76024,2,NY,New York,0,1975-11-03T00:00:00.000Z,Major Disaster,FLOODING,Flood,1975-11-14T00:00:00.000Z,1975-11-14T00:00:00.000Z,Turndown,1975-11-14T00:00:00.000Z,0,0,0,0,76024,1975-11-14T00:00:00.000Z,0db96c5e-55fe-4056-bf62-0562afde94b0
76025,4,AL,Alabama,0,1975-12-02T00:00:00.000Z,Major Disaster,STRONG WINDS & HEAVY RAIN,Severe Storm,1975-12-16T00:00:00.000Z,1975-12-16T00:00:00.000Z,Turndown,1975-12-16T00:00:00.000Z,0,0,0,0,76025,1975-12-16T00:00:00.000Z,4ed758b3-98f0-42a4-8281-781f1624239b
76030,6,OK,Oklahoma,0,1975-12-15T00:00:00.000Z,Major Disaster,GAS EXPLOSION,Other,1975-12-31T00:00:00.000Z,1975-12-31T00:00:00.000Z,Turndown,1975-12-31T00:00:00.000Z,0,0,0,0,76030,1975-12-31T00:00:00.000Z,e4fc98c4-1e87-442b-9ffe-51862d04b3e4
76031,1,ME,Maine,0,1976-02-18T00:00:00.000Z,Major Disaster,FLOODING,Flood,1976-03-01T00:00:00.000Z,1976-03-01T00:00:00.000Z,Turndown,1976-03-01T00:00:00.000Z,0,0,0,0,76031,1976-03-01T00:00:00.000Z,7b7d5143-f224-4705-a997-7d801045ae7a
76033,5,IL,Illinois,0,1976-03-12T00:00:00.000Z,Major Disaster,TORNADOES,Tornado,1976-03-24T00:00:00.000Z,1976-03-24T00:00:00.000Z,Turndown,1976-03-24T00:00:00.000Z,0,0,0,0,76033,1976-03-24T00:00:00.000Z,37aed81c-3b7d-45af-86ce-5ac96bf76c1b
76036,5,IN,Indiana,0,1976-03-19T00:00:00.000Z,Major Disaster,"STORMS, FLOODING, & TORNADOES",Tsunami,1976-03-25T00:00:00.000Z,1976-03-25T00:00:00.000Z,Turndown,1976-03-25T00:00:00.000Z,0,0,0,0,76036,1976-03-25T00:00:00.000Z,eab46442-b3af-4432-ae2e-855bbc4e24d1
76037,4,AL,Alabama,0,1976-03-24T00:00:00.000Z,Major Disaster,"TORNADOES,STRONG WINDS,RAINS",Tornado,1976-04-07T00:00:00.000Z,1976-04-07T00:00:00.000Z,Turndown,1976-04-07T00:00:00.000Z,0,0,0,0,76037,1976-04-07T00:00:00.000Z,8ad34028-5f79-4240-9e03-437446f0ed2a
76046,6,TX,Texas,0,1976-06-01T00:00:00.000Z,Major Disaster,SEVERE STORMS,Severe Storm,1976-06-11T00:00:00.000Z,1976-06-11T00:00:00.000Z,Turndown,1976-06-11T00:00:00.000Z,0,0,0,0,76046,1976-06-11T00:00:00.000Z,10e88b43-4206-46b0-8b31-d1195de5f85a
76061,2,NY,New York,0,1976-07-14T00:00:00.000Z,Major Disaster,SEVERE STORMS & FLOODING,Flood,1976-07-21T00:00:00.000Z,1976-07-21T00:00:00.000Z,Turndown,1976-07-21T00:00:00.000Z,0,0,0,0,76061,1976-07-21T00:00:00.000Z,bd311a28-5fbc-4f66-bae1-442200e0b31e
76065,6,TX,Texas,0,1976-07-20T00:00:00.000Z,Major Disaster,FLOODING,Flood,1976-07-30T00:00:00.000Z,1976-07-30T00:00:00.000Z,Turndown,1976-07-30T00:00:00.000Z,0,0,0,0,76065,1976-07-30T00:00:00.000Z,589ef7f9-c62e-4b82-9035-5588565a3535
76066,7,KS,Kansas,0,1976-07-22T00:00:00.000Z,Major Disaster,HEAVY RAINS & FLOODING,Flood,1976-07-30T00:00:00.000Z,1976-07-30T00:00:00.000Z,Turndown,1976-07-30T00:00:00.000Z,0,0,0,0,76066,1976-07-30T00:00:00.000Z,72297705-783d-4d29-a078-79f6d6ad2d2d
76080,2,NY,New York,0,1976-09-08T00:00:00.000Z,Major Disaster,FLOOD,Flood,1976-09-29T00:00:00.000Z,1976-09-29T00:00:00.000Z,Turndown,1976-09-29T00:00:00.000Z,0,0,0,0,76080,1976-09-29T00:00:00.000Z,417a884b-a311-4a32-b853-49a57927a9fb
76200,3,MD,Maryland,0,1975-07-16T00:00:00.000Z,Emergency,HEAVY RAINS & FLOODING,Flood,1975-07-16T00:00:00.000Z,1975-07-16T00:00:00.000Z,Turndown,1975-07-16T00:00:00.000Z,0,0,0,0,76200,1975-07-16T00:00:00.000Z,c87c0f78-74fd-4deb-a197-15a02b279a69
76201,3,MD,Maryland,0,1975-07-17T00:00:00.000Z,Emergency,"HIGH WNDS,HVY RAINS,&FLOODING",Flood,1975-07-17T00:00:00.000Z,1975-07-17T00:00:00.000Z,Turndown,1975-07-17T00:00:00.000Z,0,0,0,0,76201,1975-07-17T00:00:00.000Z,1b532268-d44e-4c6b-ba01-9438ba10c889
76202,9,NV,Nevada,0,1975-07-17T00:00:00.000Z,Emergency,FLOODING,Flood,1975-07-17T00:00:00.000Z,1975-07-17T00:00:00.000Z,Turndown,1975-07-17T00:00:00.000Z,0,0,0,0,76202,1975-07-17T00:00:00.000Z,d14977cc-e051-42ad-8c15-cc431b6905f9
76203,1,CT,Connecticut,0,1975-07-24T00:00:00.000Z,Emergency,FLOODING,Flood,1975-07-24T00:00:00.000Z,1975-07-24T00:00:00.000Z,Turndown,1975-07-24T00:00:00.000Z,0,0,0,0,76203,1975-07-24T00:00:00.000Z,1e3a3e31-7c45-4d3c-b6f1-74ec5300dc65
76204,7,IA,Iowa,0,1975-07-24T00:00:00.000Z,Emergency,FLOODING,Flood,1975-07-24T00:00:00.000Z,1975-07-24T00:00:00.000Z,Turndown,1975-07-24T00:00:00.000Z,0,0,0,0,76204,1975-07-24T00:00:00.000Z,3f725bc9-3790-4bfa-a165-226e950810a3
76205,3,MD,Maryland,0,1975-07-28T00:00:00.000Z,Emergency,FLOODING,Flood,1975-07-28T00:00:00.000Z,1975-07-28T00:00:00.000Z,Turndown,1975-07-28T00:00:00.000Z,0,0,0,0,76205,1975-07-28T00:00:00.000Z,bd35fd72-f49f-4a34-965f-e36d81e324ad
76206,6,LA,Louisiana,0,1975-07-30T00:00:00.000Z,Emergency,FLOODING,Flood,1975-07-30T00:00:00.000Z,1975-07-30T00:00:00.000Z,Turndown,1975-07-30T00:00:00.000Z,0,0,0,0,76206,1975-07-30T00:00:00.000Z,02a1a2dd-26ad-4dbc-9027-2ef808f74eff
76207,9,CA,California,0,1975-08-11T00:00:00.000Z,Emergency,HIGH WINDS & FLOODING,Flood,1975-08-11T00:00:00.000Z,1975-08-11T00:00:00.000Z,Turndown,1975-08-11T00:00:00.000Z,0,0,0,0,76207,1975-08-11T00:00:00.000Z,968703a4-532e-41d4-8a59-49f0ef9db6c7
76208,3,PA,Pennsylvania,0,1975-08-11T00:00:00.000Z,Emergency,FLOODING,Flood,1975-08-11T00:00:00.000Z,1975-08-11T00:00:00.000Z,Turndown,1975-08-11T00:00:00.000Z,0,0,0,0,76208,1975-08-11T00:00:00.000Z,3131f5a3-91ab-4747-a390-6107693957bf
76209,9,CA,California,0,1975-08-11T00:00:00.000Z,Emergency,EARTHQUAKE & AFTERSHOCKS,Flood,1975-08-11T00:00:00.000Z,1975-08-11T00:00:00.000Z,Turndown,1975-08-11T00:00:00.000Z,0,0,0,0,76209,1975-08-11T00:00:00.000Z,bc48bb07-51dd-4c66-929e-c862bd7ef5d3
76210,4,MS,Mississippi,0,1975-08-21T00:00:00.000Z,Emergency,FLOODING,Flood,1975-08-21T00:00:00.000Z,1975-08-21T00:00:00.000Z,Turndown,1975-08-21T00:00:00.000Z,0,0,0,0,76210,1975-08-21T00:00:00.000Z,29869c6f-51ce-4a27-ab28-d91fa67db63d
76211,8,ND,North Dakota,0,1975-09-10T00:00:00.000Z,Emergency,SEVERE THUNDERSTORM & FLOODING,Flood,1975-09-10T00:00:00.000Z,1975-09-10T00:00:00.000Z,Turndown,1975-09-10T00:00:00.000Z,0,0,0,0,76211,1975-09-10T00:00:00.000Z,d5705d52-9e24-4888-821d-107086e598da
76212,3,VA,Virginia,0,1975-10-03T00:00:00.000Z,Emergency,FLOODING,Flood,1975-10-03T00:00:00.000Z,1975-10-03T00:00:00.000Z,Turndown,1975-10-03T00:00:00.000Z,0,0,0,0,76212,1975-10-03T00:00:00.000Z,f213d1bc-08e0-4038-8dbf-646f02a31cb7
76214,1,MA,Massachusetts,0,1975-10-10T00:00:00.000Z,Emergency,NATURAL GAS EXPLOSION,Human Cause,1975-10-10T00:00:00.000Z,1975-10-10T00:00:00.000Z,Turndown,1975-10-10T00:00:00.000Z,0,0,0,0,76214,1975-10-10T00:00:00.000Z,25f06de4-03b5-4aa6-86fd-62be866d5766
76216,2,NY,New York,0,1975-12-08T00:00:00.000Z,Emergency,FLOOD,Flood,1975-12-08T00:00:00.000Z,1975-12-08T00:00:00.000Z,Turndown,1975-12-08T00:00:00.000Z,0,0,0,0,76216,1975-12-08T00:00:00.000Z,5a92c80c-b56e-40f7-997f-33bef9bcc7c6
76218,5,OH,Ohio,0,1975-07-29T00:00:00.000Z,Emergency,FLOOD,Flood,1975-07-29T00:00:00.000Z,1975-07-29T00:00:00.000Z,Turndown,1975-07-29T00:00:00.000Z,0,0,0,0,76218,1975-07-29T00:00:00.000Z,ee67134b-a852-4edc-af3f-aa20824d9d1a
76219,2,NY,New York,0,1975-09-24T00:00:00.000Z,Emergency,FLOOD,Flood,1975-09-24T00:00:00.000Z,1975-09-24T00:00:00.000Z,Turndown,1975-09-24T00:00:00.000Z,0,0,0,0,76219,1975-09-24T00:00:00.000Z,9bafe992-7211-471b-af70-34ef86564394
76220,7,IA,Iowa,0,1975-09-26T00:00:00.000Z,Emergency,FLOOD,Flood,1975-09-26T00:00:00.000Z,1975-09-26T00:00:00.000Z,Turndown,1975-09-26T00:00:00.000Z,0,0,0,0,76220,1975-09-26T00:00:00.000Z,2b50c168-cd4f-4f72-bca0-c33f40efbbee
76221,6,NM,New Mexico,0,1975-09-26T00:00:00.000Z,Emergency,FLOOD,Flood,1975-09-26T00:00:00.000Z,1975-09-26T00:00:00.000Z,Turndown,1975-09-26T00:00:00.000Z,0,0,0,0,76221,1975-09-26T00:00:00.000Z,75287c23-aec5-416a-848c-84aba20e33c8
76222,6,TX,Texas,0,1975-09-29T00:00:00.000Z,Emergency,FLOOD,Flood,1975-09-29T00:00:00.000Z,1975-09-29T00:00:00.000Z,Turndown,1975-09-29T00:00:00.000Z,0,0,0,0,76222,1975-09-29T00:00:00.000Z,22723cd3-8f74-48ed-9a56-755cf63abadc
76223,1,CT,Connecticut,0,1975-10-02T00:00:00.000Z,Emergency,FLOOD,Flood,1975-10-02T00:00:00.000Z,1975-10-02T00:00:00.000Z,Turndown,1975-10-02T00:00:00.000Z,0,0,0,0,76223,1975-10-02T00:00:00.000Z,52d385b1-8a5b-44d8-96e6-9f1b8917e1c5
76224,2,NY,New York,0,1975-10-15T00:00:00.000Z,Emergency,FLOOD,Flood,1975-10-15T00:00:00.000Z,1975-10-15T00:00:00.000Z,Turndown,1975-10-15T00:00:00.000Z,0,0,0,0,76224,1975-10-15T00:00:00.000Z,91df9722-151f-40d3-a7a7-eb18249520d1
76226,4,NC,North Carolina,0,1975-12-15T00:00:00.000Z,Emergency,FLOOD,Flood,1975-12-15T00:00:00.000Z,1975-12-15T00:00:00.000Z,Turndown,1975-12-15T00:00:00.000Z,0,0,0,0,76226,1975-12-15T00:00:00.000Z,71e8b198-fc6c-4268-83eb-2bfdb36396be
76227,10,OR,Oregon,0,1975-12-30T00:00:00.000Z,Emergency,FLOOD,Flood,1975-12-30T00:00:00.000Z,1975-12-30T00:00:00.000Z,Turndown,1975-12-30T00:00:00.000Z,0,0,0,0,76227,1975-12-30T00:00:00.000Z,5bc2ae86-1c22-4c44-81f4-6fd54949becf
76228,4,FL,Florida,0,1976-01-16T00:00:00.000Z,Emergency,TORNADO,Tornado,1976-01-16T00:00:00.000Z,1976-01-16T00:00:00.000Z,Turndown,1976-01-16T00:00:00.000Z,0,0,0,0,76228,1976-01-16T00:00:00.000Z,3082840f-3ed9-4ac8-bec2-a8dc8ec4537d
76229,8,MT,Montana,0,1976-01-16T00:00:00.000Z,Emergency,URBAN FIRE,Fire,1976-01-16T00:00:00.000Z,1976-01-16T00:00:00.000Z,Turndown,1976-01-16T00:00:00.000Z,0,0,0,0,76229,1976-01-16T00:00:00.000Z,5805ed70-515d-476f-b227-30f148516c7a
76231,1,ME,Maine,0,1976-02-11T00:00:00.000Z,Emergency,"RAIN,WINDSTORMS,FLOODING",Flood,1976-02-11T00:00:00.000Z,1976-02-11T00:00:00.000Z,Turndown,1976-02-11T00:00:00.000Z,0,0,0,0,76231,1976-02-11T00:00:00.000Z,48853dfa-550f-4c94-91e9-07ec24d648bb
76234,2,NY,New York,0,1976-02-26T00:00:00.000Z,Emergency,FLOODING & ICE JAMS,Flood,1976-02-26T00:00:00.000Z,1976-02-26T00:00:00.000Z,Turndown,1976-02-26T00:00:00.000Z,0,0,0,0,76234,1976-02-26T00:00:00.000Z,b3150d46-2ebd-4922-9b2b-16cd33e9f630
76235,4,MS,Mississippi,0,1976-02-27T00:00:00.000Z,Emergency,TORNADOES,Tornado,1976-02-27T00:00:00.000Z,1976-02-27T00:00:00.000Z,Turndown,1976-02-27T00:00:00.000Z,0,0,0,0,76235,1976-02-27T00:00:00.000Z,9ac16374-3108-4a55-b341-8d859e3564d1
76236,4,KY,Kentucky,0,1976-02-27T00:00:00.000Z,Emergency,FLOODING,Flood,1976-02-27T00:00:00.000Z,1976-02-27T00:00:00.000Z,Turndown,1976-02-27T00:00:00.000Z,0,0,0,0,76236,1976-02-27T00:00:00.000Z,9f731ab6-d2ae-407d-915b-77cbfcdb1e2b
76237,2,NY,New York,0,1976-03-02T00:00:00.000Z,Emergency,ICE JAMS,Snowstorm,1976-03-02T00:00:00.000Z,1976-03-02T00:00:00.000Z,Turndown,1976-03-02T00:00:00.000Z,0,0,0,0,76237,1976-03-02T00:00:00.000Z,c8491c59-97f7-4869-918f-53875e59050a
76238,7,MO,Missouri,0,1976-03-02T00:00:00.000Z,Emergency,TORNADOES,Tornado,1976-03-02T00:00:00.000Z,1976-03-02T00:00:00.000Z,Turndown,1976-03-02T00:00:00.000Z,0,0,0,0,76238,1976-03-02T00:00:00.000Z,633079f3-db57-4540-9b7a-8d2f674ae78e
76241,6,TX,Texas,0,1976-03-17T00:00:00.000Z,Emergency,TORNADO,Tornado,1976-03-17T00:00:00.000Z,1976-03-17T00:00:00.000Z,Turndown,1976-03-17T00:00:00.000Z,0,0,0,0,76241,1976-03-17T00:00:00.000Z,cd20f762-7007-495a-9481-516009872722
76242,6,LA,Louisiana,0,1976-04-08T00:00:00.000Z,Emergency,TORNADO,Tornado,1976-04-08T00:00:00.000Z,1976-04-08T00:00:00.000Z,Turndown,1976-04-08T00:00:00.000Z,0,0,0,0,76242,1976-04-08T00:00:00.000Z,f8026d58-b5db-4797-a040-958223901c4d
76243,1,VT,Vermont,0,1976-04-13T00:00:00.000Z,Emergency,FLOOD,Flood,1976-04-13T00:00:00.000Z,1976-04-13T00:00:00.000Z,Turndown,1976-04-13T00:00:00.000Z,0,0,0,0,76243,1976-04-13T00:00:00.000Z,7c689c0b-2a7d-47b5-99ac-7b41043e727e
76244,5,MI,Michigan,0,1976-04-13T00:00:00.000Z,Emergency,TORNADO,Tornado,1976-04-13T00:00:00.000Z,1976-04-13T00:00:00.000Z,Turndown,1976-04-13T00:00:00.000Z,0,0,0,0,76244,1976-04-13T00:00:00.000Z,acc51f99-b137-4fa6-a2cf-840c2c293ceb
76245,2,NJ,New Jersey,0,1976-03-30T00:00:00.000Z,Emergency,WINDSTORM,Severe Storm,1976-03-30T00:00:00.000Z,1976-03-30T00:00:00.000Z,Turndown,1976-03-30T00:00:00.000Z,0,0,0,0,76245,1976-03-30T00:00:00.000Z,56cf42dc-b7d2-4973-9503-6aad437627a2
76246,4,AL,Alabama,0,1976-04-16T00:00:00.000Z,Emergency,TORNADO & FLOOD,Tsunami,1976-04-16T00:00:00.000Z,1976-04-16T00:00:00.000Z,Turndown,1976-04-16T00:00:00.000Z,0,0,0,0,76246,1976-04-16T00:00:00.000Z,1f65e489-9224-460b-a435-c9074096f202
76247,2,NY,New York,0,1976-04-22T00:00:00.000Z,Emergency,TORNADO,Tornado,1976-04-22T00:00:00.000Z,1976-04-22T00:00:00.000Z,Turndown,1976-04-22T00:00:00.000Z,0,0,0,0,76247,1976-04-22T00:00:00.000Z,3d63e89b-537a-45b9-ba50-87ff4b03d804
76248,5,IN,Indiana,0,1976-04-23T00:00:00.000Z,Emergency,TORNADO,Tornado,1976-04-23T00:00:00.000Z,1976-04-23T00:00:00.000Z,Turndown,1976-04-23T00:00:00.000Z,0,0,0,0,76248,1976-04-23T00:00:00.000Z,70a827e1-9912-40bb-bed8-1e71d1dcaed1
76249,1,ME,Maine,0,1976-04-23T00:00:00.000Z,Emergency,FLOOD,Flood,1976-04-23T00:00:00.000Z,1976-04-23T00:00:00.000Z,Turndown,1976-04-23T00:00:00.000Z,0,0,0,0,76249,1976-04-23T00:00:00.000Z,6fe0ea44-9724-4e90-a751-708064ff177b
76250,2,NY,New York,0,1976-04-23T00:00:00.000Z,Emergency,FLOOD,Flood,1976-04-23T00:00:00.000Z,1976-04-23T00:00:00.000Z,Turndown,1976-04-23T00:00:00.000Z,0,0,0,0,76250,1976-04-23T00:00:00.000Z,c120dd95-3ad7-4861-9d21-885214fcc5b8
76253,6,TX,Texas,0,1976-04-29T00:00:00.000Z,Emergency,FLOOD,Flood,1976-04-29T00:00:00.000Z,1976-04-29T00:00:00.000Z,Turndown,1976-04-29T00:00:00.000Z,0,0,0,0,76253,1976-04-29T00:00:00.000Z,bc4b789a-da55-4eb2-bdbc-98c2493723fa
76258,2,NY,New York,0,1976-05-07T00:00:00.000Z,Emergency,FLOODING,Flood,1976-05-07T00:00:00.000Z,1976-05-07T00:00:00.000Z,Turndown,1976-05-07T00:00:00.000Z,0,0,0,0,76258,1976-05-07T00:00:00.000Z,2d43320d-e578-41b7-90e8-eca61157b9ed
76260,5,MI,Michigan,0,1976-05-14T00:00:00.000Z,Emergency,FLOODING,Flood,1976-05-14T00:00:00.000Z,1976-05-14T00:00:00.000Z,Turndown,1976-05-14T00:00:00.000Z,0,0,0,0,76260,1976-05-14T00:00:00.000Z,ce61c156-63b4-4065-a30d-39fc52cfc3eb
76263,6,TX,Texas,0,1976-06-16T00:00:00.000Z,Emergency,"WIND,HAIL,FLOOD",Flood,1976-06-16T00:00:00.000Z,1976-06-16T00:00:00.000Z,Turndown,1976-06-16T00:00:00.000Z,0,0,0,0,76263,1976-06-16T00:00:00.000Z,7f0dd827-c976-4589-b4a4-63335b113bce
76264,7,IA,Iowa,0,1976-06-25T00:00:00.000Z,Emergency,TORNADOES & HAIL,Tornado,1976-06-25T00:00:00.000Z,1976-06-25T00:00:00.000Z,Turndown,1976-06-25T00:00:00.000Z,0,0,0,0,76264,1976-06-25T00:00:00.000Z,5cc85ee1-efbb-4145-b14c-e0ae79622b09
76265,2,NY,New York,0,1976-07-07T00:00:00.000Z,Emergency,RAINS & FLOODING,Flood,1976-07-07T00:00:00.000Z,1976-07-07T00:00:00.000Z,Turndown,1976-07-07T00:00:00.000Z,0,0,0,0,76265,1976-07-07T00:00:00.000Z,1db06619-9e85-478d-98b8-b4e590b2b96e
76266,7,KS,Kansas,0,1976-07-07T00:00:00.000Z,Emergency,FLOOD,Flood,1976-07-07T00:00:00.000Z,1976-07-07T00:00:00.000Z,Turndown,1976-07-07T00:00:00.000Z,0,0,0,0,76266,1976-07-07T00:00:00.000Z,15963c71-207e-44cd-a358-41fcfbd98995
76267,7,IA,Iowa,0,1976-07-08T00:00:00.000Z,Emergency,TORNADOES,Tornado,1976-07-08T00:00:00.000Z,1976-07-08T00:00:00.000Z,Turndown,1976-07-08T00:00:00.000Z,0,0,0,0,76267,1976-07-08T00:00:00.000Z,984fa036-6058-4655-bf3a-2cc41c90984c
76268,7,MO,Missouri,0,1976-07-08T00:00:00.000Z,Emergency,FLOOD,Flood,1976-07-08T00:00:00.000Z,1976-07-08T00:00:00.000Z,Turndown,1976-07-08T00:00:00.000Z,0,0,0,0,76268,1976-07-08T00:00:00.000Z,93156541-c820-40b1-aa96-ec0e5497d65b
76269,3,PA,Pennsylvania,0,1976-07-21T00:00:00.000Z,Emergency,TORNADO,Tornado,1976-07-21T00:00:00.000Z,1976-07-21T00:00:00.000Z,Turndown,1976-07-21T00:00:00.000Z,0,0,0,0,76269,1976-07-21T00:00:00.000Z,5a9d42cb-d204-489e-98ec-5a87aebfffc8
76271,5,OH,Ohio,0,1976-07-30T00:00:00.000Z,Emergency,FLOOD,Flood,1976-07-30T00:00:00.000Z,1976-07-30T00:00:00.000Z,Turndown,1976-07-30T00:00:00.000Z,0,0,0,0,76271,1976-07-30T00:00:00.000Z,76bf6cc8-ac95-462c-a709-d8aedd293d67
76272,1,RI,Rhode Island,0,1976-09-03T00:00:00.000Z,Emergency,FLOOD,Flood,1976-09-03T00:00:00.000Z,1976-09-03T00:00:00.000Z,Turndown,1976-09-03T00:00:00.000Z,0,0,0,0,76272,1976-09-03T00:00:00.000Z,9d743f4e-536b-48b0-8446-86f5d07fa744
76273,6,NM,New Mexico,0,1976-09-09T00:00:00.000Z,Emergency,FLOOD,Flood,1976-09-09T00:00:00.000Z,1976-09-09T00:00:00.000Z,Turndown,1976-09-09T00:00:00.000Z,0,0,0,0,76273,1976-09-09T00:00:00.000Z,82f60572-607d-4793-b3c3-1049e5e4a789
76274,1,ME,Maine,0,1976-09-10T00:00:00.000Z,Emergency,FLOOD,Flood,1976-09-10T00:00:00.000Z,1976-09-10T00:00:00.000Z,Turndown,1976-09-10T00:00:00.000Z,0,0,0,0,76274,1976-09-10T00:00:00.000Z,1ce7ac09-fa49-44a9-b58c-74fc5b13baea
77013,8,SD,South Dakota,0,1976-10-22T00:00:00.000Z,Major Disaster,DROUGHT,Drought,1976-12-20T00:00:00.000Z,1976-12-20T00:00:00.000Z,Turndown,1976-12-20T00:00:00.000Z,0,0,0,0,77013,1976-12-20T00:00:00.000Z,fdd3e60f-e552-4ac3-9cb3-877cd851803b
77015,1,MA,Massachusetts,0,1976-12-22T00:00:00.000Z,Emergency,OIL SPILL,Toxic Substances,1977-01-14T00:00:00.000Z,1977-01-14T00:00:00.000Z,Turndown,1977-01-14T00:00:00.000Z,0,0,0,0,77015,1977-01-14T00:00:00.000Z,622ab474-3c29-473a-80d6-7de9d83eb9e6
77016,6,LA,Louisiana,0,1976-12-28T00:00:00.000Z,Emergency,DROUGHT,Drought,1977-01-11T00:00:00.000Z,1977-01-11T00:00:00.000Z,Turndown,1977-01-11T00:00:00.000Z,0,0,0,0,77016,1977-01-11T00:00:00.000Z,aab843f9-37d1-481d-8a53-b8a7d7addf4e
77017,6,OK,Oklahoma,0,1976-12-28T00:00:00.000Z,Major Disaster,URBAN FIRE,Fire,1977-01-07T00:00:00.000Z,1977-01-07T00:00:00.000Z,Turndown,1977-01-07T00:00:00.000Z,0,0,0,0,77017,1977-01-07T00:00:00.000Z,940b9ed5-2615-4e52-9c3b-deecb554f8c1
77020,1,RI,Rhode Island,0,1976-12-21T00:00:00.000Z,Major Disaster,OIL SPILL,Toxic Substances,1977-01-14T00:00:00.000Z,1977-01-14T00:00:00.000Z,Turndown,1977-01-14T00:00:00.000Z,0,0,0,0,77020,1977-01-14T00:00:00.000Z,1371cf9d-3c6d-473d-9795-3d646cc2ed8c
77033,3,PA,Pennsylvania,0,1977-01-29T00:00:00.000Z,Major Disaster,SNOWSTORMS,Snowstorm,1977-02-09T00:00:00.000Z,1977-02-09T00:00:00.000Z,Turndown,1977-03-29T00:00:00.000Z,0,0,0,0,77033,1977-02-09T00:00:00.000Z,a88badc2-cedf-4580-9dec-1c7b5c1c3afb
77039,5,OH,Ohio,0,1977-02-01T00:00:00.000Z,Major Disaster,SNOWSTORMS,Snowstorm,1977-03-09T00:00:00.000Z,1977-03-09T00:00:00.000Z,Turndown,1977-03-09T00:00:00.000Z,0,0,0,0,77039,1977-03-09T00:00:00.000Z,36bd6084-4317-4dcd-9bc3-7f37fe424f6c
77040,4,SC,South Carolina,0,1977-02-01T00:00:00.000Z,Emergency,DROUGHT & SEVERE COLD,Snowstorm,1977-03-04T00:00:00.000Z,1977-03-04T00:00:00.000Z,Turndown,1977-03-04T00:00:00.000Z,0,0,0,0,77040,1977-03-04T00:00:00.000Z,c688dca1-f7b3-44d1-b070-380ecff9d2ea
77041,4,NC,North Carolina,0,1977-02-04T00:00:00.000Z,Major Disaster,SEVERE WEATHER,Snowstorm,1977-02-14T00:00:00.000Z,1977-02-14T00:00:00.000Z,Turndown,1977-02-14T00:00:00.000Z,0,0,0,0,77041,1977-02-14T00:00:00.000Z,e6701a88-cefe-4af0-976a-9f21443cc672
77043,5,IN,Indiana,0,1977-02-04T00:00:00.000Z,Major Disaster,SNOWSTORMS,Snowstorm,1977-03-09T00:00:00.000Z,1977-03-09T00:00:00.000Z,Turndown,1977-04-08T00:00:00.000Z,0,0,0,0,77043,1977-03-09T00:00:00.000Z,386f9cf6-caf6-4c6d-abc9-f6195cbb5b91
77044,3,DE,Delaware,0,1977-02-10T00:00:00.000Z,Major Disaster,SEVERE WINTER WEATHER,Snowstorm,1977-02-22T00:00:00.000Z,1977-02-22T00:00:00.000Z,Turndown,1977-02-22T00:00:00.000Z,0,0,0,0,77044,1977-02-22T00:00:00.000Z,993e58f1-2688-433f-9d3f-2986fdd260ea
77045,4,GA,Georgia,0,1977-02-10T00:00:00.000Z,Emergency,"DROUGHT,RAINS,COLD",Snowstorm,1977-03-16T00:00:00.000Z,1977-03-16T00:00:00.000Z,Turndown,1977-03-16T00:00:00.000Z,0,0,0,0,77045,1977-03-16T00:00:00.000Z,00367663-8259-4f36-911f-d28ceb2d8fa8
77046,4,KY,Kentucky,0,1977-02-11T00:00:00.000Z,Major Disaster,SEVERE WINTER WEATHER,Snowstorm,1977-03-03T00:00:00.000Z,1977-03-03T00:00:00.000Z,Turndown,1977-03-03T00:00:00.000Z,0,0,0,0,77046,1977-03-03T00:00:00.000Z,57373c3c-8bd1-4336-959b-d2a5f4ac8201
77047,5,MI,Michigan,0,1977-02-14T00:00:00.000Z,Major Disaster,SNOWSTORMS & HIGH WINDS,Snowstorm,1977-03-04T00:00:00.000Z,1977-03-04T00:00:00.000Z,Turndown,1977-03-04T00:00:00.000Z,0,0,0,0,77047,1977-03-04T00:00:00.000Z,bfc41693-37ec-40c0-b5cf-a8685be38c06
77049,8,UT,Utah,0,1977-02-17T00:00:00.000Z,Major Disaster,DROUGHT,Drought,1977-03-11T00:00:00.000Z,1977-03-11T00:00:00.000Z,Turndown,1977-03-11T00:00:00.000Z,0,0,0,0,77049,1977-03-11T00:00:00.000Z,888c5afc-aea8-4cfd-b69d-04368eb3d021
77050,2,NY,New York,0,1977-02-04T00:00:00.000Z,Emergency,DROUGHT & SEVERE COLD,Snowstorm,1977-03-16T00:00:00.000Z,1977-03-16T00:00:00.000Z,Turndown,1977-03-16T00:00:00.000Z,0,0,0,0,77050,1977-03-16T00:00:00.000Z,a5b60bd6-eacc-40f1-b9c7-f895de8084e9
77052,4,KY,Kentucky,0,1977-02-11T00:00:00.000Z,Emergency,DROUGHT,Drought,1977-03-21T00:00:00.000Z,1977-03-21T00:00:00.000Z,Turndown,1977-03-21T00:00:00.000Z,0,0,0,0,77052,1977-03-21T00:00:00.000Z,6f2fd0b6-6340-4e00-ba05-c4484cc5682c
77054,4,TN,Tennessee,0,1977-03-09T00:00:00.000Z,Major Disaster,SEVERE WINTER WEATHER,Snowstorm,1977-03-29T00:00:00.000Z,1977-03-29T00:00:00.000Z,Turndown,1977-03-29T00:00:00.000Z,0,0,0,0,77054,1977-03-29T00:00:00.000Z,f4d2958d-7489-43d4-a335-f5f6512d41f6
77056,5,IL,Illinois,0,1977-03-09T00:00:00.000Z,Major Disaster,DROUGHT,Drought,1977-04-12T00:00:00.000Z,1977-04-12T00:00:00.000Z,Turndown,1977-04-12T00:00:00.000Z,0,0,0,0,77056,1977-04-12T00:00:00.000Z,e0a51e1c-6de2-4910-9dee-ab37dc4df9c8
77057,7,NE,Nebraska,0,1977-03-16T00:00:00.000Z,Major Disaster,SNOWSTORMS,Snowstorm,1977-04-11T00:00:00.000Z,1977-04-11T00:00:00.000Z,Turndown,1977-05-19T00:00:00.000Z,0,0,0,0,77057,1977-04-11T00:00:00.000Z,37b00c96-154c-41ff-b932-6c73c3ab798b
77058,2,NY,New York,0,1977-03-21T00:00:00.000Z,Major Disaster,FLOOD,Flood,1977-04-11T00:00:00.000Z,1977-04-11T00:00:00.000Z,Turndown,1977-04-11T00:00:00.000Z,0,0,0,0,77058,1977-04-11T00:00:00.000Z,1d9a7df3-10b0-4ddb-9fd5-a165c6d31cbc
77059,8,CO,Colorado,0,1977-03-22T00:00:00.000Z,Major Disaster,SNOWSTORMS,Snowstorm,1977-04-11T00:00:00.000Z,1977-04-11T00:00:00.000Z,Turndown,1977-05-19T00:00:00.000Z,0,0,0,0,77059,1977-04-11T00:00:00.000Z,7889490e-0443-4b5c-aa88-e1b5fd43b5c5
77060,7,KS,Kansas,0,1977-03-22T00:00:00.000Z,Major Disaster,SNOWSTORMS,Snowstorm,1977-04-11T00:00:00.000Z,1977-04-11T00:00:00.000Z,Turndown,1977-05-19T00:00:00.000Z,0,0,0,0,77060,1977-04-11T00:00:00.000Z,c6c8081b-fce7-4fd9-92ab-449ac9dab176
77063,2,NY,New York,0,1977-04-04T00:00:00.000Z,Major Disaster,SEVERE WINTER WEATHER,Snowstorm,1977-04-26T00:00:00.000Z,1977-04-26T00:00:00.000Z,Turndown,1977-05-19T00:00:00.000Z,0,0,0,0,77063,1977-04-26T00:00:00.000Z,c4f3730c-888b-4153-b6a5-3c2773768cfa
77070,4,GA,Georgia,0,1977-04-08T00:00:00.000Z,Major Disaster,SEVERE STROMS & FLOODING,Flood,1977-04-20T00:00:00.000Z,1977-04-20T00:00:00.000Z,Turndown,1977-04-20T00:00:00.000Z,0,0,0,0,77070,1977-04-20T00:00:00.000Z,ebc9bc9b-07a8-405a-b287-9c4aff855eab
77071,4,KY,Kentucky,0,1977-04-08T00:00:00.000Z,Emergency,SEWAGE PLANT CONTAMINATION,Flood,1977-04-26T00:00:00.000Z,1977-04-26T00:00:00.000Z,Turndown,1977-04-26T00:00:00.000Z,0,0,0,0,77071,1977-04-26T00:00:00.000Z,a1b4e02b-31e4-4dd5-8872-977245f0ee1b
77072,1,VT,Vermont,0,1977-04-11T00:00:00.000Z,Major Disaster,FLOOD,Flood,1977-04-18T00:00:00.000Z,1977-04-18T00:00:00.000Z,Turndown,1977-05-19T00:00:00.000Z,0,0,0,0,77072,1977-04-18T00:00:00.000Z,681db55f-e70c-4048-b08f-044c8487ac63
77073,6,AR,Arkansas,0,1977-04-11T00:00:00.000Z,Major Disaster,FLOODING,Flood,1977-04-26T00:00:00.000Z,1977-04-26T00:00:00.000Z,Turndown,1977-04-26T00:00:00.000Z,0,0,0,0,77073,1977-04-26T00:00:00.000Z,ad698dd7-87c1-44f0-9955-772cba9a2d57
77074,7,MO,Missouri,0,1977-04-14T00:00:00.000Z,Major Disaster,FLOODING,Flood,1977-04-25T00:00:00.000Z,1977-04-25T00:00:00.000Z,Turndown,1977-04-25T00:00:00.000Z,0,0,0,0,77074,1977-04-25T00:00:00.000Z,3e36fed1-09f7-41de-9201-a77a17fe1e68
77075,1,ME,Maine,0,1977-04-14T00:00:00.000Z,Major Disaster,FLOOD,Flood,1977-05-02T00:00:00.000Z,1977-05-02T00:00:00.000Z,Turndown,1977-06-06T00:00:00.000Z,0,0,0,0,77075,1977-05-02T00:00:00.000Z,9966248f-227b-405b-804d-33e47acbace5
77076,4,MS,Mississippi,0,1977-04-14T00:00:00.000Z,Major Disaster,SEVERE WINTER WEATHER,Snowstorm,1977-05-02T00:00:00.000Z,1977-05-02T00:00:00.000Z,Turndown,1977-05-02T00:00:00.000Z,0,0,0,0,77076,1977-05-02T00:00:00.000Z,09fe5b96-c83f-436b-87ad-8ecca063e509
77087,2,PR,Puerto Rico,0,1977-05-16T00:00:00.000Z,Emergency,DROUGHT,Drought,1977-06-09T00:00:00.000Z,1977-06-09T00:00:00.000Z,Turndown,1977-06-09T00:00:00.000Z,0,0,0,0,77087,1977-06-09T00:00:00.000Z,1807c489-13c7-403a-b508-74e293272001
77091,6,OK,Oklahoma,0,1977-05-25T00:00:00.000Z,Major Disaster,"FLOODING,TORNADOES",Tsunami,1977-06-13T00:00:00.000Z,1977-06-13T00:00:00.000Z,Turndown,1977-06-21T00:00:00.000Z,0,0,0,0,77091,1977-06-13T00:00:00.000Z,c0966451-4664-44e3-a077-ec885111160b
77092,5,IL,Illinois,0,1977-05-26T00:00:00.000Z,Major Disaster,"STORMS,TORNADOES",Tornado,1977-06-13T00:00:00.000Z,1977-06-13T00:00:00.000Z,Turndown,1977-06-13T00:00:00.000Z,0,0,0,0,77092,1977-06-13T00:00:00.000Z,eacd0f8a-5439-42fc-a9df-2a5aec286417
77095,4,NC,North Carolina,0,1977-06-09T00:00:00.000Z,Major Disaster,SEVERE WINTER WEATHER,Snowstorm,1977-06-23T00:00:00.000Z,1977-06-23T00:00:00.000Z,Turndown,1977-06-23T00:00:00.000Z,0,0,0,0,77095,1977-06-23T00:00:00.000Z,71091b22-7e2f-40c6-bf79-d37016f97910
77096,5,WI,Wisconsin,0,1977-06-09T00:00:00.000Z,Emergency,HIGH WINDS & TORNADOES,Tornado,1977-06-24T00:00:00.000Z,1977-06-24T00:00:00.000Z,Turndown,1977-06-24T00:00:00.000Z,0,0,0,0,77096,1977-06-24T00:00:00.000Z,a8eda207-323d-4ba7-90e9-a71c5843fbd3
77097,4,NC,North Carolina,0,1977-06-10T00:00:00.000Z,Emergency,WATER CONTAMINATION,Toxic Substances,1977-06-23T00:00:00.000Z,1977-06-23T00:00:00.000Z,Turndown,1977-06-23T00:00:00.000Z,0,0,0,0,77097,1977-06-23T00:00:00.000Z,9a3f716f-8b28-4c36-afb3-2d67420ab4da
77100,5,OH,Ohio,0,1977-06-29T00:00:00.000Z,Major Disaster,SEWER EXPLOSIONS,Other,1977-07-11T00:00:00.000Z,1977-07-11T00:00:00.000Z,Turndown,1977-08-19T00:00:00.000Z,0,0,0,0,77100,1977-07-11T00:00:00.000Z,9405b8dd-3256-46a9-8716-bece5a696060
77104,2,NY,New York,0,1977-07-15T00:00:00.000Z,Major Disaster,POWER OUTAGE,Other,1977-08-03T00:00:00.000Z,1977-08-03T00:00:00.000Z,Turndown,1977-08-03T00:00:00.000Z,0,0,0,0,77104,1977-08-03T00:00:00.000Z,384f2a4f-f0c6-4ac3-850c-2563fce0fed0
77112,9,CA,California,0,1977-08-02T00:00:00.000Z,Emergency,SANTA BARBARA FIRE,Fire,1977-08-29T00:00:00.000Z,1977-08-29T00:00:00.000Z,Turndown,1977-08-29T00:00:00.000Z,0,0,0,0,77112,1977-08-29T00:00:00.000Z,ea6355fd-8a15-43c7-997c-83213953e5e4
77115,5,WI,Wisconsin,0,1977-08-04T00:00:00.000Z,Major Disaster,TORNADOES,Tornado,1977-08-15T00:00:00.000Z,1977-08-15T00:00:00.000Z,Turndown,1977-10-03T00:00:00.000Z,0,0,0,0,77115,1977-08-15T00:00:00.000Z,cd8397a5-6e80-4ee1-a2c8-f737208e50ac
77123,9,CA,California,0,1977-09-09T00:00:00.000Z,Emergency,FOREST & BRUSH FIRES,Fire,1977-09-26T00:00:00.000Z,1977-09-26T00:00:00.000Z,Turndown,1977-09-26T00:00:00.000Z,0,0,0,0,77123,1977-09-26T00:00:00.000Z,d2ff1a11-31b2-4d00-b1d2-3fdbbce313b8
77124,6,LA,Louisiana,0,1977-09-09T00:00:00.000Z,Emergency,"H RAIN, H TIDES & FLOODING",Flood,1977-11-17T00:00:00.000Z,1977-11-17T00:00:00.000Z,Turndown,1977-11-17T00:00:00.000Z,0,0,0,0,77124,1977-11-17T00:00:00.000Z,20dbc392-661f-4a06-89db-6b41fe9e3be1
77126,9,CA,California,0,1977-09-15T00:00:00.000Z,Major Disaster,SEVERE STORMS & FLOODING,Flood,1977-09-28T00:00:00.000Z,1977-09-28T00:00:00.000Z,Turndown,1977-09-28T00:00:00.000Z,0,0,0,0,77126,1977-09-28T00:00:00.000Z,b2c5c09d-df3f-44bd-974f-7bc42e0512b1
77200,6,NM,New Mexico,0,1976-10-05T00:00:00.000Z,Emergency,FLOOD,Flood,1976-10-05T00:00:00.000Z,1976-10-05T00:00:00.000Z,Turndown,1976-10-05T00:00:00.000Z,0,0,0,0,77200,1976-10-05T00:00:00.000Z,387aeffa-8b8c-4d9e-812a-b2a8e8a3ab93
77202,5,MN,Minnesota,0,1977-01-12T00:00:00.000Z,Emergency,DROUGHT,Drought,1977-01-12T00:00:00.000Z,1977-01-12T00:00:00.000Z,Turndown,1977-01-12T00:00:00.000Z,0,0,0,0,77202,1977-01-12T00:00:00.000Z,34e2ff58-9432-4abb-81dc-66460142235c
77203,5,MN,Minnesota,0,1977-01-14T00:00:00.000Z,Emergency,DROUGHT,Drought,1977-01-14T00:00:00.000Z,1977-01-14T00:00:00.000Z,Turndown,1977-01-14T00:00:00.000Z,0,0,0,0,77203,1977-01-14T00:00:00.000Z,294fbfbc-a57a-4a44-8b73-930873e23e72
77204,5,WI,Wisconsin,0,1977-01-14T00:00:00.000Z,Emergency,DROUGHT,Drought,1977-01-14T00:00:00.000Z,1977-01-14T00:00:00.000Z,Turndown,1977-01-14T00:00:00.000Z,0,0,0,0,77204,1977-01-14T00:00:00.000Z,b4a8ead7-a186-431a-8c13-7b8668f2e7a9
77206,5,MI,Michigan,0,1977-01-21T00:00:00.000Z,Emergency,DROUGHT,Drought,1977-01-21T00:00:00.000Z,1977-01-21T00:00:00.000Z,Turndown,1977-01-21T00:00:00.000Z,0,0,0,0,77206,1977-01-21T00:00:00.000Z,83d6cc30-f737-4c4f-8a16-679aa2181791
77208,9,CA,California,0,1977-02-16T00:00:00.000Z,Emergency,DROUGHT,Drought,1977-02-16T00:00:00.000Z,1977-02-16T00:00:00.000Z,Turndown,1977-02-16T00:00:00.000Z,0,0,0,0,77208,1977-02-16T00:00:00.000Z,9ef94ca6-d527-4571-bc27-72ea91fd0457
77209,5,MN,Minnesota,0,1977-02-18T00:00:00.000Z,Emergency,DROUGHT,Drought,1977-02-18T00:00:00.000Z,1977-02-18T00:00:00.000Z,Turndown,1977-02-18T00:00:00.000Z,0,0,0,0,77209,1977-02-18T00:00:00.000Z,d06bbcfd-b2b5-4747-91bf-d01612b14471
77211,2,NY,New York,0,1977-02-23T00:00:00.000Z,Emergency,ICE CONDITIONS,Snowstorm,1977-02-23T00:00:00.000Z,1977-02-23T00:00:00.000Z,Turndown,1977-02-23T00:00:00.000Z,0,0,0,0,77211,1977-02-23T00:00:00.000Z,f9222673-6b6c-4642-b4bd-f4d765fba61a
77214,6,AR,Arkansas,0,1977-03-03T00:00:00.000Z,Emergency,DROUGHT & SEVERE COLD,Snowstorm,1977-03-03T00:00:00.000Z,1977-03-03T00:00:00.000Z,Turndown,1977-03-03T00:00:00.000Z,0,0,0,0,77214,1977-03-03T00:00:00.000Z,d5454403-97d2-425e-ba00-54f5a42fe253
77215,9,AZ,Arizona,0,1977-03-04T00:00:00.000Z,Emergency,FLOOD,Flood,1977-03-04T00:00:00.000Z,1977-03-04T00:00:00.000Z,Turndown,1977-03-04T00:00:00.000Z,0,0,0,0,77215,1977-03-04T00:00:00.000Z,57770aed-cc69-4588-8bea-6ed2bb77e823
77216,9,AZ,Arizona,0,1977-03-09T00:00:00.000Z,Emergency,FLOOD,Flood,1977-03-09T00:00:00.000Z,1977-03-09T00:00:00.000Z,Turndown,1977-03-09T00:00:00.000Z,0,0,0,0,77216,1977-03-09T00:00:00.000Z,2aadb866-fcc1-4d8e-ae6b-9b5a4e6c39c8
77217,7,MO,Missouri,0,1977-03-09T00:00:00.000Z,Emergency,ICE CONDITIONS,Snowstorm,1977-03-09T00:00:00.000Z,1977-03-09T00:00:00.000Z,Turndown,1977-03-09T00:00:00.000Z,0,0,0,0,77217,1977-03-09T00:00:00.000Z,ac0055f6-eccd-412a-8bdc-b82836f2594e
77218,1,RI,Rhode Island,0,1977-03-11T00:00:00.000Z,Emergency,ICE CONDITIONS,Snowstorm,1977-03-11T00:00:00.000Z,1977-03-11T00:00:00.000Z,Turndown,1977-03-11T00:00:00.000Z,0,0,0,0,77218,1977-03-11T00:00:00.000Z,eff17d23-409f-4eaf-828e-05b0b17bb7cf
77219,1,MA,Massachusetts,0,1977-03-11T00:00:00.000Z,Emergency,ICE CONDITIONS,Snowstorm,1977-03-11T00:00:00.000Z,1977-03-11T00:00:00.000Z,Turndown,1977-03-11T00:00:00.000Z,0,0,0,0,77219,1977-03-11T00:00:00.000Z,6daf1900-3d96-4b7f-a6eb-77e61a453dd8
77220,2,NY,New York,0,1977-03-15T00:00:00.000Z,Emergency,FLASH FLOOD,Flood,1977-03-15T00:00:00.000Z,1977-03-15T00:00:00.000Z,Turndown,1977-03-15T00:00:00.000Z,0,0,0,0,77220,1977-03-15T00:00:00.000Z,64d9f58d-3146-4c04-9f9c-0016955c86af
77221,1,CT,Connecticut,0,1977-03-11T00:00:00.000Z,Emergency,ICE CONDTIONS,Snowstorm,1977-03-11T00:00:00.000Z,1977-03-11T00:00:00.000Z,Turndown,1977-03-11T00:00:00.000Z,0,0,0,0,77221,1977-03-11T00:00:00.000Z,9cb862cc-4c41-4852-b57c-ce28bfda9203
77222,5,WI,Wisconsin,0,1977-03-18T00:00:00.000Z,Emergency,"DROUGHT, WELL DAMAGE",Drought,1977-03-18T00:00:00.000Z,1977-03-18T00:00:00.000Z,Turndown,1977-03-18T00:00:00.000Z,0,0,0,0,77222,1977-03-18T00:00:00.000Z,0901daab-c506-46c0-97ab-80106dd6f697
77224,5,MI,Michigan,0,1977-03-22T00:00:00.000Z,Emergency,DROUGHT,Drought,1977-03-22T00:00:00.000Z,1977-03-22T00:00:00.000Z,Turndown,1977-03-22T00:00:00.000Z,0,0,0,0,77224,1977-03-22T00:00:00.000Z,4d7da80d-87fc-4970-8df2-4406aa00d0fa
77225,6,TX,Texas,0,1977-04-11T00:00:00.000Z,Emergency,TORNADOES & FLOODS,Tsunami,1977-04-11T00:00:00.000Z,1977-04-11T00:00:00.000Z,Turndown,1977-04-11T00:00:00.000Z,0,0,0,0,77225,1977-04-11T00:00:00.000Z,1f73af2f-0416-4d5a-b59a-34a97dd8396c
77226,5,WI,Wisconsin,0,1977-04-11T00:00:00.000Z,Emergency,DROUGHT,Drought,1977-04-11T00:00:00.000Z,1977-04-11T00:00:00.000Z,Turndown,1977-04-11T00:00:00.000Z,0,0,0,0,77226,1977-04-11T00:00:00.000Z,74928331-c4b6-47ca-923d-6a7656e68207
77227,5,OH,Ohio,0,1977-04-13T00:00:00.000Z,Emergency,FLOOD,Flood,1977-04-13T00:00:00.000Z,1977-04-13T00:00:00.000Z,Turndown,1977-04-13T00:00:00.000Z,0,0,0,0,77227,1977-04-13T00:00:00.000Z,f3ddbbd0-840c-4d3d-bf95-3dd1903d16ed
77228,5,IL,Illinois,0,1977-04-13T00:00:00.000Z,Emergency,FLOOD,Flood,1977-04-13T00:00:00.000Z,1977-04-13T00:00:00.000Z,Turndown,1977-04-13T00:00:00.000Z,0,0,0,0,77228,1977-04-13T00:00:00.000Z,b692fbc8-c51c-41cd-b053-1ee2ddcf59d3
77229,5,MI,Michigan,0,1977-04-15T00:00:00.000Z,Emergency,TORNADO,Tornado,1977-04-15T00:00:00.000Z,1977-04-15T00:00:00.000Z,Turndown,1977-04-15T00:00:00.000Z,0,0,0,0,77229,1977-04-15T00:00:00.000Z,6fa16cd6-50d0-4825-b812-3a3725c72223
77231,2,NY,New York,0,1977-04-15T00:00:00.000Z,Emergency,HEAVY RAINS,Severe Storm,1977-04-15T00:00:00.000Z,1977-04-15T00:00:00.000Z,Turndown,1977-04-15T00:00:00.000Z,0,0,0,0,77231,1977-04-15T00:00:00.000Z,3adf2db7-3826-4fb3-ba88-8f5f6d1bb21f
77232,4,TN,Tennessee,0,1977-04-29T00:00:00.000Z,Emergency,FLOOD,Flood,1977-04-29T00:00:00.000Z,1977-04-29T00:00:00.000Z,Turndown,1977-04-29T00:00:00.000Z,0,0,0,0,77232,1977-04-29T00:00:00.000Z,cab1cc8a-5af8-489e-9f2f-8628478496ca
77233,10,ID,Idaho,0,1977-04-28T00:00:00.000Z,Emergency,"DROUGHT,WELL DAMAGE",Drought,1977-04-28T00:00:00.000Z,1977-04-28T00:00:00.000Z,Turndown,1977-04-28T00:00:00.000Z,0,0,0,0,77233,1977-04-28T00:00:00.000Z,b5df3fa9-a243-4706-8d30-d8540bb5982a
77235,5,WI,Wisconsin,0,1977-05-07T00:00:00.000Z,Emergency,"DROUGHT,WELL DAMAGE",Drought,1977-05-07T00:00:00.000Z,1977-05-07T00:00:00.000Z,Turndown,1977-05-07T00:00:00.000Z,0,0,0,0,77235,1977-05-07T00:00:00.000Z,534de128-270e-4d6d-9805-dfa0619fe23e
77236,4,NC,North Carolina,0,1977-05-12T00:00:00.000Z,Emergency,FLOOD,Flood,1977-05-12T00:00:00.000Z,1977-05-12T00:00:00.000Z,Turndown,1977-05-12T00:00:00.000Z,0,0,0,0,77236,1977-05-12T00:00:00.000Z,c91c9204-4bb0-4acc-86e1-c2c41720bc72
77237,6,TX,Texas,0,1977-05-12T00:00:00.000Z,Emergency,TORNADO,Tornado,1977-05-12T00:00:00.000Z,1977-05-12T00:00:00.000Z,Turndown,1977-05-12T00:00:00.000Z,0,0,0,0,77237,1977-05-12T00:00:00.000Z,803cc84b-2cc6-4a32-8d00-7a6914fb8d2c
77238,4,AL,Alabama,0,1977-05-12T00:00:00.000Z,Emergency,FLOOD,Flood,1977-05-12T00:00:00.000Z,1977-05-12T00:00:00.000Z,Turndown,1977-05-12T00:00:00.000Z,0,0,0,0,77238,1977-05-12T00:00:00.000Z,d42d254a-6407-439c-85c9-ab375d7bace9
77240,7,IA,Iowa,0,1977-05-19T00:00:00.000Z,Emergency,TORNADO & FLOOD,Tsunami,1977-05-19T00:00:00.000Z,1977-05-19T00:00:00.000Z,Turndown,1977-05-19T00:00:00.000Z,0,0,0,0,77240,1977-05-19T00:00:00.000Z,9e2d2477-e9d5-4503-bb86-34c199d640f8
77242,7,KS,Kansas,0,1977-06-02T00:00:00.000Z,Emergency,TORNADO,Tornado,1977-06-02T00:00:00.000Z,1977-06-02T00:00:00.000Z,Turndown,1977-06-02T00:00:00.000Z,0,0,0,0,77242,1977-06-02T00:00:00.000Z,4d06af7c-2b70-4160-97c1-dc1395723e78
77243,1,MA,Massachusetts,0,1977-06-02T00:00:00.000Z,Emergency,HIGH WINDS,Severe Storm,1977-06-02T00:00:00.000Z,1977-06-02T00:00:00.000Z,Turndown,1977-06-02T00:00:00.000Z,0,0,0,0,77243,1977-06-02T00:00:00.000Z,60001cc7-9291-4b4a-a075-90bc249a5a80
77244,5,WI,Wisconsin,0,1977-06-10T00:00:00.000Z,Emergency,"DROUGHT,WELLS",Drought,1977-06-10T00:00:00.000Z,1977-06-10T00:00:00.000Z,Turndown,1977-06-10T00:00:00.000Z,0,0,0,0,77244,1977-06-10T00:00:00.000Z,5fe4691c-6eb3-4727-ac92-6c3da86d16a8
77245,1,NH,New Hampshire,0,1977-06-16T00:00:00.000Z,Emergency,WINTER STORM,Snowstorm,1977-06-16T00:00:00.000Z,1977-06-16T00:00:00.000Z,Turndown,1977-06-16T00:00:00.000Z,0,0,0,0,77245,1977-06-16T00:00:00.000Z,9d0fdaa6-0ce9-4e81-92ab-ca520dc68180
77246,1,ME,Maine,0,1977-06-16T00:00:00.000Z,Emergency,COASTAL STORM,Coastal Storm,1977-06-16T00:00:00.000Z,1977-06-16T00:00:00.000Z,Turndown,1977-06-16T00:00:00.000Z,0,0,0,0,77246,1977-06-16T00:00:00.000Z,dd16fc18-c21e-40fe-8887-5d50082b08ca
77247,5,IL,Illinois,0,1977-06-17T00:00:00.000Z,Emergency,TORNADOES,Tornado,1977-06-17T00:00:00.000Z,1977-06-17T00:00:00.000Z,Turndown,1977-06-17T00:00:00.000Z,0,0,0,0,77247,1977-06-17T00:00:00.000Z,a488d4e1-b875-4359-a39b-9c8575315af4
77248,1,MA,Massachusetts,0,1977-06-24T00:00:00.000Z,Emergency,URBAN FIRE,Fire,1977-06-24T00:00:00.000Z,1977-06-24T00:00:00.000Z,Turndown,1977-06-24T00:00:00.000Z,0,0,0,0,77248,1977-06-24T00:00:00.000Z,4ff3f0d7-e225-4676-9060-f6fcbeecd3a3
77249,5,WI,Wisconsin,0,1977-07-05T00:00:00.000Z,Emergency,TORNADO,Tornado,1977-07-05T00:00:00.000Z,1977-07-05T00:00:00.000Z,Turndown,1977-07-05T00:00:00.000Z,0,0,0,0,77249,1977-07-05T00:00:00.000Z,eb84b1bc-900e-47bf-8c14-8c8f0c495ea2
77251,5,OH,Ohio,0,1977-07-19T00:00:00.000Z,Emergency,TORNADO,Tornado,1977-07-19T00:00:00.000Z,1977-07-19T00:00:00.000Z,Turndown,1977-07-19T00:00:00.000Z,0,0,0,0,77251,1977-07-19T00:00:00.000Z,59305d0f-393d-4327-a19d-e338db14756a
77252,4,GA,Georgia,0,1977-07-22T00:00:00.000Z,Emergency,FLOOD,Flood,1977-07-22T00:00:00.000Z,1977-07-22T00:00:00.000Z,Turndown,1977-07-22T00:00:00.000Z,0,0,0,0,77252,1977-07-22T00:00:00.000Z,79605364-3e84-4604-a4d5-2bca1b4687d3
77254,5,OH,Ohio,0,1977-08-02T00:00:00.000Z,Emergency,FLOOD,Flood,1977-08-02T00:00:00.000Z,1977-08-02T00:00:00.000Z,Turndown,1977-08-02T00:00:00.000Z,0,0,0,0,77254,1977-08-02T00:00:00.000Z,e2cc3d48-be9d-4774-982c-e0c94035182b
77255,4,FL,Florida,0,1977-08-04T00:00:00.000Z,Emergency,DROUGHT,Drought,1977-08-04T00:00:00.000Z,1977-08-04T00:00:00.000Z,Turndown,1977-08-04T00:00:00.000Z,0,0,0,0,77255,1977-08-04T00:00:00.000Z,5047d6bd-b55d-4d6f-8830-656038deb6d2
77256,4,NC,North Carolina,0,1977-08-09T00:00:00.000Z,Emergency,DROUGHT,Drought,1977-08-09T00:00:00.000Z,1977-08-09T00:00:00.000Z,Turndown,1977-08-09T00:00:00.000Z,0,0,0,0,77256,1977-08-09T00:00:00.000Z,51a4dcff-55c2-4fc3-b61e-6fcafddac877
77257,4,SC,South Carolina,0,1977-08-10T00:00:00.000Z,Emergency,DROUGHT,Drought,1977-08-10T00:00:00.000Z,1977-08-10T00:00:00.000Z,Turndown,1977-08-10T00:00:00.000Z,0,0,0,0,77257,1977-08-10T00:00:00.000Z,593ae9d3-fbaa-4846-8d79-423ad87e1cb9
77258,10,OR,Oregon,0,1977-08-12T00:00:00.000Z,Emergency,DROUGHT,Drought,1977-08-12T00:00:00.000Z,1977-08-12T00:00:00.000Z,Turndown,1977-08-12T00:00:00.000Z,0,0,0,0,77258,1977-08-12T00:00:00.000Z,1e07310b-af8d-449a-b4e4-3246a6f37900
77260,4,AL,Alabama,0,1977-08-12T00:00:00.000Z,Emergency,DROUGHT,Drought,1977-08-12T00:00:00.000Z,1977-08-12T00:00:00.000Z,Turndown,1977-08-12T00:00:00.000Z,0,0,0,0,77260,1977-08-12T00:00:00.000Z,73433d98-3ff7-4cca-97b9-44586e9bfa20
77261,10,ID,Idaho,0,1977-08-23T00:00:00.000Z,Emergency,DROUGHT,Drought,1977-08-23T00:00:00.000Z,1977-08-23T00:00:00.000Z,Turndown,1977-08-23T00:00:00.000Z,0,0,0,0,77261,1977-08-23T00:00:00.000Z,2742071c-ddd1-4019-9c44-e1698581d3c2
77262,3,WV,West Virginia,0,1977-08-19T00:00:00.000Z,Emergency,FLOOD,Flood,1977-08-19T00:00:00.000Z,1977-08-19T00:00:00.000Z,Turndown,1977-08-19T00:00:00.000Z,0,0,0,0,77262,1977-08-19T00:00:00.000Z,c169f741-ae58-479d-81cd-9d8fc62a49c3
77263,3,VA,Virginia,0,1977-08-29T00:00:00.000Z,Emergency,DROUGHT,Drought,1977-08-29T00:00:00.000Z,1977-08-29T00:00:00.000Z,Turndown,1977-08-29T00:00:00.000Z,0,0,0,0,77263,1977-08-29T00:00:00.000Z,be2388e6-8fbe-4ef0-bfa4-5de03d33c972
77264,7,IA,Iowa,0,1977-08-23T00:00:00.000Z,Emergency,DROUGHT,Drought,1977-08-23T00:00:00.000Z,1977-08-23T00:00:00.000Z,Turndown,1977-08-23T00:00:00.000Z,0,0,0,0,77264,1977-08-23T00:00:00.000Z,46cc85f8-8b2a-4b43-bf93-e640f58eaef1
77265,7,KS,Kansas,0,1977-09-02T00:00:00.000Z,Emergency,TORNADO & FLOOD,Tsunami,1977-09-02T00:00:00.000Z,1977-09-02T00:00:00.000Z,Turndown,1977-09-02T00:00:00.000Z,0,0,0,0,77265,1977-09-02T00:00:00.000Z,ee425775-e399-45f0-925d-2814a3114cfa
77266,4,MS,Mississippi,0,1977-08-31T00:00:00.000Z,Emergency,DROUGHT,Drought,1977-08-31T00:00:00.000Z,1977-08-31T00:00:00.000Z,Turndown,1977-08-31T00:00:00.000Z,0,0,0,0,77266,1977-08-31T00:00:00.000Z,63d933ed-5d76-47de-9cc8-4a44d5542e7d
77267,9,CA,California,0,1977-08-31T00:00:00.000Z,Emergency,FLOOD,Flood,1977-08-31T00:00:00.000Z,1977-08-31T00:00:00.000Z,Turndown,1977-08-31T00:00:00.000Z,0,0,0,0,77267,1977-08-31T00:00:00.000Z,3b940dd7-a3b8-4697-8e6c-d937f34f02af
77268,7,IA,Iowa,0,1977-09-12T00:00:00.000Z,Emergency,FLOOD,Flood,1977-09-12T00:00:00.000Z,1977-09-12T00:00:00.000Z,Turndown,1977-09-12T00:00:00.000Z,0,0,0,0,77268,1977-09-12T00:00:00.000Z,42e723cd-985a-4990-a2d6-87d19b465f5a
77269,10,ID,Idaho,0,1977-09-12T00:00:00.000Z,Emergency,DROUGHT,Drought,1977-09-12T00:00:00.000Z,1977-09-12T00:00:00.000Z,Turndown,1977-09-12T00:00:00.000Z,0,0,0,0,77269,1977-09-12T00:00:00.000Z,c58b8d4f-d570-4483-8ffc-5228d0ae8a79
77271,5,IL,Illinois,0,1977-09-16T00:00:00.000Z,Emergency,TORNADO,Tornado,1977-09-16T00:00:00.000Z,1977-09-16T00:00:00.000Z,Turndown,1977-09-16T00:00:00.000Z,0,0,0,0,77271,1977-09-16T00:00:00.000Z,56f43f2e-e66b-45fc-b131-9d473b9f10db
77272,5,MN,Minnesota,0,1977-09-16T00:00:00.000Z,Emergency,HEAVY RAINS,Severe Storm,1977-09-16T00:00:00.000Z,1977-09-16T00:00:00.000Z,Turndown,1977-09-16T00:00:00.000Z,0,0,0,0,77272,1977-09-16T00:00:00.000Z,4adb4a4e-4739-4297-9db4-6e553556dd17
77273,6,LA,Louisiana,0,1977-09-19T00:00:00.000Z,Emergency,FLOOD,Flood,1977-09-19T00:00:00.000Z,1977-09-19T00:00:00.000Z,Turndown,1977-09-19T00:00:00.000Z,0,0,0,0,77273,1977-09-19T00:00:00.000Z,c3bfb28b-bcd5-4768-96fc-ad4c7c2c7ed2
77274,4,TN,Tennessee,0,1977-09-28T00:00:00.000Z,Emergency,DROUGHT,Drought,1977-09-28T00:00:00.000Z,1977-09-28T00:00:00.000Z,Turndown,1977-09-28T00:00:00.000Z,0,0,0,0,77274,1977-09-28T00:00:00.000Z,1649f066-e4d0-4a4c-8e4b-56d4938441a1
77276,5,WI,Wisconsin,0,1977-09-29T00:00:00.000Z,Emergency,"DROUGHT, DRY WELLS",Drought,1977-09-29T00:00:00.000Z,1977-09-29T00:00:00.000Z,Turndown,1977-09-29T00:00:00.000Z,0,0,0,0,77276,1977-09-29T00:00:00.000Z,81684cbd-4d28-4d75-9635-f7e0aaf7798e
77277,5,WI,Wisconsin,0,1977-09-29T00:00:00.000Z,Emergency,TORNADO,Tornado,1977-09-29T00:00:00.000Z,1977-09-29T00:00:00.000Z,Turndown,1977-09-29T00:00:00.000Z,0,0,0,0,77277,1977-09-29T00:00:00.000Z,f1966485-79e2-4222-8fd7-2c690a7c8b89
78001,7,MO,Missouri,0,1977-10-03T00:00:00.000Z,Major Disaster,SEVERE STORMS & FLOODING,Flood,1977-10-11T00:00:00.000Z,1977-10-11T00:00:00.000Z,Turndown,1977-10-11T00:00:00.000Z,0,0,0,0,78001,1977-10-11T00:00:00.000Z,300e3c92-35c8-4685-acf6-0c272f6c4e48
78002,4,TN,Tennessee,0,1977-10-07T00:00:00.000Z,Major Disaster,SEVERE STORMS & FLOODING,Flood,1977-10-18T00:00:00.000Z,1977-10-18T00:00:00.000Z,Turndown,1977-12-06T00:00:00.000Z,0,0,0,0,78002,1977-10-18T00:00:00.000Z,a360e2d1-3ce9-45a6-8175-37955eb9d47d
78003,5,MN,Minnesota,0,1977-10-12T00:00:00.000Z,Major Disaster,FLASH FLOODING,Flood,1977-10-31T00:00:00.000Z,1977-10-31T00:00:00.000Z,Turndown,1977-10-31T00:00:00.000Z,0,0,0,0,78003,1977-10-31T00:00:00.000Z,f9a5b475-8393-4a52-b558-61fe7f1243ca
78004,2,VI,Virgin Islands of the U.S.,0,1977-10-21T00:00:00.000Z,Major Disaster,FLASH FLOODING,Flood,1977-11-07T00:00:00.000Z,1977-11-07T00:00:00.000Z,Turndown,1977-11-07T00:00:00.000Z,0,0,0,0,78004,1977-11-07T00:00:00.000Z,06d0fcc5-3f36-4351-aa22-5945477ee3b6
78008,4,SC,South Carolina,0,1977-11-09T00:00:00.000Z,Major Disaster,WINTER FREEZE & SHRIMP LOSS,Snowstorm,1977-12-19T00:00:00.000Z,1977-12-19T00:00:00.000Z,Turndown,1977-12-19T00:00:00.000Z,0,0,0,0,78008,1977-12-19T00:00:00.000Z,9a98497c-9e70-44c4-965c-b9cc9bdc4361
78012,2,NY,New York,0,1977-11-12T00:00:00.000Z,Major Disaster,HEAVY RAINS & FLOODING,Snowstorm,1977-11-23T00:00:00.000Z,1977-11-23T00:00:00.000Z,Turndown,1977-11-23T00:00:00.000Z,0,0,0,0,78012,1977-11-23T00:00:00.000Z,4e268c63-273b-4899-b5fe-e47056f54a8a
78013,2,NJ,New Jersey,0,1977-11-15T00:00:00.000Z,Major Disaster,HEAVY RAINS & FLOODING,Flood,1977-11-23T00:00:00.000Z,1977-11-23T00:00:00.000Z,Turndown,1978-02-02T00:00:00.000Z,0,0,0,0,78013,1977-11-23T00:00:00.000Z,57b6b2a4-0c99-44f6-b55f-d70daec3809d
78015,4,GA,Georgia,0,1977-11-22T00:00:00.000Z,Major Disaster,FLOODING,Flood,1977-12-06T00:00:00.000Z,1977-12-06T00:00:00.000Z,Turndown,1977-12-06T00:00:00.000Z,0,0,0,0,78015,1977-12-06T00:00:00.000Z,4ae0c249-60e0-4a5a-b0b5-34365ad45a30
78018,8,ND,North Dakota,0,1978-01-11T00:00:00.000Z,Major Disaster,SEVERE WINTER STORMS,Snowstorm,1978-01-25T00:00:00.000Z,1978-01-25T00:00:00.000Z,Turndown,1978-01-25T00:00:00.000Z,0,0,0,0,78018,1978-01-25T00:00:00.000Z,c1712a34-f555-4010-a487-681d7593d733
78022,3,PA,Pennsylvania,0,1978-01-25T00:00:00.000Z,Major Disaster,SNOWSTORMS,Snowstorm,1978-02-09T00:00:00.000Z,1978-02-09T00:00:00.000Z,Turndown,1978-02-09T00:00:00.000Z,0,0,0,0,78022,1978-02-09T00:00:00.000Z,e8679023-119e-4a87-9597-d887fc30b810
78023,1,ME,Maine,0,1978-01-19T00:00:00.000Z,Major Disaster,SEVERE WINTER WEATHER,Snowstorm,1978-02-06T00:00:00.000Z,1978-02-06T00:00:00.000Z,Turndown,1978-02-06T00:00:00.000Z,0,0,0,0,78023,1978-02-06T00:00:00.000Z,650f89a0-cb5f-4d25-94a5-4ee48f0c0ce8
78024,9,CA,California,0,1978-01-26T00:00:00.000Z,Major Disaster,HIGH WINDS & RAINS,Severe Storm,1978-02-02T00:00:00.000Z,1978-02-02T00:00:00.000Z,Turndown,1978-02-02T00:00:00.000Z,0,0,0,0,78024,1978-02-02T00:00:00.000Z,8a7ee29c-b936-41eb-8b8b-37b1e3e3b203
78025,4,KY,Kentucky,0,1978-01-26T00:00:00.000Z,Major Disaster,"ICE, SNOW, FLOODS",Flood,1978-02-10T00:00:00.000Z,1978-02-10T00:00:00.000Z,Turndown,1978-02-10T00:00:00.000Z,0,0,0,0,78025,1978-02-10T00:00:00.000Z,6d505fa2-b9c8-42c0-a74c-ec532d9e5562
78029,5,IL,Illinois,0,1978-01-30T00:00:00.000Z,Emergency,SNOWSTORM,Snowstorm,1978-02-06T00:00:00.000Z,1978-02-06T00:00:00.000Z,Turndown,1978-02-06T00:00:00.000Z,0,0,0,0,78029,1978-02-06T00:00:00.000Z,445a5c49-c028-4aa9-842d-fb0906208fbb
78030,5,OH,Ohio,0,1978-01-30T00:00:00.000Z,Major Disaster,SEVERE WINTER WEATHER,Snowstorm,1978-05-01T00:00:00.000Z,1978-05-01T00:00:00.000Z,Turndown,1978-05-01T00:00:00.000Z,0,0,0,0,78030,1978-05-01T00:00:00.000Z,34bb6277-6d72-4461-adc3-ab5a663b9389
78032,4,KY,Kentucky,0,1978-01-30T00:00:00.000Z,Emergency,HEAVY RAINS,Severe Storm,1978-02-09T00:00:00.000Z,1978-02-09T00:00:00.000Z,Turndown,1978-02-09T00:00:00.000Z,0,0,0,0,78032,1978-02-09T00:00:00.000Z,98afebaf-cf8b-4afe-8c88-8161008fea2a
78033,9,CA,California,0,1978-02-03T00:00:00.000Z,Major Disaster,FLOOD,Flood,1978-02-09T00:00:00.000Z,1978-02-09T00:00:00.000Z,Turndown,1978-02-09T00:00:00.000Z,0,0,0,0,78033,1978-02-09T00:00:00.000Z,0e6941d0-6312-4224-bb6c-37d2fbed9de3
78035,4,FL,Florida,0,1978-02-06T00:00:00.000Z,Major Disaster,FLOOD,Flood,1978-02-17T00:00:00.000Z,1978-02-17T00:00:00.000Z,Turndown,1978-02-24T00:00:00.000Z,0,0,0,0,78035,1978-02-17T00:00:00.000Z,d20f5eab-5c70-4d2c-abde-8a80a9c5dbd2
78038,3,PA,Pennsylvania,0,1978-02-06T00:00:00.000Z,Emergency,SNOWSTORM,Snowstorm,1978-02-09T00:00:00.000Z,1978-02-09T00:00:00.000Z,Turndown,1978-02-09T00:00:00.000Z,0,0,0,0,78038,1978-02-09T00:00:00.000Z,577ad955-e4b9-4cc3-bdc1-84f41643de48
78039,4,AL,Alabama,0,1978-02-07T00:00:00.000Z,Major Disaster,HIGH WINDS & FLOODING,Flood,1978-02-16T00:00:00.000Z,1978-02-16T00:00:00.000Z,Turndown,1978-03-08T00:00:00.000Z,0,0,0,0,78039,1978-02-16T00:00:00.000Z,3590a2ac-8496-4b8f-8093-18bb816b107c
78040,2,NY,New York,0,1978-02-08T00:00:00.000Z,Major Disaster,SEVERE WINTER WEATHER,Severe Storm,1978-02-23T00:00:00.000Z,1978-02-23T00:00:00.000Z,Turndown,1978-03-28T00:00:00.000Z,0,0,0,0,78040,1978-02-23T00:00:00.000Z,4edd73df-71e6-44f9-871f-f560c88ae218
78041,3,DE,Delaware,0,1978-02-09T00:00:00.000Z,Emergency,SNOWSTORM,Snowstorm,1978-02-10T00:00:00.000Z,1978-02-10T00:00:00.000Z,Turndown,1978-02-10T00:00:00.000Z,0,0,0,0,78041,1978-02-10T00:00:00.000Z,625fcc73-d643-48ad-b587-311ddb11376c
78043,5,OH,Ohio,0,1978-02-10T00:00:00.000Z,Major Disaster,SEVERE WINTER WEATHER,Snowstorm,1978-02-24T00:00:00.000Z,1978-02-24T00:00:00.000Z,Turndown,1978-02-24T00:00:00.000Z,0,0,0,0,78043,1978-02-24T00:00:00.000Z,90f0dd11-1f8b-43e0-8e50-cb1b4b2a56dd
78045,2,NJ,New Jersey,0,1978-02-10T00:00:00.000Z,Major Disaster,COASTAL FLOODING,Flood,1978-02-23T00:00:00.000Z,1978-02-23T00:00:00.000Z,Turndown,1978-04-07T00:00:00.000Z,0,0,0,0,78045,1978-02-23T00:00:00.000Z,01a54332-67ec-4cd8-afd4-726f8803c6a2
78053,5,MI,Michigan,0,1978-02-21T00:00:00.000Z,Major Disaster,SNOWSTORMS,Snowstorm,1978-03-23T00:00:00.000Z,1978-03-23T00:00:00.000Z,Turndown,1978-03-23T00:00:00.000Z,0,0,0,0,78053,1978-03-23T00:00:00.000Z,3999f184-ea31-448b-b4ab-0aa853775877
78055,2,NY,New York,0,1978-02-23T00:00:00.000Z,Emergency,COASTAL FLOODING,Flood,1978-03-08T00:00:00.000Z,1978-03-08T00:00:00.000Z,Turndown,1978-03-08T00:00:00.000Z,0,0,0,0,78055,1978-03-08T00:00:00.000Z,44d22ab3-0848-4a13-8544-e9d0a1fc7efa
78056,1,CT,Connecticut,0,1978-02-24T00:00:00.000Z,Major Disaster,"STORMS, ICE, FLOODING",Flood,1978-03-14T00:00:00.000Z,1978-03-14T00:00:00.000Z,Turndown,1978-03-14T00:00:00.000Z,0,0,0,0,78056,1978-03-14T00:00:00.000Z,0601ad2a-75cb-4795-8d5b-53369281b6d0
78058,5,OH,Ohio,0,1978-03-27T00:00:00.000Z,Emergency,ICE JAMS & FLOOD,Snowstorm,1978-05-17T00:00:00.000Z,1978-05-17T00:00:00.000Z,Turndown,1978-05-17T00:00:00.000Z,0,0,0,0,78058,1978-05-17T00:00:00.000Z,5174319e-f4e9-495d-a3bb-34babdf44831
78061,5,IL,Illinois,0,1978-03-25T00:00:00.000Z,Major Disaster,ICESTORM,Snowstorm,1978-04-03T00:00:00.000Z,1978-04-03T00:00:00.000Z,Turndown,1978-05-08T00:00:00.000Z,0,0,0,0,78061,1978-04-03T00:00:00.000Z,dab2817b-c2ba-493e-93ac-75e9eca6b2af
78070,3,VA,Virginia,0,1978-04-28T00:00:00.000Z,Major Disaster,FLOODING,Flood,1978-05-08T00:00:00.000Z,1978-05-08T00:00:00.000Z,Turndown,1978-05-08T00:00:00.000Z,0,0,0,0,78070,1978-05-08T00:00:00.000Z,94a9c086-05bd-4cb0-bfc9-57b67af2a17c
78072,4,AL,Alabama,0,1978-05-17T00:00:00.000Z,Major Disaster,HIGH WINDS & FLOODING,Flood,1978-05-23T00:00:00.000Z,1978-05-23T00:00:00.000Z,Turndown,1978-05-23T00:00:00.000Z,0,0,0,0,78072,1978-05-23T00:00:00.000Z,51920378-70f1-4eb0-b82a-b4864ec50472
78075,4,GA,Georgia,0,1978-06-26T00:00:00.000Z,Major Disaster,SEVERE COLD WEATHER,Snowstorm,1978-06-30T00:00:00.000Z,1978-06-30T00:00:00.000Z,Turndown,1978-06-30T00:00:00.000Z,0,0,0,0,78075,1978-06-30T00:00:00.000Z,6f1c441b-2847-40fe-b2ee-73ced1282710
78079,1,NH,New Hampshire,0,1978-07-07T00:00:00.000Z,Major Disaster,FLOODING,Flood,1978-07-19T00:00:00.000Z,1978-07-19T00:00:00.000Z,Turndown,1978-07-19T00:00:00.000Z,0,0,0,0,78079,1978-07-19T00:00:00.000Z,5040cf5a-1d96-4078-a486-7f91c31ab873
78080,4,MS,Mississippi,0,1978-07-31T00:00:00.000Z,Major Disaster,FLASH FLOODING,Flood,1978-08-09T00:00:00.000Z,1978-08-09T00:00:00.000Z,Turndown,1978-08-09T00:00:00.000Z,0,0,0,0,78080,1978-08-09T00:00:00.000Z,8114d1ee-4a65-4777-b05c-c34c0820f85a
78083,8,MT,Montana,0,1978-08-03T00:00:00.000Z,Major Disaster,SEVERE STORMS & FLOODING,Flood,1978-08-09T00:00:00.000Z,1978-08-09T00:00:00.000Z,Turndown,1978-08-09T00:00:00.000Z,0,0,0,0,78083,1978-08-09T00:00:00.000Z,49a83823-2f0d-4fe8-b692-96d59e0a00ab
78085,5,MI,Michigan,0,1978-08-10T00:00:00.000Z,Emergency,SEWER LINE RUPTURE,Human Cause,1978-09-18T00:00:00.000Z,1978-09-18T00:00:00.000Z,Turndown,1978-09-18T00:00:00.000Z,0,0,0,0,78085,1978-09-18T00:00:00.000Z,9eff01b6-667e-4d0b-a346-19c1ddd34437
78090,4,NC,North Carolina,0,1978-08-15T00:00:00.000Z,Emergency,PCB CONTAMINATION,Toxic Substances,1978-09-29T00:00:00.000Z,1978-09-29T00:00:00.000Z,Turndown,1978-09-29T00:00:00.000Z,0,0,0,0,78090,1978-09-29T00:00:00.000Z,2ee1059d-9723-47fa-a522-74e82d15ecdd
78096,6,TX,Texas,0,1978-09-25T00:00:00.000Z,Major Disaster,SEVERE STORMS & FLOODING,Flood,1978-09-30T00:00:00.000Z,1978-09-30T00:00:00.000Z,Turndown,1978-09-30T00:00:00.000Z,0,0,0,0,78096,1978-09-30T00:00:00.000Z,95e630b6-bb44-40a5-a4c7-00be6527af9c
78201,4,AL,Alabama,0,1977-10-07T00:00:00.000Z,Emergency,FLOOD,Flood,1977-10-07T00:00:00.000Z,1977-10-07T00:00:00.000Z,Turndown,1977-10-07T00:00:00.000Z,0,0,0,0,78201,1977-10-07T00:00:00.000Z,ae1797a2-588a-414b-ab65-b91094c8fc16
78202,5,MN,Minnesota,0,1977-10-07T00:00:00.000Z,Emergency,TORNADO,Tornado,1977-10-07T00:00:00.000Z,1977-10-07T00:00:00.000Z,Turndown,1977-10-07T00:00:00.000Z,0,0,0,0,78202,1977-10-07T00:00:00.000Z,650ce379-8bf0-482c-8823-926f471ff7dd
78203,10,WA,Washington,0,1977-10-19T00:00:00.000Z,Emergency,"DROUGHT, CROPS & WELLS",Drought,1977-10-19T00:00:00.000Z,1977-10-19T00:00:00.000Z,Turndown,1977-10-19T00:00:00.000Z,0,0,0,0,78203,1977-10-19T00:00:00.000Z,94c74a24-9d06-4db2-83f1-25c8fef5d40a
78205,5,OH,Ohio,0,1977-10-06T00:00:00.000Z,Emergency,TORNADO,Tornado,1977-10-06T00:00:00.000Z,1977-10-06T00:00:00.000Z,Turndown,1977-10-06T00:00:00.000Z,0,0,0,0,78205,1977-10-06T00:00:00.000Z,87dd0a1c-efde-45a2-b120-6d6ac9a0dd2a
78206,8,ND,North Dakota,0,1977-10-19T00:00:00.000Z,Emergency,WINDSTORM,Severe Storm,1977-10-19T00:00:00.000Z,1977-10-19T00:00:00.000Z,Turndown,1977-10-19T00:00:00.000Z,0,0,0,0,78206,1977-10-19T00:00:00.000Z,a55bac30-b5d7-4682-bfa8-f0c817613d47
78207,3,VA,Virginia,0,1977-10-19T00:00:00.000Z,Emergency,FLOOD,Flood,1977-10-19T00:00:00.000Z,1977-10-19T00:00:00.000Z,Turndown,1977-10-19T00:00:00.000Z,0,0,0,0,78207,1977-10-19T00:00:00.000Z,fb4ced02-1c8e-4c49-9971-643b1ab32dd9
78208,8,CO,Colorado,0,1977-10-21T00:00:00.000Z,Emergency,EXPLOSION,Other,1977-10-21T00:00:00.000Z,1977-10-21T00:00:00.000Z,Turndown,1977-10-21T00:00:00.000Z,0,0,0,0,78208,1977-10-21T00:00:00.000Z,d23ed2ce-0109-4462-888a-cab9e86a59c0
78209,5,IL,Illinois,0,1977-10-26T00:00:00.000Z,Emergency,FLOOD,Flood,1977-10-26T00:00:00.000Z,1977-10-26T00:00:00.000Z,Turndown,1977-10-26T00:00:00.000Z,0,0,0,0,78209,1977-10-26T00:00:00.000Z,e19d60d9-810e-46d6-8550-0a9521778adb
78210,4,KY,Kentucky,0,1977-10-28T00:00:00.000Z,Emergency,FLOOD,Flood,1977-10-28T00:00:00.000Z,1977-10-28T00:00:00.000Z,Turndown,1977-10-28T00:00:00.000Z,0,0,0,0,78210,1977-10-28T00:00:00.000Z,089652d5-1d46-42db-ba37-a844bdeed078
78211,4,TN,Tennessee,0,1977-10-28T00:00:00.000Z,Emergency,TORNADO & FLOOD,Tsunami,1977-10-28T00:00:00.000Z,1977-10-28T00:00:00.000Z,Turndown,1977-10-28T00:00:00.000Z,0,0,0,0,78211,1977-10-28T00:00:00.000Z,e1a0f2e0-41a2-47b0-b941-e10cbf76ac3e
78215,7,MO,Missouri,0,1977-11-17T00:00:00.000Z,Emergency,DROUGHT,Drought,1977-11-17T00:00:00.000Z,1977-11-17T00:00:00.000Z,Turndown,1977-11-17T00:00:00.000Z,0,0,0,0,78215,1977-11-17T00:00:00.000Z,efc1867a-fd6a-4935-9806-66b62410963c
78216,5,MI,Michigan,0,1977-11-25T00:00:00.000Z,Emergency,FLOOD,Flood,1977-11-25T00:00:00.000Z,1977-11-25T00:00:00.000Z,Turndown,1977-11-25T00:00:00.000Z,0,0,0,0,78216,1977-11-25T00:00:00.000Z,fbc5f239-baa8-4218-a3d8-220479f8b1dc
78217,7,NE,Nebraska,0,1977-12-13T00:00:00.000Z,Emergency,STORMS & FLOOD,Flood,1977-12-13T00:00:00.000Z,1977-12-13T00:00:00.000Z,Turndown,1977-12-13T00:00:00.000Z,0,0,0,0,78217,1977-12-13T00:00:00.000Z,940f407b-9299-4615-8743-b9d03f0a0268
78218,2,PR,Puerto Rico,0,1977-12-13T00:00:00.000Z,Emergency,FLOOD,Flood,1977-12-13T00:00:00.000Z,1977-12-13T00:00:00.000Z,Turndown,1977-12-13T00:00:00.000Z,0,0,0,0,78218,1977-12-13T00:00:00.000Z,548a14e0-e131-4940-89c8-53035dedaf4d
78220,6,TX,Texas,0,1977-12-16T00:00:00.000Z,Emergency,TORNADO,Tornado,1977-12-16T00:00:00.000Z,1977-12-16T00:00:00.000Z,Turndown,1977-12-16T00:00:00.000Z,0,0,0,0,78220,1977-12-16T00:00:00.000Z,04d88192-0a10-46da-abec-d3dbb553689d
78221,7,KS,Kansas,0,1978-01-06T00:00:00.000Z,Emergency,STORMS & FLOOD,Flood,1978-01-06T00:00:00.000Z,1978-01-06T00:00:00.000Z,Turndown,1978-01-06T00:00:00.000Z,0,0,0,0,78221,1978-01-06T00:00:00.000Z,9ef9706f-c82e-4041-a580-e1f3abe28942
78222,10,OR,Oregon,0,1978-01-06T00:00:00.000Z,Emergency,STORMS & FLOOD,Flood,1978-01-06T00:00:00.000Z,1978-01-06T00:00:00.000Z,Turndown,1978-01-06T00:00:00.000Z,0,0,0,0,78222,1978-01-06T00:00:00.000Z,dacdbeee-6c3b-4a3e-a002-8276f327cda7
78225,5,IN,Indiana,0,1978-01-13T00:00:00.000Z,Emergency,TORNADOES & DROUGHT,Tornado,1978-01-13T00:00:00.000Z,1978-01-13T00:00:00.000Z,Turndown,1978-01-13T00:00:00.000Z,0,0,0,0,78225,1978-01-13T00:00:00.000Z,2ca7b239-5bed-4bf4-9c02-5d51ce87c46a
78226,6,AR,Arkansas,0,1978-01-16T00:00:00.000Z,Emergency,"TORNADO, SNOW & ICE",Tornado,1978-01-16T00:00:00.000Z,1978-01-16T00:00:00.000Z,Turndown,1978-01-16T00:00:00.000Z,0,0,0,0,78226,1978-01-16T00:00:00.000Z,26f2f7b1-e1ef-49f5-8e18-7ed0ee7eaeeb
78227,1,RI,Rhode Island,0,1978-01-19T00:00:00.000Z,Emergency,FLOOD,Flood,1978-01-19T00:00:00.000Z,1978-01-19T00:00:00.000Z,Turndown,1978-01-19T00:00:00.000Z,0,0,0,0,78227,1978-01-19T00:00:00.000Z,2f23c099-d8ac-4c5b-95ee-a6b5c794faae
78231,4,AL,Alabama,0,1978-01-27T00:00:00.000Z,Emergency,GAS EXPLOSION,Human Cause,1978-01-27T00:00:00.000Z,1978-01-27T00:00:00.000Z,Turndown,1978-01-27T00:00:00.000Z,0,0,0,0,78231,1978-01-27T00:00:00.000Z,a359f7c2-f345-4e18-8e51-5fa39095b909
78232,1,RI,Rhode Island,0,1978-02-06T00:00:00.000Z,Emergency,STORMS,Severe Storm,1978-02-06T00:00:00.000Z,1978-02-06T00:00:00.000Z,Turndown,1978-02-06T00:00:00.000Z,0,0,0,0,78232,1978-02-06T00:00:00.000Z,adc1894d-abca-41e4-99ce-d893b8bf45b1
78233,9,CA,California,0,1978-02-06T00:00:00.000Z,Emergency,FLOOD,Flood,1978-02-06T00:00:00.000Z,1978-02-06T00:00:00.000Z,Turndown,1978-02-06T00:00:00.000Z,0,0,0,0,78233,1978-02-06T00:00:00.000Z,2e35bd1b-267d-441d-8e27-2f51ad18e82e
78235,1,MA,Massachusetts,0,1978-02-06T00:00:00.000Z,Emergency,STORMS,Severe Storm,1978-02-06T00:00:00.000Z,1978-02-06T00:00:00.000Z,Turndown,1978-02-06T00:00:00.000Z,0,0,0,0,78235,1978-02-06T00:00:00.000Z,767f9e39-e278-44dd-a303-884ac1a4dc42
78236,3,WV,West Virginia,0,1978-02-03T00:00:00.000Z,Emergency,FLOOD,Flood,1978-02-03T00:00:00.000Z,1978-02-03T00:00:00.000Z,Turndown,1978-02-03T00:00:00.000Z,0,0,0,0,78236,1978-02-03T00:00:00.000Z,e15b9eb0-c78b-4ac9-acc0-8bf2421f1453
78237,1,CT,Connecticut,0,1978-02-07T00:00:00.000Z,Emergency,FLOOD,Flood,1978-02-07T00:00:00.000Z,1978-02-07T00:00:00.000Z,Turndown,1978-02-07T00:00:00.000Z,0,0,0,0,78237,1978-02-07T00:00:00.000Z,22f88464-ba99-452f-9a51-6417aaf3ac65
78238,4,KY,Kentucky,0,1978-02-10T00:00:00.000Z,Emergency,SNOW & ICE,Snowstorm,1978-02-10T00:00:00.000Z,1978-02-10T00:00:00.000Z,Turndown,1978-02-10T00:00:00.000Z,0,0,0,0,78238,1978-02-10T00:00:00.000Z,febc5cda-e0c7-4bf9-b99b-002b22ea5dfd
78240,9,CA,California,0,1978-02-14T00:00:00.000Z,Emergency,"COASTAL STORMS, FLOOD",Flood,1978-02-14T00:00:00.000Z,1978-02-14T00:00:00.000Z,Turndown,1978-02-14T00:00:00.000Z,0,0,0,0,78240,1978-02-14T00:00:00.000Z,9cad6b7c-5cc8-402d-a2b2-31cc3bebebe8
78243,9,CA,California,0,1978-02-22T00:00:00.000Z,Emergency,FLOOD,Flood,1978-02-22T00:00:00.000Z,1978-02-22T00:00:00.000Z,Turndown,1978-02-22T00:00:00.000Z,0,0,0,0,78243,1978-02-22T00:00:00.000Z,eaad68ac-9d3b-4806-98a7-0edd978549be
78244,3,VA,Virginia,0,1978-02-24T00:00:00.000Z,Emergency,FLOOD,Flood,1978-02-24T00:00:00.000Z,1978-02-24T00:00:00.000Z,Turndown,1978-02-24T00:00:00.000Z,0,0,0,0,78244,1978-02-24T00:00:00.000Z,faadc5f3-8279-4611-97e9-aedce56433a5
78245,4,TN,Tennessee,0,1978-02-28T00:00:00.000Z,Emergency,RAILROAD CAR EXPLOSION,Other,1978-02-28T00:00:00.000Z,1978-02-28T00:00:00.000Z,Turndown,1978-02-28T00:00:00.000Z,0,0,0,0,78245,1978-02-28T00:00:00.000Z,c73fd65d-62c1-4468-9a20-25ddcb657cf8
78246,3,PA,Pennsylvania,0,1978-03-06T00:00:00.000Z,Emergency,FLOOD,Flood,1978-03-06T00:00:00.000Z,1978-03-06T00:00:00.000Z,Turndown,1978-03-06T00:00:00.000Z,0,0,0,0,78246,1978-03-06T00:00:00.000Z,5a7db023-70d6-44e7-b1b1-ff0e019c45f4
78247,5,MI,Michigan,0,1978-03-06T00:00:00.000Z,Emergency,SNOW & WIND,Snowstorm,1978-03-06T00:00:00.000Z,1978-03-06T00:00:00.000Z,Turndown,1978-03-06T00:00:00.000Z,0,0,0,0,78247,1978-03-06T00:00:00.000Z,d60f1773-49d0-4447-94ab-cc9fb0216f55
78250,7,MO,Missouri,0,1978-03-31T00:00:00.000Z,Emergency,FLOOD,Flood,1978-03-31T00:00:00.000Z,1978-03-31T00:00:00.000Z,Turndown,1978-03-31T00:00:00.000Z,0,0,0,0,78250,1978-03-31T00:00:00.000Z,751b28a6-e0f0-43c2-9c70-0c30a1fa714d
78252,5,OH,Ohio,0,1978-04-04T00:00:00.000Z,Emergency,ICE JAMS & FLOOD,Flood,1978-04-04T00:00:00.000Z,1978-04-04T00:00:00.000Z,Turndown,1978-04-04T00:00:00.000Z,0,0,0,0,78252,1978-04-04T00:00:00.000Z,d6cb7729-6444-411e-9e27-e1269459f1e6
78253,6,TX,Texas,0,1978-04-11T00:00:00.000Z,Emergency,"DROUGHT, ETC.",Drought,1978-04-11T00:00:00.000Z,1978-04-11T00:00:00.000Z,Turndown,1978-04-11T00:00:00.000Z,0,0,0,0,78253,1978-04-11T00:00:00.000Z,833e92a0-c05f-4f84-a8f6-2aef8e669dbb
78255,10,ID,Idaho,0,1978-04-21T00:00:00.000Z,Emergency,TORNADO,Tornado,1978-04-21T00:00:00.000Z,1978-04-21T00:00:00.000Z,Turndown,1978-04-21T00:00:00.000Z,0,0,0,0,78255,1978-04-21T00:00:00.000Z,2aa2751f-1d13-42f1-bb08-64a08bc6b278
78256,6,AR,Arkansas,0,1978-04-26T00:00:00.000Z,Emergency,TORNADOES,Tornado,1978-04-26T00:00:00.000Z,1978-04-26T00:00:00.000Z,Turndown,1978-04-26T00:00:00.000Z,0,0,0,0,78256,1978-04-26T00:00:00.000Z,45b91b36-7b8e-4b2b-bed1-808275273838
78257,6,LA,Louisiana,0,1978-05-03T00:00:00.000Z,Emergency,TORNADOES,Tornado,1978-05-03T00:00:00.000Z,1978-05-03T00:00:00.000Z,Turndown,1978-05-03T00:00:00.000Z,0,0,0,0,78257,1978-05-03T00:00:00.000Z,7880ff3c-b8e6-4212-92a3-df03dbab9a5e
78258,8,SD,South Dakota,0,1978-05-13T00:00:00.000Z,Emergency,SEVERE WINTER & DROUGHT,Snowstorm,1978-05-13T00:00:00.000Z,1978-05-13T00:00:00.000Z,Turndown,1978-05-13T00:00:00.000Z,0,0,0,0,78258,1978-05-13T00:00:00.000Z,6e55edd1-e4ef-4441-9604-06a1f2e088ae
78259,4,AL,Alabama,0,1978-05-05T00:00:00.000Z,Emergency,TORNADOES,Tornado,1978-05-05T00:00:00.000Z,1978-05-05T00:00:00.000Z,Turndown,1978-05-05T00:00:00.000Z,0,0,0,0,78259,1978-05-05T00:00:00.000Z,3b1d9296-9195-4afe-b334-8079a4b3b570
78260,4,MS,Mississippi,0,1978-05-05T00:00:00.000Z,Emergency,TORNADOES,Tornado,1978-05-05T00:00:00.000Z,1978-05-05T00:00:00.000Z,Turndown,1978-05-05T00:00:00.000Z,0,0,0,0,78260,1978-05-05T00:00:00.000Z,951b8fd5-086b-4d5a-be19-dd45b8d8f39a
78261,5,IN,Indiana,0,1978-05-05T00:00:00.000Z,Emergency,FLOOD,Flood,1978-05-05T00:00:00.000Z,1978-05-05T00:00:00.000Z,Turndown,1978-05-05T00:00:00.000Z,0,0,0,0,78261,1978-05-05T00:00:00.000Z,390ef98f-0c57-4668-88db-781163dbea32
78262,5,WI,Wisconsin,0,1978-05-08T00:00:00.000Z,Emergency,FLOOD,Flood,1978-05-08T00:00:00.000Z,1978-05-08T00:00:00.000Z,Turndown,1978-05-08T00:00:00.000Z,0,0,0,0,78262,1978-05-08T00:00:00.000Z,d9d4e7db-300a-45ba-8eaa-bbaff8e5b855
78263,4,AL,Alabama,0,1978-05-15T00:00:00.000Z,Emergency,TORNADOES,Tornado,1978-05-15T00:00:00.000Z,1978-05-15T00:00:00.000Z,Turndown,1978-05-15T00:00:00.000Z,0,0,0,0,78263,1978-05-15T00:00:00.000Z,809b21f4-34ec-49e0-8262-dbada88ee57b
78264,6,AR,Arkansas,0,1978-05-12T00:00:00.000Z,Emergency,"HAIL, RAIN, WIND",Severe Storm,1978-05-12T00:00:00.000Z,1978-05-12T00:00:00.000Z,Turndown,1978-05-12T00:00:00.000Z,0,0,0,0,78264,1978-05-12T00:00:00.000Z,b8477fca-08a0-4c73-bf18-b049736188c0
78266,6,LA,Louisiana,0,1978-05-18T00:00:00.000Z,Emergency,FLOOD,Flood,1978-05-18T00:00:00.000Z,1978-05-18T00:00:00.000Z,Turndown,1978-05-18T00:00:00.000Z,0,0,0,0,78266,1978-05-18T00:00:00.000Z,07fe3aac-a88a-4bab-a56d-4196a55d8bf9
78267,5,IL,Illinois,0,1978-05-17T00:00:00.000Z,Emergency,ICE STORMS,Snowstorm,1978-05-17T00:00:00.000Z,1978-05-17T00:00:00.000Z,Turndown,1978-05-17T00:00:00.000Z,0,0,0,0,78267,1978-05-17T00:00:00.000Z,28e05bec-63a1-4777-8517-8daba3150b31
78268,4,KY,Kentucky,0,1978-05-17T00:00:00.000Z,Emergency,TORNADOES,Tornado,1978-05-17T00:00:00.000Z,1978-05-17T00:00:00.000Z,Turndown,1978-05-17T00:00:00.000Z,0,0,0,0,78268,1978-05-17T00:00:00.000Z,63064a31-5995-453e-ba76-003704726ed2
78269,7,KS,Kansas,0,1978-05-19T00:00:00.000Z,Emergency,FLOOD,Flood,1978-05-19T00:00:00.000Z,1978-05-19T00:00:00.000Z,Turndown,1978-05-19T00:00:00.000Z,0,0,0,0,78269,1978-05-19T00:00:00.000Z,1c5d90e4-760b-49e5-a365-47e0387bff51
78270,4,GA,Georgia,0,1978-05-19T00:00:00.000Z,Emergency,TORNADO & FLOOD,Tsunami,1978-05-19T00:00:00.000Z,1978-05-19T00:00:00.000Z,Turndown,1978-05-19T00:00:00.000Z,0,0,0,0,78270,1978-05-19T00:00:00.000Z,ed636db1-64c0-4fc8-87af-4edbf079e8e3
78271,4,GA,Georgia,0,1978-05-19T00:00:00.000Z,Emergency,TORNADO & FLOOD,Tsunami,1978-05-19T00:00:00.000Z,1978-05-19T00:00:00.000Z,Turndown,1978-05-19T00:00:00.000Z,0,0,0,0,78271,1978-05-19T00:00:00.000Z,dbe2e4b6-908a-41c6-8325-4439d3e7c1cd
78272,6,TX,Texas,0,1978-05-22T00:00:00.000Z,Emergency,"WIND, HAIL, RAIN",Severe Storm,1978-05-22T00:00:00.000Z,1978-05-22T00:00:00.000Z,Turndown,1978-05-22T00:00:00.000Z,0,0,0,0,78272,1978-05-22T00:00:00.000Z,ef4b5c2b-08c0-4a14-b9ea-fd126b3eee92
78273,9,HI,Hawaii,0,1978-05-26T00:00:00.000Z,Emergency,DROUGHT,Drought,1978-05-26T00:00:00.000Z,1978-05-26T00:00:00.000Z,Turndown,1978-05-26T00:00:00.000Z,0,0,0,0,78273,1978-05-26T00:00:00.000Z,2692c793-9b47-41ea-947d-a5fda435395a
78274,4,MS,Mississippi,0,1978-05-30T00:00:00.000Z,Emergency,FLOOD,Flood,1978-05-30T00:00:00.000Z,1978-05-30T00:00:00.000Z,Turndown,1978-05-30T00:00:00.000Z,0,0,0,0,78274,1978-05-30T00:00:00.000Z,c1341a54-878e-4225-a9b8-7e890b99be23
78277,6,TX,Texas,0,1978-06-07T00:00:00.000Z,Emergency,FLOOD,Flood,1978-06-07T00:00:00.000Z,1978-06-07T00:00:00.000Z,Turndown,1978-06-07T00:00:00.000Z,0,0,0,0,78277,1978-06-07T00:00:00.000Z,930134b5-4e8d-4661-8de4-47c693ee63cc
78278,4,AL,Alabama,0,1978-06-15T00:00:00.000Z,Emergency,TORNADO,Tornado,1978-06-15T00:00:00.000Z,1978-06-15T00:00:00.000Z,Turndown,1978-06-15T00:00:00.000Z,0,0,0,0,78278,1978-06-15T00:00:00.000Z,f44fe5b8-a14d-45aa-96b7-2563b3073470
78279,6,TX,Texas,0,1978-06-16T00:00:00.000Z,Emergency,FLOOD,Flood,1978-06-16T00:00:00.000Z,1978-06-16T00:00:00.000Z,Turndown,1978-06-16T00:00:00.000Z,0,0,0,0,78279,1978-06-16T00:00:00.000Z,b09bbe04-552d-4159-b446-f9e2342ac386
78280,6,OK,Oklahoma,0,1978-06-22T00:00:00.000Z,Emergency,TORNADO,Tornado,1978-06-22T00:00:00.000Z,1978-06-22T00:00:00.000Z,Turndown,1978-06-22T00:00:00.000Z,0,0,0,0,78280,1978-06-22T00:00:00.000Z,9d2c46ea-f854-4324-99f9-4619b89ab59e
78281,7,KS,Kansas,0,1978-06-27T00:00:00.000Z,Emergency,TORNADO,Tornado,1978-06-27T00:00:00.000Z,1978-06-27T00:00:00.000Z,Turndown,1978-06-27T00:00:00.000Z,0,0,0,0,78281,1978-06-27T00:00:00.000Z,328e3be9-2368-4e27-9a7f-e38060ea3364
78282,5,MI,Michigan,0,1978-06-27T00:00:00.000Z,Emergency,FLOOD,Flood,1978-06-27T00:00:00.000Z,1978-06-27T00:00:00.000Z,Turndown,1978-06-27T00:00:00.000Z,0,0,0,0,78282,1978-06-27T00:00:00.000Z,13158107-f129-4f36-b10f-3f4b5ae1eb1e
78283,6,LA,Louisiana,0,1978-06-27T00:00:00.000Z,Emergency,STORMS & RAIN,Severe Storm,1978-06-27T00:00:00.000Z,1978-06-27T00:00:00.000Z,Turndown,1978-06-27T00:00:00.000Z,0,0,0,0,78283,1978-06-27T00:00:00.000Z,ebc5cdf4-407e-4ede-afbe-49e997cb3ddd
78284,7,KS,Kansas,0,1978-06-27T00:00:00.000Z,Emergency,TORNADO,Tornado,1978-06-27T00:00:00.000Z,1978-06-27T00:00:00.000Z,Turndown,1978-06-27T00:00:00.000Z,0,0,0,0,78284,1978-06-27T00:00:00.000Z,8811970e-63c9-4aff-a92d-46524c0a5c8a
78285,6,TX,Texas,0,1978-06-28T00:00:00.000Z,Emergency,FLOOD,Flood,1978-06-28T00:00:00.000Z,1978-06-28T00:00:00.000Z,Turndown,1978-06-28T00:00:00.000Z,0,0,0,0,78285,1978-06-28T00:00:00.000Z,e2307ddc-f362-4606-ac51-e44b1c5edaa9
78286,5,IN,Indiana,0,1978-06-30T00:00:00.000Z,Emergency,TORNADO & FLOOD,Tsunami,1978-06-30T00:00:00.000Z,1978-06-30T00:00:00.000Z,Turndown,1978-06-30T00:00:00.000Z,0,0,0,0,78286,1978-06-30T00:00:00.000Z,1b9fb3f8-2be7-4db4-aa6f-12683b7d70fe
78287,5,IL,Illinois,0,1978-07-19T00:00:00.000Z,Emergency,FLOOD,Flood,1978-07-19T00:00:00.000Z,1978-07-19T00:00:00.000Z,Turndown,1978-07-19T00:00:00.000Z,0,0,0,0,78287,1978-07-19T00:00:00.000Z,ffb8bc9e-932b-468f-8dba-aa9bf720b904
78288,5,IL,Illinois,0,1978-07-14T00:00:00.000Z,Emergency,FLOOD,Flood,1978-07-14T00:00:00.000Z,1978-07-14T00:00:00.000Z,Turndown,1978-07-14T00:00:00.000Z,0,0,0,0,78288,1978-07-14T00:00:00.000Z,fe5bcb0f-e525-4ace-8c55-3a0be4a49b7c
78289,8,ND,North Dakota,0,1978-07-26T00:00:00.000Z,Emergency,TORNADO,Tornado,1978-07-26T00:00:00.000Z,1978-07-26T00:00:00.000Z,Turndown,1978-07-26T00:00:00.000Z,0,0,0,0,78289,1978-07-26T00:00:00.000Z,dc18e0d9-c928-407a-962c-c65e3c60060b
78290,5,MI,Michigan,0,1978-07-18T00:00:00.000Z,Emergency,FLOOD,Flood,1978-07-18T00:00:00.000Z,1978-07-18T00:00:00.000Z,Turndown,1978-07-18T00:00:00.000Z,0,0,0,0,78290,1978-07-18T00:00:00.000Z,e9ca49cd-7259-4dac-b087-8afa924f637d
78291,7,NE,Nebraska,0,1978-07-20T00:00:00.000Z,Emergency,TORNADO,Tornado,1978-07-20T00:00:00.000Z,1978-07-20T00:00:00.000Z,Turndown,1978-07-20T00:00:00.000Z,0,0,0,0,78291,1978-07-20T00:00:00.000Z,5c5fe2d2-c405-4cd8-b0bf-22aec3708bbd
78292,7,MO,Missouri,0,1978-07-21T00:00:00.000Z,Emergency,FLOOD,Flood,1978-07-21T00:00:00.000Z,1978-07-21T00:00:00.000Z,Turndown,1978-07-21T00:00:00.000Z,0,0,0,0,78292,1978-07-21T00:00:00.000Z,fca47499-11e9-4522-9ae6-9fcdfd481395
78293,8,SD,South Dakota,0,1978-07-28T00:00:00.000Z,Emergency,TORNADO & FLOOD,Tsunami,1978-07-28T00:00:00.000Z,1978-07-28T00:00:00.000Z,Turndown,1978-07-28T00:00:00.000Z,0,0,0,0,78293,1978-07-28T00:00:00.000Z,17478e66-6f33-4d26-ab01-2ef49c0ea00c
78294,5,WI,Wisconsin,0,1978-08-03T00:00:00.000Z,Emergency,TORNADO,Tornado,1978-08-03T00:00:00.000Z,1978-08-03T00:00:00.000Z,Turndown,1978-08-03T00:00:00.000Z,0,0,0,0,78294,1978-08-03T00:00:00.000Z,7d202077-e53e-4c14-a34f-c3644b2a9685
78295,5,MN,Minnesota,0,1978-08-03T00:00:00.000Z,Emergency,FLOOD,Flood,1978-08-03T00:00:00.000Z,1978-08-03T00:00:00.000Z,Turndown,1978-08-03T00:00:00.000Z,0,0,0,0,78295,1978-08-03T00:00:00.000Z,93f97626-da97-403b-840d-73db52b8319d
78296,8,SD,South Dakota,0,1978-08-04T00:00:00.000Z,Emergency,STORMS & TORNADOES,Tornado,1978-08-04T00:00:00.000Z,1978-08-04T00:00:00.000Z,Turndown,1978-08-04T00:00:00.000Z,0,0,0,0,78296,1978-08-04T00:00:00.000Z,1f550be8-c256-4b27-a7a8-5c8d3acc6b57
78297,7,KS,Kansas,0,1978-08-04T00:00:00.000Z,Emergency,TORNADOES,Tornado,1978-08-04T00:00:00.000Z,1978-08-04T00:00:00.000Z,Turndown,1978-08-04T00:00:00.000Z,0,0,0,0,78297,1978-08-04T00:00:00.000Z,d1f0386c-1754-43b5-b49f-f754c16ab38e
78298,3,PA,Pennsylvania,0,1978-08-04T00:00:00.000Z,Emergency,WIND & RAIN,Severe Storm,1978-08-04T00:00:00.000Z,1978-08-04T00:00:00.000Z,Turndown,1978-08-04T00:00:00.000Z,0,0,0,0,78298,1978-08-04T00:00:00.000Z,d8d84810-d800-4328-aa56-0e2766ab8e38
78301,8,SD,South Dakota,0,1978-08-17T00:00:00.000Z,Emergency,STORMS & TORNADOES,Tornado,1978-08-17T00:00:00.000Z,1978-08-17T00:00:00.000Z,Turndown,1978-08-17T00:00:00.000Z,0,0,0,0,78301,1978-08-17T00:00:00.000Z,b26c3acb-f490-4e2a-8824-d080c34b27ec
78302,3,VA,Virginia,0,1978-08-22T00:00:00.000Z,Emergency,FLOOD,Flood,1978-08-22T00:00:00.000Z,1978-08-22T00:00:00.000Z,Turndown,1978-08-22T00:00:00.000Z,0,0,0,0,78302,1978-08-22T00:00:00.000Z,9a4eacf2-c760-4a1f-8701-51cb6f58ae5b
78303,2,NY,New York,0,1978-08-18T00:00:00.000Z,Emergency,FLOOD,Flood,1978-08-18T00:00:00.000Z,1978-08-18T00:00:00.000Z,Turndown,1978-08-18T00:00:00.000Z,0,0,0,0,78303,1978-08-18T00:00:00.000Z,e43dbfe5-fba7-4cfb-bc87-62bb59ff0ec3
78304,7,NE,Nebraska,0,1978-08-29T00:00:00.000Z,Emergency,"STORMS, FLOOD & INSECTS",Flood,1978-08-29T00:00:00.000Z,1978-08-29T00:00:00.000Z,Turndown,1978-08-29T00:00:00.000Z,0,0,0,0,78304,1978-08-29T00:00:00.000Z,014f16e6-2763-46b4-bf09-2aa44e96525a
78305,9,CA,California,0,1978-08-30T00:00:00.000Z,Emergency,EARTHQUAKE,Earthquake,1978-08-30T00:00:00.000Z,1978-08-30T00:00:00.000Z,Turndown,1978-08-30T00:00:00.000Z,0,0,0,0,78305,1978-08-30T00:00:00.000Z,12566e23-9664-412b-bafb-6cd22c5c98da
78306,6,TX,Texas,0,1978-09-06T00:00:00.000Z,Emergency,DROUGHT,Drought,1978-09-06T00:00:00.000Z,1978-09-06T00:00:00.000Z,Turndown,1978-09-06T00:00:00.000Z,0,0,0,0,78306,1978-09-06T00:00:00.000Z,4722d2a5-5c76-46af-88b2-86ce0a2130a6
78307,5,MI,Michigan,0,1978-09-15T00:00:00.000Z,Emergency,"HAIL, WIND & RAIN",Severe Storm,1978-09-15T00:00:00.000Z,1978-09-15T00:00:00.000Z,Turndown,1978-09-15T00:00:00.000Z,0,0,0,0,78307,1978-09-15T00:00:00.000Z,48e9cabb-8679-48d8-afcf-87226d9d3082
78310,5,IN,Indiana,0,1978-09-11T00:00:00.000Z,Emergency,FLOOD,Flood,1978-09-11T00:00:00.000Z,1978-09-11T00:00:00.000Z,Turndown,1978-09-11T00:00:00.000Z,0,0,0,0,78310,1978-09-11T00:00:00.000Z,6c07ca27-116c-4962-ae39-b7768161abb6
78311,4,TN,Tennessee,0,1978-09-14T00:00:00.000Z,Emergency,TORNADO,Tornado,1978-09-14T00:00:00.000Z,1978-09-14T00:00:00.000Z,Turndown,1978-09-14T00:00:00.000Z,0,0,0,0,78311,1978-09-14T00:00:00.000Z,e74486be-1674-480a-94fc-c1e0b3709713
78312,5,MI,Michigan,0,1978-09-19T00:00:00.000Z,Emergency,FROST,Snowstorm,1978-09-19T00:00:00.000Z,1978-09-19T00:00:00.000Z,Turndown,1978-09-19T00:00:00.000Z,0,0,0,0,78312,1978-09-19T00:00:00.000Z,e49417b3-0139-4e1a-b96a-5f032d7921af
78313,5,WI,Wisconsin,0,1978-09-19T00:00:00.000Z,Emergency,FLOOD,Flood,1978-09-19T00:00:00.000Z,1978-09-19T00:00:00.000Z,Turndown,1978-09-19T00:00:00.000Z,0,0,0,0,78313,1978-09-19T00:00:00.000Z,fad4c38d-f8bb-4ec9-8b4d-d914774ae939
78314,2,NJ,New Jersey,0,1978-09-22T00:00:00.000Z,Emergency,FLOOD,Flood,1978-09-22T00:00:00.000Z,1978-09-22T00:00:00.000Z,Turndown,1978-09-22T00:00:00.000Z,0,0,0,0,78314,1978-09-22T00:00:00.000Z,f928381c-d5a0-4a84-b70b-188f60c995fb
79005,7,KS,Kansas,0,1978-12-07T00:00:00.000Z,Major Disaster,ICE STORMS,Snowstorm,1978-12-14T00:00:00.000Z,1978-12-14T00:00:00.000Z,Turndown,1978-12-14T00:00:00.000Z,0,0,0,0,79005,1978-12-14T00:00:00.000Z,50330e23-e62a-4d1c-a21f-6443e1287134
79010,5,IN,Indiana,0,1979-01-16T00:00:00.000Z,Emergency,SNOWSTORM,Snowstorm,1979-01-22T00:00:00.000Z,1979-01-22T00:00:00.000Z,Turndown,1979-01-22T00:00:00.000Z,0,0,0,0,79010,1979-01-22T00:00:00.000Z,530667f8-a720-41b3-97e3-5fb205e82d33
79013,7,IA,Iowa,0,1979-01-17T00:00:00.000Z,Emergency,SNOWSTORM,Snowstorm,1979-01-20T00:00:00.000Z,1979-01-20T00:00:00.000Z,Turndown,1979-01-20T00:00:00.000Z,0,0,0,0,79013,1979-01-20T00:00:00.000Z,d006684d-3d59-4654-a720-f1e71a61c4d5
79014,4,MS,Mississippi,0,1979-01-17T00:00:00.000Z,Major Disaster,ICE STORMS,Snowstorm,1979-01-22T00:00:00.000Z,1979-01-22T00:00:00.000Z,Turndown,1979-01-22T00:00:00.000Z,0,0,0,0,79014,1979-01-22T00:00:00.000Z,f6314b22-1bee-4b83-a9d3-2de3f7b738b4
79016,7,MO,Missouri,0,1979-01-19T00:00:00.000Z,Emergency,SNOWSTORM,Snowstorm,1979-01-22T00:00:00.000Z,1979-01-22T00:00:00.000Z,Turndown,1979-01-22T00:00:00.000Z,0,0,0,0,79016,1979-01-22T00:00:00.000Z,ba35a3ea-b2e1-4462-8dc0-7f45b50739cb
79019,7,IA,Iowa,0,1979-01-24T00:00:00.000Z,Emergency,SNOWSTORMS,Snowstorm,1979-01-31T00:00:00.000Z,1979-01-31T00:00:00.000Z,Turndown,1979-01-31T00:00:00.000Z,0,0,0,0,79019,1979-01-31T00:00:00.000Z,8f18f3a4-ecff-42bd-abf1-7b0fd2e21033
79020,3,DE,Delaware,0,1979-02-21T00:00:00.000Z,Emergency,SNOWSTORM,Snowstorm,1979-02-26T00:00:00.000Z,1979-02-26T00:00:00.000Z,Turndown,1979-02-26T00:00:00.000Z,0,0,0,0,79020,1979-02-26T00:00:00.000Z,fd0d5b5d-fc75-4996-90af-37ac0d3e4d5e
79021,5,IL,Illinois,0,1979-02-26T00:00:00.000Z,Emergency,SEVERE WINTER STORM,Snowstorm,1979-02-28T00:00:00.000Z,1979-02-28T00:00:00.000Z,Turndown,1979-02-28T00:00:00.000Z,0,0,0,0,79021,1979-02-28T00:00:00.000Z,a4f88d3b-b14d-4f9f-af3f-f1363cd14f2c
79023,4,FL,Florida,0,1979-03-07T00:00:00.000Z,Major Disaster,SEVERE STORMS & FLOODING,Flood,1979-03-12T00:00:00.000Z,1979-03-12T00:00:00.000Z,Turndown,1979-03-12T00:00:00.000Z,0,0,0,0,79023,1979-03-12T00:00:00.000Z,cd027325-c3b3-49f4-a354-9082fa436d07
79024,6,AR,Arkansas,0,1979-03-06T00:00:00.000Z,Major Disaster,HEAVY RAINS & FLOODING,Flood,1979-03-12T00:00:00.000Z,1979-03-12T00:00:00.000Z,Turndown,1979-03-12T00:00:00.000Z,0,0,0,0,79024,1979-03-12T00:00:00.000Z,07375dfa-6633-4b7c-81d6-bec183dc813e
79031,4,MS,Mississippi,0,1979-03-26T00:00:00.000Z,Major Disaster,SEVERE STORMS & FLOODING,Flood,1979-03-30T00:00:00.000Z,1979-03-30T00:00:00.000Z,Turndown,1979-03-30T00:00:00.000Z,0,0,0,0,79031,1979-03-30T00:00:00.000Z,fb446e3d-1997-45bf-9551-31149ec870d0
79038,10,WA,Washington,0,1979-04-16T00:00:00.000Z,Major Disaster,"HIGH WIND, HEAVY RAIN, FLOODING",Flood,1979-04-23T00:00:00.000Z,1979-04-23T00:00:00.000Z,Turndown,1979-04-23T00:00:00.000Z,0,0,0,0,79038,1979-04-23T00:00:00.000Z,6d5be95d-cbf8-490d-89f4-f0368eb1d5d8
79040,5,MI,Michigan,0,1979-04-13T00:00:00.000Z,Emergency,SEVERE ICE & WIND STORMS,Snowstorm,1979-04-20T00:00:00.000Z,1979-04-20T00:00:00.000Z,Turndown,1979-04-20T00:00:00.000Z,0,0,0,0,79040,1979-04-20T00:00:00.000Z,bae21e26-8102-4223-b280-78393606017d
79072,4,FL,Florida,0,1979-09-07T00:00:00.000Z,Emergency,HURRICANE DAVID,Hurricane,1979-10-01T00:00:00.000Z,1979-10-01T00:00:00.000Z,Turndown,1979-10-01T00:00:00.000Z,0,0,0,0,79072,1979-10-01T00:00:00.000Z,fde9da8f-5f7b-4efc-8969-96f3b3cf869f
79073,4,GA,Georgia,0,1979-09-12T00:00:00.000Z,Emergency,HURRICANE DAVID,Hurricane,1979-09-18T00:00:00.000Z,1979-09-18T00:00:00.000Z,Turndown,1979-09-18T00:00:00.000Z,0,0,0,0,79073,1979-09-18T00:00:00.000Z,5704210f-8f6c-4345-bc12-154338a563f0
79201,6,TX,Texas,0,1978-10-03T00:00:00.000Z,Emergency,FLOOD,Flood,1978-10-03T00:00:00.000Z,1978-10-03T00:00:00.000Z,Turndown,1978-10-03T00:00:00.000Z,0,0,0,0,79201,1978-10-03T00:00:00.000Z,69163e42-b92e-44ed-a6d9-fdf11bdacd8e
79202,5,IL,Illinois,0,1978-10-02T00:00:00.000Z,Emergency,FLOOD,Flood,1978-10-02T00:00:00.000Z,1978-10-02T00:00:00.000Z,Turndown,1978-10-02T00:00:00.000Z,0,0,0,0,79202,1978-10-02T00:00:00.000Z,e539cb6a-db47-4131-8e08-61f89f614d41
79203,5,WI,Wisconsin,0,1978-10-06T00:00:00.000Z,Emergency,FLOOD,Flood,1978-10-06T00:00:00.000Z,1978-10-06T00:00:00.000Z,Turndown,1978-10-06T00:00:00.000Z,0,0,0,0,79203,1978-10-06T00:00:00.000Z,dada8018-0f95-4420-82a1-db263a4a20cc
79205,5,IL,Illinois,0,1978-10-17T00:00:00.000Z,Emergency,FLOOD,Flood,1978-10-17T00:00:00.000Z,1978-10-17T00:00:00.000Z,Turndown,1978-10-17T00:00:00.000Z,0,0,0,0,79205,1978-10-17T00:00:00.000Z,d7efa3ed-6f06-4cf2-b2fc-dbb7b849328a
79206,6,TX,Texas,0,1978-10-14T00:00:00.000Z,Emergency,FLOOD,Flood,1978-10-14T00:00:00.000Z,1978-10-14T00:00:00.000Z,Turndown,1978-10-14T00:00:00.000Z,0,0,0,0,79206,1978-10-14T00:00:00.000Z,2b46b08d-a7aa-4a06-bc06-70655166ab2e
79207,6,LA,Louisiana,0,1978-11-01T00:00:00.000Z,Emergency,DROUGHT,Drought,1978-11-01T00:00:00.000Z,1978-11-01T00:00:00.000Z,Turndown,1978-11-01T00:00:00.000Z,0,0,0,0,79207,1978-11-01T00:00:00.000Z,ed54e461-dfe7-4daa-a515-9975c9abb3e4
79208,10,WA,Washington,0,1978-11-03T00:00:00.000Z,Emergency,DROUGHT & RAIN,Drought,1978-11-03T00:00:00.000Z,1978-11-03T00:00:00.000Z,Turndown,1978-11-03T00:00:00.000Z,0,0,0,0,79208,1978-11-03T00:00:00.000Z,0b66fd96-4751-43fa-82e2-0d964f5c4739
79209,7,IA,Iowa,0,1978-11-03T00:00:00.000Z,Emergency,TORNADO & FLOOD,Tsunami,1978-11-03T00:00:00.000Z,1978-11-03T00:00:00.000Z,Turndown,1978-11-03T00:00:00.000Z,0,0,0,0,79209,1978-11-03T00:00:00.000Z,80d0a930-7719-4e4e-aefb-d7cce55e5f53
79210,6,OK,Oklahoma,0,1978-11-03T00:00:00.000Z,Emergency,DROUGHT,Drought,1978-11-03T00:00:00.000Z,1978-11-03T00:00:00.000Z,Turndown,1978-11-03T00:00:00.000Z,0,0,0,0,79210,1978-11-03T00:00:00.000Z,82232610-a567-4cac-b46c-5c7fc81c884c
79212,2,PR,Puerto Rico,0,1978-11-08T00:00:00.000Z,Emergency,"FLOOD, LANDSLIDES",Flood,1978-11-08T00:00:00.000Z,1978-11-08T00:00:00.000Z,Turndown,1978-11-08T00:00:00.000Z,0,0,0,0,79212,1978-11-08T00:00:00.000Z,57eccbfa-c121-4da9-b9bd-1065a99e779e
79213,4,TN,Tennessee,0,1978-11-13T00:00:00.000Z,Emergency,DROUGHT,Drought,1978-11-13T00:00:00.000Z,1978-11-13T00:00:00.000Z,Turndown,1978-11-13T00:00:00.000Z,0,0,0,0,79213,1978-11-13T00:00:00.000Z,586a3292-0762-4357-8ee0-53b5a1319889
79214,10,AK,Alaska,0,1978-11-24T00:00:00.000Z,Emergency,"WIND, RAIN, WAVES",Coastal Storm,1978-11-24T00:00:00.000Z,1978-11-24T00:00:00.000Z,Turndown,1978-11-24T00:00:00.000Z,0,0,0,0,79214,1978-11-24T00:00:00.000Z,27c75b5c-abef-4e4a-9537-5d62cf8ba5c6
79216,5,MI,Michigan,0,1978-12-07T00:00:00.000Z,Emergency,DROUGHT,Drought,1978-12-07T00:00:00.000Z,1978-12-07T00:00:00.000Z,Turndown,1978-12-07T00:00:00.000Z,0,0,0,0,79216,1978-12-07T00:00:00.000Z,8e9588eb-3a42-4ccd-903e-ee9807c83e9a
79217,6,TX,Texas,0,1978-12-07T00:00:00.000Z,Emergency,FLOOD,Flood,1978-12-07T00:00:00.000Z,1978-12-07T00:00:00.000Z,Turndown,1978-12-07T00:00:00.000Z,0,0,0,0,79217,1978-12-07T00:00:00.000Z,bf0a8358-ad54-433e-b18b-0a086e1594cb
79218,10,WA,Washington,0,1978-12-07T00:00:00.000Z,Emergency,HEAVY RAINS,Severe Storm,1978-12-07T00:00:00.000Z,1978-12-07T00:00:00.000Z,Turndown,1978-12-07T00:00:00.000Z,0,0,0,0,79218,1978-12-07T00:00:00.000Z,32b8860d-2f11-423b-b15c-fecc34fc3eb5
79219,5,IN,Indiana,0,1979-01-04T00:00:00.000Z,Emergency,FLOOD,Flood,1979-01-04T00:00:00.000Z,1979-01-04T00:00:00.000Z,Turndown,1979-01-04T00:00:00.000Z,0,0,0,0,79219,1979-01-04T00:00:00.000Z,1062e4b6-2ee5-4c31-8995-ef9fe244a428
79220,4,KY,Kentucky,0,1979-01-03T00:00:00.000Z,Emergency,FLOOD,Flood,1979-01-03T00:00:00.000Z,1979-01-03T00:00:00.000Z,Turndown,1979-01-03T00:00:00.000Z,0,0,0,0,79220,1979-01-03T00:00:00.000Z,c982b8c6-239b-4acb-9606-609b15ebf1a8
80005,4,FL,Florida,0,1979-11-07T00:00:00.000Z,Major Disaster,DAM FAILURE & FLOODING,Flood,1979-11-12T00:00:00.000Z,1979-11-12T00:00:00.000Z,Turndown,1979-11-12T00:00:00.000Z,0,0,0,0,80005,1979-11-12T00:00:00.000Z,d7813712-2585-4321-a55f-354fcbdd6a57
80006,7,KS,Kansas,0,1979-11-08T00:00:00.000Z,Major Disaster,FLOODING,Flood,1979-11-26T00:00:00.000Z,1979-11-26T00:00:00.000Z,Turndown,1979-12-10T00:00:00.000Z,0,0,0,0,80006,1979-11-26T00:00:00.000Z,00605d97-ccf9-48d8-8343-85f90fbe806c
80007,9,HI,Hawaii,0,1979-11-26T00:00:00.000Z,Major Disaster,FLOODING,Flood,1979-12-07T00:00:00.000Z,1979-12-07T00:00:00.000Z,Turndown,1979-12-07T00:00:00.000Z,0,0,0,0,80007,1979-12-07T00:00:00.000Z,12873b7d-e857-400a-9faa-87e2c2af41e3
80009,4,AL,Alabama,0,1979-11-28T00:00:00.000Z,Emergency,"TORNADOES, WIND & RAIN",Tornado,1979-12-07T00:00:00.000Z,1979-12-07T00:00:00.000Z,Turndown,1979-12-07T00:00:00.000Z,0,0,0,0,80009,1979-12-07T00:00:00.000Z,b447b47a-a371-4c24-8f6a-4d1cd8a57f85
80013,8,UT,Utah,0,1980-01-29T00:00:00.000Z,Major Disaster,SEVERE STORMS & FLOODING,Flood,1980-02-07T00:00:00.000Z,1980-02-07T00:00:00.000Z,Turndown,1980-02-07T00:00:00.000Z,0,0,0,0,80013,1980-02-07T00:00:00.000Z,b93a3f3c-8aa9-433e-90a8-dd4310cfd0bf
80015,4,AL,Alabama,0,1980-02-07T00:00:00.000Z,Major Disaster,TORNADOES,Tornado,1980-02-20T00:00:00.000Z,1980-02-20T00:00:00.000Z,Turndown,1980-02-20T00:00:00.000Z,0,0,0,0,80015,1980-02-20T00:00:00.000Z,b10a40ca-5e78-4eed-ac8f-024f6f1f1c56
80016,10,AK,Alaska,0,1980-02-11T00:00:00.000Z,Major Disaster,HEAVY SURF & STRONG WINDS,Coastal Storm,1980-02-14T00:00:00.000Z,1980-02-14T00:00:00.000Z,Turndown,1980-02-14T00:00:00.000Z,0,0,0,0,80016,1980-02-14T00:00:00.000Z,aa13f74e-ad79-4c3f-96db-3b36b012282d
80021,8,UT,Utah,0,1980-03-14T00:00:00.000Z,Major Disaster,FLOODING,Flood,1980-03-21T00:00:00.000Z,1980-03-21T00:00:00.000Z,Turndown,1980-03-21T00:00:00.000Z,0,0,0,0,80021,1980-03-21T00:00:00.000Z,b5b9bad9-b375-49a9-8388-5c4c84c542c6
80022,10,ID,Idaho,0,1980-04-05T00:00:00.000Z,Major Disaster,FLOODING,Flood,1980-04-09T00:00:00.000Z,1980-04-09T00:00:00.000Z,Turndown,1980-04-09T00:00:00.000Z,0,0,0,0,80022,1980-04-09T00:00:00.000Z,959326e7-2dde-4e5a-91e2-78584f4c9c53
80026,5,MI,Michigan,0,1980-04-17T00:00:00.000Z,Emergency,CHEMICAL CONTAMINATION,Toxic Substances,1980-11-12T00:00:00.000Z,1980-11-12T00:00:00.000Z,Turndown,1980-11-12T00:00:00.000Z,0,0,0,0,80026,1980-11-12T00:00:00.000Z,c95fa91c-bc95-421e-b9cb-c697b122a88e
80028,9,HI,Hawaii,0,1980-04-18T00:00:00.000Z,Major Disaster,SEVERE STORMS & FLOODING,Flood,1980-04-26T00:00:00.000Z,1980-04-26T00:00:00.000Z,Turndown,1980-04-26T00:00:00.000Z,0,0,0,0,80028,1980-04-26T00:00:00.000Z,383c08b3-a73b-4e22-9239-dbc6b8079bac
80031,2,NY,New York,0,1980-04-22T00:00:00.000Z,Major Disaster,SEVERE STORMS & FLOODING,Flood,1980-05-01T00:00:00.000Z,1980-05-01T00:00:00.000Z,Turndown,1980-05-31T00:00:00.000Z,0,0,0,0,80031,1980-05-01T00:00:00.000Z,8ac9ef11-2d32-4ad5-8f8a-a2268f46589c
80041,4,AL,Alabama,0,1980-05-26T00:00:00.000Z,Major Disaster,SEVERE STORMS & FLOODING,Flood,1980-06-04T00:00:00.000Z,1980-06-04T00:00:00.000Z,Turndown,1980-06-04T00:00:00.000Z,0,0,0,0,80041,1980-06-04T00:00:00.000Z,0de62cab-97f6-496d-a336-92abba748b76
80043,8,SD,South Dakota,0,1980-05-30T00:00:00.000Z,Major Disaster,DROUGHT,Drought,1980-07-28T00:00:00.000Z,1980-07-28T00:00:00.000Z,Turndown,1980-07-28T00:00:00.000Z,0,0,0,0,80043,1980-07-28T00:00:00.000Z,8fd2ab10-a6a5-4598-bab7-44e0dc41d32f
80045,8,ND,North Dakota,0,1980-06-06T00:00:00.000Z,Emergency,DROUGHT,Drought,1980-06-16T00:00:00.000Z,1980-06-16T00:00:00.000Z,Turndown,1980-06-16T00:00:00.000Z,0,0,0,0,80045,1980-06-16T00:00:00.000Z,4d47e251-3a62-441e-8432-fd32c3532132
80046,8,MT,Montana,0,1980-06-09T00:00:00.000Z,Major Disaster,VOLCANIC ASH,Volcanic Eruption,1980-06-16T00:00:00.000Z,1980-06-16T00:00:00.000Z,Turndown,1980-06-16T00:00:00.000Z,0,0,0,0,80046,1980-06-16T00:00:00.000Z,add3132c-cfe3-4319-99b3-66b17e4cbef2
80049,8,MT,Montana,0,1980-06-18T00:00:00.000Z,Emergency,DROUGHT,Drought,1980-06-28T00:00:00.000Z,1980-06-28T00:00:00.000Z,Turndown,1980-06-28T00:00:00.000Z,0,0,0,0,80049,1980-06-28T00:00:00.000Z,4abe2bfa-5578-43fd-980a-8278e4662a8b
80050,10,OR,Oregon,0,1980-06-23T00:00:00.000Z,Major Disaster,VOLCANIC ASH,Volcanic Eruption,1980-06-28T00:00:00.000Z,1980-06-28T00:00:00.000Z,Turndown,1980-06-28T00:00:00.000Z,0,0,0,0,80050,1980-06-28T00:00:00.000Z,94112fae-6c85-456e-9a28-c808ec56c3ce
80051,5,WI,Wisconsin,0,1980-06-25T00:00:00.000Z,Major Disaster,"SEVERE STORMS, FLOODING & TORNADOES",Tsunami,1980-06-28T00:00:00.000Z,1980-06-28T00:00:00.000Z,Turndown,1980-06-28T00:00:00.000Z,0,0,0,0,80051,1980-06-28T00:00:00.000Z,df1b18ec-de99-4116-aa29-d7e03d9fa076
80052,6,OK,Oklahoma,0,1980-06-26T00:00:00.000Z,Major Disaster,SEVERE STORMS & FLOODING,Flood,1980-07-03T00:00:00.000Z,1980-07-03T00:00:00.000Z,Turndown,1980-09-02T00:00:00.000Z,0,0,0,0,80052,1980-07-03T00:00:00.000Z,616ed4fb-c79a-4d0b-a5d0-cc4a3a82fe15
80053,6,OK,Oklahoma,0,1980-06-30T00:00:00.000Z,Major Disaster,SEVERE STORMS & FLOODING,Flood,1980-07-18T00:00:00.000Z,1980-07-18T00:00:00.000Z,Turndown,1980-09-02T00:00:00.000Z,0,0,0,0,80053,1980-07-18T00:00:00.000Z,4bd4f5e9-eeb9-4a7a-af22-63aa96927951
80054,7,MO,Missouri,0,1980-07-14T00:00:00.000Z,Major Disaster,HEAT WAVE,Other,1980-07-28T00:00:00.000Z,1980-07-28T00:00:00.000Z,Turndown,1980-07-28T00:00:00.000Z,0,0,0,0,80054,1980-07-28T00:00:00.000Z,8b4a3596-291a-48e2-95c5-ffcaa8bc0278
80055,5,IL,Illinois,0,1980-07-16T00:00:00.000Z,Major Disaster,SEVERE STORMS & FLOODING,Flood,1980-07-22T00:00:00.000Z,1980-07-22T00:00:00.000Z,Turndown,1980-09-12T00:00:00.000Z,0,0,0,0,80055,1980-07-22T00:00:00.000Z,297af25c-a247-43cc-9c70-754108f66441
80056,7,MO,Missouri,0,1980-07-19T00:00:00.000Z,Major Disaster,DROUGHT & HEAT,Drought,1980-08-04T00:00:00.000Z,1980-08-04T00:00:00.000Z,Turndown,1980-08-04T00:00:00.000Z,0,0,0,0,80056,1980-08-04T00:00:00.000Z,7704de81-cd60-454f-83d5-7c6db60e07ab
80058,5,MI,Michigan,0,1980-07-23T00:00:00.000Z,Emergency,SEVERE STORMS & FLOODING,Flood,1980-07-29T00:00:00.000Z,1980-07-29T00:00:00.000Z,Turndown,1980-07-29T00:00:00.000Z,0,0,0,0,80058,1980-07-29T00:00:00.000Z,667845c2-f9ee-4c7c-8763-c9f4890fd236
80066,4,KY,Kentucky,0,1980-08-25T00:00:00.000Z,Major Disaster,SEVERE STORMS & FLOODING,Flood,1980-09-02T00:00:00.000Z,1980-09-02T00:00:00.000Z,Turndown,1980-09-02T00:00:00.000Z,0,0,0,0,80066,1980-09-02T00:00:00.000Z,67142da3-7af1-4734-925b-9159cc80c3ab
80072,5,OH,Ohio,0,1980-09-29T00:00:00.000Z,Major Disaster,HAIL STORM & HIGH WINDS.,Snowstorm,1980-11-12T00:00:00.000Z,1980-11-12T00:00:00.000Z,Turndown,1980-11-12T00:00:00.000Z,0,0,0,0,80072,1980-11-12T00:00:00.000Z,977fcbaf-aa3e-4da2-a827-80660f4063f0
81003,5,OH,Ohio,0,1980-10-07T00:00:00.000Z,Major Disaster,LANDSLIDE,Mud/Landslide,1980-11-12T00:00:00.000Z,1980-11-12T00:00:00.000Z,Turndown,1980-11-12T00:00:00.000Z,0,0,0,0,81003,1980-11-12T00:00:00.000Z,d304759e-6350-4030-b864-3a110052a4ca
81004,6,TX,Texas,0,1980-10-09T00:00:00.000Z,Major Disaster,TORRENTIAL RAINS & FLOODING,Flood,1980-11-12T00:00:00.000Z,1980-11-12T00:00:00.000Z,Turndown,1980-11-12T00:00:00.000Z,0,0,0,0,81004,1980-11-12T00:00:00.000Z,e15d2432-797f-4615-a340-e24176748521
81005,5,WI,Wisconsin,0,1980-10-15T00:00:00.000Z,Major Disaster,SEVERE STORMS & FLOODING,Flood,1980-11-12T00:00:00.000Z,1980-11-12T00:00:00.000Z,Turndown,1981-03-26T00:00:00.000Z,0,0,0,0,81005,1980-11-12T00:00:00.000Z,625845a6-669e-45cb-8959-d7958a531187
81007,5,MN,Minnesota,0,1980-10-16T00:00:00.000Z,Major Disaster,SEVERE STORMS & FLOODING,Flood,1980-11-12T00:00:00.000Z,1980-11-12T00:00:00.000Z,Turndown,1980-11-12T00:00:00.000Z,0,0,0,0,81007,1980-11-12T00:00:00.000Z,941c52f2-ab6b-4d70-b88f-64aa6b49756d
81013,1,NH,New Hampshire,0,1980-12-12T00:00:00.000Z,Emergency,FIRE HAZARD DUE TO TIMBER BLOW DOWN,Other,1981-01-19T00:00:00.000Z,1981-01-19T00:00:00.000Z,Turndown,1981-01-19T00:00:00.000Z,0,0,0,0,81013,1981-01-19T00:00:00.000Z,d024ccee-4f94-482b-904d-03ef1e53f502
81014,10,WA,Washington,0,1981-01-09T00:00:00.000Z,Major Disaster,FLOODING,Flood,1981-01-16T00:00:00.000Z,1981-01-16T00:00:00.000Z,Turndown,1981-03-16T00:00:00.000Z,0,0,0,0,81014,1981-01-16T00:00:00.000Z,a6d0362c-84a6-4bbc-90eb-6c3581a7cc83
81016,4,FL,Florida,0,1981-01-27T00:00:00.000Z,Major Disaster,WINTER FREEZE,Snowstorm,1981-02-13T00:00:00.000Z,1981-02-13T00:00:00.000Z,Turndown,1981-03-13T00:00:00.000Z,0,0,0,0,81016,1981-02-13T00:00:00.000Z,bd87e509-21ca-430a-96b0-060021dbe8a5
81018,2,NJ,New Jersey,0,1981-02-20T00:00:00.000Z,Emergency,WATER SHORTAGE,Drought,1981-03-02T00:00:00.000Z,1981-03-02T00:00:00.000Z,Turndown,1981-03-02T00:00:00.000Z,0,0,0,0,81018,1981-03-02T00:00:00.000Z,2625c872-c444-43da-82a1-b93101ea4c81
81023,2,NY,New York,0,1981-03-19T00:00:00.000Z,Major Disaster,FLOODING,Flood,1981-05-04T00:00:00.000Z,1981-05-04T00:00:00.000Z,Turndown,1981-05-04T00:00:00.000Z,0,0,0,0,81023,1981-05-04T00:00:00.000Z,ac04b1c5-f64f-4bc1-9a3e-e3e6c206bffa
81026,4,AL,Alabama,0,1981-04-03T00:00:00.000Z,Major Disaster,SEVERE STORMS,Severe Storm,1981-05-18T00:00:00.000Z,1981-05-18T00:00:00.000Z,Turndown,1981-05-18T00:00:00.000Z,0,0,0,0,81026,1981-05-18T00:00:00.000Z,bab1bc00-0cdd-4ffc-80a9-46e15d9bc0a5
81027,7,MO,Missouri,0,1981-04-27T00:00:00.000Z,Major Disaster,SEVERE STORMS & FLOODING & TORNADO,Tsunami,1981-06-11T00:00:00.000Z,1981-06-11T00:00:00.000Z,Turndown,1981-06-11T00:00:00.000Z,0,0,0,0,81027,1981-06-11T00:00:00.000Z,46972d84-16f3-4c78-a9b5-f3debcfd16aa
81030,6,TX,Texas,0,1981-05-29T00:00:00.000Z,Major Disaster,SEVERE STORMS & FLOODING,Flood,1981-06-01T00:00:00.000Z,1981-06-01T00:00:00.000Z,Turndown,1981-06-20T00:00:00.000Z,0,0,0,0,81030,1981-06-01T00:00:00.000Z,ab0f5c83-3e57-44ff-8a16-6c60bd0dbeaa
81031,4,KY,Kentucky,0,1981-06-09T00:00:00.000Z,Major Disaster,SEVERE STORMS & FLOODING,Flood,1981-06-25T00:00:00.000Z,1981-06-25T00:00:00.000Z,Turndown,1981-06-25T00:00:00.000Z,0,0,0,0,81031,1981-06-25T00:00:00.000Z,a78b5794-f50b-4f5b-86b5-b010d056724a
81035,9,MP,Northern Mariana Islands,0,1981-06-16T00:00:00.000Z,Major Disaster,VOLCANO ERUPTION,Volcanic Eruption,1981-07-06T00:00:00.000Z,1981-07-06T00:00:00.000Z,Turndown,1981-07-06T00:00:00.000Z,0,0,0,0,81035,1981-07-06T00:00:00.000Z,de21d0ad-fad5-430a-89ba-a3799d122182
81036,5,MN,Minnesota,0,1981-06-18T00:00:00.000Z,Major Disaster,SEVERE STORMS & TORNADOES,Tornado,1981-06-25T00:00:00.000Z,1981-06-25T00:00:00.000Z,Turndown,1981-06-25T00:00:00.000Z,0,0,0,0,81036,1981-06-25T00:00:00.000Z,f0377a6c-9fc3-4dfe-b38a-bb6aede5374f
81039,7,KS,Kansas,0,1981-06-25T00:00:00.000Z,Major Disaster,SEVERE STORMS & TORNADOES,Tornado,1981-07-06T00:00:00.000Z,1981-07-06T00:00:00.000Z,Turndown,1981-07-18T00:00:00.000Z,0,0,0,0,81039,1981-07-06T00:00:00.000Z,f5c0017a-bb48-48ee-bde2-0cfbcbead97d
81041,5,OH,Ohio,0,1981-07-06T00:00:00.000Z,Major Disaster,SEVERE STORMS & FLOODING,Flood,1981-07-10T00:00:00.000Z,1981-07-10T00:00:00.000Z,Turndown,1981-07-10T00:00:00.000Z,0,0,0,0,81041,1981-07-10T00:00:00.000Z,7915fdbf-e43f-436a-9438-42d93628d79b
81043,6,OK,Oklahoma,0,1981-07-13T00:00:00.000Z,Emergency,TORNADOES,Tornado,1981-07-30T00:00:00.000Z,1981-07-30T00:00:00.000Z,Turndown,1981-07-30T00:00:00.000Z,0,0,0,0,81043,1981-07-30T00:00:00.000Z,0cbacb64-2f38-408c-b56f-6a2e3103bcc9
81044,9,CA,California,0,1981-07-16T00:00:00.000Z,Major Disaster,MED. FRUIT FLY INFESTATION,Crop Losses,1981-07-21T00:00:00.000Z,1981-07-21T00:00:00.000Z,Turndown,1981-07-21T00:00:00.000Z,0,0,0,0,81044,1981-07-21T00:00:00.000Z,d0bdc190-6658-4d39-a2da-5c1cd9e65660
81045,7,IA,Iowa,0,1981-07-17T00:00:00.000Z,Major Disaster,SEVERE STORMS & FLOODING,Flood,1981-08-03T00:00:00.000Z,1981-08-03T00:00:00.000Z,Turndown,1981-08-03T00:00:00.000Z,0,0,0,0,81045,1981-08-03T00:00:00.000Z,67519b57-89cb-4791-8e97-4edef10b820a
81048,7,MO,Missouri,0,1981-08-03T00:00:00.000Z,Major Disaster,TORRENTIAL RAINS & FLOODING,Flood,1981-08-28T00:00:00.000Z,1981-08-28T00:00:00.000Z,Turndown,1981-09-24T00:00:00.000Z,0,0,0,0,81048,1981-08-28T00:00:00.000Z,2ce219de-7c3f-44f6-9ebe-f78bbd52d3d1
81055,1,ME,Maine,0,1981-09-08T00:00:00.000Z,Major Disaster,SEVERE STORMS & FLOODING,Flood,1981-09-16T00:00:00.000Z,1981-09-16T00:00:00.000Z,Turndown,1981-09-16T00:00:00.000Z,0,0,0,0,81055,1981-09-16T00:00:00.000Z,9f10dd39-0cf3-4eed-b1b8-f4b97b605349
82001,5,MI,Michigan,0,1981-10-02T00:00:00.000Z,Emergency,SEVERE STORMS & FLOODING,Flood,1981-10-20T00:00:00.000Z,1981-10-20T00:00:00.000Z,Turndown,1981-10-20T00:00:00.000Z,0,0,0,0,82001,1981-10-20T00:00:00.000Z,40094a6d-cc3f-45fd-8e77-af392ee133da
82005,9,MP,Northern Mariana Islands,0,1981-12-01T00:00:00.000Z,Major Disaster,TYPHOON HAZEN,Typhoon,1981-12-07T00:00:00.000Z,1981-12-07T00:00:00.000Z,Turndown,1981-12-07T00:00:00.000Z,0,0,0,0,82005,1981-12-07T00:00:00.000Z,a1bc4842-40b2-44e8-9d7a-fff261d6ba33
82007,4,AL,Alabama,0,1982-01-25T00:00:00.000Z,Major Disaster,SEVERE ICE STORMS,Snowstorm,1982-02-05T00:00:00.000Z,1982-02-05T00:00:00.000Z,Turndown,1982-04-13T00:00:00.000Z,0,0,0,0,82007,1982-02-05T00:00:00.000Z,e76360be-d9ba-4412-9796-4ec02c4d8a6f
82008,3,MD,Maryland,0,1982-01-28T00:00:00.000Z,Major Disaster,ICE CONDITION,Snowstorm,1982-02-11T00:00:00.000Z,1982-02-11T00:00:00.000Z,Turndown,1982-02-11T00:00:00.000Z,0,0,0,0,82008,1982-02-11T00:00:00.000Z,97b308af-dfff-4098-bd78-7eb92ff9f407
82009,10,WA,Washington,0,1982-02-04T00:00:00.000Z,Major Disaster,"SEV STORMS, BLIZARD, SNOW MELT & FLOOD",Flood,1982-02-12T00:00:00.000Z,1982-02-12T00:00:00.000Z,Turndown,1982-02-12T00:00:00.000Z,0,0,0,0,82009,1982-02-12T00:00:00.000Z,6073d7ec-e55e-4c51-bd22-094a00506813
82010,7,MO,Missouri,0,1982-02-06T00:00:00.000Z,Emergency,SNOW EMERGENCY,Snowstorm,1982-02-12T00:00:00.000Z,1982-02-12T00:00:00.000Z,Turndown,1982-02-12T00:00:00.000Z,0,0,0,0,82010,1982-02-12T00:00:00.000Z,b7d7ab70-56b4-43ff-a576-a5abde625d4e
82011,10,WA,Washington,0,1982-03-10T00:00:00.000Z,Major Disaster,SEVERE STORMS & FLOODING,Flood,1982-03-20T00:00:00.000Z,1982-03-20T00:00:00.000Z,Turndown,1982-03-20T00:00:00.000Z,0,0,0,0,82011,1982-03-20T00:00:00.000Z,227ef63c-e97b-43ef-bdab-98a14e2fd89c
82018,5,OH,Ohio,0,1982-04-10T00:00:00.000Z,Major Disaster,"SEVERE STORMS, FLOODING & WAVE ACTION",Flood,1982-04-28T00:00:00.000Z,1982-04-28T00:00:00.000Z,Turndown,1982-04-28T00:00:00.000Z,0,0,0,0,82018,1982-04-28T00:00:00.000Z,1c0fb6fc-6e0e-48eb-b532-67e373e76d26
82019,7,MO,Missouri,0,1982-04-12T00:00:00.000Z,Emergency,HIGH WINDS & TORNADOES,Tornado,1982-04-26T00:00:00.000Z,1982-04-26T00:00:00.000Z,Turndown,1982-04-26T00:00:00.000Z,0,0,0,0,82019,1982-04-26T00:00:00.000Z,d3b91092-b8f3-46d4-be39-2b046e132d0b
82029,9,CA,California,0,1982-06-11T00:00:00.000Z,Major Disaster,"SEV. STORMS, HG. TIDES, MUDSLIDES FLOOD",Coastal Storm,1982-07-12T00:00:00.000Z,1982-07-12T00:00:00.000Z,Turndown,1982-07-12T00:00:00.000Z,0,0,0,0,82029,1982-07-12T00:00:00.000Z,5fad2c71-b119-4a94-be29-74906d55db0d
82030,6,TX,Texas,0,1982-06-11T00:00:00.000Z,Major Disaster,SEVERE STORMS AND FLOODING,Flood,1982-06-22T00:00:00.000Z,1982-06-22T00:00:00.000Z,Turndown,1982-06-22T00:00:00.000Z,0,0,0,0,82030,1982-06-22T00:00:00.000Z,f25c6088-d0ba-4cba-990e-5dcb6625560d
82034,6,AR,Arkansas,0,1982-07-07T00:00:00.000Z,Major Disaster,FLASH FLOODING,Flood,1982-07-15T00:00:00.000Z,1982-07-15T00:00:00.000Z,Turndown,1982-07-15T00:00:00.000Z,0,0,0,0,82034,1982-07-15T00:00:00.000Z,ccb03bdb-1a86-415f-ab9f-a1b85fb44bac
82036,7,IA,Iowa,0,1982-07-02T00:00:00.000Z,Major Disaster,SEVERE STORMS AND FLOODING,Flood,1982-08-04T00:00:00.000Z,1982-08-04T00:00:00.000Z,Turndown,1982-09-10T00:00:00.000Z,0,0,0,0,82036,1982-08-04T00:00:00.000Z,35d3bc9b-8c0b-499f-93f9-f27f526b562b
82037,7,KS,Kansas,0,1982-07-29T00:00:00.000Z,Major Disaster,SEVERE STORMS & FLOODING,Flood,1982-08-24T00:00:00.000Z,1982-08-24T00:00:00.000Z,Turndown,1982-11-18T00:00:00.000Z,0,0,0,0,82037,1982-08-24T00:00:00.000Z,0488b37b-bb14-4cec-811d-2621a45280c1
83001,7,MO,Missouri,0,1982-10-04T00:00:00.000Z,Major Disaster,SEVERE STORMS AND FLOODING,Flood,1982-11-03T00:00:00.000Z,1982-11-03T00:00:00.000Z,Turndown,1982-11-03T00:00:00.000Z,0,0,0,0,83001,1982-11-03T00:00:00.000Z,5169faba-a3df-4c7b-a373-7d09ef45f5ca
83002,8,UT,Utah,0,1982-10-09T00:00:00.000Z,Major Disaster,SEVERE STORMS AND FLOODING,Flood,1982-11-03T00:00:00.000Z,1982-11-03T00:00:00.000Z,Turndown,1982-11-03T00:00:00.000Z,0,0,0,0,83002,1982-11-03T00:00:00.000Z,5a09052b-3d40-4349-a561-eda7547a0b27
83003,9,CA,California,0,1982-10-15T00:00:00.000Z,Major Disaster,HIGH WINDS AND FIRE,Fire,1982-11-03T00:00:00.000Z,1982-11-03T00:00:00.000Z,Turndown,1982-11-03T00:00:00.000Z,0,0,0,0,83003,1982-11-03T00:00:00.000Z,e56f0904-232e-4dd9-943c-c6be2d106ec5
83004,9,CA,California,0,1982-10-15T00:00:00.000Z,Major Disaster,SEVERE STORMS AND FLOODING,Flood,1982-11-03T00:00:00.000Z,1982-11-03T00:00:00.000Z,Turndown,1982-12-29T00:00:00.000Z,0,0,0,0,83004,1982-11-03T00:00:00.000Z,1a2cbdc3-facf-4832-88a2-a2886b243ff7
83007,10,WA,Washington,0,1982-11-30T00:00:00.000Z,Emergency,FLOOD THREAT,Flood,1982-12-23T00:00:00.000Z,1982-12-23T00:00:00.000Z,Turndown,1982-12-23T00:00:00.000Z,0,0,0,0,83007,1982-12-23T00:00:00.000Z,291db51c-1859-4fd5-8521-8cec0cae5990
83012,9,CA,California,0,1982-12-14T00:00:00.000Z,Major Disaster,STORMS HIGH TIDES WINDS + FLOODING,Flood,1982-12-29T00:00:00.000Z,1982-12-29T00:00:00.000Z,Turndown,1983-02-22T00:00:00.000Z,0,0,0,0,83012,1982-12-29T00:00:00.000Z,152b29cc-62b7-4d05-8347-77825e8870b1
83021,4,AL,Alabama,0,1983-03-14T00:00:00.000Z,Major Disaster,FLOODING,Flood,1983-03-25T00:00:00.000Z,1983-03-25T00:00:00.000Z,Turndown,1983-05-31T00:00:00.000Z,0,0,0,0,83021,1983-03-25T00:00:00.000Z,7c4a2feb-8579-42f6-8dca-4db302e2e58c
83022,10,WA,Washington,0,1983-04-01T00:00:00.000Z,Emergency,FLOODING AND MUDSLIDES,Flood,1983-04-15T00:00:00.000Z,1983-04-15T00:00:00.000Z,Turndown,1983-04-15T00:00:00.000Z,0,0,0,0,83022,1983-04-15T00:00:00.000Z,aa09fa3f-a839-4906-b507-11bccc4953d1
83029,7,MO,Missouri,0,1983-05-05T00:00:00.000Z,Major Disaster,TORNADOES,Tornado,1983-05-16T00:00:00.000Z,1983-05-16T00:00:00.000Z,Turndown,1983-09-23T00:00:00.000Z,0,0,0,0,83029,1983-05-16T00:00:00.000Z,592a817c-f883-4e1a-a743-488213e703cc
83030,5,OH,Ohio,0,1983-05-06T00:00:00.000Z,Major Disaster,TORNADOES,Tornado,1983-05-20T00:00:00.000Z,1983-05-20T00:00:00.000Z,Turndown,1983-06-28T00:00:00.000Z,0,0,0,0,83030,1983-05-20T00:00:00.000Z,47199bb9-cd52-48df-9537-bce09ab40599
83031,4,KY,Kentucky,0,1983-05-09T00:00:00.000Z,Major Disaster,SEVERE STORMS AND FLOODING,Flood,1983-05-20T00:00:00.000Z,1983-05-20T00:00:00.000Z,Turndown,1983-05-20T00:00:00.000Z,0,0,0,0,83031,1983-05-20T00:00:00.000Z,b3104380-af7e-41fb-b7d4-11ef81338ee5
83032,2,NY,New York,0,1983-05-19T00:00:00.000Z,Major Disaster,SEVERE STORMS AND TORNADOES,Tornado,1983-08-09T00:00:00.000Z,1983-08-09T00:00:00.000Z,Turndown,1983-08-09T00:00:00.000Z,0,0,0,0,83032,1983-08-09T00:00:00.000Z,73d46c5f-1384-40dc-b142-501bdef801d9
83037,6,TX,Texas,0,1983-06-22T00:00:00.000Z,Major Disaster,"SEVERE STORMS, FLOODING, TORNADOES",Tsunami,1983-07-07T00:00:00.000Z,1983-07-07T00:00:00.000Z,Turndown,1983-07-07T00:00:00.000Z,0,0,0,0,83037,1983-07-07T00:00:00.000Z,4d921799-6081-402b-aef3-56849ccce832
83040,6,LA,Louisiana,0,1983-06-28T00:00:00.000Z,Major Disaster,TORNADOES AND FLOODING,Tsunami,1983-07-19T00:00:00.000Z,1983-07-19T00:00:00.000Z,Turndown,1983-09-10T00:00:00.000Z,0,0,0,0,83040,1983-07-19T00:00:00.000Z,471dd3d6-105c-4252-b6dc-0d8a03111719
83041,7,KS,Kansas,0,1983-06-28T00:00:00.000Z,Major Disaster,SEVERE STORMS AND FLOODING,Flood,1983-07-18T00:00:00.000Z,1983-07-18T00:00:00.000Z,Turndown,1983-07-18T00:00:00.000Z,0,0,0,0,83041,1983-07-18T00:00:00.000Z,9ce9e6d2-7a1f-48af-a0ae-9945e136dc85
83043,4,TN,Tennessee,0,1983-07-14T00:00:00.000Z,Major Disaster,SEVERE STORMS AND FLOODING,Flood,1983-07-25T00:00:00.000Z,1983-07-25T00:00:00.000Z,Turndown,1983-07-25T00:00:00.000Z,0,0,0,0,83043,1983-07-25T00:00:00.000Z,5fa60f9b-b508-4471-8fae-4ced4a169426
83046,6,TX,Texas,0,1983-07-26T00:00:00.000Z,Major Disaster,SEVERE STORMS AND HAIL,Severe Storm,1983-08-02T00:00:00.000Z,1983-08-02T00:00:00.000Z,Turndown,1983-08-01T00:00:00.000Z,0,0,0,0,83046,1983-08-02T00:00:00.000Z,641a6114-fddf-42cc-a016-c7f6e8a2d6d2
84007,9,CA,California,0,1983-12-13T00:00:00.000Z,Major Disaster,LEVEE BREAK & FLOODING,Flood,1984-01-06T00:00:00.000Z,1984-01-06T00:00:00.000Z,Turndown,1984-01-06T00:00:00.000Z,0,0,0,0,84007,1984-01-06T00:00:00.000Z,b2f35ca4-9364-4812-8254-004c7ddb2d9a
84010,10,WA,Washington,0,1984-02-29T00:00:00.000Z,Major Disaster,IMPACT OF EL NINO,Other,1984-02-29T00:00:00.000Z,1984-02-29T00:00:00.000Z,Turndown,1984-02-29T00:00:00.000Z,0,0,0,0,84010,1984-02-29T00:00:00.000Z,afc31e9c-f8a6-4909-a4d4-42ac45bd3095
84013,5,OH,Ohio,0,1984-03-03T00:00:00.000Z,Emergency,SEVERE WINTER STORM,Snowstorm,1984-03-07T00:00:00.000Z,1984-03-07T00:00:00.000Z,Turndown,1984-03-07T00:00:00.000Z,0,0,0,0,84013,1984-03-07T00:00:00.000Z,6d5586bc-bb88-403f-8284-38669b2b8ab9
84014,4,AL,Alabama,0,1984-03-08T00:00:00.000Z,Major Disaster,TORNADOES AND SEVERE STORMS,Tornado,1984-03-27T00:00:00.000Z,1984-03-27T00:00:00.000Z,Turndown,1984-03-27T00:00:00.000Z,0,0,0,0,84014,1984-03-27T00:00:00.000Z,cf99f608-9862-475f-a249-8f6be492fb3e
84016,4,GA,Georgia,0,1984-03-13T00:00:00.000Z,Major Disaster,SEVERE STORMS AND TORNADOES,Tornado,1984-04-02T00:00:00.000Z,1984-04-02T00:00:00.000Z,Turndown,1984-04-02T00:00:00.000Z,0,0,0,0,84016,1984-04-02T00:00:00.000Z,d074e5b0-3cf7-4371-85a8-01ff8b600c3b
84018,6,AR,Arkansas,0,1984-03-26T00:00:00.000Z,Major Disaster,SEVERE STORMS & TORNADOES,Tornado,1984-04-13T00:00:00.000Z,1984-04-13T00:00:00.000Z,Turndown,1984-04-13T00:00:00.000Z,0,0,0,0,84018,1984-04-13T00:00:00.000Z,d36c2ddc-888b-4922-985e-b900e9498729
84022,10,OR,Oregon,0,1984-04-06T00:00:00.000Z,Major Disaster,FLOODING,Flood,1984-04-25T00:00:00.000Z,1984-04-25T00:00:00.000Z,Turndown,1984-04-25T00:00:00.000Z,0,0,0,0,84022,1984-04-25T00:00:00.000Z,eac5d0f0-4331-4bcc-b796-9b1b118464dd
84023,3,MD,Maryland,0,1984-04-09T00:00:00.000Z,Major Disaster,SEVERE STORMS & FLOODING,Flood,1984-04-26T00:00:00.000Z,1984-04-26T00:00:00.000Z,Turndown,1984-04-26T00:00:00.000Z,0,0,0,0,84023,1984-04-26T00:00:00.000Z,8b62f8fd-fde8-41e7-af34-9dbdca54a736
84025,3,VA,Virginia,0,1984-04-16T00:00:00.000Z,Major Disaster,SEVERE STORMS AND FLOODING,Flood,1984-04-25T00:00:00.000Z,1984-04-25T00:00:00.000Z,Turndown,1984-04-25T00:00:00.000Z,0,0,0,0,84025,1984-04-25T00:00:00.000Z,2a4bd301-f701-4583-92df-9b096e3cace4
84028,7,NE,Nebraska,0,1984-05-02T00:00:00.000Z,Major Disaster,SEVERE STORMS & TORNADOES,Tornado,1984-05-14T00:00:00.000Z,1984-05-14T00:00:00.000Z,Turndown,1984-05-14T00:00:00.000Z,0,0,0,0,84028,1984-05-14T00:00:00.000Z,1a254c25-9494-42ca-9aa1-4913197326b5
84034,5,WI,Wisconsin,0,1984-05-11T00:00:00.000Z,Emergency,SEVERE STORMS & TORNADOES,Tornado,1984-05-24T00:00:00.000Z,1984-05-24T00:00:00.000Z,Turndown,1984-05-24T00:00:00.000Z,0,0,0,0,84034,1984-05-24T00:00:00.000Z,be06eee3-d51c-4d18-9f6e-e4bb9a1459e5
84038,4,MS,Mississippi,0,1984-05-23T00:00:00.000Z,Major Disaster,"SEVERE STORMS, TORNADOES, & FLOODING",Tsunami,1984-06-05T00:00:00.000Z,1984-06-05T00:00:00.000Z,Turndown,1984-06-05T00:00:00.000Z,0,0,0,0,84038,1984-06-05T00:00:00.000Z,e28ee792-649b-47a1-8dc1-4a5365e98d6d
84039,4,FL,Florida,0,1984-05-24T00:00:00.000Z,Major Disaster,SEVERE STORMS & FLOODING,Flood,1984-06-05T00:00:00.000Z,1984-06-05T00:00:00.000Z,Turndown,1984-06-05T00:00:00.000Z,0,0,0,0,84039,1984-06-05T00:00:00.000Z,8a95567e-e8d6-4fb0-8df9-4081e04af83c
84048,6,TX,Texas,0,1984-06-21T00:00:00.000Z,Major Disaster,SEVERE STORMS & FLOODING,Flood,1984-07-16T00:00:00.000Z,1984-07-16T00:00:00.000Z,Turndown,1984-07-16T00:00:00.000Z,0,0,0,0,84048,1984-07-16T00:00:00.000Z,ea34859a-c802-48a6-b3d0-f6850c7dc96a
85004,6,AR,Arkansas,0,1984-11-01T00:00:00.000Z,Major Disaster,SEVERE STORMS & FLOODING,Flood,1984-11-09T00:00:00.000Z,1984-11-09T00:00:00.000Z,Turndown,1984-11-09T00:00:00.000Z,0,0,0,0,85004,1984-11-09T00:00:00.000Z,38f79d33-0c89-4e63-bbf5-f5c80d9c0bbf
85005,2,NJ,New Jersey,0,1984-11-05T00:00:00.000Z,Emergency,HOTEL FIRE,Fire,1984-11-16T00:00:00.000Z,1984-11-16T00:00:00.000Z,Turndown,1984-11-16T00:00:00.000Z,0,0,0,0,85005,1984-11-16T00:00:00.000Z,7c6fb7d0-ec94-4c37-9cad-55ed6eda8228
85007,10,AK,Alaska,0,1984-12-06T00:00:00.000Z,Major Disaster,FLOODING,Flood,1984-12-14T00:00:00.000Z,1984-12-14T00:00:00.000Z,Turndown,1984-12-14T00:00:00.000Z,0,0,0,0,85007,1984-12-14T00:00:00.000Z,7d14fdba-bc06-4cd5-80b3-d5261ae15c42
85008,6,TX,Texas,0,1984-12-20T00:00:00.000Z,Major Disaster,SEVERE THUNDERSTORMS AND TORNADOES,Flood,1984-12-27T00:00:00.000Z,1984-12-27T00:00:00.000Z,Turndown,1984-12-27T00:00:00.000Z,0,0,0,0,85008,1984-12-27T00:00:00.000Z,5af7aadf-23cc-46e2-b6f0-6a01e5b6a2b0
85010,5,MI,Michigan,0,1985-01-15T00:00:00.000Z,Major Disaster,ICE STORM,Snowstorm,1985-02-07T00:00:00.000Z,1985-02-07T00:00:00.000Z,Turndown,1985-02-07T00:00:00.000Z,0,0,0,0,85010,1985-02-07T00:00:00.000Z,53100c85-1852-49bf-a503-f282ccc85f74
85011,2,NY,New York,0,1985-01-25T00:00:00.000Z,Emergency,SEVERE WINTER STORM,Snowstorm,1985-01-30T00:00:00.000Z,1985-01-30T00:00:00.000Z,Turndown,1985-01-30T00:00:00.000Z,0,0,0,0,85011,1985-01-30T00:00:00.000Z,19b8a5d5-ea13-4cba-93e7-3ebe927c4daf
85013,4,AL,Alabama,0,1985-02-09T00:00:00.000Z,Major Disaster,SEVERE WINTER STORMS,Snowstorm,1985-02-26T00:00:00.000Z,1985-02-26T00:00:00.000Z,Turndown,1985-02-26T00:00:00.000Z,0,0,0,0,85013,1985-02-26T00:00:00.000Z,33a22771-0898-409b-b502-61689ac55df7
85016,5,OH,Ohio,0,1985-03-13T00:00:00.000Z,Major Disaster,SNOW MELT & ICE JAMS,Snowstorm,1985-03-26T00:00:00.000Z,1985-03-26T00:00:00.000Z,Turndown,1985-03-26T00:00:00.000Z,0,0,0,0,85016,1985-03-26T00:00:00.000Z,e410f118-e842-43e8-a4fe-b3b10f8bb9c6
85021,4,NC,North Carolina,0,1985-04-18T00:00:00.000Z,Major Disaster,FOREST FIRES,Fire,1985-05-22T00:00:00.000Z,1985-05-22T00:00:00.000Z,Turndown,1985-05-22T00:00:00.000Z,0,0,0,0,85021,1985-05-22T00:00:00.000Z,37ea5fc6-3468-40fe-bfa4-e34198f51650
85036,9,AS,American Samoa,0,1985-06-12T00:00:00.000Z,Major Disaster,SEVERE STORMS AND MUDSLIDES,Severe Storm,1985-07-17T00:00:00.000Z,1985-07-17T00:00:00.000Z,Turndown,1985-07-17T00:00:00.000Z,0,0,0,0,85036,1985-07-17T00:00:00.000Z,249ccb83-610e-4b06-ae4a-d41fffe9be43
85037,5,WI,Wisconsin,0,1985-06-19T00:00:00.000Z,Major Disaster,"TORNADOES, HIGH WINDS & HAIL",Tornado,1985-06-28T00:00:00.000Z,1985-06-28T00:00:00.000Z,Turndown,1985-06-28T00:00:00.000Z,0,0,0,0,85037,1985-06-28T00:00:00.000Z,b572a290-ae93-416f-9a6f-4cb11acf4355
85046,4,AL,Alabama,0,1985-07-26T00:00:00.000Z,Major Disaster,HEAVY RAINS & FLASH FLOODS,Flood,1985-08-13T00:00:00.000Z,1985-08-13T00:00:00.000Z,Turndown,1985-08-13T00:00:00.000Z,0,0,0,0,85046,1985-08-13T00:00:00.000Z,5d74afb5-4f8b-44c1-82f1-29c6554a7970
85058,4,AL,Alabama,0,1985-08-19T00:00:00.000Z,Major Disaster,HURRICANE DANNY,Hurricane,1985-08-28T00:00:00.000Z,1985-08-28T00:00:00.000Z,Turndown,1985-08-28T00:00:00.000Z,0,0,0,0,85058,1985-08-28T00:00:00.000Z,caa6a631-5d79-46aa-8167-ba55599d4857
85067,8,SD,South Dakota,0,1985-10-18T00:00:00.000Z,Emergency,SEVERE DROUGHT,Drought,1985-11-21T00:00:00.000Z,1985-11-21T00:00:00.000Z,Turndown,1985-11-21T00:00:00.000Z,0,0,0,0,85067,1985-11-21T00:00:00.000Z,2918e2ae-3390-476b-9495-8a37c0d029a3
85068,3,MD,Maryland,0,1985-10-25T00:00:00.000Z,Major Disaster,HURRICANE GLORIA,Hurricane,1985-11-21T00:00:00.000Z,1985-11-21T00:00:00.000Z,Turndown,1985-11-21T00:00:00.000Z,0,0,0,0,85068,1985-11-21T00:00:00.000Z,164ee2f1-d9a5-4651-bca6-11f658bf0a8e
85073,3,MD,Maryland,0,1985-11-15T00:00:00.000Z,Major Disaster,"HURRICANE JUAN, SEVERE RAIIN STORMS",Hurricane,1985-12-05T00:00:00.000Z,1985-12-05T00:00:00.000Z,Turndown,1985-12-05T00:00:00.000Z,0,0,0,0,85073,1985-12-05T00:00:00.000Z,7297f3be-8409-4db6-b3d8-30bd82f3c576
85074,5,MI,Michigan,0,1985-11-20T00:00:00.000Z,Major Disaster,HURRICANE JUAN,Hurricane,1985-11-27T00:00:00.000Z,1985-11-27T00:00:00.000Z,Turndown,1985-11-27T00:00:00.000Z,0,0,0,0,85074,1985-11-27T00:00:00.000Z,1a13bbb8-4da1-44c7-9a24-a3b18701a343
86013,7,IA,Iowa,0,1986-05-20T00:00:00.000Z,Major Disaster,HEAVY RAINS & FLOODING,Flood,1986-05-27T00:00:00.000Z,1986-05-27T00:00:00.000Z,Turndown,1986-05-27T00:00:00.000Z,0,0,0,0,86013,1986-05-27T00:00:00.000Z,0f5bb9df-c495-45ce-aa10-4ba94828dc3a
86014,7,MO,Missouri,0,1986-05-22T00:00:00.000Z,Major Disaster,"SEVERE STORMS, HIGH WINDS & FLOODING",Flood,1986-06-12T00:00:00.000Z,1986-06-12T00:00:00.000Z,Turndown,1986-06-12T00:00:00.000Z,0,0,0,0,86014,1986-06-12T00:00:00.000Z,221e92ca-1561-4087-9087-31c09dad1518
86019,7,NE,Nebraska,0,1986-07-16T00:00:00.000Z,Major Disaster,SEVERE STORMS,Severe Storm,1986-08-04T00:00:00.000Z,1986-08-04T00:00:00.000Z,Turndown,1986-08-04T00:00:00.000Z,0,0,0,0,86019,1986-08-04T00:00:00.000Z,c32c9d2d-e3e4-4c0e-ac1a-bd3156461d42
86021,6,NM,New Mexico,0,1986-07-25T00:00:00.000Z,Major Disaster,SEVERE STORMS & FLOODING,Flood,1986-08-11T00:00:00.000Z,1986-08-11T00:00:00.000Z,Turndown,1986-08-11T00:00:00.000Z,0,0,0,0,86021,1986-08-11T00:00:00.000Z,a4ac9278-58f8-4eb0-9512-64a541e26cc8
86022,4,NC,North Carolina,0,1986-07-31T00:00:00.000Z,Major Disaster,DROUGHT,Drought,1987-02-27T00:00:00.000Z,1987-02-27T00:00:00.000Z,Turndown,1987-02-27T00:00:00.000Z,0,0,0,0,86022,1987-02-27T00:00:00.000Z,315f6326-285c-46b8-8aff-668d40b9f8b2
86024,2,NY,New York,0,1986-08-18T00:00:00.000Z,Major Disaster,SEVERE STORMS & FLOODING,Flood,1986-09-15T00:00:00.000Z,1986-09-15T00:00:00.000Z,Turndown,1986-09-15T00:00:00.000Z,0,0,0,0,86024,1986-09-15T00:00:00.000Z,990ba79c-03c5-4ab0-84eb-3b1667b4d091
86029,3,PA,Pennsylvania,0,1986-09-29T00:00:00.000Z,Major Disaster,SURFACE SUBSIDENCE,Human Cause,1986-11-07T00:00:00.000Z,1986-11-07T00:00:00.000Z,Turndown,1986-11-07T00:00:00.000Z,0,0,0,0,86029,1986-11-07T00:00:00.000Z,31fffc7f-968e-4654-b8f7-c82a46c4ab26
86038,4,AL,Alabama,0,1986-12-01T00:00:00.000Z,Major Disaster,"SEVERE STORMS, FLOODING & TORNADOES",Tsunami,1986-11-25T00:00:00.000Z,1986-11-26T00:00:00.000Z,Turndown,1987-01-14T00:00:00.000Z,0,0,0,0,86038,1986-11-25T00:00:00.000Z,eeba6c11-a1f1-4bdd-b62c-bc469c2ef0a3
86040,5,WI,Wisconsin,0,1986-12-09T00:00:00.000Z,Emergency,LAKESHORE EROSION & FLOODING,Flood,1985-09-01T00:00:00.000Z,1985-09-01T00:00:00.000Z,Turndown,1987-01-14T00:00:00.000Z,0,0,0,0,86040,1985-09-01T00:00:00.000Z,1d1e33c7-0792-4df0-be91-360dd3073e36
86041,5,WI,Wisconsin,0,1986-09-18T00:00:00.000Z,Major Disaster,HEAVY RAINS AND FLASH FLOODING,Flood,1986-09-10T00:00:00.000Z,1986-09-11T00:00:00.000Z,Turndown,1986-09-25T00:00:00.000Z,0,0,0,0,86041,1986-09-10T00:00:00.000Z,95861910-607a-4388-883d-b4e0d2779926
86042,4,AL,Alabama,0,1986-09-18T00:00:00.000Z,Major Disaster,"TORRENTIAL RAINS, FLOODING",Flood,1986-09-10T00:00:00.000Z,1986-09-11T00:00:00.000Z,Turndown,1986-09-26T00:00:00.000Z,0,0,0,0,86042,1986-09-10T00:00:00.000Z,eb59ca3c-59d6-4ba5-a569-77046f20ab2b
87011,4,FL,Florida,0,1987-05-11T00:00:00.000Z,Major Disaster,HEAVY RAIN & FLOODING,Flood,1987-01-01T00:00:00.000Z,1987-02-28T00:00:00.000Z,Turndown,1987-05-18T00:00:00.000Z,0,0,0,0,87011,1987-01-01T00:00:00.000Z,476aeaca-e036-434a-99d7-8635f47cd634
87012,2,PR,Puerto Rico,0,1987-05-13T00:00:00.000Z,Major Disaster,"HEAVY RAIN, FLOODS & LANDSLIDES",Flood,1987-06-02T00:00:00.000Z,1987-06-02T00:00:00.000Z,Turndown,1987-06-02T00:00:00.000Z,0,0,0,0,87012,1987-06-02T00:00:00.000Z,bb53070a-64bd-4e4b-b4ec-0d95f5c1b63e
87013,6,OK,Oklahoma,0,1987-06-02T00:00:00.000Z,Major Disaster,HEAVY RAIN & FLOODING,Flood,1987-05-19T00:00:00.000Z,1987-05-31T00:00:00.000Z,Turndown,1987-06-19T00:00:00.000Z,0,0,0,0,87013,1987-05-19T00:00:00.000Z,91d89f8e-aca6-406d-8caf-ad85912743ef
87025,4,MS,Mississippi,0,1987-08-21T00:00:00.000Z,Major Disaster,SEVERE STORMS & FLASH FLOODING,Flood,1987-09-02T00:00:00.000Z,1987-09-02T00:00:00.000Z,Turndown,1987-09-02T00:00:00.000Z,0,0,0,0,87025,1987-09-02T00:00:00.000Z,bab51fa9-85e0-42fa-9585-d5c2dd14a583
87037,10,AK,Alaska,0,1987-10-07T00:00:00.000Z,Major Disaster,URBAN FIRE,Fire,1987-09-23T00:00:00.000Z,1987-09-23T00:00:00.000Z,Turndown,1987-10-15T00:00:00.000Z,0,0,0,0,87037,1987-09-23T00:00:00.000Z,432b5748-2fc0-4ca0-9917-871857669daf
87038,4,MS,Mississippi,0,1987-11-25T00:00:00.000Z,Major Disaster,TORNADOES & FLOODING,Flood,1987-11-16T00:00:00.000Z,1987-11-16T00:00:00.000Z,Turndown,1987-12-07T00:00:00.000Z,0,0,0,0,87038,1987-11-16T00:00:00.000Z,fb211d8f-4dfd-4b96-a9d5-54d8fa2df0f3
88006,4,AL,Alabama,0,1988-01-21T00:00:00.000Z,Major Disaster,TORNADO,Tornado,1988-01-19T00:00:00.000Z,1988-01-19T00:00:00.000Z,Turndown,1988-01-29T00:00:00.000Z,0,0,0,0,88006,1988-01-19T00:00:00.000Z,02c2f42b-8b04-47d9-9a49-ce922b72b821
88007,6,AR,Arkansas,0,1988-01-23T00:00:00.000Z,Major Disaster,TORNADO,Tornado,1988-01-19T00:00:00.000Z,1988-01-19T00:00:00.000Z,Turndown,1988-01-29T00:00:00.000Z,0,0,0,0,88007,1988-01-19T00:00:00.000Z,c7898aa9-92a1-463f-b44a-0542a2ee31af
88010,9,NV,Nevada,0,1988-05-09T00:00:00.000Z,Major Disaster,PLANT EXPLOSION,Fire,1988-05-04T00:00:00.000Z,1988-05-04T00:00:00.000Z,Turndown,1988-07-06T00:00:00.000Z,0,0,0,0,88010,1988-05-04T00:00:00.000Z,1fec4d56-c37f-4747-a8eb-a6e65530131e
88011,4,KY,Kentucky,0,1988-05-13T00:00:00.000Z,Major Disaster,TORNADO,Tornado,1988-05-09T00:00:00.000Z,1988-05-09T00:00:00.000Z,Turndown,1988-06-20T00:00:00.000Z,0,0,0,0,88011,1988-05-09T00:00:00.000Z,deabc34e-0cb5-4855-b661-03853db3de51
88012,9,CA,California,0,1988-06-17T00:00:00.000Z,Major Disaster,REDONDO BEACH FIRE,Fire,1988-09-15T00:00:00.000Z,1988-09-15T00:00:00.000Z,Turndown,1988-09-15T00:00:00.000Z,0,0,0,0,88012,1988-09-15T00:00:00.000Z,d085d26e-cbca-43f3-baf5-701d6713598e
88015,6,NM,New Mexico,0,1988-07-20T00:00:00.000Z,Major Disaster,TORRENTIAL RAINS,Severe Storm,1988-07-09T00:00:00.000Z,1988-07-09T00:00:00.000Z,Turndown,1988-08-29T00:00:00.000Z,0,0,0,0,88015,1988-07-09T00:00:00.000Z,e0627e75-cb61-4e58-b77f-f1272ef5cf06
88022,8,ND,North Dakota,0,1988-08-11T00:00:00.000Z,Major Disaster,DROUGHT,Drought,1988-11-18T00:00:00.000Z,1988-11-18T00:00:00.000Z,Turndown,1988-11-18T00:00:00.000Z,0,0,0,0,88022,1988-11-18T00:00:00.000Z,70a1deff-bee7-4804-b519-37feb2517ae3
88023,5,MN,Minnesota,0,1988-08-26T00:00:00.000Z,Major Disaster,DROUGHT,Drought,1988-11-18T00:00:00.000Z,1988-11-18T00:00:00.000Z,Turndown,1988-11-18T00:00:00.000Z,0,0,0,0,88023,1988-11-18T00:00:00.000Z,4b39d92b-b895-410a-9584-86accd5dab6c
88027,6,NM,New Mexico,0,1988-10-05T00:00:00.000Z,Major Disaster,SEVERE STORMS & FLOODING,Flood,1988-07-28T00:00:00.000Z,1988-08-11T00:00:00.000Z,Turndown,1988-10-26T00:00:00.000Z,0,0,0,0,88027,1988-07-28T00:00:00.000Z,06266ade-f0cd-4b62-9a3c-4eafa78509c8
88030,9,FM,Federated States of Micronesia,0,1988-11-18T00:00:00.000Z,Emergency,TROPICAL STORM SKIP,Coastal Storm,1988-11-04T00:00:00.000Z,1988-11-05T00:00:00.000Z,Turndown,1988-12-28T00:00:00.000Z,0,0,0,0,88030,1988-11-04T00:00:00.000Z,0bde1239-448b-41b8-8caf-139a2995a804
89004,10,AK,Alaska,0,1989-03-27T00:00:00.000Z,Emergency,EXXON VALDEZ OIL SPILL,Toxic Substances,1989-03-24T00:00:00.000Z,1989-03-24T00:00:00.000Z,Turndown,1989-04-11T00:00:00.000Z,0,0,0,0,89004,1989-03-24T00:00:00.000Z,d3281943-ea61-4f3d-ada3-407e27b86b94
89011,4,SC,South Carolina,0,1989-05-09T00:00:00.000Z,Major Disaster,SEVERE STORMS & TORNADOES,Tornado,1989-05-05T00:00:00.000Z,1989-05-05T00:00:00.000Z,Turndown,1989-05-18T00:00:00.000Z,0,0,0,0,89011,1989-05-05T00:00:00.000Z,7c7f9e12-7662-48b9-a3fb-dd4e97b3aea6
89017,4,MS,Mississippi,0,1989-06-06T00:00:00.000Z,Major Disaster,TORNADO,Tornado,1989-05-09T00:00:00.000Z,1989-05-09T00:00:00.000Z,Turndown,1989-06-16T00:00:00.000Z,0,0,0,0,89017,1989-05-09T00:00:00.000Z,4b294d79-f8b1-4903-8ea9-5d71738e3817
89024,4,AL,Alabama,0,1989-07-06T00:00:00.000Z,Major Disaster,TORNADOES & FLOODING,Tsunami,1989-06-08T00:00:00.000Z,1989-06-26T00:00:00.000Z,Turndown,1989-07-24T00:00:00.000Z,0,0,0,0,89024,1989-06-08T00:00:00.000Z,219763c2-61c6-4367-b4a9-3d7ac0e482aa
89026,3,DC,District of Columbia,0,1989-06-02T00:00:00.000Z,Major Disaster,SEVERE THUNDERSTORMS AND HIGH WINDS,Severe Storm,1989-06-14T00:00:00.000Z,1989-06-15T00:00:00.000Z,Turndown,1989-07-08T00:00:00.000Z,0,0,0,0,89026,1989-06-14T00:00:00.000Z,a284030d-a079-4127-bf91-b15a7502b3c7
89031,6,AR,Arkansas,0,1989-07-10T00:00:00.000Z,Major Disaster,FLOODING,Flood,1989-06-29T00:00:00.000Z,1989-07-01T00:00:00.000Z,Turndown,1989-07-24T00:00:00.000Z,0,0,0,0,89031,1989-06-29T00:00:00.000Z,476c1d3d-0ca7-45b4-93c7-5127fe499a4b
89032,7,KS,Kansas,0,1989-07-19T00:00:00.000Z,Major Disaster,FLOOD,Flood,1989-06-29T00:00:00.000Z,1989-07-13T00:00:00.000Z,Turndown,1989-08-11T00:00:00.000Z,0,0,0,0,89032,1989-06-29T00:00:00.000Z,4ce7812b-1a10-4771-a789-d4c0cc021392
89034,6,TX,Texas,0,1989-08-16T00:00:00.000Z,Major Disaster,HURRICANE CHANTAL,Hurricane,1989-07-31T00:00:00.000Z,1989-08-01T00:00:00.000Z,Turndown,1989-09-01T00:00:00.000Z,0,0,0,0,89034,1989-07-31T00:00:00.000Z,7ad4a5f3-f864-4673-9fb4-9a6fae8a1592
89035,9,AZ,Arizona,0,1989-08-22T00:00:00.000Z,Major Disaster,SEVERE STORMS & FLOODING,Flood,1989-07-27T00:00:00.000Z,1989-08-09T00:00:00.000Z,Turndown,1989-09-01T00:00:00.000Z,0,0,0,0,89035,1989-07-27T00:00:00.000Z,a1d4e979-9040-481b-b9a2-fbc75b050204
89040,10,AK,Alaska,0,1989-09-13T00:00:00.000Z,Major Disaster,HEAVY RAINS & FLOODING,Flood,1989-08-25T00:00:00.000Z,1989-08-27T00:00:00.000Z,Turndown,1989-09-22T00:00:00.000Z,0,0,0,0,89040,1989-08-25T00:00:00.000Z,42a1e2d8-e3a6-4f7a-b5ba-bc19f589e700
89048,3,MD,Maryland,0,1989-06-27T00:00:00.000Z,Major Disaster,HEAVY RAINS AND HIGH WINDS,Severe Storm,1989-06-14T00:00:00.000Z,1989-06-15T00:00:00.000Z,Turndown,1989-07-08T00:00:00.000Z,0,0,0,0,89048,1989-06-14T00:00:00.000Z,23228929-3ac8-4f80-8a8c-38d0ef778f5d
89049,4,FL,Florida,0,1989-06-30T00:00:00.000Z,Emergency,"INLAND FLOODING, RAIN",Flood,1989-06-08T00:00:00.000Z,1989-06-24T00:00:00.000Z,Turndown,1989-07-08T00:00:00.000Z,0,0,0,0,89049,1989-06-08T00:00:00.000Z,bed2e0d4-9087-46c6-a97d-52384c5c226a
90005,7,KS,Kansas,0,1990-01-09T00:00:00.000Z,Major Disaster,AMMUNITION PLANT   EXPLOSION,Human Cause,1989-07-26T00:00:00.000Z,1989-07-26T00:00:00.000Z,Turndown,1990-01-30T00:00:00.000Z,0,0,0,0,90005,1989-07-26T00:00:00.000Z,b6f1f9d2-ef67-4a2e-968c-feeaa8f48b61
90015,7,NE,Nebraska,0,1990-03-26T00:00:00.000Z,Major Disaster,SEVERE STORMS & TORNADOES,Tornado,1990-03-13T00:00:00.000Z,1990-03-13T00:00:00.000Z,Turndown,1990-04-05T00:00:00.000Z,0,0,0,0,90015,1990-03-13T00:00:00.000Z,02b9248a-d358-4d36-8d3c-3b1375349461
90027,8,CO,Colorado,0,1990-06-11T00:00:00.000Z,Major Disaster,SEVERE STORMS & TORNADOES,Tornado,1990-06-06T00:00:00.000Z,1990-06-06T00:00:00.000Z,Turndown,1990-06-22T00:00:00.000Z,0,0,0,0,90027,1990-06-06T00:00:00.000Z,f1755292-e25c-4e16-8236-34a79a5cf448
90031,4,KY,Kentucky,0,1990-06-12T00:00:00.000Z,Major Disaster,"SEVERE STORMS, TORNADOES    & FLOODING",Tsunami,1990-06-02T00:00:00.000Z,1990-06-07T00:00:00.000Z,Turndown,1990-07-05T00:00:00.000Z,0,0,0,0,90031,1990-06-02T00:00:00.000Z,4d3a9e4d-85de-4d46-82a5-a2b81fd294e4
90034,7,KS,Kansas,0,1990-07-03T00:00:00.000Z,Major Disaster,"SEVERE STORMS, TORNADOES,    & FLOODING",Tsunami,1990-05-24T00:00:00.000Z,1990-06-19T00:00:00.000Z,Turndown,1990-07-20T00:00:00.000Z,0,0,0,0,90034,1990-05-24T00:00:00.000Z,5e500ba0-5892-467e-a14b-e6f12a5fc21e
90036,4,MS,Mississippi,0,1990-06-07T00:00:00.000Z,Major Disaster,"SEVERE STORMS, TORNADOES,    & FLOODING",Tsunami,1990-05-12T00:00:00.000Z,1990-05-31T00:00:00.000Z,Turndown,1990-06-21T00:00:00.000Z,0,0,0,0,90036,1990-05-12T00:00:00.000Z,ba4949f8-c060-4695-a433-e5f36716b2c7
90038,3,WV,West Virginia,0,1990-06-22T00:00:00.000Z,Major Disaster,FLOODING,Flood,1990-06-14T00:00:00.000Z,1990-06-15T00:00:00.000Z,Turndown,1990-07-05T00:00:00.000Z,0,0,0,0,90038,1990-06-14T00:00:00.000Z,6c1aa828-d5f4-4a4e-acec-f6a8eb0cde75
90039,6,TX,Texas,0,1990-07-27T00:00:00.000Z,Major Disaster,TORNADOES & FLOODING,Tsunami,1990-07-15T00:00:00.000Z,1990-07-18T00:00:00.000Z,Turndown,1990-08-09T00:00:00.000Z,0,0,0,0,90039,1990-07-15T00:00:00.000Z,989e6a3a-a648-4e2a-8b3e-a1e3df92ef30
90046,5,OH,Ohio,0,1990-09-17T00:00:00.000Z,Major Disaster,FLOODING,Flood,1990-09-06T00:00:00.000Z,1990-09-06T00:00:00.000Z,Turndown,1990-10-02T00:00:00.000Z,0,0,0,0,90046,1990-09-06T00:00:00.000Z,70d098df-148c-4e2c-b717-13c3d7432141
90047,9,AZ,Arizona,0,1990-10-01T00:00:00.000Z,Major Disaster,HEAVY RAINS & FLOODING,Flood,1990-07-08T00:00:00.000Z,1990-09-14T00:00:00.000Z,Turndown,1990-10-12T00:00:00.000Z,0,0,0,0,90047,1990-07-08T00:00:00.000Z,d3e6b3d8-8d2e-49b1-92a2-8a26a1b46f35
90053,4,NC,North Carolina,0,1990-11-02T00:00:00.000Z,Emergency,"SHIP COLLISION, BRIDGE COLLAPSE",Human Cause,1990-10-26T00:00:00.000Z,1990-10-26T00:00:00.000Z,Turndown,1990-11-28T00:00:00.000Z,0,0,0,0,90053,1990-10-26T00:00:00.000Z,cdda4d4d-5fcc-49cd-b9cf-5f0692c2f1a9
90057,9,MH,Marshall Islands,0,1990-11-26T00:00:00.000Z,Major Disaster,TROPICAL STORM OWEN,Coastal Storm,1990-11-21T00:00:00.000Z,1990-11-22T00:00:00.000Z,Turndown,1990-12-19T00:00:00.000Z,0,0,0,0,90057,1990-11-21T00:00:00.000Z,dc633f2a-1bf3-42f8-88d3-57ae7d7d29a5
91013,4,FL,Florida,0,1991-03-15T00:00:00.000Z,Major Disaster,FLOODING,Flood,1991-03-02T00:00:00.000Z,1991-03-02T00:00:00.000Z,Turndown,1991-04-09T00:00:00.000Z,0,0,0,0,91013,1991-03-02T00:00:00.000Z,9ed4d058-9bc4-437d-895e-a99c37290561
91014,5,IL,Illinois,0,1991-03-26T00:00:00.000Z,Major Disaster,ICE STORM,Snowstorm,1991-03-12T00:00:00.000Z,1991-03-13T00:00:00.000Z,Turndown,1991-04-11T00:00:00.000Z,0,0,0,0,91014,1991-03-12T00:00:00.000Z,e16a763c-e4a3-4050-a493-77546022c9db
91016,6,OK,Oklahoma,0,1991-03-29T00:00:00.000Z,Major Disaster,"STORMS, TORNADOES, & FIRE",Tornado,1991-03-21T00:00:00.000Z,1991-03-24T00:00:00.000Z,Turndown,1991-04-17T00:00:00.000Z,0,0,0,0,91016,1991-03-21T00:00:00.000Z,5c6bafa8-091d-4f70-9ce5-bcfd28996cd5
91019,4,KY,Kentucky,0,1991-04-17T00:00:00.000Z,Major Disaster,"SEVERE STORMS, TORNADOES    & FLOODING",Tsunami,1991-03-22T00:00:00.000Z,1991-04-09T00:00:00.000Z,Turndown,1991-05-03T00:00:00.000Z,0,0,0,0,91019,1991-03-22T00:00:00.000Z,be65045b-a8ea-4a0f-b5fc-6aabc1a8f1e9
91021,10,ID,Idaho,0,1991-04-26T00:00:00.000Z,Major Disaster,FLASH FLOODING,Flood,1991-04-04T00:00:00.000Z,1991-04-06T00:00:00.000Z,Turndown,1991-07-26T00:00:00.000Z,0,0,0,0,91021,1991-04-04T00:00:00.000Z,64dd0567-c268-4b7a-97ef-ce45399c3973
91029,4,AL,Alabama,0,1991-06-06T00:00:00.000Z,Major Disaster,HEAVY RAINS & FLASH FLOODING,Flood,1991-05-25T00:00:00.000Z,1991-05-25T00:00:00.000Z,Turndown,1991-07-26T00:00:00.000Z,0,0,0,0,91029,1991-05-25T00:00:00.000Z,2a2f95fe-0ece-4f7a-85d8-3d1dbafcd49d
91032,7,MO,Missouri,0,1991-06-24T00:00:00.000Z,Major Disaster,SEVERE STORMS & FLOODING,Flood,1991-04-26T00:00:00.000Z,1991-05-12T00:00:00.000Z,Turndown,1991-07-26T00:00:00.000Z,0,0,0,0,91032,1991-04-26T00:00:00.000Z,d4cc49b1-d688-4490-865f-956426a135c1
91033,8,WY,Wyoming,0,1991-06-27T00:00:00.000Z,Major Disaster,SEVERE STORMS & FLOODING,Flood,1991-05-11T00:00:00.000Z,1991-06-23T00:00:00.000Z,Turndown,1991-07-16T00:00:00.000Z,0,0,0,0,91033,1991-05-11T00:00:00.000Z,b24129b0-74a5-4413-820e-28db5adc04a6
91044,8,UT,Utah,0,1991-09-14T00:00:00.000Z,Major Disaster,"HEAVY RAINS, ROCK SLIDES    & FLASH FLOODS",Flood,1991-09-07T00:00:00.000Z,1991-09-08T00:00:00.000Z,Turndown,1991-09-27T00:00:00.000Z,0,0,0,0,91044,1991-09-07T00:00:00.000Z,0129cde7-3f07-4572-8042-5b5977a2f23f
91050,6,NM,New Mexico,0,1991-10-07T00:00:00.000Z,Major Disaster,"SEVERE STORMS, HAIL       & FLOODING",Flood,1991-05-19T00:00:00.000Z,1991-09-20T00:00:00.000Z,Turndown,1991-11-07T00:00:00.000Z,0,0,0,0,91050,1991-05-19T00:00:00.000Z,ac176791-9731-4608-b93f-0f87e9f95b08
91053,9,MP,Northern Mariana Islands,0,1991-11-07T00:00:00.000Z,Major Disaster,TYPHOON SETH,Typhoon,1991-11-03T00:00:00.000Z,1991-11-04T00:00:00.000Z,Turndown,1991-11-25T00:00:00.000Z,0,0,0,0,91053,1991-11-03T00:00:00.000Z,bdb64c2a-e14c-4d48-b1a7-28726231b145
91057,2,NY,New York,0,1991-11-06T00:00:00.000Z,Major Disaster,COASTAL STORM,Coastal Storm,1991-10-30T00:00:00.000Z,1991-11-01T00:00:00.000Z,Turndown,1991-12-10T00:00:00.000Z,0,0,0,0,91057,1991-10-30T00:00:00.000Z,c3ff57d2-4aae-4984-94ce-8148f3e38ced
91059,2,NJ,New Jersey,0,1991-11-05T00:00:00.000Z,Major Disaster,COASTAL STORM,Coastal Storm,1991-10-30T00:00:00.000Z,1991-10-31T00:00:00.000Z,Turndown,1991-12-23T00:00:00.000Z,0,0,0,0,91059,1991-10-30T00:00:00.000Z,190c7c30-4367-428f-9920-04984ccd2978
91060,4,KY,Kentucky,0,1991-12-16T00:00:00.000Z,Major Disaster,SEVERE STORMS & FLOODING,Flood,1991-11-30T00:00:00.000Z,1991-12-04T00:00:00.000Z,Turndown,1991-12-23T00:00:00.000Z,0,0,0,0,91060,1991-11-30T00:00:00.000Z,e4ef56d3-17e9-4bd5-8633-82d493cb344e
91064,10,WA,Washington,0,1991-09-03T00:00:00.000Z,Major Disaster,EXCESSIVE RAINFALL & HAIL,Severe Storm,1992-06-19T00:00:00.000Z,1992-07-03T00:00:00.000Z,Turndown,1991-09-24T00:00:00.000Z,0,0,0,0,91064,1992-06-19T00:00:00.000Z,379e4924-ff1c-49cc-835a-75dae64dd9d5
92011,4,FL,Florida,0,1991-12-09T00:00:00.000Z,Major Disaster,SEVERE WINTER STORM & HIGH TIDES,Snowstorm,1991-10-30T00:00:00.000Z,1991-10-31T00:00:00.000Z,Turndown,1992-01-30T00:00:00.000Z,0,0,0,0,92011,1991-10-30T00:00:00.000Z,dde3ea6a-f77c-403f-b183-6f654fabb725
92022,1,CT,Connecticut,0,1992-06-12T00:00:00.000Z,Major Disaster,"HEAVY RAINS, WINDS & FLOODING",Flood,1992-06-05T00:00:00.000Z,1992-06-08T00:00:00.000Z,Turndown,1992-07-01T00:00:00.000Z,0,0,0,0,92022,1992-06-05T00:00:00.000Z,38b686d5-d36c-4934-a6c2-9cb1122f2734
92026,6,TX,Texas,0,1992-06-17T00:00:00.000Z,Major Disaster,"SEVERE STORMS, TORNADOES       & FLOODING",Severe Storm,1992-05-15T00:00:00.000Z,1992-06-15T00:00:00.000Z,Turndown,1992-07-09T00:00:00.000Z,0,1,0,0,92026,1992-05-15T00:00:00.000Z,b6869e8e-43d3-40b6-9665-76a4de7bc3bf
92028,4,KY,Kentucky,0,1992-07-02T00:00:00.000Z,Major Disaster,"SEVERE STORMS, TORNADOES     & FLOODING",Tsunami,1992-06-17T00:00:00.000Z,1992-06-19T00:00:00.000Z,Turndown,1992-07-31T00:00:00.000Z,0,0,0,0,92028,1992-06-17T00:00:00.000Z,11124e59-9cd7-4808-ad99-41dc624a33e2
92058,6,TX,Texas,0,1992-07-31T00:00:00.000Z,Major Disaster,SEVERE STORMS AND FLOODING,Severe Storm,1992-07-21T00:00:00.000Z,1992-07-22T00:00:00.000Z,Turndown,1992-11-19T00:00:00.000Z,0,1,1,0,92058,1992-07-21T00:00:00.000Z,e565e62b-036f-4923-8f62-535fe9c91c9e
93054,3,VA,Virginia,0,1993-06-23T00:00:00.000Z,Major Disaster,"SEVERE THUNDERSTORMS, HAIL, HIGH WINDS",Severe Storm,1993-06-04T00:00:00.000Z,1993-06-04T00:00:00.000Z,Turndown,1993-07-22T00:00:00.000Z,0,0,1,0,93054,1993-06-04T00:00:00.000Z,d71aa6fd-5ab7-4bb0-b1a7-36c77c45069e
93055,5,OH,Ohio,0,1993-08-04T00:00:00.000Z,Major Disaster,SEVERE STORMS,Severe Storm,1993-07-28T00:00:00.000Z,1993-07-28T00:00:00.000Z,Turndown,1993-08-31T00:00:00.000Z,0,0,1,0,93055,1993-07-28T00:00:00.000Z,cebe8369-868a-433f-8bce-f144ebc3e3be
93071,1,RI,Rhode Island,0,1993-03-29T00:00:00.000Z,Major Disaster,SEVERE WINTER STORMS,Severe Storm,1993-03-13T00:00:00.000Z,1993-03-14T00:00:00.000Z,Turndown,1993-04-27T00:00:00.000Z,0,0,1,0,93071,1993-03-13T00:00:00.000Z,5ebb4717-a06a-4122-9ca4-9a4dfca933de
93087,8,UT,Utah,0,1993-01-16T00:00:00.000Z,Emergency,SEVERE WINTER STORMS,Severe Storm,1993-01-02T00:00:00.000Z,1993-01-11T00:00:00.000Z,Turndown,1993-02-09T00:00:00.000Z,0,0,0,0,93087,1993-01-02T00:00:00.000Z,d5afa879-a663-4d9d-baca-c302fe7e004b
93091,6,LA,Louisiana,0,1993-04-14T00:00:00.000Z,Major Disaster,"TORNADOES, SEVERE STORMS",Tornado,1993-04-08T00:00:00.000Z,1993-04-08T00:00:00.000Z,Turndown,1993-04-27T00:00:00.000Z,0,1,0,0,93091,1993-04-08T00:00:00.000Z,876236d7-8a54-4f10-b5fe-455ad8b22319
93092,4,TN,Tennessee,0,1993-03-13T00:00:00.000Z,Major Disaster,"SEVERE WINTER STORM, EXTENSIVE SNOWFALL",Severe Storm,1993-03-13T00:00:00.000Z,1993-03-21T00:00:00.000Z,Turndown,1993-05-20T00:00:00.000Z,0,1,1,0,93092,1993-03-13T00:00:00.000Z,272126ca-bb25-439c-ac1e-ea00280ccc4b
93093,4,KY,Kentucky,0,1993-07-13T00:00:00.000Z,Major Disaster,"SEVERE THUNDERSTORMS, TORNADOES, FLASH FLOODS, HAI",Tsunami,1993-06-04T00:00:00.000Z,1993-06-04T00:00:00.000Z,Turndown,1993-08-11T00:00:00.000Z,0,0,1,0,93093,1993-06-04T00:00:00.000Z,a2d20cee-6a25-45b7-9c59-9abcc32d7e71
93094,9,MP,Northern Mariana Islands,0,1993-09-08T00:00:00.000Z,Emergency,TROPICAL STORM STEVE,Severe Storm,1993-08-07T00:00:00.000Z,1993-08-08T00:00:00.000Z,Turndown,1993-10-15T00:00:00.000Z,0,0,0,0,93094,1993-08-07T00:00:00.000Z,8cd3109e-b91a-4c4d-9a38-50abe50e271f
93095,6,TX,Texas,0,1993-05-11T00:00:00.000Z,Major Disaster,"TORNADOES, SEVERE STORMS",Tornado,1993-05-09T00:00:00.000Z,1993-05-09T00:00:00.000Z,Turndown,1993-06-08T00:00:00.000Z,0,1,0,0,93095,1993-05-09T00:00:00.000Z,87a25c61-eac6-4537-ba6e-5389b97f10dc
93096,6,TX,Texas,0,1993-07-08T00:00:00.000Z,Major Disaster,TROPICAL STORM ARLENE,Flood,1993-06-19T00:00:00.000Z,1993-07-07T00:00:00.000Z,Turndown,1993-08-11T00:00:00.000Z,0,1,1,0,93096,1993-06-19T00:00:00.000Z,f54433c9-5e80-48ef-a4ed-0e324d1cb734
93097,3,VA,Virginia,0,1993-03-17T00:00:00.000Z,Major Disaster,"HEAVY SNOWFALL, HIGH WINDS, EXTREME WINTRY COND.",Snowstorm,1993-03-12T00:00:00.000Z,1993-03-14T00:00:00.000Z,Turndown,1993-10-20T00:00:00.000Z,0,0,1,0,93097,1993-03-12T00:00:00.000Z,fd4d2be7-6ecd-43ae-92f8-38e450aedbf3
93099,4,AL,Alabama,0,1993-03-25T00:00:00.000Z,Major Disaster,"SEVERE WINTER STORMS, HEAVY SNOW",Severe Storm,1993-03-12T00:00:00.000Z,1993-03-13T00:00:00.000Z,Turndown,1993-04-27T00:00:00.000Z,0,0,1,0,93099,1993-03-12T00:00:00.000Z,7b2c3f9e-51e0-4b31-8102-2baa37cc09cd
93100,4,GA,Georgia,0,1993-01-21T00:00:00.000Z,Major Disaster,HEAVY RAINS AND FLOODING,Flood,1993-01-10T00:00:00.000Z,1993-01-10T00:00:00.000Z,Turndown,1993-02-09T00:00:00.000Z,0,1,1,0,93100,1993-01-10T00:00:00.000Z,804cce40-b39e-45d0-bbaf-e716c4135f51
93102,4,NC,North Carolina,0,1993-03-15T00:00:00.000Z,Major Disaster,"SEVERE WINTER STORM, SEVERE SNOWFALL",Severe Storm,1993-03-13T00:00:00.000Z,1993-03-17T00:00:00.000Z,Turndown,1993-04-27T00:00:00.000Z,0,1,1,0,93102,1993-03-13T00:00:00.000Z,373fc77a-0e09-4820-a87f-459cb2411033
94001,2,NY,New York,0,1994-09-09T00:00:00.000Z,Major Disaster,SEVERE STORMS,Severe Storm,1994-08-17T00:00:00.000Z,1994-08-18T00:00:00.000Z,Turndown,1994-09-30T00:00:00.000Z,0,0,1,0,94001,1994-08-17T00:00:00.000Z,fcd8c1ed-a5bf-4819-b4e9-17adcde36501
94006,4,MS,Mississippi,0,1994-02-04T00:00:00.000Z,Major Disaster,"SEVERE STORMS, FLOODING, TORNADOES, HIGH WINDS",Tsunami,1994-01-27T00:00:00.000Z,1994-01-27T00:00:00.000Z,Turndown,1994-02-25T00:00:00.000Z,0,1,1,0,94006,1994-01-27T00:00:00.000Z,b503d3f9-ed15-472c-b7c9-7d719d0afe3a
94022,5,OH,Ohio,0,1994-02-04T00:00:00.000Z,Major Disaster,"SEVERE WINTER STORM, FLOODNG",Flood,1994-01-16T00:00:00.000Z,1994-01-20T00:00:00.000Z,Turndown,1994-02-28T00:00:00.000Z,0,1,1,0,94022,1994-01-16T00:00:00.000Z,70588898-dcfe-40c4-b639-e19c3045047f
94023,4,NC,North Carolina,0,1994-04-01T00:00:00.000Z,Major Disaster,"HEAVY RAINS, SEVERE FLOODING, TORNADOES",Tsunami,1994-03-27T00:00:00.000Z,1994-03-29T00:00:00.000Z,Turndown,1994-04-25T00:00:00.000Z,0,1,1,0,94023,1994-03-27T00:00:00.000Z,f4a59490-408f-48c6-8d22-84e0b245a1ec
94029,4,SC,South Carolina,0,1994-04-01T00:00:00.000Z,Major Disaster,"TORNADOES, FLOODING AND SEVERE STORMS",Tsunami,1994-03-27T00:00:00.000Z,1994-03-27T00:00:00.000Z,Turndown,1994-04-15T00:00:00.000Z,0,1,1,0,94029,1994-03-27T00:00:00.000Z,99f4aab8-83b9-4cc3-84e3-e88046167c5d
94041,5,IN,Indiana,0,1994-04-29T00:00:00.000Z,Major Disaster,"SEVERE STORMS, FLOODING, TORNADOE",Severe Storm,1994-04-11T00:00:00.000Z,1994-04-12T00:00:00.000Z,Turndown,1994-05-23T00:00:00.000Z,0,1,0,0,94041,1994-04-11T00:00:00.000Z,40edf2da-efa0-4af7-8669-b084565312ab
94042,4,KY,Kentucky,0,1994-01-26T00:00:00.000Z,Emergency,"SEVERE WINTER STORM, SNOWFALL,RAIN, COLD",Severe Storm,1994-01-16T00:00:00.000Z,1994-01-17T00:00:00.000Z,Turndown,1994-02-25T00:00:00.000Z,0,0,1,0,94042,1994-01-16T00:00:00.000Z,a2d462b3-4d73-4a69-bbe6-e2d0b1c119fb
94044,3,PA,Pennsylvania,0,1994-02-02T00:00:00.000Z,Major Disaster,EARTHQUAKE,Earthquake,1994-01-15T00:00:00.000Z,1994-01-15T00:00:00.000Z,Turndown,1994-02-25T00:00:00.000Z,0,0,0,0,94044,1994-01-15T00:00:00.000Z,87b3d531-60dc-4398-9ece-c8e703af60af
94072,9,AZ,Arizona,0,1994-06-30T00:00:00.000Z,Emergency,WILDFIRES,Fire,1994-06-20T00:00:00.000Z,1994-06-20T00:00:00.000Z,Turndown,1994-08-01T00:00:00.000Z,0,0,0,0,94072,1994-06-20T00:00:00.000Z,0bb489c7-0da0-439c-828a-9824a60022b1
94074,5,MN,Minnesota,0,1994-07-12T00:00:00.000Z,Major Disaster,EXTENSIVE FLOODING,Flood,1994-03-05T00:00:00.000Z,1994-03-26T00:00:00.000Z,Turndown,1994-08-01T00:00:00.000Z,0,0,1,0,94074,1994-03-05T00:00:00.000Z,9a5eb380-b83f-4fc2-89fc-8127d9a8f08b
94084,3,PA,Pennsylvania,0,1994-08-28T00:00:00.000Z,Major Disaster,SEVERE STORMS (TROPICAL STORM BERYL),Flood,1994-08-17T00:00:00.000Z,1994-08-18T00:00:00.000Z,Turndown,1994-09-14T00:00:00.000Z,0,1,1,0,94084,1994-08-17T00:00:00.000Z,b0098667-1507-49e0-a6ec-13f49bbcaf09
94086,5,WI,Wisconsin,0,1994-08-31T00:00:00.000Z,Major Disaster,SEVERE STORMS AND TORNADOES,Severe Storm,1994-08-27T00:00:00.000Z,1994-08-28T00:00:00.000Z,Turndown,1994-09-23T00:00:00.000Z,0,1,1,0,94086,1994-08-27T00:00:00.000Z,0820b124-5a8d-4135-a363-7795380136a1
94087,1,CT,Connecticut,0,1994-08-29T00:00:00.000Z,Major Disaster,HEAVY STORMS AND FLASH FLOODING,Severe Storm,1994-08-21T00:00:00.000Z,1994-08-22T00:00:00.000Z,Turndown,1994-09-15T00:00:00.000Z,0,0,1,0,94087,1994-08-21T00:00:00.000Z,048b951b-5d58-486b-a60b-913ac26d86ce
94088,4,NC,North Carolina,0,1994-08-30T00:00:00.000Z,Major Disaster,FLOODS AND TORNADOE,Tsunami,1994-08-16T00:00:00.000Z,1994-08-17T00:00:00.000Z,Turndown,1994-09-21T00:00:00.000Z,0,1,1,0,94088,1994-08-16T00:00:00.000Z,4ddc8199-6aa6-4ebf-9302-615deb987c1a
94089,8,SD,South Dakota,0,1994-06-06T00:00:00.000Z,Emergency,LANDSLIDE,Mud/Landslide,1994-05-08T00:00:00.000Z,1994-05-08T00:00:00.000Z,Turndown,1994-07-27T00:00:00.000Z,0,0,0,0,94089,1994-05-08T00:00:00.000Z,c68cc8d2-f730-4241-8b29-024c919ee862
94091,4,SC,South Carolina,0,1994-08-19T00:00:00.000Z,Major Disaster,TORNADO,Tornado,1994-08-16T00:00:00.000Z,1994-08-16T00:00:00.000Z,Turndown,1994-09-02T00:00:00.000Z,0,1,1,0,94091,1994-08-16T00:00:00.000Z,8b498ae2-2750-44cd-a4ea-49d96a5af26e
94092,4,FL,Florida,0,1994-08-23T00:00:00.000Z,Major Disaster,SEVERE STORMS AND FLOODING,Severe Storm,1994-08-15T00:00:00.000Z,1994-08-15T00:00:00.000Z,Turndown,1994-09-15T00:00:00.000Z,0,1,1,0,94092,1994-08-15T00:00:00.000Z,78d0946e-6cdf-4d7e-a0f6-38c196247930
94093,9,CA,California,0,1994-08-26T00:00:00.000Z,Major Disaster,HIGHWAY 41 FIRE,Fire,1994-08-15T00:00:00.000Z,1994-08-15T00:00:00.000Z,Turndown,1994-09-23T00:00:00.000Z,0,1,0,0,94093,1994-08-15T00:00:00.000Z,9ca24942-fbe7-480f-a5aa-9ed3b78ed098
95002,4,FL,Florida,0,1994-10-07T00:00:00.000Z,Major Disaster,TROPICAL DEPRESSIONS NO. 8 AND NO. 10,Other,1994-09-15T00:00:00.000Z,1994-09-15T00:00:00.000Z,Turndown,1994-11-23T00:00:00.000Z,0,1,1,0,95002,1994-09-15T00:00:00.000Z,eb8a57cb-65c1-46ba-934f-050f73dcb86a
95008,4,TN,Tennessee,0,1994-11-30T00:00:00.000Z,Major Disaster,TORNADOES AND FLOODING,Tsunami,1994-11-27T00:00:00.000Z,1994-11-27T00:00:00.000Z,Turndown,1994-12-19T00:00:00.000Z,0,0,0,0,95008,1994-11-27T00:00:00.000Z,eeee482f-4230-470f-8954-aa27dd45b2fa
95010,4,NC,North Carolina,0,1995-01-12T00:00:00.000Z,Major Disaster,HIGH WINDS AND TORNADOES,Tornado,1995-01-06T00:00:00.000Z,1995-01-07T00:00:00.000Z,Turndown,1995-01-27T00:00:00.000Z,0,1,1,0,95010,1995-01-06T00:00:00.000Z,9db8ced8-40a5-44f1-8d6a-508c7860f572
95011,7,MO,Missouri,0,1995-01-05T00:00:00.000Z,Major Disaster,ICE STORMS,Snowstorm,1994-12-06T00:00:00.000Z,1995-12-07T00:00:00.000Z,Turndown,1995-01-25T00:00:00.000Z,0,0,1,0,95011,1994-12-06T00:00:00.000Z,43782373-416a-492a-8461-d67ef5b86935
95012,9,MP,Northern Mariana Islands,0,1994-11-04T00:00:00.000Z,Major Disaster,TYPHOON ZELDA,Typhoon,1994-11-02T00:00:00.000Z,1994-11-03T00:00:00.000Z,Turndown,1995-01-27T00:00:00.000Z,0,1,1,0,95012,1994-11-02T00:00:00.000Z,219420e0-9270-4840-ac60-90b1dd64b799
95014,4,TN,Tennessee,0,1995-02-06T00:00:00.000Z,Major Disaster,EXTENSIVE RAINFALL,Severe Storm,1995-01-07T00:00:00.000Z,1995-01-16T00:00:00.000Z,Turndown,1995-02-24T00:00:00.000Z,0,0,1,0,95014,1995-01-07T00:00:00.000Z,512462ec-20d6-490c-ae0f-9eeeae808cee
95015,9,AZ,Arizona,0,1995-02-22T00:00:00.000Z,Major Disaster,SEVERE FLOODING,Flood,1994-11-11T00:00:00.000Z,1994-11-11T00:00:00.000Z,Turndown,1995-03-20T00:00:00.000Z,0,0,1,0,95015,1994-11-11T00:00:00.000Z,31aafab3-363a-490e-8ce5-b1b511f8e2fe
95018,9,AZ,Arizona,0,1993-01-18T00:00:00.000Z,Emergency,"SOIL EROSION, FLOODING",Other,1993-01-08T00:00:00.000Z,1993-01-08T00:00:00.000Z,Turndown,1993-02-09T00:00:00.000Z,0,0,0,0,95018,1993-01-08T00:00:00.000Z,b68f64ce-a853-4d1a-8426-f55396d6bfc9
95020,4,GA,Georgia,0,1993-03-22T00:00:00.000Z,Major Disaster,"BLIZZARDS, TORNADOES, HIGH WINDS, LOW TEMPERATURES",Tornado,1993-03-12T00:00:00.000Z,1993-03-13T00:00:00.000Z,Turndown,1993-04-02T00:00:00.000Z,0,1,0,0,95020,1993-03-12T00:00:00.000Z,ff1d7d85-5860-425c-abe3-78db6c3093a4
95021,9,NV,Nevada,0,1995-03-29T00:00:00.000Z,Major Disaster,"SEVERE STORMS, FLOODING, SNOW AVALANCHES, MUDSLIDE",Severe Storm,1995-03-10T00:00:00.000Z,1995-03-27T00:00:00.000Z,Turndown,1995-05-19T00:00:00.000Z,0,0,1,0,95021,1995-03-10T00:00:00.000Z,74f7b3c7-9109-45fa-9e0b-0b72b1d7df2d
95022,1,MA,Massachusetts,0,1995-03-29T00:00:00.000Z,Major Disaster,FISHING LOSSES,Fishing Losses,1995-07-21T00:00:00.000Z,1995-07-21T00:00:00.000Z,Turndown,1995-07-21T00:00:00.000Z,0,0,0,0,95022,1995-07-21T00:00:00.000Z,ff699936-69ae-42e0-9c07-475a30a1af5b
95031,1,MA,Massachusetts,0,1995-06-05T00:00:00.000Z,Major Disaster,"SEVERE STORMS, TORNADOES, AND HIGH WINDS",Severe Storm,1995-05-29T00:00:00.000Z,1995-05-29T00:00:00.000Z,Turndown,1995-07-21T00:00:00.000Z,0,0,1,0,95031,1995-05-29T00:00:00.000Z,be15e070-bfb7-4312-86c3-47d8cc99b526
95037,6,TX,Texas,0,1995-07-07T00:00:00.000Z,Major Disaster,"SEVERE STORMS, TORNADOES, HAIL, FLOODING",Severe Storm,1995-05-23T00:00:00.000Z,1995-06-11T00:00:00.000Z,Turndown,1995-08-02T00:00:00.000Z,0,1,1,0,95037,1995-05-23T00:00:00.000Z,4fc621f4-89a8-415b-843c-39ee7d64d354
95038,4,FL,Florida,0,1995-07-10T00:00:00.000Z,Major Disaster,FLOODING,Flood,1995-06-23T00:00:00.000Z,1995-06-24T00:00:00.000Z,Turndown,1995-08-15T00:00:00.000Z,0,0,1,0,95038,1995-06-23T00:00:00.000Z,87192248-6c70-4dab-9b44-a1cf0bbe5956
95039,7,NE,Nebraska,0,1995-07-05T00:00:00.000Z,Major Disaster,"SEVERE WINTER STORMS, HEAVY RAINFALL, FLOODING",Severe Storm,1995-03-06T00:00:00.000Z,1995-03-06T00:00:00.000Z,Turndown,1995-08-03T00:00:00.000Z,0,0,1,0,95039,1995-03-06T00:00:00.000Z,16d4e772-9210-4e76-9de3-1ac5946a194d
95041,5,IL,Illinois,0,1995-07-24T00:00:00.000Z,Major Disaster,EXTREME HEAT,Other,1995-07-12T00:00:00.000Z,1995-07-12T00:00:00.000Z,Turndown,1995-08-07T00:00:00.000Z,0,0,1,0,95041,1995-07-12T00:00:00.000Z,1c58a12c-e431-4868-9005-94e870b45737
95046,2,NY,New York,0,1995-08-11T00:00:00.000Z,Major Disaster,"SEVERE STORMS, AND HIGH WINDS",Severe Storm,1995-07-15T00:00:00.000Z,1995-07-15T00:00:00.000Z,Turndown,1995-09-21T00:00:00.000Z,0,1,1,0,95046,1995-07-15T00:00:00.000Z,5b1690f7-1749-41f8-a7a6-703d61486c8e
96048,3,VA,Virginia,0,1996-03-01T00:00:00.000Z,Major Disaster,SNOW AND ICE STORM,Snowstorm,1996-02-01T00:00:00.000Z,1996-02-04T00:00:00.000Z,Turndown,1996-04-19T00:00:00.000Z,0,0,1,0,96048,1996-02-01T00:00:00.000Z,c5994fcd-aa5e-4c90-a411-3c44f065c45b
96055,2,NJ,New Jersey,0,1995-01-26T00:00:00.000Z,Major Disaster,SEVERE STORMS AND FLOODING,Flood,1996-01-19T00:00:00.000Z,1996-01-21T00:00:00.000Z,Turndown,1996-02-29T00:00:00.000Z,0,0,1,0,96055,1996-01-19T00:00:00.000Z,0c797cec-557c-4765-9014-9c1813b282b8
96099,3,MD,Maryland,0,1996-03-01T00:00:00.000Z,Major Disaster,SNOW AND ICE STORM,Snowstorm,1996-02-02T00:00:00.000Z,1996-02-04T00:00:00.000Z,Turndown,1996-04-19T00:00:00.000Z,0,0,1,0,96099,1996-02-02T00:00:00.000Z,cdffcac2-ff86-439c-97ce-0b6ec4bcd299
96120,1,CT,Connecticut,0,1996-05-01T00:00:00.000Z,Major Disaster,HEAVY RAINS AND FLOODING,Flood,1996-04-15T00:00:00.000Z,1996-04-16T00:00:00.000Z,Turndown,1996-05-24T00:00:00.000Z,0,1,1,0,96120,1996-04-15T00:00:00.000Z,15cf80e9-054c-4433-a66c-26c1a45c4be6
96123,5,IN,Indiana,0,1996-05-03T00:00:00.000Z,Major Disaster,SEVERE SNOWSTORM,Snowstorm,1996-03-19T00:00:00.000Z,1996-03-20T00:00:00.000Z,Turndown,1996-07-12T00:00:00.000Z,0,0,1,0,96123,1996-03-19T00:00:00.000Z,dadc2865-e24b-4db4-9059-9c3b00d9f22f
96145,5,IL,Illinois,0,1996-06-17T00:00:00.000Z,Major Disaster,SEVERE STORMS AND TORRENTIAL RAIN,Severe Storm,1996-05-25T00:00:00.000Z,1996-05-25T00:00:00.000Z,Turndown,1996-07-09T00:00:00.000Z,0,0,1,0,96145,1996-05-25T00:00:00.000Z,549eb4a3-efe5-4c20-a0fb-e3a46ca4f621
96153,1,MA,Massachusetts,0,1996-06-28T00:00:00.000Z,Major Disaster,SEVERE STORMS AND FLOODING,Flood,1996-05-21T00:00:00.000Z,1996-06-13T00:00:00.000Z,Turndown,1996-08-14T00:00:00.000Z,0,0,1,0,96153,1996-05-21T00:00:00.000Z,2e960494-c544-4be8-876a-f079a98c2d7a
96155,5,WI,Wisconsin,0,1996-07-03T00:00:00.000Z,Major Disaster,SEVERE STORMS AND FLOODING HEAVY RAINFALL,Flood,1996-06-14T00:00:00.000Z,1996-06-26T00:00:00.000Z,Turndown,1996-11-27T00:00:00.000Z,0,1,1,0,96155,1996-06-16T00:00:00.000Z,f433e525-150c-48f0-9e15-31ae30c32ffc
96161,8,MT,Montana,0,1996-07-17T00:00:00.000Z,Major Disaster,FLOODING,Flood,1996-05-24T00:00:00.000Z,1996-05-24T00:00:00.000Z,Turndown,1996-09-06T00:00:00.000Z,0,0,1,0,96161,1996-05-24T00:00:00.000Z,47fb7825-dabf-4742-a7f7-4249e1b22000
96171,7,NE,Nebraska,0,1996-08-13T00:00:00.000Z,Major Disaster,"SEVERE STORMS, TORRENTIAL RAINS",Severe Storm,1996-07-16T00:00:00.000Z,1996-07-17T00:00:00.000Z,Turndown,1996-09-12T00:00:00.000Z,0,1,1,0,96171,1996-07-16T00:00:00.000Z,037e2643-bc96-4c7d-a2a0-49fe773674f3
96176,8,ND,North Dakota,0,1996-08-30T00:00:00.000Z,Major Disaster,SEVERE STORMS,Severe Storm,1996-07-09T00:00:00.000Z,1996-07-09T00:00:00.000Z,Turndown,1996-11-19T00:00:00.000Z,0,0,1,0,96176,1996-07-09T00:00:00.000Z,bc52c61a-124a-4745-bf9b-8ab9b66bae9a
96180,4,SC,South Carolina,0,1996-09-05T00:00:00.000Z,Emergency,HURRICANE FRAN,Hurricane,1996-09-05T00:00:00.000Z,1996-09-05T00:00:00.000Z,Turndown,1996-09-08T00:00:00.000Z,0,0,0,0,96180,1996-09-06T00:00:00.000Z,aff3b2bd-4061-40e6-bc7a-5136958bc621
96185,7,IA,Iowa,0,1996-08-15T00:00:00.000Z,Major Disaster,SEVERE STORMS AND HEAVY RAINS,Severe Storm,1996-06-15T00:00:00.000Z,1996-07-23T00:00:00.000Z,Turndown,1996-12-30T00:00:00.000Z,0,0,1,0,96185,1996-06-15T00:00:00.000Z,3ec05f55-ef0f-41c2-815e-1c4834359e4c
97011,9,GU,Guam,0,1996-11-12T00:00:00.000Z,Emergency,TYPHOON DALE,Typhoon,1996-11-08T00:00:00.000Z,1996-11-09T00:00:00.000Z,Turndown,1997-02-12T00:00:00.000Z,0,1,1,0,97011,1996-11-07T00:00:00.000Z,253273b5-6b63-4958-a1ee-1bfefb88cc84
97014,9,CA,California,0,1996-11-22T00:00:00.000Z,Major Disaster,SEVERE FIRESTORMS,Fire,1996-10-21T00:00:00.000Z,1996-10-21T00:00:00.000Z,Turndown,1996-12-26T00:00:00.000Z,0,1,1,0,97014,1996-10-21T00:00:00.000Z,759da80c-9aaf-4977-88e8-d7f830f28d03
97016,6,TX,Texas,0,1996-11-14T00:00:00.000Z,Major Disaster,SEVERE STORMS AND FLOODING,Severe Storm,1996-10-27T00:00:00.000Z,1996-10-28T00:00:00.000Z,Turndown,1997-01-29T00:00:00.000Z,0,0,1,0,97016,1996-10-27T00:00:00.000Z,9c102a49-ce28-4c19-8738-fa0094aff466
97020,6,TX,Texas,0,1996-11-22T00:00:00.000Z,Major Disaster,SEVERE STORMS AND FLOODING ASSOC WITH HURRICANE JO,Severe Storm,1996-10-04T00:00:00.000Z,1996-10-06T00:00:00.000Z,Turndown,1997-07-16T00:00:00.000Z,0,1,1,0,97020,1996-10-04T00:00:00.000Z,23c29dc2-16d3-4f74-8fd5-db42a8ca1087
97022,9,FM,Federated States of Micronesia,0,1996-11-22T00:00:00.000Z,Major Disaster,TYPHOON DALE,Typhoon,1996-11-08T00:00:00.000Z,1996-11-09T00:00:00.000Z,Turndown,1997-03-12T00:00:00.000Z,0,1,1,0,97022,1996-11-08T00:00:00.000Z,1ae209cf-5d23-4010-b4e1-2fccc5255fc1
97023,6,LA,Louisiana,0,1996-10-25T00:00:00.000Z,Major Disaster,SEVERE COASTAL FLOODING CAUSED BY TROP STORM JOSEP,Flood,1996-10-03T00:00:00.000Z,1996-10-07T00:00:00.000Z,Turndown,1997-05-08T00:00:00.000Z,0,0,1,0,97023,1996-10-03T00:00:00.000Z,96715352-770e-4071-93dc-b8e9a03ccf35
97039,7,IA,Iowa,0,1997-02-24T00:00:00.000Z,Major Disaster,"SEVERE WINTER STORMS, BLIZZARD",Severe Storm,1997-01-03T00:00:00.000Z,1997-01-31T00:00:00.000Z,Turndown,1997-03-25T00:00:00.000Z,0,0,1,0,97039,1997-01-03T00:00:00.000Z,d0972d91-f764-4e93-b6ca-edf885abc2f6
97053,2,NY,New York,0,1996-12-23T00:00:00.000Z,Major Disaster,CRASH OF FLIGHT 800,Other,1997-04-16T00:00:00.000Z,1997-04-16T00:00:00.000Z,Turndown,1997-04-16T00:00:00.000Z,0,0,0,0,97053,1997-04-16T00:00:00.000Z,a8550a10-70f9-4e6e-a28e-6e659596225a
97054,9,FM,Federated States of Micronesia,0,1997-04-21T00:00:00.000Z,Major Disaster,"FLOODING, LANDSLIDES, HEAVY RAINS (TROP STORM ISA)",Typhoon,1997-04-19T00:00:00.000Z,1997-04-21T00:00:00.000Z,Turndown,1997-12-31T00:00:00.000Z,0,1,1,0,97054,1997-04-19T00:00:00.000Z,1ae2af46-bc25-4f7b-91a5-f9e6f125cb71
97058,2,NY,New York,0,1997-05-16T00:00:00.000Z,Major Disaster,SEVERE WINTER STORM,Severe Storm,1997-03-31T00:00:00.000Z,1997-04-01T00:00:00.000Z,Turndown,1997-07-09T00:00:00.000Z,0,0,0,0,97058,1997-03-31T00:00:00.000Z,67cdc39d-38b9-4927-80a8-77085a30c939
97059,9,MH,Marshall Islands,0,1997-05-05T00:00:00.000Z,Major Disaster,"FLOODING  (ALSO HIGH WAVES FEBRUARY 9, 1997)",Flood,1997-01-25T00:00:00.000Z,1997-01-25T00:00:00.000Z,Turndown,1997-06-16T00:00:00.000Z,0,1,1,0,97059,1997-01-25T00:00:00.000Z,a281a565-45a7-4195-bc5b-f337bcde423e
97060,6,TX,Texas,0,1997-05-30T00:00:00.000Z,Major Disaster,"SEVERE STORMS, FLOODING AND TORNADOES",Tsunami,1997-05-27T00:00:00.000Z,1997-05-27T00:00:00.000Z,Turndown,1997-06-06T00:00:00.000Z,0,1,0,0,97060,1997-05-27T00:00:00.000Z,eb8f2857-5a36-4c79-90e3-bc98db50183b
97061,6,NM,New Mexico,0,1997-06-13T00:00:00.000Z,Major Disaster,"SEVERE STORM, HIGH WINDS, SNOW,FREEZING RAIN/HAIL",Severe Storm,1997-04-24T00:00:00.000Z,1997-04-26T00:00:00.000Z,Turndown,1997-07-17T00:00:00.000Z,0,0,1,0,97061,1997-04-24T00:00:00.000Z,09c7f84f-9957-4ae4-a218-e480dcdafe33
97075,9,AZ,Arizona,0,1997-08-18T00:00:00.000Z,Emergency,TIRE FIRE (GILA RIVER INDIAN COMMUNITY),Fire,1997-08-01T00:00:00.000Z,1997-08-01T00:00:00.000Z,Turndown,1997-10-27T00:00:00.000Z,0,0,1,0,97075,1997-08-01T00:00:00.000Z,67f12e7d-fdbb-4fee-8aae-f0753c7ae7d5
98002,9,CA,California,0,1997-10-08T00:00:00.000Z,Major Disaster,FIRE (WILLIAMS FIRE),Fire,1997-09-27T00:00:00.000Z,1997-09-30T00:00:00.000Z,Turndown,1998-03-11T00:00:00.000Z,0,1,0,0,98002,1997-09-27T00:00:00.000Z,e9ee8d75-8754-4e01-b6e9-d17d0ab4bb01
98008,10,AK,Alaska,0,1997-09-30T00:00:00.000Z,Major Disaster,DISTRESSED SALMON RETURNS,Fishing Losses,1997-06-01T00:00:00.000Z,1997-09-30T00:00:00.000Z,Turndown,1998-01-07T00:00:00.000Z,0,0,0,0,98008,1997-06-01T00:00:00.000Z,39b24c2f-eb84-4e99-b617-4ce003393d46
98019,9,MH,Marshall Islands,0,1998-02-06T00:00:00.000Z,Major Disaster,TYPHOON PAKA,Typhoon,1998-12-10T00:00:00.000Z,1998-12-15T00:00:00.000Z,Turndown,1998-04-23T00:00:00.000Z,0,0,0,0,98019,1998-12-10T00:00:00.000Z,d3282365-4140-4a98-9f90-8d67badfa3b0
98056,5,WI,Wisconsin,0,1998-06-23T00:00:00.000Z,Major Disaster,SEVERE STORMS AND HIGH WINDS,Mud/Landslide,1998-05-31T00:00:00.000Z,1998-05-31T00:00:00.000Z,Turndown,1998-07-22T00:00:00.000Z,0,1,1,0,98056,1998-05-31T00:00:00.000Z,572372d6-1ac7-4b83-a21f-135eda8c4e00
98148,6,OK,Oklahoma,0,1998-08-18T00:00:00.000Z,Emergency,SEVERE DROUGHT AND WILDFIRE,Drought,1998-07-26T00:00:00.000Z,,Turndown,1998-10-06T00:00:00.000Z,0,1,0,0,98148,1998-07-26T00:00:00.000Z,b513fa12-36ea-44b9-8f40-e54ddaf76854
98157,5,WI,Wisconsin,0,1998-09-03T00:00:00.000Z,Major Disaster,SEVERE STORMS AND TORNADOES,Severe Storm,1998-08-23T00:00:00.000Z,1998-08-23T00:00:00.000Z,Turndown,1998-09-18T00:00:00.000Z,0,1,1,0,98157,1998-08-23T00:00:00.000Z,b5607328-9a22-4235-8a35-e974ea8b4518
98158,6,TX,Texas,0,1998-09-02T00:00:00.000Z,Major Disaster,DROUGHT,Drought,1998-07-23T00:00:00.000Z,1998-07-23T00:00:00.000Z,Turndown,1998-11-10T00:00:00.000Z,0,0,0,0,98158,1998-07-23T00:00:00.000Z,cad27b84-285f-4e4f-948a-7201244644d1
98229,4,SC,South Carolina,0,1998-02-24T00:00:00.000Z,Major Disaster,SEVERE STORMS AND FLOODING,Severe Storm,1998-01-27T00:00:00.000Z,1998-01-27T00:00:00.000Z,Turndown,1998-03-12T00:00:00.000Z,0,1,0,0,98024,1998-01-27T00:00:00.000Z,07e499d6-d808-4191-9348-db803d03511f
98230,3,VA,Virginia,0,1998-02-27T00:00:00.000Z,Major Disaster,"SEVERE STORMS, FLOODING, HEAVY SNOWFALL, HIGH WIND",Severe Storm,1998-01-28T00:00:00.000Z,1998-02-04T00:00:00.000Z,Turndown,1998-03-23T00:00:00.000Z,0,1,1,0,98025,1998-01-28T00:00:00.000Z,bbe34c24-e6e6-441c-85ef-6ac6632a199f
98239,7,KS,Kansas,0,1998-07-10T00:00:00.000Z,Major Disaster,TORNADOES AND HIGH WINDS,Tornado,1998-06-14T00:00:00.000Z,1998-06-14T00:00:00.000Z,Turndown,1998-08-12T00:00:00.000Z,0,0,1,0,98072,1998-06-14T00:00:00.000Z,6eac7dbc-87a5-429e-94fc-c21c8d29ebea
98243,10,AK,Alaska,0,1998-07-31T00:00:00.000Z,Major Disaster,SALMON FISHING LOSSES,Fishing Losses,1998-06-01T00:00:00.000Z,1998-06-01T00:00:00.000Z,Turndown,1998-10-13T00:00:00.000Z,0,0,0,0,98077,1998-06-01T00:00:00.000Z,e886b09e-721d-4c0d-bd8a-37e4f91152cb
99023,6,OK,Oklahoma,0,1998-11-03T00:00:00.000Z,Major Disaster,"SEVERE STORMS, FLOODING AND TORNADOES",Severe Storm,1998-10-04T00:00:00.000Z,1998-10-05T00:00:00.000Z,Turndown,1998-12-01T00:00:00.000Z,0,0,1,0,99023,1998-10-04T00:00:00.000Z,b0a4372b-ba35-407b-91fa-f59bb2c48e13
99026,5,OH,Ohio,0,1999-04-15T00:00:00.000Z,Major Disaster,OH - Tornado - 4/9/99,Not applicable,1999-04-09T00:00:00.000Z,,Turndown,1999-04-26T00:00:00.000Z,0,1,1,1,9040900003,1999-04-09T00:00:00.000Z,471360e0-2a72-4f2c-b86b-f3db0ec1a03d
99049,10,WA,Washington,0,1999-05-17T00:00:00.000Z,Major Disaster,WA - Flooding/Slides/High Wind,Not applicable,1999-01-29T00:00:00.000Z,1999-03-11T00:00:00.000Z,Turndown,1999-08-24T00:00:00.000Z,0,1,1,1,9031900004,1999-03-19T00:00:00.000Z,72387c2d-1775-4f06-93aa-a7e51e6ad69c
99057,4,GA,Georgia,0,1999-07-02T00:00:00.000Z,Major Disaster,GA - Flooding 6/29/99,Flood,1999-06-29T00:00:00.000Z,1999-07-01T00:00:00.000Z,Turndown,1999-08-05T00:00:00.000Z,0,1,1,1,1999063001,1999-06-29T00:00:00.000Z,b6362fb0-b47f-4dd3-98ea-af54c85c1c88
99059,5,MN,Minnesota,0,1999-07-20T00:00:00.000Z,Major Disaster,MN - Potential Flood 03/01/99,Severe Storm,1999-03-01T00:00:00.000Z,1999-05-30T00:00:00.000Z,Turndown,1999-07-15T00:00:00.000Z,0,0,1,1,9022600002,1999-02-26T00:00:00.000Z,9de9c0d3-77a7-4414-9061-814e099186cc
99063,8,UT,Utah,0,1999-07-20T00:00:00.000Z,Major Disaster,UT - Canal Flood,Dam/Levee Break,1999-07-11T00:00:00.000Z,1999-07-11T00:00:00.000Z,Turndown,1999-08-31T00:00:00.000Z,0,1,1,0,1999071201,1999-07-11T00:00:00.000Z,62e71817-dde3-4f25-b72d-41760797201f
99065,2,NY,New York,0,1999-07-22T00:00:00.000Z,Major Disaster,NY Thunderstorm/Flooding 7/5/99,Flood,1999-07-07T00:00:00.000Z,,Turndown,1999-08-02T00:00:00.000Z,0,0,0,0,1999070801,1999-07-07T00:00:00.000Z,21544250-35fc-4f07-a95f-a862b3923024
99067,7,KS,Kansas,0,0999-08-05T00:00:00.000Z,Major Disaster,KS - High Winds & Flooding 6/28/99,Severe Storm,1999-06-26T00:00:00.000Z,1999-06-28T00:00:00.000Z,Turndown,1999-08-24T00:00:00.000Z,0,0,0,0,1999062901,1999-06-28T00:00:00.000Z,e575de98-c730-4392-bacf-ea7766aaf785
99080,9,AZ,Arizona,0,1999-07-29T00:00:00.000Z,Emergency,AZ - RAINBOW FIRE - 06/11/1999,Fire,1999-06-11T00:00:00.000Z,1999-06-30T00:00:00.000Z,Turndown,1999-09-30T00:00:00.000Z,0,0,0,0,9061700001,1999-06-11T00:00:00.000Z,1dcfd085-1935-4941-b97b-30d3bebec394
99143,9,CA,California,0,1999-10-13T00:00:00.000Z,Major Disaster,CA-RIX-DR-REQ-CALIFORNIA FIRES,Fire,1999-08-24T00:00:00.000Z,,Turndown,1999-11-03T00:00:00.000Z,0,1,0,1,1999101701,1999-10-15T00:00:00.000Z,c6575649-bbd7-4082-9881-b821c1995c5c
99156,1,MA,Massachusetts,0,1999-12-02T00:00:00.000Z,Major Disaster,Hurricane Floyd,Hurricane,1999-09-16T00:00:00.000Z,1999-09-17T00:00:00.000Z,Turndown,2000-03-02T00:00:00.000Z,0,0,1,1,1999091407,1999-09-14T00:00:00.000Z,21120dd7-d8d0-4740-8a26-57fd34531aeb
99161,10,WA,Washington,0,1999-11-24T00:00:00.000Z,Major Disaster,WA-FISHING LOSS-12/02/99,Fishing Losses,1999-06-27T00:00:00.000Z,,Turndown,2000-05-03T00:00:00.000Z,0,0,1,0,1999120201,1999-06-27T00:00:00.000Z,d5809cf2-2a2e-47e7-bffb-a3918572a7b2
99162,6,TX,Texas,0,1999-03-11T00:00:00.000Z,Emergency,POSSIBLE FIRE HAZARD,Fire,1999-04-09T00:00:00.000Z,1999-04-09T00:00:00.000Z,Turndown,1999-04-09T00:00:00.000Z,0,0,1,0,99021,1999-04-09T00:00:00.000Z,d9eb64c2-1d4f-4f7b-86de-d5c966ed1e8d
99163,6,TX,Texas,0,1999-03-11T00:00:00.000Z,Emergency,POSSIBLE FIRE HAZARD,Fire,1999-03-11T00:00:00.000Z,,Turndown,1999-04-09T00:00:00.000Z,0,0,1,0,99025,1999-03-11T00:00:00.000Z,532db75b-ac1a-4346-a4f4-ba8a13d75e7e
99171,5,OH,Ohio,0,1999-04-15T00:00:00.000Z,Major Disaster,SEVERE STORMS AND TORNADOES,Severe Storm,1999-04-09T00:00:00.000Z,1999-04-09T00:00:00.000Z,Turndown,1999-04-26T00:00:00.000Z,0,0,0,0,99052,1999-04-09T00:00:00.000Z,a4104ff2-f231-4154-a1e2-0e50f8643ae1
99172,10,WA,Washington,0,1999-05-07T00:00:00.000Z,Major Disaster,SEVERE WINTER STORMS,Severe Storm,1999-01-29T00:00:00.000Z,1999-03-11T00:00:00.000Z,Turndown,1999-06-09T00:00:00.000Z,0,1,1,0,99059,1999-01-29T00:00:00.000Z,c9a2d174-afa0-47c2-b530-5ddca9153b94
99173,2,NY,New York,0,1999-07-22T00:00:00.000Z,Major Disaster,"THUNDERSTORMS, HIGH WINDS, AND FLOODING",Severe Storm,1999-07-01T00:00:00.000Z,1999-07-06T00:00:00.000Z,Turndown,1999-08-02T00:00:00.000Z,0,0,0,0,99068,1999-07-01T00:00:00.000Z,5ecf6f40-12b4-4517-b96c-c5b5f108ca41
99174,4,GA,Georgia,0,1999-07-02T00:00:00.000Z,Major Disaster,"HEAVY RAINS, DAMAGING WINDS, AND FLOODING",Severe Storm,1999-06-29T00:00:00.000Z,1999-07-01T00:00:00.000Z,Turndown,1999-08-05T00:00:00.000Z,0,1,1,0,99069,1999-06-29T00:00:00.000Z,fb7b158d-dd8e-4ce0-85b3-0ec577c89fc2
99184,7,KS,Kansas,0,1999-08-05T00:00:00.000Z,Major Disaster,SEVERE STORMS,Severe Storm,1999-06-26T00:00:00.000Z,1999-06-28T00:00:00.000Z,Turndown,1999-08-24T00:00:00.000Z,0,0,1,0,99092,1999-06-26T00:00:00.000Z,36c49767-e273-4d14-83bc-76016ed0c22d
99185,8,UT,Utah,0,1999-07-20T00:00:00.000Z,Major Disaster,CANAL BREAK,Dam/Levee Break,1999-07-11T00:00:00.000Z,1999-07-11T00:00:00.000Z,Turndown,1999-08-31T00:00:00.000Z,0,1,1,0,99093,1999-07-11T00:00:00.000Z,eee5e04a-7b35-456f-83d7-7c265f51a09d
