disasterNumber,totalNumberIaApproved,totalAmountIhpApproved,totalAmountHaApproved,totalAmountOnaApproved,totalObligatedAmountPa,totalObligatedAmountCatAb,totalObligatedAmountCatC2g,paLoadDate,iaLoadDate,totalObligatedAmountHmgp,hash,lastRefresh,id
3601,,,,,,,,,,,3de68baba960e69da445cf822d3dd859081fb34a,2023-10-09T23:02:26.341Z,faafecca-0f76-4fb8-8ffd-b6f46f3b712c
3602,,,,,,,,,,,58566c446fce5cabbd0c3412a6bb3daa4ada1993,2023-10-09T23:02:26.341Z,b74f0dc2-fab5-42b9-acf7-c94df14d85ad
5672,,,,,,,,,,,392ff092d547d84ad9f9f3ab810fa3b03dcf53b7,2026-08-19T13:39:28.253Z,8a3481b9-197e-423a-ac6b-44021a38ebe6
3651,,,,,,,,,,,75bbbe4482dc437f095884ce621a7c9086d7b24e,2026-08-15T23:02:48.738Z,4729a70c-3ab5-4dd6-b383-142b120deb06
4930,7251,23302697.39,11809327.21,11493370.18,,,,,2026-10-04T00:00:00.000Z,,a11d08a3c35d165524992aaf3001d0b15b0afb5a,2026-10-04T19:25:50.674Z,2ff34994-86f6-4f71-9082-667a7d16b0b3
5677,,,,,,,,,,,23af7a2f25953534b0d018c243ca5c7813af36d5,2026-09-17T11:05:58.055Z,e08d89d3-b3d1-4feb-977e-52e544e6882a
4359,,,,,31082402.96,1189389.22,29551076.82,2026-09-30T00:00:00.000Z,,3078571.45,7ce2e115984bba9788687ef44d0740b44fbc765c,2026-09-30T16:47:49.305Z,fe3a538e-106d-4ba9-a572-68cff8fba3e4
4416,,,,,46626489.45,7534283.32,33240098.65,2026-09-29T00:00:00.000Z,,6926192.59,a76229a03bf7fb0db24e872340ab7461fd9d59cc,2026-09-30T13:56:14.374Z,0f058104-237e-4e82-9ac3-913a37e3cde0
4539,,,,,53528728.65,4063924.31,47788137.31,2026-09-29T00:00:00.000Z,,10025690.73,c28111247ab7488478b8a60892f8006d9c91c1ad,2026-09-30T13:56:14.374Z,58242d51-ff58-459f-8c8d-21e1836604c4
5673,,,,,,,,,,,f922ec96fcb899e7724eda4ce7fc67cc3e6a96d4,2026-08-22T11:05:48.634Z,cd810043-9fbc-4e85-981b-a12473853411
4572,,,,,69271194.70,45510150.72,18566813.31,2026-09-29T00:00:00.000Z,,7309932.37,adc717e7e385948f5f76ba3578659d11e3d3505a,2026-09-30T13:56:14.374Z,d3642201-0b0b-471f-a690-f69ed659f925
4603,,,,,5651776.73,5482355.89,50871.51,2026-05-17T00:00:00.000Z,,713000.26,94c31ec1441004c49e2a593554cb28f46dca15f5,2026-10-01T11:46:56.679Z,7ae46bbb-d25b-4ccb-a853-28859345be5c
4705,,,,,86084397.67,50465744.25,25942155.72,2026-09-29T00:00:00.000Z,,9302838.58,37d4daeb887bde57ad927e7ad1c9cc3bc8a20427,2026-09-30T13:56:14.374Z,19bc703c-2eb5-4f8a-804d-4eaa0be6557c
1240,,,,,,,,,,3479614.00,eea0d3f0e4f91cd7cf8bde631fa6c72c50c94d01,2026-08-18T14:38:03.602Z,0067e503-d88b-4b5f-a43f-0595069db882
1241,,,,,,,,,,302741.00,5fc332fde3882b248e7cc8097c9b572d3b1ef45c,2026-08-18T14:38:03.602Z,ebf22a06-ba36-4d09-80cb-8cc67b5c6440
1242,,,,,,,,,,1514019.00,086502c91910e16c2bfbb5f803498f94dfff43f2,2026-08-18T14:38:03.602Z,50c38435-5009-495c-ba64-88cfbdff05e8
1243,,,,,,,,,,580602.00,afb1368235027f146cb9d85da01cb6539e48f913,2026-08-18T14:38:03.602Z,f331453d-7169-45ec-adff-d1da46052ed0
4575,,,,,176760086.53,72738076.23,96687146.23,2026-09-30T00:00:00.000Z,,20067458.37,c0699da15da3ea164b4bc78b37af5deb657d311e,2026-09-30T16:47:49.305Z,bb91cef1-6759-4e25-9392-bb02ce7fbf46
5676,,,,,,,,,,,3a69e56044d8c6da697d0e61dfca1cabee641ff0,2026-09-16T11:06:06.854Z,89787080-d8e9-44b4-ad9b-253637db6a8a
5430,,,,,,,,,,2331621.43,7111e54f5f2049dad8093d7244e40286eb2fab22,2026-06-30T20:02:13.953Z,104e9921-6114-4a7b-be2e-1260c3e8a2a6
4642,,,,,6569876.68,252342.60,5656144.11,2026-09-21T00:00:00.000Z,,1184256.91,20d661005fba9a24c6e0ce4e1d674fcfbb83fa99,2026-10-01T11:46:56.679Z,210ab849-4fd6-45e9-b762-e7e982ea8e8c
1244,,,,,,,,,,2801027.00,0148d88523dda768fc6b74113030ea0a8e8430af,2026-08-18T14:38:03.602Z,59548a42-f5fb-4b69-9e69-f4b8f23ce2a4
1245,,,,,,,,,,2204299.00,69d262657a92e052b554f1e5486fba0c5cd3273a,2026-08-18T14:38:03.602Z,aeed4d81-94f2-4358-bf2d-3abd2ec090a6
1246,,,,,,,,,,7197142.00,5ce8d39058beb3890b5fb5e2ede3b02002e186fe,2026-08-18T14:38:03.602Z,93bbcb75-80fe-4b1c-aa41-2af059ab0b9a
1247,,,,,,,,,,220712228.00,ae6b265e383b8720d990213f4780d0145a5a5ac4,2026-08-18T14:38:03.602Z,8c57d99a-3056-4079-bec8-aa97baf2e999
1248,,,,,,,,,,996958.00,2ebaeb1fc0df364a43ddcc4556eb92efa51b5c28,2026-08-18T14:38:03.602Z,d6c56bb2-a7bd-4b51-9d48-9400311042c3
4540,,,,,66629912.41,634037.14,57553857.31,2026-10-02T00:00:00.000Z,,9533107.83,ceea3c7d1b07a4a481a3a7bd7ef242d555d993b5,2026-10-02T12:48:47.351Z,5a9eec09-552f-47c3-b030-c1d64e941ae1
1249,,,,,,,,,,15005046.00,2e7a7700fa5d80fbf1853cadff27d1f38e8008b8,2026-08-18T14:38:03.602Z,b73f6416-34a8-4258-8f16-1924b192a9f9
1250,,,,,,,,,,6689836.00,81193ef14366434fdc9a71657f6bba314ab7ed2d,2026-08-18T14:38:03.602Z,aaf2250c-5ebc-4586-9f01-b454258ddbdc
1251,,,,,,,,,,13298291.00,e42d778e7887b947fd5ccf16050a2c66281165c6,2026-08-18T14:38:03.602Z,7733745a-51e3-43dc-93bb-9c0bdd7b4a95
3652,,,,,,,,,,,196b349966bf82de749edc2f088804b4aac71d02,2026-08-26T11:16:55.319Z,586cc557-5c16-41db-8599-d7609484b236
4472,,,,,90103143.76,7854749.57,72240303.57,2026-10-01T00:00:00.000Z,,4678978.82,52f25abe9c97edfa75b6f87dac952cbde0907145,2026-10-01T16:48:15.552Z,1657c3f2-b5ed-47d6-9433-e2b4af492dcc
4907,,,,,4051417.89,453712.67,2846101.16,2026-10-03T00:00:00.000Z,,,b49871e027a8f0a13a03973b2ea4ac1d97054599,2026-10-03T00:47:50.848Z,16c78555-2e23-41e2-b0ca-a6362c13c5c1
4625,,,,,180416838.99,8125306.13,159470168.38,2026-10-01T00:00:00.000Z,,15047631.47,351e8cc0fdfd5084b528a6a0764a45c211765704,2026-10-01T16:48:15.552Z,82706c26-590c-4d30-ae79-fd4526429d63
1252,,,,,,,,,,286725.00,af55c6b9ea00edfd6759aa2a254de5c0c97f561d,2026-08-18T14:38:03.602Z,bf69d668-5b4a-4431-83ae-fa82e6e7fc7f
1253,,,,,,,,,,2116175.00,3fcc45c350b2d3a2d7395438b3ee0ca371b0674a,2026-08-18T14:38:03.602Z,23465439-71d8-4269-b25c-4f34022a3195
1254,,,,,,,,,,750065.00,6b9d244d634d27187dc16cc0da6da3fcd9b2618f,2026-08-18T14:38:03.602Z,e9f3544a-a26c-4b10-9c88-5ece7aa4581f
5675,,,,,,,,,,,983c37b9c42b40f151523f80186c7330adff0441,2026-08-26T11:16:55.319Z,24443c85-88f3-4358-ade5-37a77a4a14e8
4755,,,,,12342316.01,4235891.04,6795670.36,2026-10-01T00:00:00.000Z,,2673103.09,cd2008cec44ae82c336a5a4f59626d690ab9516f,2026-10-01T16:48:15.552Z,fce3d323-233b-48f2-a663-fd61c6f0f64c
4138,,,,,42825045.65,687197.24,38348180.00,2026-10-01T00:00:00.000Z,,7536022.06,51127628ff1826144777e5206f3cf0d174c66331,2026-10-01T20:47:16.897Z,d3ec81ec-cff4-4d8b-8643-7cdcf2133bec
4343,,,,,8769858.74,919908.23,7050536.41,2026-10-01T00:00:00.000Z,,1649328.35,ae74f1d2c7f902be2e75b27b6b6553243a356a0d,2026-10-01T20:47:16.897Z,c82301d3-22ff-46d7-959c-a125539c2e18
3647,,,,,,,,,,,27b338cd67321b5f0c8fa1c88679d5543b2fb0d6,2026-07-03T23:02:08.837Z,7316185d-7ed5-4cf8-b14f-d344ffa1f759
3626,,,,,,,,,,,300eff31467e86c5216121a32063ef1fdd7f45b9,2025-04-04T23:02:07.819Z,b6fd2fba-84d1-4bc5-85a0-6c46fcfd9773
3646,,,,,,,,,,,5b0c619c6c3a81a3969877520c1d80c5b9daf86d,2026-05-25T23:02:31.807Z,17647ae8-9d1f-4251-abd8-798bf0451977
4616,,,,,28318090.48,4910266.26,22937008.54,2026-09-30T00:00:00.000Z,,3564082.73,7e478107dd8e941c3204702d6dc689718df48230,2026-09-30T16:47:49.305Z,71a0c46e-7b53-4f5a-b2cb-46cdb2d32aba
5671,,,,,,,,,,,85738bb04d906344e09dfe84adb779338dee60f8,2026-08-21T16:24:49.744Z,aedc59a9-2f0f-461a-ba98-76561e5487b6
5418,,,,,,,,,,1019093.02,2e80f901241a36435bec2770913da2c8b3ac9453,2026-08-07T11:10:25.687Z,651a0c44-adb1-4e60-9707-ef4128d28c08
1255,,,,,,,,,,844215.00,cc90c06f16758640f61f7cd09b8ad1a8d06ec28d,2026-08-18T14:38:03.602Z,3764eee9-6f14-4abc-88ab-b396ebe6ed2a
5490,,,,,,,,,,181762.36,711ed64011b1fdca8fb76b19d945d14dfcf4d7cb,2026-08-07T11:10:25.687Z,95477197-5ec2-49b2-84e4-051d303a7d31
1256,,,,,,,,,,645473.00,777a18a4cda4135db2b6ade88ce22557a2972f9f,2026-08-18T14:38:03.602Z,78db3af9-aabe-4472-8078-7874373222c8
1258,,,,,,,,,,2546649.00,270fb2e7540badc628bfda3c83088c1f6718def4,2026-08-18T14:38:03.602Z,50b32fa8-7ade-4fc6-9028-31f59fd5edf8
3649,,,,,,,,,,,e4984f59aae3e7f25ecfe2c23000b653ea76459d,2026-07-18T23:02:00.133Z,1349822e-e517-4b4e-a342-766c5b0a8f52
1239,,,,,8225378.98,4219882.47,3961713.95,2026-05-17T00:00:00.000Z,,3887494.00,55c9d46104ee997ac92accbe75aa0a27e7507db6,2026-09-29T13:30:22.024Z,0812c9b9-4c04-42d1-853b-6af9b01b21b5
1259,,,,,,,,,,1129100.00,fd44ec3a5cd0bfd6276b9d541efd2a75cff546a4,2026-08-18T14:38:03.602Z,d3e1847a-9698-46a2-b392-a6e721ae360d
1257,,,,,33279653.41,9756691.42,23183628.92,2026-05-17T00:00:00.000Z,,18906913.00,64108af5a3f264b1578a284e7e6acad852d56fe3,2026-09-29T13:30:22.024Z,c04c27c0-6aeb-430b-a589-d38cb5cc10ff
1263,,,,,,,,,,235411.00,dbcd0cc0e746debcb98a786e92dd077898f5c485,2026-08-18T14:38:03.602Z,d791e509-9cd2-476b-aa3e-00da830dfa31
1267,,,,,,,,,,2167204.00,7b7c8258f310865b30bc8e3e068f761b38fe358b,2026-08-18T14:38:03.602Z,934c0ff3-b241-4620-9810-fe7a960a4ebf
1260,,,,,9863594.00,3896685.75,5833055.72,2026-05-17T00:00:00.000Z,,1875688.00,a64157d1fad94cbfadcb0c294d543f4b8141a7b5,2026-09-29T13:30:22.024Z,814423cb-69d6-4e45-aaae-7b4b968832c2
1261,,,,,5735788.21,2349946.79,3385841.42,2026-05-17T00:00:00.000Z,,1096729.00,e4965454ef0b70f93b9d45eb45d92fd3deacad4c,2026-09-29T13:30:22.024Z,99c0eac1-4e3a-4b59-b86e-a023ea6816c5
1262,,,,,15377362.84,4437805.23,10793815.08,2026-05-17T00:00:00.000Z,,1494499.00,c5ae90db6803a8fa13e37e88d200b23e608b519b,2026-09-29T13:30:22.024Z,8b9bc6d2-5a22-4d5a-ad0b-900d21c80e10
1264,,,,,3033110.28,882780.99,2135164.26,2026-05-17T00:00:00.000Z,,915473.00,68df50e9aa5fdb7a391ffc6d6200c75afe4cb856,2026-09-29T13:30:22.024Z,e04c9a25-31ad-4fe3-bd57-de09c98b285a
1265,,,,,6970269.48,2590192.47,4349918.09,2026-05-17T00:00:00.000Z,,1319820.00,63ead4132a993fc17e9259dfc831023eff1fe1e7,2026-09-29T13:30:22.024Z,f7bd8686-0c5d-4863-8064-628d24c664a9
1266,,,,,7265330.40,4572203.46,2603875.52,2026-05-17T00:00:00.000Z,,3634575.00,d34f6c82bd1826ff3aaf67733e414749ac36141e,2026-09-29T13:30:22.024Z,697b0c6e-fdd2-4694-bb24-cb60797158a6
1268,,,,,718613.34,40563.57,655398.71,2026-05-17T00:00:00.000Z,,120352.00,e25b52a55324902947e04d752f339c96eb6c845d,2026-09-29T13:30:22.024Z,88a7216e-9d38-4a1f-b253-2afc825c53cf
1270,,,,,,,,,,319783.00,6afb523c8e548b813a62a25af6dbe019ce0c1742,2026-08-18T14:38:03.602Z,7d997d76-ca4f-4472-8a13-bf22b09e9926
1269,,,,,1737569.40,898066.50,810242.78,2026-05-17T00:00:00.000Z,,1037030.00,be337adfd700dd6b28a27fa902a44bda40b91440,2026-09-29T13:30:22.024Z,48b30cc0-5ba8-431a-a1a3-b6613e4c23da
1271,,,,,1868757.98,1691960.54,176797.44,2026-05-17T00:00:00.000Z,,495343.00,abf77a3a824b96fcc301c9699309abd5878f3828,2026-09-29T13:30:22.024Z,a1224e6e-c3b8-4bc6-b5e2-5a36dd9ba6aa
1272,,,,,40595043.33,29888022.35,10353434.85,2026-05-17T00:00:00.000Z,,12665798.00,d66ba07c31eb658498cafac84c030d3a6f1ce088,2026-09-29T13:30:22.024Z,b0caf430-049f-4037-a427-e9662fed4b8f
1273,,,,,3144097.57,2597610.34,546487.23,2026-05-17T00:00:00.000Z,,1764725.00,83e73ededb0128d89d02b8a8da175156c8a71b0f,2026-09-29T13:30:22.024Z,7b462660-f110-4aae-8873-4a923e673c86
1274,,,,,1508667.27,1045396.65,586674.12,2026-05-17T00:00:00.000Z,,778869.00,8e17831649bae8c23f856fe6bebf1261ed2d813a,2026-09-29T13:30:22.024Z,027bfc11-e89d-4ba7-8f52-60cd897ae376
1275,,,,,5322523.58,2426827.39,2821849.55,2026-05-17T00:00:00.000Z,,853245.00,7c6248fd14e26c452da63be284fd5ecb5a167909,2026-09-29T13:30:22.024Z,f9a1f7d3-398f-4449-aeae-3aa42c4a2804
1276,,,,,5242416.68,546984.20,4587872.59,2026-05-17T00:00:00.000Z,,1158596.00,10dc5818cc244ae5c3fddd4687b5ae4657ebbd41,2026-09-29T13:30:22.024Z,7eaad26d-11a9-428a-be9c-66b5f2d038bf
1277,,,,,8534710.43,1862546.18,6422742.96,2026-05-17T00:00:00.000Z,,2449736.00,31086bf438aa54b4a9c174bfc86785bd3f9d6d9e,2026-09-29T13:30:22.024Z,31a314e6-fe2e-4b0d-be51-94421d81f8f5
1278,,,,,501235.42,20563.57,469397.28,2026-05-17T00:00:00.000Z,,113954.00,3c84b18fb612d781262f95d4f8dfc52ebbf43a24,2026-09-29T13:30:22.024Z,b75910a8-99c8-4caa-b34c-39d1e942968f
1279,,,,,48334834.65,3905669.96,43752362.02,2026-05-17T00:00:00.000Z,,11742244.00,ca685258a68c3c20ac5e090d9d8414fa3e5dcd86,2026-09-29T13:30:22.024Z,abcad422-2397-400f-af4b-a4a589f3256b
1280,,,,,801099.77,621063.41,162372.31,2026-05-17T00:00:00.000Z,,1152684.00,7da4f20e7053704f0de735fd3ecb692f4e427b17,2026-09-29T13:30:22.024Z,ab66177d-ae81-4939-aef1-f3209d352683
1281,,,,,4735909.53,429615.84,4190671.67,2026-05-17T00:00:00.000Z,,704930.00,7f6d12647dc7281c6c3a9df00787b99d75713bc9,2026-09-29T13:30:22.024Z,804876c6-07a5-4bb6-b095-f1a19d813ef2
1282,,,,,10955690.74,1814403.47,8883933.06,2026-05-17T00:00:00.000Z,,2636499.00,854ef0301d465836c53e9d4fbf444c55ce4982f7,2026-09-29T13:30:22.024Z,9fcf1168-ef27-4069-a2f6-511af6c074b9
1283,,,,,11679939.60,3332720.86,8260184.09,2026-05-17T00:00:00.000Z,,2769144.00,873355a1fbcafb70534eebff172cb4d759491c8d,2026-09-29T13:30:22.024Z,764738b1-5efd-4939-9230-f9cd4417e492
1284,,,,,4064691.72,950005.26,3086906.66,2026-05-17T00:00:00.000Z,,641581.00,8362707de28edea75a227af5118590fc954dbbeb,2026-09-29T13:30:22.024Z,a8993d08-a7f9-468e-8b1e-137dfaad67b0
3653,,,,,,,,,,,4c117fc5042f65b537e9e9be2e8eaba737a59ec5,2026-09-03T11:06:24.573Z,d4551e24-45af-44e3-95a7-3c1345bf4854
4934,,,,,,,,,,,03434a89c6d9f9766f38ecfd82573945e4aea838,2026-09-03T11:06:24.573Z,a6dd1362-f1e8-4cac-882e-a30d57047f39
4937,,,,,,,,,,,0585ebc316c97e4b7136910fe56868ec96673e7d,2026-09-03T11:06:24.573Z,e09cc4cc-02e5-4482-97af-49a20946738f
3654,,,,,,,,,,,2c97c2b5483ab9848c8885f90a57798b9f11bd29,2026-09-26T11:09:22.918Z,19807742-fce4-4a65-b1a9-ef58529e7ed4
4461,,,,,66468576.88,34748692.64,26045188.45,2026-08-12T00:00:00.000Z,,5625684.32,c9b489bef92bfad53a8569197d077a368ecd0a7b,2026-10-03T11:48:12.120Z,4074bf65-ac17-43e2-affc-33b5773c5d75
4938,,,,,,,,,,,3070748035817209cc2a985679bfe2c5f155ccd6,2026-09-03T11:06:24.573Z,25d7fbec-f5f8-4910-9370-20796bc09d5a
4589,,,,,12003744.15,1428307.17,10284785.14,2026-09-08T00:00:00.000Z,,2105314.36,946ad80271414a9faeaf2717ef19aad675d6bd9d,2026-10-03T11:48:12.120Z,1cb649af-0d37-4b41-82af-bdbb5e4c489d
4792,,,,,14110429.94,3225843.27,9722375.13,2026-09-29T00:00:00.000Z,,147819.50,b68399b91c39268576e90c47f80b46c3b2f569ca,2026-09-30T14:03:33.200Z,c45d36df-246e-4a1f-87cd-77a9396032f5
4916,,,,,678773.18,482665.75,57934.53,2026-09-30T00:00:00.000Z,,,54d3131b8c9c0e0bb3ca919f85edd430cb99cecc,2026-09-30T16:47:49.305Z,7132d023-0d44-4d9c-b77c-aaf57dfeb9ab
4939,,,,,,,,,,,ec12866df574ef6125d4376a72a91c37beb03617,2026-09-03T11:06:24.573Z,2ccc591c-c1fc-497c-acc9-d798cb2eb36c
5382,,,,,,,,,,2067208.75,64c5d1b1a82028a48b6366b9901c8629b6a96a6b,2026-03-01T06:02:17.919Z,c57869aa-4b20-47ca-a5dd-31f62ad95fd3
4940,,,,,,,,,,,14eedeac8dd7d2c9bbbab615296312ecbb789814,2026-09-03T11:06:24.573Z,16d990fa-aa95-48ef-b8b8-df85df8a57a3
4825,,,,,82598487.12,6645556.94,72754784.35,2026-09-29T00:00:00.000Z,,1966000.00,9cfe119e3244e1f2251497b06d923e94fa007887,2026-09-30T14:03:33.200Z,103930ab-f716-402c-a21c-9e335782768d
4942,,,,,,,,,,,b47bc10e8fad3a658f82a1c585385c329fadb8bb,2026-09-03T11:06:24.573Z,51b45da7-aee9-4d17-92b2-c11d5a8a7e5f
4943,,,,,,,,,,,48880d5b1117bd7738149fed01899ab2a134ab6d,2026-09-03T11:06:24.573Z,b19863ff-17a4-4d9f-bc93-bf1841b3b29b
3648,,,,,,,,,,,ed6965ffba27922a75b4257e97717e5ea83e2b00,2026-07-04T23:02:10.781Z,0519db62-3d78-4d06-bb90-b44063386fb2
4901,,,,,4135059.23,1327572.99,2652969.00,2026-09-29T00:00:00.000Z,,,e41f294615cb84ce6bf8fe80c1945b3fc2490abe,2026-09-30T14:03:33.200Z,973208eb-d5b6-42d4-9239-3100bcf6933a
4913,,,,,4621235.25,764409.80,3149107.79,2026-10-03T00:00:00.000Z,,,f795cb76bfa27514c82cdb5f20a3c72fb2f78c77,2026-10-03T16:49:24.882Z,49c6d4fc-21c8-4f33-b368-d78da6ccaf37
5395,,,,,,,,,,3362961.70,054d351597bf7593b75931f9cf49b6f504109293,2026-08-29T11:36:38.807Z,613fb317-286c-4df5-a0b3-387804024093
4924,,,,,274245.37,34030.10,236571.44,2026-09-29T00:00:00.000Z,,,c51b4137783d7f5b40c66861b4dd24dbc9610205,2026-09-30T14:03:33.200Z,f49cab84-276a-4597-98bc-9bdb29171165
5423,,,,,,,,,,988979.60,03a6be090eea1e9736669e2e79e87716f3470a06,2026-09-15T11:46:08.007Z,fc35c978-1972-4df1-b158-e68c158324ae
4935,,,,,,,,,,,ddd1752712f83ea4282d7f441ba577196b99d13f,2026-09-04T13:28:54.430Z,2a958a90-83bf-4c11-b421-f20a16c70ed8
1285,,,,,518798.92,331705.11,182722.60,2026-05-17T00:00:00.000Z,,86350.00,94e044b617a9e16d1a52a709cc687185a2802327,2026-09-29T13:30:22.024Z,11821ffd-23f5-4948-8272-c79ec18af776
1290,,,,,,,,,,200782.00,cdd67a771166338c03ee9300f44a24879e4e4f46,2026-08-18T14:38:03.602Z,44822a3a-9265-4128-ab89-31e4c856d4bd
1291,,,,,,,,,,381636.00,bdc00aae5c0ca5f65b5654fb695476d30e7eb5f3,2026-08-18T14:38:03.602Z,f57adf85-a29f-42fe-babe-2f2487950219
5494,,,,,,,,,,2089550.04,28dd73bd1393d7c46bc24c5f9f7d20830aae5a8e,2026-09-15T11:46:08.007Z,dc2fbb9b-5e06-4d9c-b83a-e2d4145263ee
5524,,,,,,,,,,1429968.13,9f10e3db6883cafb412dbf4a97fa0ae10c1be9eb,2026-09-15T11:46:08.007Z,6f5a6222-9f52-43e2-af14-9c61559e0c2a
1298,,,,,,,,,,195648.00,7665378775881005ade3ed4b119acfc28030547a,2026-08-18T14:38:03.602Z,4d666de2-f162-43ae-b1b4-437076734459
3616,,,,,,,,,,,ed3bab2e292a5e737e8ce9a5bb376abf14953999,2024-09-26T23:04:54.535Z,f6f59436-c0a6-4541-b011-3b503a043e48
3617,,,,,,,,,,,f3d4a15b251ebcfcac81e22daac879cd12e90832,2024-09-26T23:04:54.535Z,197f2e83-17b8-453f-8a8e-4b8629aa8837
5499,,,,,,,,,,5284781.66,63c2ea0791e1188085e2df9823576fc2d2ee43e2,2026-09-26T12:09:58.160Z,03a4503c-dc4a-4b9f-86e9-eecc5c719e3b
1304,,,,,,,,,,10446.00,3c7524a5b7b08260ff7d5db8ee217cf78af7099f,2026-08-18T14:38:03.602Z,fbdc5456-5149-4ec8-9059-bbefd3318461
5456,,,,,,,,,,7329375.54,a9f8d8d2eca843df2ebbecaf0c5653b562a2dff2,2026-08-28T12:35:58.830Z,da95e277-b126-4a38-9666-4ccef95e96fe
5492,,,,,,,,,,820061.39,7fa8b3b012097cad00cd906f6da7f2cc02e8547f,2026-08-28T12:35:58.830Z,2568a18f-a180-4f4d-9d02-ca8e14e2a81b
5510,,,,,,,,,,409525.37,19c4c95f3477b19b84ebf8f313ed64f3edf12cc7,2026-08-28T12:35:58.830Z,9c3413b5-059a-45fc-afaa-a5f0662306a6
3622,,,,,,,,,,,1a4b2959c17cfd8d4b272b711e818d2345bd3c81,2024-10-07T23:03:33.886Z,1ddacbae-0e8d-4e8c-9d48-df6a6769d395
3611,,,,,,,,,,,e79b0dbd76228a43576d2683f5c5dda3fcb5686f,2024-08-18T23:05:33.403Z,112f799d-89f3-43d4-861f-6b5f246c2ffa
3613,,,,,,,,,,,12dfcd9d18340d84bf62b31e17bad6091496700b,2024-08-25T23:04:32.913Z,71bbb2d6-fe0e-47d8-9ac3-99c49fc07550
1321,,,,,,,,,,316618.00,3489768e23cc182d6bd9f36ffba9ca20b9418192,2026-08-18T14:38:03.602Z,02ab050a-2cb0-48b6-8379-70f189cf511d
1322,,,,,,,,,,305250.00,ab6f5fb061e9db2e7cb772776592d423708b13a9,2026-08-18T14:38:03.602Z,847bea9c-7fc1-420c-8204-59f01188b651
1286,,,,,2083481.55,147935.45,1935546.10,2026-05-17T00:00:00.000Z,,621569.00,0d74f6bc4e007cae2e3194c8c7f6a25fea2e3043,2026-09-29T13:30:22.024Z,64946baf-9bde-46a8-89d8-c0e9ab161d45
3610,,,,,,,,,,,247a475227cbda74fcf17659c7e822564cbf18c6,2024-08-14T23:03:10.452Z,6430794b-c705-4023-9110-56f507f2f0f7
1339,,,,,,,,,,896815.00,13cb078e025da984a4fecdac6b0cb12433773aaa,2026-08-18T14:38:03.602Z,4fa17760-7dc1-426e-b6d0-7af926e69943
1340,,,,,,,,,,311009.00,0430cdecc7c228cad6188c930e6b5a680a7f88ff,2026-08-18T14:38:03.602Z,b5e35b73-16b7-4f40-9380-a97d0f2c5e17
1341,,,,,,,,,,13056.00,e840d22aa29c9690207bfa41061353aa8d26d269,2026-08-18T14:38:03.602Z,6dcbcf46-d41f-413d-bbc0-63b282757fdb
1342,,,,,,,,,,1000930.00,52203af1df290d0ccc8ba48c19d8a48aa4f94b25,2026-08-18T14:38:03.602Z,7bbc1dbd-607b-4b22-81b0-4300624a457d
1346,,,,,,,,,,25581719.00,818b3b6647470483228280220a8658d2779758c8,2026-08-18T14:38:03.602Z,fcbe8271-a0f7-4224-b6a4-4416f5901036
1287,,,,,3700746.32,2689766.86,903364.29,2026-05-17T00:00:00.000Z,,3182052.00,c317f2dcd62706e4a6ec7941f477f224159eed61,2026-09-29T13:30:22.024Z,488ee370-a74c-43a9-8c7d-ab0a86e3f8e3
1359,,,,,,,,,,273677.00,e28490e038c3b4ae199d43c1f85afd240348a319,2026-08-18T14:38:03.602Z,c5411757-d071-43bc-9996-24af41c315d1
1364,,,,,,,,,,1615134.00,fc017192c88184622bc1e95b8f9d130e4d1c10c9,2026-08-18T14:38:03.602Z,6462c8dd-a40f-4a11-8587-a8074bf054de
3615,,,,,,,,,,,7fd0c0a041822b0c53428d541afdd1f9784d7ca2,2024-09-24T23:03:00.937Z,8e28d303-8bad-4fb8-957e-1c21650bcc01
3609,,,,,,,,,,,7600c1371419cd37a0bdca99269f7f09742bb1ee,2024-08-09T23:02:44.153Z,f3b4e342-4a65-43b8-83e4-ff2b0f0caa4c
3624,,,,,,,,,,,0b62980c81dec3cd31e21610f7d67a4a7d44e933,2025-02-17T00:03:53.701Z,7c93111a-8a8e-4457-8104-edc7151cc956
5500,,,,,,,,,,1674225.55,a74e545568ffa8d75ddcd02e1982a1957d14c351,2026-07-08T22:41:56.122Z,4f289336-5b98-43a9-ba71-b4b098dbccf2
1415,,,,,,,,,,573827.00,686f2846fa802c8228cfc132e6d87fe217d31598,2026-08-18T14:38:03.602Z,6949c4e1-ad8b-412a-9dde-3441d102aac7
1421,,,,,,,,,,55096.00,6d617fc7dcd6e30489d6bf2d389480d55c6789b9,2026-08-18T14:38:03.602Z,46823b4b-07f8-4132-888a-b24a7864a432
3625,,,,,,,,,,,1789b2559e6fe15a0820e42a51fd8796a5504a64,2025-04-03T23:02:12.925Z,d3b43170-7454-4221-bd0e-01608f2b8518
5392,,,,,,,,,,1925765.04,cf633e80c16d54d7ad826696b2f1053b7410bac7,2024-10-10T21:06:38.049Z,6572f1eb-f14d-4919-9ced-dc761263a3e3
1434,,,,,,,,,,1396381.00,1bb3b842c1b27805a37c90ce8deb293f6cce4036,2026-08-18T14:38:03.602Z,4ec3edf7-34c8-4fd4-a1df-3439e1dc8702
5384,,,,,,,,,,855434.17,d0a1aa6b6fbcb7621b29df3eae6ffce8ddf4b91f,2026-08-19T13:39:54.577Z,8d92500f-3a6f-4ca4-b85c-aff3d88fc640
3605,,,,,,,,,,,72ff5683a895dedd0343de93b7bfe70345a3a5bc,2024-08-04T23:02:44.053Z,c271fbfa-7c3b-40a5-8cf6-b8552949a847
3621,,,,,,,,,,,33c933a308f8ab61bd39cb6ff11fc62e9db97eae,2024-09-29T23:02:58.955Z,f4f3ef4b-f699-4e08-85fa-67bb74632fe0
5281,,,,,,,,,,525662.15,61f1df83513d091f0c3e1dde075be0934679df8c,2023-10-12T18:02:36.938Z,a40bff73-281e-4843-bb09-ad1d00887b71
4308,,,,,811020346.28,201224182.98,593751795.41,2026-09-30T00:00:00.000Z,,135123682.00,9d54978c5abe93767bd4d16de9cebbd44021dc69,2026-09-30T20:48:06.998Z,59339cfe-71ca-4b9d-9fda-1ed5529dfd88
5378,,,,,,,,,,1735300.96,3c1199f8e60307cd52a6900b2aa6839ad62bb028,2025-11-13T15:02:25.758Z,078c28bd-e014-4ca4-acea-563c50d50e24
3650,,,,,,,,,,,8766e4a5395b5c3611b59ccff5d61ce97a45ad6e,2026-08-04T09:46:42.598Z,34fafaec-ebaf-48ea-bc72-93b44346af3a
4460,,,,,4265344.33,259591.69,3339691.46,2026-09-30T00:00:00.000Z,,840380.09,4147d02d1ade44d91b414a692cb395c16262b22e,2026-09-30T20:48:06.998Z,7bcb75a4-6bc0-492a-9510-a417806d66de
3612,,,,,,,,,,,29f366c6b5ea46bab770af19b41d0a855274b6cf,2024-08-21T23:05:00.772Z,67636a7c-159e-4351-8c12-26c4fa5e5de4
3595,,,,,,,,,,,7fb9b9431e103b8fd5d854a85e5890e67eeaa088,2023-07-11T23:02:38.706Z,46d14ecb-9523-4d27-9852-dbca6a61e168
4768,,,,,42091248.31,17200813.89,22233328.89,2026-09-30T00:00:00.000Z,,2787951.08,11dc97dcf27d496ed0982efec990034bdbd27328,2026-09-30T20:48:06.998Z,e89d0497-19a3-4974-aeed-2aba958c0093
3619,,,,,,,,,,,7cca945684c8d88e7eaa836735ec7619deff241a,2024-09-27T23:05:38.504Z,5496d20a-5932-402e-a02e-dc940f1ef611
3627,,,,,,,,,,,c36ed00a4bffaaeff4a03f8b050ac3ece83faa93,2025-04-05T23:02:30.098Z,a548d6ce-39cc-4870-8efb-ab7a4edcf6ea
3628,,,,,,,,,,,74d0e45b22d10149362117fd9c3c547cbb380492,2025-07-10T23:02:42.529Z,f0fb7d73-46d3-41e8-9242-69a58c6b60b9
2001,,,,,,,,,,,743bd37c7aa65ad27b442ac976c52ff3c50592fc,2023-03-18T13:22:12.883Z,dd572841-142f-404a-aa5f-cdc06e8d0617
2002,,,,,,,,,,,dabb8c0547787f134301383835b8d20f60803c14,2023-03-18T13:22:12.883Z,6d2eb3f6-ad2f-4ee9-a6f2-93e2d6f3f25e
2003,,,,,,,,,,,192203993395bff3a623669a22b975a4615e2e21,2023-03-18T13:22:12.883Z,d2854cc1-68c1-4cf6-abbe-798253c701fb
2004,,,,,,,,,,,919314ce0e7fdd97e9431fca09de83b53153d3c8,2023-03-18T13:22:12.883Z,3010bd16-8532-4e07-9d61-3ba76fb97a2e
2005,,,,,,,,,,,464b07fe1a97d72c2647a4706d4da3ead25466c2,2023-03-18T13:22:12.883Z,e1da503d-5b28-4c19-8f26-99f92570031a
2006,,,,,,,,,,,1adeb2ba9472315753093b5fe8623c77a0899143,2023-03-18T13:22:12.883Z,98e6f08c-f120-4551-92db-fd7a40d9e34f
2007,,,,,,,,,,,cdff557c3a1134eb36118bfffad0bd765de319f6,2023-03-18T13:22:12.883Z,abd4f259-7941-402f-a943-2fcfd0b9acf4
2008,,,,,,,,,,,2702a553dc89a9c632b67b9e0e10a215d9dd2fb8,2023-03-18T13:22:12.883Z,0685784e-a120-4bcf-b833-21e22b583857
2009,,,,,,,,,,,e7e77c23e17c51a926b013d961a1cd4cd08cf71f,2023-03-18T13:22:12.883Z,8bd57fa1-c5f9-4899-9650-00390d70504e
2010,,,,,,,,,,,28c1d50903580fe3aa30a9507a31cc1922164cea,2023-03-18T13:22:12.883Z,c1518a26-94f8-43a0-ae23-3d3daf8eaefa
2011,,,,,,,,,,,988d0e09773123fc5a7d5636af39f30d029adea8,2023-03-18T13:22:12.883Z,2aa005ba-5084-410b-b48a-f3353d249eb5
2012,,,,,,,,,,,6d767b939c5fcf0511e4206f2878dd4621d7c76c,2023-03-18T13:22:12.883Z,141873b3-0335-4e47-92df-8b430b99d5ea
2013,,,,,,,,,,,4945ee4176d96754ce5778b0c0fb09cf7b6d4066,2023-03-18T13:22:12.883Z,4abb8d2b-5247-405c-a997-d59b0f9f4d6e
2014,,,,,,,,,,,bed7631ac282a7d2ec5fda7c8af8f7894b441296,2023-03-18T13:22:12.883Z,5a3376fb-9d89-4e76-82f8-ae8bc5186efd
2015,,,,,,,,,,,ef0e95d978d4f4f7a7142dea6ae25e13d9caa9a3,2023-03-18T13:22:12.883Z,92b1f954-3a10-49b9-b2f0-c70ce2398b6a
2016,,,,,,,,,,,6487e40e672962263bb1b9af33cb3e7530f39093,2023-03-18T13:22:12.883Z,ab38a757-3896-4df7-85e7-360aa5cb073e
2017,,,,,,,,,,,62deba5da51782011cf706cc9db07e0da482385c,2023-03-18T13:22:12.883Z,649cb265-75c8-4407-9f77-3108b3167c67
2018,,,,,,,,,,,4517020921a5a4d56dd47a645f8daba5785704f1,2023-03-18T13:22:12.883Z,086189fc-686a-4cae-a2f9-46a3790caf3d
2019,,,,,,,,,,,9b40d53dc449481fe56534c5a7b8e111fa528884,2023-03-18T13:22:12.883Z,193f7a44-0e77-4c0c-8550-1e6a545f6aa8
2020,,,,,,,,,,,48e909257275f8d7060f315f27bc1f39f294911c,2023-03-18T13:22:12.883Z,61d700b6-4895-4ce0-a17a-3be24cfa9d60
2021,,,,,,,,,,,eb28cc18151eced2f16964acc2bb3b25f7af7fcb,2023-03-18T13:22:12.883Z,5722520a-1c4d-4d11-a44d-20b7b040719c
2022,,,,,,,,,,,a1ffb08fdf3596a53b31dc087d999dbcb5dfb3c8,2023-03-18T13:22:12.883Z,3e298b49-4799-4735-a728-724a555d832d
2023,,,,,,,,,,,4127b1300b1f04a594766bc1b0c8302f420c18a6,2023-03-18T13:22:12.883Z,9b897129-5600-412b-88c0-7a7cb8e37c7a
2024,,,,,,,,,,,07229fb78923fde95fe2be64f1edb634e540bd67,2023-03-18T13:22:12.883Z,55e37606-ffcf-42eb-b552-941c797c7438
2025,,,,,,,,,,,f308308bca22ec99f93826a10073ebf792308fd8,2023-03-18T13:22:12.883Z,217af54f-5b12-4cc6-af26-43fe4c066a20
2026,,,,,,,,,,,eb94300a41ec9bdf7bd20c9523fb50e10d2d0729,2023-03-18T13:22:12.883Z,3dc1284c-9ede-4c1a-ab06-169d644caea0
2027,,,,,,,,,,,35a02cd71b21580b9c98f78256619b29a8f49766,2023-03-18T13:22:12.883Z,2b684c62-508b-4dd8-9171-f4ee9d64cfdb
2028,,,,,,,,,,,2b62357acfd2e04882a4d225a9ebd41f42b5cdac,2023-03-18T13:22:12.883Z,97468b67-f8d6-4208-832e-391123437d53
2029,,,,,,,,,,,ca121609ee139894c3173ab6506f58311d58b7cb,2023-03-18T13:22:12.883Z,ac31e054-ad56-49c2-873b-fcd825a8fe2d
2030,,,,,,,,,,,e0059083645d648b976ea5f0940929a76b806b67,2023-03-18T13:22:12.883Z,421fba0b-4df2-4c3b-8dff-4414cc00cc25
2031,,,,,,,,,,,229fff0a8eda15de5b2718114aed827a5675c440,2023-03-18T13:22:12.883Z,62a3bc8e-73d1-433b-b75c-715908ca81ef
2032,,,,,,,,,,,d55f0cf479f331b751da0007cc93adcb1e83bec8,2023-03-18T13:22:12.883Z,36a04f17-caa4-4f48-b3c1-ddcea98ef6b9
2033,,,,,,,,,,,c6dc46dcdba9a2ca81d509a1f82dcc0558265c85,2023-03-18T13:22:12.883Z,a42d6ef0-8bae-47c2-b933-7d34a9ebf6e1
2034,,,,,,,,,,,9ae5ca5a3dda268bed28c3f4008abd86dad9f4a3,2023-03-18T13:22:12.883Z,500ed286-9455-498a-bd62-5a354d5dcf03
2035,,,,,,,,,,,0bf05ca6dc7a9f2de29e7bf1555f985b98f709f5,2023-03-18T13:22:12.883Z,48416728-26c6-4b57-bdb0-b4345e9ec630
2036,,,,,,,,,,,089e85e80b9efb5c8d48e4decd292e73e7259565,2023-03-18T13:22:12.883Z,864940c1-ea1a-47fa-99dc-7ef038ac8412
2037,,,,,,,,,,,3d5eb37a44ebf0591d04fac6a067137ae7debf6c,2023-03-18T13:22:12.883Z,4b0c797c-d485-451c-b864-7b4c06edea28
2038,,,,,,,,,,,a26dba3ede407d90efd7bdee1da5b56cf8619701,2023-03-18T13:22:12.883Z,ce52f5ea-0be0-4c0f-b67a-7c748f561ba4
2039,,,,,,,,,,,ab88398c680c7f9e0d4183963108ac3909d030b3,2023-03-18T13:22:12.883Z,0cce9d96-07e2-43b1-b23e-e51f72df0b5f
2040,,,,,,,,,,,d45b5c89f54175894bcb7690d7d2fac8e138d7c7,2023-03-18T13:22:12.883Z,b4b07ec2-f4d4-4ad1-a336-72dfdc80d9c3
2041,,,,,,,,,,,4ff422f6c8b9661611173eeae35cf59e25c1bbd6,2023-03-18T13:22:12.883Z,289f9b73-4930-46dc-9ce6-74425963c4cb
2043,,,,,,,,,,,31a16ae739bc08374b404a45e0fbff833f62973d,2023-03-18T13:22:12.883Z,7b269797-64fc-45e9-a147-9a218f269482
2045,,,,,,,,,,,b8d817dea367333b272f3a3b2dac1d2586f2b194,2023-03-18T13:22:12.883Z,f75831ca-748d-4b74-bc76-d5918b9b46bb
2046,,,,,,,,,,,1c03db7699289f1a01c865616d57570087a178f2,2023-03-18T13:22:12.883Z,614c2faa-b3a0-4812-b745-6be345af09bb
2047,,,,,,,,,,,cb044f99b87b50e9c3d34ea0bbfaeac3895f1a7d,2023-03-18T13:22:12.883Z,b178888a-aea4-4f48-9801-9bb6f8cc556a
2048,,,,,,,,,,,ee104ee580d5cb7310bb01d7403ed21a5c4a49f5,2023-03-18T13:22:12.883Z,c108d5e0-ddcf-4d08-b093-9bf1054cb80e
2049,,,,,,,,,,,94f574d726c5c16d4dc34fc04cf74cbeca47377c,2023-03-18T13:22:12.883Z,bf9c28bc-33ee-4d7e-ac86-b4677a42f880
2050,,,,,,,,,,,bdcab90f244b91eacfecdccc30d5d083ce29e589,2023-03-18T13:22:12.883Z,6cf8f0a3-9dc3-498f-9965-83fce4f77c68
2051,,,,,,,,,,,ce57672afda674b48164fdace92e84e625310d5f,2023-03-18T13:22:12.883Z,b1c6ecdc-2aab-4bac-955a-135318aa350f
2052,,,,,,,,,,,70225301d45bdcb7c88d2b39fedfd77fe27e6950,2023-03-18T13:22:12.883Z,2bee00fd-1bef-495b-a53f-c875f5321cfa
2053,,,,,,,,,,,d3523b553a4249190125ada7b7323235db43b8f3,2023-03-18T13:22:12.883Z,d70668c4-a2a9-48d5-be12-1a2c962699a6
2054,,,,,,,,,,,e7ccfe7bbc41c7c1c063642b29e7b25a1c856903,2023-03-18T13:22:12.883Z,03ee2769-179e-4db6-bff4-1c794e7ff7aa
2055,,,,,,,,,,,3c936f7079c4be765f4496af9f3dc4f1a75cb2fc,2023-03-18T13:22:12.883Z,23b3031b-ea00-43c5-9848-511aaca13d4a
2056,,,,,,,,,,,0d970b7ccadf92a9c0bb1c4ee069f96caf0fc00a,2023-03-18T13:22:12.883Z,43378ff9-aff1-4b8e-b7a4-f667a733be0f
2057,,,,,,,,,,,20d17b6e044025ed68c80a74cd72bf88b9e78855,2023-03-18T13:22:12.883Z,a639c924-e9f4-4588-aaee-171cab7bb2fd
2058,,,,,,,,,,,134fb5ab1ef84187f391a2eee7b3b4acd7b3bc36,2023-03-18T13:22:12.883Z,f105419b-8a52-4543-9d81-34977e6c7215
2059,,,,,,,,,,,99f019bd8e80858e81fd9fdb0a8ee32d02144a29,2023-03-18T13:22:12.883Z,247dca0d-83cf-43c3-b412-92623e159a1d
2060,,,,,,,,,,,52c60252eadf2789a9a7e07f2a7784b3d24ce176,2023-03-18T13:22:12.883Z,182a834f-5af3-43c8-b947-b406bc98ad88
2061,,,,,,,,,,,0eba17bf11ccaa3d0b11a11844e3e24db803a792,2023-03-18T13:22:12.883Z,f3ae0edf-2b74-4185-b682-0a73625e0b02
2062,,,,,,,,,,,fcc91a0f1f059ad6bfdf11b6e57c2dff11f9aeb1,2023-03-18T13:22:12.883Z,a41724a3-9552-4acb-b7c8-4c75d3aa91da
2063,,,,,,,,,,,e163b93fa1470cbb19c43b5490c75087e699a37c,2023-03-18T13:22:12.883Z,3e2dcf01-5fa8-450b-9531-48e5fd4bf8f6
2064,,,,,,,,,,,b2e72132a0ac08bb325cab7cf531a7d47b1188a1,2023-03-18T13:22:12.883Z,48a0dc09-2a58-4c2c-9ac7-a09e5e1dc6f0
2065,,,,,,,,,,,6c098e5e222f36ec906412c2e09a7f517993cda3,2023-03-18T13:22:12.883Z,b9c56406-1795-4697-a22e-389075d6987a
2066,,,,,,,,,,,d9752db04eae60d269519f3a681987b93ba9201b,2023-03-18T13:22:12.883Z,374f8b19-98ee-47b2-bb62-568082e04b74
2067,,,,,,,,,,,ab71b4b26a70562a1789f4482446749a81b0ad19,2023-03-18T13:22:12.883Z,5c7256dd-fc1c-4d54-8c35-322af9dea22e
2068,,,,,,,,,,,c8193207a5efa827281b6d8b48842c5002e6de75,2023-03-18T13:22:12.883Z,21e0ff07-b45c-4217-bb2e-5421d537d32e
2069,,,,,,,,,,,6ce1a728d506591cb9b2ff75c890b56e5c5755e0,2023-03-18T13:22:12.883Z,43dc344f-e5f3-4863-9553-8fcc1db934db
2070,,,,,,,,,,,28d31938bae85570f13d863f095e04c8c99c53b3,2023-03-18T13:22:12.883Z,8a0bca06-6633-4976-bbce-c43270f72a07
2072,,,,,,,,,,,16a467fd984f0769fd47914e05f9deaa52074299,2023-03-18T13:22:12.883Z,243090c5-bc3c-4cb5-b48c-120ca8a10acc
2077,,,,,,,,,,,81a9c3317f718146c9c65918f675585b8f5634df,2023-03-18T13:22:12.883Z,ff5e382c-9d49-4927-8ac6-19cba1759f17
2078,,,,,,,,,,,635cd7f402bc66f72c099c4db6dfeae29cb281b5,2023-03-18T13:22:12.883Z,83e73bde-b90d-482e-b81b-d4bf15384373
2079,,,,,,,,,,,79fd4cfc523e26d77a936771918bc750287edfa3,2023-03-18T13:22:12.883Z,62759a4c-98fc-4313-a29e-3c8a74fc0866
2093,,,,,,,,,,,d6c9cc111bda7c6b280e22a1fd4c74e6e025a3ad,2023-03-18T13:22:12.883Z,ced35b85-c3c9-46cf-88d0-c060cb5085a7
4824,,,,,4685390.86,1328630.67,2894896.12,2026-09-30T00:00:00.000Z,,20778.00,2beb0a78967cec768f3eee382c6540715ad0b9b2,2026-09-30T20:48:06.998Z,a2f82940-e0c5-4453-a4bc-fa51bec5350b
2100,,,,,,,,,,,401c5662186830e4594aef1bd9e8faa2d57c0baf,2023-03-18T13:22:12.883Z,32b50279-9a0b-46eb-932c-002fae28d0cc
2101,,,,,,,,,,,0d6facb55fabd7dba97e2bcab16167f5ac4f011b,2023-03-18T13:22:12.883Z,65cf7d7f-3ee2-4bf7-bb19-bc1bb3e69f5d
2105,,,,,,,,,,,c112e5a6f704dc9a4bcabec96e7e676ca310a242,2023-03-18T13:22:12.883Z,913d6329-4ac7-4e86-b857-e2b82d830601
2106,,,,,,,,,,,e926f5c1b60bac09cfd3b257b535591005236884,2023-03-18T13:22:12.883Z,013d01d3-1eff-40d2-9b75-5eb64e76d7af
4900,,,,,40271141.65,34886726.72,3419485.26,2026-09-30T00:00:00.000Z,,,a0cf05b4c86dbeda43f5805af4505e9ba0f1163b,2026-10-01T00:50:33.703Z,856a1165-3199-41ca-87a9-18c6359c9a1f
4905,,,,,437529.29,175214.22,8647.95,2026-09-30T00:00:00.000Z,,,3cf3b39c78f53ec4842367f3eaf4793434d1be6f,2026-09-30T20:48:06.998Z,ff98c855-6f74-4293-8007-658b72a5dc49
5542,,,,,2257092.17,1479705.02,0.00,2026-10-04T00:00:00.000Z,,0.00,1e60a7c930f6d49be51e9766ce58d5f409b25cf9,2026-10-04T00:08:25.399Z,47e15918-48d5-4861-b400-5d8e092d938e
5543,,,,,232997.81,15920.40,0.00,2026-10-04T00:00:00.000Z,,249334.75,6e74d04b4b79eeaee143c813eb235e8ad158cede,2026-10-04T00:08:25.399Z,5c8adbe1-79ab-487c-bd76-808d3be294d0
5544,,,,,114289.00,26000.04,0.00,2026-10-04T00:00:00.000Z,,,148613560ebb55ac224b7e675e46e5e863bce2af,2026-10-04T00:08:25.399Z,533c6c7b-8e94-4015-bbb9-5a6ae83dbc4a
5545,,,,,53797.32,52184.97,0.00,2026-10-04T00:00:00.000Z,,0.00,f6d0a61a46340864e5de4404246bc43f256a294a,2026-10-04T00:08:25.399Z,b78e1c5e-b8f4-481d-b203-260c27564405
5547,,,,,1337626.15,492264.88,0.00,2026-10-04T00:00:00.000Z,,0.00,80c82ecbe70f177104c64c4687fa469606fb98b4,2026-10-04T00:08:25.399Z,cd642cf7-e995-4c37-89db-e6cf4ea2b897
5548,,,,,84097.78,10391.92,0.00,2026-10-04T00:00:00.000Z,,,dc703c72b0cf6ec28157ee5c21e072d5cdf678e0,2026-10-04T00:08:25.399Z,7ce83030-94d0-4c92-81a4-5b15cc22f661
5552,,,,,347093.83,93650.40,0.00,2026-10-04T00:00:00.000Z,,1100963.50,08e29ce52c923fbd37560a2bd27012991a3171ce,2026-10-04T00:08:25.399Z,05dae4ab-2686-4888-80d1-e824b5f4cc8c
5553,,,,,132641.36,20141.66,0.00,2026-10-04T00:00:00.000Z,,,4d39e0996e80faea0b14038bb26c2bc5313f2832,2026-10-04T00:08:25.399Z,f22ad53e-c753-44ba-a579-ce8c8ea713b5
5555,,,,,139801.16,16087.83,0.00,2026-10-04T00:00:00.000Z,,,7433f175d634d5e29f3e2636750d94b3ae3f96ab,2026-10-04T00:08:25.399Z,47d74adc-9a58-48b7-aeb0-f4c1951d612c
4786,,,,,15645727.16,,14563993.82,2026-09-01T00:00:00.000Z,,1136712.29,e086cd032a50d0724c645aa7304a7b3ee849e7e4,2026-09-30T15:25:46.654Z,049411a4-5598-4e6a-bac8-51556547f27e
5557,,,,,1045253.75,123622.57,0.00,2026-10-04T00:00:00.000Z,,,862c218b8a550317fecea67b829b78c5c675677e,2026-10-04T00:08:25.399Z,e532d6ab-1e36-4399-8e0e-439e75598b36
5558,,,,,170698.21,41183.97,0.00,2026-10-04T00:00:00.000Z,,,08b854a7ee5aa69abee8450e315d854fa13649a6,2026-10-04T00:08:25.399Z,427b1ed6-99b1-45f1-a74c-fcc9b5b0ddb2
2176,,,,,,,,,,,62014038f6c34303aebb4d032daed38c804739b2,2023-03-18T13:22:12.883Z,3552022f-711e-488f-a1c5-3df994519a30
5559,,,,,54889.99,10760.07,0.00,2026-10-04T00:00:00.000Z,,,c5ff5474e603afec85865b8290b450af9b4b1141,2026-10-04T00:08:25.399Z,5941f97a-309d-4101-a705-99fd93644abd
2178,,,,,,,,,,,d8933a217c5e3a86455b21cf54b4a78a789ad08c,2023-03-18T13:22:12.883Z,25db4e0d-10ab-4a5f-acdd-9e9f1c1af961
5560,,,,,337491.79,61184.11,0.00,2026-10-04T00:00:00.000Z,,,1e3fd5e09f94719c177458e5c0262b9648d7403d,2026-10-04T00:08:25.399Z,7f6302e8-9ace-4b41-b16c-5805a423481a
5561,,,,,908412.67,109194.76,0.00,2026-10-04T00:00:00.000Z,,,1114583ab8a7cb45183fb1ef55de467f7c90d2f3,2026-10-04T00:08:25.399Z,4488f8ca-286d-4cea-85c1-a77c488d643a
5562,,,,,208130.76,22243.15,0.00,2026-10-04T00:00:00.000Z,,,01b02b0cff0e46e1e45989fff8df359afa1b65f2,2026-10-04T00:08:25.399Z,a6f00c87-efe9-4f05-b358-fd85cd34442a
5563,,,,,130546.15,28388.00,0.00,2026-10-04T00:00:00.000Z,,,aab985bcf0de740ae41a24ede5d3a837947698b0,2026-10-04T00:08:25.399Z,1461ccf1-ecb2-43f8-bb52-bfe213aff1c7
5564,,,,,52092.88,14572.04,0.00,2026-10-04T00:00:00.000Z,,,083914adf46df47778425533858484f1bb8ef674,2026-10-04T00:08:25.399Z,602602a8-eb05-400f-b8b3-cef918533695
5565,,,,,47579.24,16419.15,0.00,2026-10-04T00:00:00.000Z,,,fa240dc9f7cc6eaedeccbb049724e62d1274f685,2026-10-04T00:08:25.399Z,3a8eb6a0-343a-4323-9e63-ffcb13470781
5566,,,,,130837.24,14327.71,0.00,2026-10-04T00:00:00.000Z,,,55a7a2abb91ee830910ddd7c689bfa3b1b9acc6d,2026-10-04T00:08:25.399Z,ebda297b-c432-455f-b978-f081823eb8e7
5567,,,,,158627.33,35128.66,0.00,2026-10-04T00:00:00.000Z,,,45bc8be27559e2652fe601898ec01b46fb7d5a11,2026-10-04T00:08:25.399Z,ceafad79-0ee9-4165-85d0-9da6f1480266
5568,,,,,56177.72,13652.25,0.00,2026-10-04T00:00:00.000Z,,,969eb52629f78570b06596c30945b195fde3e9b3,2026-10-04T00:08:25.399Z,4cc489fb-8d8a-4e63-8369-e989b0f7ede2
5569,,,,,20106.07,5296.79,0.00,2026-10-04T00:00:00.000Z,,,45598f7253579cc71ba23f67eb428df49461d559,2026-10-04T00:08:25.399Z,e427d986-ace0-4286-b6be-87f42dd4a573
5570,,,,,2347350.88,8795.07,0.00,2026-10-04T00:00:00.000Z,,,26e40adc60979ede55d40b6c2ec8279ea869e01c,2026-10-04T00:08:25.399Z,bcaeaa3f-ca3c-4a23-a31d-098cf2e6f600
2190,,,,,,,,,,,30f4fd70ffe46538744da6243850d92b944161ca,2023-03-18T13:22:12.883Z,aae211f3-17b2-45cb-ac13-fb1a2cd94b38
2191,,,,,,,,,,,9f6f6f477badea8769f3aae6e7cefa7995234e5a,2023-03-18T13:22:12.883Z,65b311c9-b8f9-468b-a979-b01b3d31a5db
2192,,,,,,,,,,,060df8ef7cd18de1cbea4ddf9366fb0dc6b4ee80,2023-03-18T13:22:12.883Z,035d977c-db80-4a2c-a7b4-0cfea876fae5
2195,,,,,,,,,,,433bc3c9ab3576b8968a9fec3a45d31daef9239d,2023-03-18T13:22:12.883Z,468bdcba-f5f2-4b99-8b65-60472d2685bb
2196,,,,,,,,,,,a34541cdc842c1c1586ce0cef0fc4d3995108687,2023-03-18T13:22:12.883Z,4dc08b54-d349-4532-975a-2ad0549f695e
2197,,,,,,,,,,,c1123768eacc9db9a3b5445a6de40f1349e16a26,2023-03-18T13:22:12.883Z,d8a5b02b-3b97-4ae3-b17b-2a89221ba0f8
2198,,,,,,,,,,,ce6e64faf820fe8ea4b5428b7a5ff86b86781bf8,2023-03-18T13:22:12.883Z,9021236b-3177-4037-ba0c-48ecbcadf15c
2200,,,,,,,,,,,873e1186416e1086f7b0dab188e9d280d4a20d4d,2023-03-18T13:22:12.883Z,2ac0f039-e258-4297-ab21-0f0c6603cdaa
2203,,,,,,,,,,,e5a4c267e247a2d6c43e0503d0e654d94e8394f2,2023-03-18T13:22:12.883Z,0d6ff587-8ff3-4f0a-bb50-45cacac5edfe
2204,,,,,,,,,,,db82463972d927df0e275a5d81dcb1346a8f0e7a,2023-03-18T13:22:12.883Z,16d03544-fe0c-4c25-9693-820061ac2336
2205,,,,,,,,,,,0e1e36490848d787c2b4bb4f3f658c8b651bf932,2023-03-18T13:22:12.883Z,01145322-a2c5-441c-81b7-21db4661ba44
2206,,,,,,,,,,,fdef688e9d321d2bd1f301fcd48e45f0cae973fc,2023-03-18T13:22:12.883Z,c2cd020d-a8e1-4bed-a2d8-10be36aecb8e
2207,,,,,,,,,,,336d3511963f4b4e402cf6d1d6b00e638ac28966,2023-03-18T13:22:12.883Z,97720143-ea70-4a8c-bfaa-ccb34c96701b
2208,,,,,,,,,,,24cc5b7030f341e8eedaaa448ff0c7320cd781c6,2023-03-18T13:22:12.883Z,4bf76fce-3aeb-43e6-a9a9-8b5f997a131b
2209,,,,,,,,,,,aaf91172f8a65f1527bc55c2cdbaf8d546764ad6,2023-03-18T13:22:12.883Z,5a187740-92f4-403a-82ac-141ad02894b2
5571,,,,,219481.93,20289.92,0.00,2026-10-04T00:00:00.000Z,,,136773dea4b90d318d336c931eea3f4d53512f6d,2026-10-04T00:08:25.399Z,a0c59d75-eff2-4d7f-9033-aa11ca4857e1
2211,,,,,,,,,,,ea9712ab0060715de4a242873112901688d137b8,2023-03-18T13:22:12.883Z,4387a219-fa1f-46f5-bc29-745167dd03a1
2212,,,,,,,,,,,4ae9ae2ae778892a3b6d816305275f025f01d0ca,2023-03-18T13:22:12.883Z,3e341364-441f-4603-8026-35efb0b69840
5572,,,,,269703.16,20741.31,0.00,2026-10-04T00:00:00.000Z,,,fac7fbbe033d181b7a4439f3a906d15869766556,2026-10-04T00:08:25.399Z,888a55f7-9d6c-4f60-99d4-3c5611686b70
2214,,,,,,,,,,,98816fe176986ae986099d2514f9da3acd45e55a,2023-03-18T13:22:12.883Z,236b90d9-b8ac-4751-a8e5-01e04bbc06a0
2215,,,,,,,,,,,e9bf9656f2410c19ef12a3ae87fea55edfa63356,2023-03-18T13:22:12.883Z,08e791fc-2f29-4cde-a566-421062dda6e1
5573,,,,,887756.82,144153.42,0.00,2026-10-04T00:00:00.000Z,,,517e2f0ce0aff24f22a024bd5b81f8bc1a120a12,2026-10-04T00:08:25.399Z,cc698d1a-21f2-45f3-ad88-89343aff8cd3
5609,,,,,133151.79,0.00,0.00,2026-10-04T00:00:00.000Z,,,8456f51e4349b41544d787a85e59fda7d50454d5,2026-10-04T00:08:25.399Z,31b80ea1-5ea0-40be-b75f-e9ef897a6a6d
5615,,,,,16831.85,3673.32,0.00,2026-10-04T00:00:00.000Z,,,a0e16eb85393e791e92d356dd2207dcf882fdf32,2026-10-04T00:08:25.399Z,e27c030e-1e32-49f9-94eb-a32657327c80
5616,,,,,64065.33,16016.33,0.00,2026-10-04T00:00:00.000Z,,,188c60ee28665e9966af138b062e085c7900f5c1,2026-10-04T00:08:25.399Z,6a8be31f-d716-4342-8f3b-10a8c88484c6
5617,,,,,2304.97,2304.97,0.00,2026-10-04T00:00:00.000Z,,,f067ee850cc947ee9416ef49dabd8a8658ee0899,2026-10-04T00:08:25.399Z,77733d6c-d0f3-4f0f-a138-dd1fa56cd396
5618,,,,,94611.38,2574.51,0.00,2026-10-04T00:00:00.000Z,,,1cd494b9adb1611a857d9debfd99617dabce22ea,2026-10-04T00:08:25.399Z,e4d99473-de50-4f44-9286-0286f7093824
5620,,,,,24094.63,6023.65,0.00,2026-10-04T00:00:00.000Z,,,8049a463b0b13596217bbeb716b52907a3875ee9,2026-10-04T00:08:25.399Z,fdd6e399-ed33-4dcb-a0ea-87ea0d732612
5621,,,,,13489.42,1640.49,0.00,2026-10-04T00:00:00.000Z,,,9adba5d58e66e3e1c2385cdc42551aced2105c74,2026-10-04T00:08:25.399Z,fc3c6766-3ab6-417a-b8ac-0254354fb35d
2236,,,,,,,,,,,f334231704d6e86639553c74f85687475b595002,2023-03-18T13:22:12.883Z,cfbfea9e-1c2a-4602-a994-1b6393e8b795
2241,,,,,,,,,,,253cc85e8c58d7aa3c55fff5f4fcc2ff36106235,2023-03-18T13:22:12.883Z,cdfc04ba-14a9-4da5-8a49-5f5438ed026d
2249,,,,,,,,,,,9b14f3dfdf51fcd6df46331eba3d8051656b083a,2023-03-18T13:22:12.883Z,58611e74-0061-43f3-be23-36b63603607c
2250,,,,,,,,,,,fdf31815a9d4f7db4649003bebf821c43e63b687,2023-03-18T13:22:12.883Z,504e1ebb-e15e-4e90-83fb-6d7834e14bc2
5624,,,,,10497.03,2624.25,0.00,2026-10-04T00:00:00.000Z,,,295410019dcf272a6d956cd30b6bc770b6110890,2026-10-04T00:08:25.399Z,040ff97e-c9ee-4b4a-aaa9-9367eea35781
5626,,,,,10052.26,2335.63,0.00,2026-10-04T00:00:00.000Z,,,e404b7a381d8364d23fe8a11682f62f6ed17b528,2026-10-04T00:08:25.399Z,c25fcd50-b645-4344-bc37-723958d2eaec
5627,,,,,12583.27,3145.81,0.00,2026-10-04T00:00:00.000Z,,,c321507d10d8ab6cdbf592814ed21341a8a3eb89,2026-10-04T00:08:25.399Z,7f0b5772-a521-40b1-aba1-220ed9cb010a
5628,,,,,68800.10,16924.97,0.00,2026-10-04T00:00:00.000Z,,,12f7be57e6283f6ec7f8be9a7ff764136754961d,2026-10-04T00:08:25.399Z,f73a5f07-be16-4407-8d03-b950702c8dcb
2263,,,,,,,,,,,cd1aaf661b9da05822bc989d114726fc125c2435,2023-03-18T13:22:12.883Z,cf8368f0-da4f-430a-b6d0-db81406891cd
2264,,,,,,,,,,,39c41c691d670e227076325b2ba246e7cc395419,2023-03-18T13:22:12.883Z,e47b63dc-faf3-44d7-828f-dc9951bc1cb6
2267,,,,,,,,,,,057045d788f6f57d85425b81cd44175f11a81f74,2023-03-18T13:22:12.883Z,cb84de87-e81e-458c-a051-030799b38aeb
2268,,,,,,,,,,,1cb5be480be33da84f0fbae70bdb01b869905985,2023-03-18T13:22:12.883Z,5693b476-43fd-4bf7-bb9b-fbb66c704dfd
2271,,,,,,,,,,,ad284655e7940c9e8c64c62e2445332bfbfe1d3a,2023-03-18T13:22:12.883Z,cee07186-b342-4f2e-9447-c49f9b185579
2273,,,,,,,,,,,717abe7040807ce52ce227f44cbf5bcdb5a98234,2023-03-18T13:22:12.883Z,f16827de-1628-4688-9057-b0288aa5b4d6
2276,,,,,,,,,,,37a52818cb7df943948f4aac4b839d8f199cfd87,2023-03-18T13:22:12.883Z,b081ea25-c9f7-49b3-9ff0-88ff75e1594f
2277,,,,,,,,,,,afffbfebcdbb788174ef1a4b6beb01ae485ac989,2023-03-18T13:22:12.883Z,be667f58-e30f-42bd-ac14-fb7424292fae
2278,,,,,,,,,,,699ff5f1fca87231de7d2a5dd2c86be13d559848,2023-03-18T13:22:12.883Z,78e3a595-8361-4a6b-8f72-3a86b5f04bff
2279,,,,,,,,,,,3a48e73c208d35c49f97b473e69954e1b2504d21,2023-03-18T13:22:12.883Z,70aeeed0-4f65-47e1-93f4-ec355c6e8090
2280,,,,,,,,,,,822f4915f775f0bbf1f1682d86e7a3944ce93c65,2023-03-18T13:22:12.883Z,99af4017-9e39-4485-8bd1-4e731f8d9d32
2281,,,,,,,,,,,17b3bf6a314e97e7e4e7cbd4d7bc77fc06693635,2023-03-18T13:22:12.883Z,79e6b1c3-fa29-48b0-89aa-ed6669c5e8e2
2283,,,,,,,,,,,60207568d9f72c18c4544c9267d8e16be56685f2,2023-03-18T13:22:12.883Z,71a81e6c-f746-4616-9df4-aab89ce221a5
2284,,,,,,,,,,,ab18231dba90d058ce8d6783e4a2f6de9cef1272,2023-03-18T13:22:12.883Z,f1a6f21f-40d1-4f6f-9ac0-ef4059dbe19b
2285,,,,,,,,,,,3ce51cca465f4ad7466d9516b81fc2b24ea23774,2023-03-18T13:22:12.883Z,2e131dd6-31ca-436c-81bb-688ed19a6395
2289,,,,,,,,,,,b0d52cee180c54b719c66305252f2e318c4bbed7,2023-03-18T13:22:12.883Z,68ee374f-e96e-446e-86a3-cb548aaac9de
2290,,,,,,,,,,,068eebaf767b3a56e914e07eca87e947234fa2da,2023-03-18T13:22:12.883Z,0478c5d6-beb4-4b77-b2ae-cfac6913ad83
2291,,,,,,,,,,,1ce107e73e0a4f6f59f680fe55957d43aea9eb18,2023-03-18T13:22:12.883Z,2ea2700c-01f0-48b4-a584-f1bafb9875f0
2311,,,,,,,,,,,3b89d7cce43ff932811a6e0b3211aef13ec02448,2023-03-18T13:22:12.883Z,f859f7c7-c56c-4695-bffc-f12ab39b736c
2312,,,,,,,,,,,d6b13c0c740fa961dd79833f1068c98129927102,2023-03-18T13:22:12.883Z,ee67f6bf-421f-49a2-a232-87db3fe51b95
2339,,,,,,,,,,,651a07f42ce2e0a995031913efcb0b82f516f47d,2023-03-18T13:22:12.883Z,a933a7c2-1d85-4e8f-a1c0-8492f47d38dc
2351,,,,,,,,,,,1bf9b6e25e1bcfadba2f65ed81196a8a1c2642c0,2023-03-18T13:22:12.883Z,b1948549-02e4-4ad9-a007-4778b62fd59f
2352,,,,,,,,,,,fbdf51793c850bd8bcf6948557f7b9cccaa921ec,2023-03-18T13:22:12.883Z,5829b96a-891a-47a6-9b75-ccb43c564992
2364,,,,,,,,,,,d0c3c62e01a196be30dfa3f7fb2f863cc4e3a793,2023-03-18T13:22:12.883Z,ee4c8fcd-ac0e-45b7-ab5c-eee859f9c836
2365,,,,,,,,,,,ae298e3e366e84319a9b70b1d995b2bb5e20217c,2023-03-18T13:22:12.883Z,73dfd86d-9aa2-400f-a56c-9dc720785a4a
2366,,,,,,,,,,,cc7530b6f78590093e470b4ed94963ec1d8f79bd,2023-03-18T13:22:12.883Z,b43929d3-3a70-44bb-9226-daede2d6a636
2371,,,,,,,,,,,ce07dfabc50edaadf58705b4d6cdd4f8b664b7cf,2023-03-18T13:22:12.883Z,d4e492bd-dfe7-4a03-8361-d0c80119f20f
2392,,,,,,,,,,,95815934d6419cb2dd9a9f13cbf77b369c153934,2023-03-18T13:22:12.883Z,5e96dfe7-2286-4d8f-b953-a75ec3a36645
2395,,,,,,,,,,,b41578c8278808231cb9e2cc756938b241d835fb,2023-03-18T13:22:12.883Z,5c096201-e1da-48bb-b638-5596f25a009d
2397,,,,,,,,,,,9cedaf9e319ef4c0bc173a731ee0663eb350d30a,2023-03-18T13:22:12.883Z,339bf46a-240c-4cec-9eb5-7c54e03586f0
2413,,,,,,,,,,,b30db1723ce810edd95b178dd88e82e51bedcf94,2023-03-18T13:22:12.883Z,0fcde608-e030-4e8c-867a-fd58f9843ca1
2435,,,,,,,,,,,c8195a1671c5e09eca805185ef5c7bc9496d3c0c,2023-03-18T13:22:12.883Z,66daefd0-8f80-4daa-a15b-67a1b0e0cf74
2441,,,,,,,,,,,c379f11ccca2c050c608b7f3837fb667bac2cd7d,2023-03-18T13:22:12.883Z,4c32e704-35db-444f-86f3-12103dc61e44
2446,,,,,,,,,,,91abb32abe0d24691dded02d0578947c0ea3a85c,2023-03-18T13:22:12.883Z,9df80634-4f3f-4f2d-a415-453f188c087f
5674,,,,,,,,,,,25f343b7f7f01513ac37c7badd790359aae41b4e,2026-08-25T11:16:56.528Z,537361e8-cd22-421f-afef-c52be15c7e4a
5386,,,,,,,,,,101181.55,dd68b294f7a6d4e9dfd56cbfd1ac2dbe700ad0f5,2026-08-25T11:58:17.593Z,f0566ef2-546d-4e6a-ae16-d3b63de5f339
1439,19827,57974742.10,31700420.63,26274321.47,,,,,2026-10-04T00:00:00.000Z,7154189.00,dbd510660f72005aa37b08827b46c43f1291a2b6,2026-10-04T11:25:28.362Z,0c8b5edb-8ff2-446d-b042-1a48fc45d401
1440,272,470371.72,376188.66,94183.06,18277293.72,1008608.59,17179138.74,2026-05-17T00:00:00.000Z,2026-10-04T00:00:00.000Z,2252775.00,25c62b3c9d2612bcafce6aad836f23ad79160109,2026-10-04T11:25:28.362Z,dc5593df-8c68-4fa7-8c5a-2a5d77ffa10d
1441,412,1880461.20,741924.97,1138536.23,3202892.95,1353453.47,1716011.76,2026-05-17T00:00:00.000Z,2026-10-04T00:00:00.000Z,599700.00,eb6e112a27c7717e827ebdca207ea4f01c4478ec,2026-10-04T11:25:28.362Z,6d282eb5-2970-4ff6-80f1-c4f6c28a8e11
1442,530,3306085.11,1546858.08,1759227.03,12603404.04,11477322.11,1095358.52,2026-05-17T00:00:00.000Z,2026-10-04T00:00:00.000Z,2304130.00,6751ec9eb742a5c8a1c38507e7eac45d180cd3d0,2026-10-04T11:25:28.362Z,9f880cd4-b69b-4257-ab8c-fb5fad6580a3
1443,555,2028548.78,640454.36,1388094.42,20182808.77,1810120.86,18509601.88,2026-05-17T00:00:00.000Z,2026-10-04T00:00:00.000Z,1685619.00,8173e03c5cfce3f04cee887cc3dd1a7d978ca13d,2026-10-04T11:25:28.362Z,778da75e-64af-4048-8e90-c0c50b4fce9f
1444,127,579893.02,297240.48,282652.54,,,,,2026-10-04T00:00:00.000Z,140456.00,824675f142462a3d3068c510f407e7885bbe3015,2026-10-04T11:25:28.362Z,2b15735f-f0b8-4941-b742-3fd3060f9329
1445,199,509173.67,461070.95,48102.72,8721045.16,441657.36,8028649.40,2026-05-17T00:00:00.000Z,2026-10-04T00:00:00.000Z,1695298.00,28c48ad467fdea789d0962e68bbefa9d3c582c12,2026-10-04T11:25:28.362Z,b172a78d-48d7-42bc-8be6-ce0183e58d87
1446,20699,125463060.64,43407641.42,82055419.22,56985950.60,12598628.00,42212425.35,2026-05-17T00:00:00.000Z,2026-10-04T00:00:00.000Z,31049019.00,64608e4b35d25861e6d263b0b43f7926454ae63c,2026-10-04T11:25:28.362Z,e9304fdc-449e-4119-9341-a4f771e7369a
1447,559,3682703.79,1438319.22,2244384.57,5149451.95,1032707.62,3847738.96,2026-05-17T00:00:00.000Z,2026-10-04T00:00:00.000Z,1027046.00,99f8d854588e95aaab1891c3cf6e61f216d835de,2026-10-04T11:25:28.362Z,479e8257-3fe3-40a4-8ad0-a9bb6ddb2a2e
1453,1559,2609145.45,1614171.25,994974.20,31855718.15,13005035.17,18927371.69,2026-05-17T00:00:00.000Z,2026-10-04T00:00:00.000Z,2108337.00,28b296ef3c1b623866243cd65fcf864de46ed40c,2026-10-04T11:25:28.362Z,2921433e-0b41-4b52-9d42-3f7390485701
1454,3451,9369739.03,6856715.41,2513023.62,36424884.27,17183377.43,19144277.15,2026-05-17T00:00:00.000Z,2026-10-04T00:00:00.000Z,2388516.00,45e778a635e77d213fd71b8f4a86389f0fa14468,2026-10-04T11:25:28.362Z,c5006444-e393-4084-8dda-f0aed58b5324
1455,2200,5431111.20,4371300.36,1059810.84,9335774.41,4245056.75,5200730.17,2026-05-17T00:00:00.000Z,2026-10-04T00:00:00.000Z,813465.00,e157471fd080510f01ef0fd99609e174b7409377,2026-10-04T11:25:28.362Z,bc9c6fd5-adfb-4a4d-b946-b4d55baffd28
1458,849,2242480.28,1213932.96,1028547.32,13709082.34,9032940.40,4639768.12,2026-05-17T00:00:00.000Z,2026-10-04T00:00:00.000Z,750602.00,b15c3d2272c6e49ea00436d071a1a878dd29b82f,2026-10-04T11:25:28.362Z,514f5d86-d337-4431-b522-82d4be534c61
1459,9408,18270709.28,7651000.29,10619708.99,5991973.09,559485.46,5471976.93,2026-05-17T00:00:00.000Z,2026-10-04T00:00:00.000Z,815503.00,7021e54c201bb2af6a17a4f2f440be77dc2f5409,2026-10-04T11:25:28.362Z,bbfdedd4-1658-4dd6-b110-772311524585
1460,6659,14538920.62,3835447.42,10703473.20,,,,,2026-10-04T00:00:00.000Z,423565.00,242fd4b6d45fe8b748d6f35bcdc97cd95f243eb6,2026-10-04T11:25:28.362Z,5d0f8a10-c684-4a7b-b342-13bcfa3673be
1461,346,789831.28,599410.00,190421.28,1910455.43,546004.40,1205199.83,2026-05-17T00:00:00.000Z,2026-10-04T00:00:00.000Z,203999.00,9d53893b343ad3e8f911a6d8a2ffd743830cf470,2026-10-04T11:25:28.362Z,71dc1f43-45bf-4f79-b368-4479b5cef77e
1462,513,2518800.62,1530744.62,988056.00,6146361.95,1469244.43,4615802.99,2026-05-17T00:00:00.000Z,2026-10-04T00:00:00.000Z,928244.00,eedcaf3a36b94784c2554b03ffff204eeb769f02,2026-10-04T11:25:28.362Z,49780fca-c801-430a-883b-f53ed5dc372b
1463,2393,8779157.72,4444964.35,4334193.37,19562866.28,7127084.88,12269180.76,2026-05-17T00:00:00.000Z,2026-10-04T00:00:00.000Z,1697118.00,e7d80816ff61a24ede0b554cf624bb614ab23f6e,2026-10-04T11:25:28.362Z,ac9ca247-a276-434c-a253-60f0054ee9b3
1464,5956,22160601.08,9065299.34,13095301.74,38693825.51,16607328.23,21872135.24,2026-05-17T00:00:00.000Z,2026-10-04T00:00:00.000Z,4630711.00,be16223891132a194add15ae13df294ba6f76197,2026-10-04T11:25:28.362Z,96bc1c04-d734-4542-b514-5022f3035c73
1465,935,2305722.55,1229822.49,1075900.06,4366087.01,2280285.57,1914677.82,2026-05-17T00:00:00.000Z,2026-10-04T00:00:00.000Z,793525.00,8f12badd4e472ceee1d97bb543fe00abc34f91aa,2026-10-04T11:25:28.362Z,10844ff0-94f3-4500-80d6-1873c30a567c
1466,23660,50014084.62,22764616.08,27249468.54,12587894.04,1980409.16,10416249.31,2026-05-17T00:00:00.000Z,2026-10-04T00:00:00.000Z,3112794.00,c2198de9c947ce0da1c06bf8a34b83758a1f5918,2026-10-04T11:25:28.362Z,bceed11c-be5e-45e6-abdb-806edcd0fccc
1467,14864,25873426.33,6302770.87,19570655.46,17745981.32,16358432.44,1156582.59,2026-05-17T00:00:00.000Z,2026-10-04T00:00:00.000Z,2421439.00,2f02882d1466ee97c37fef73334b258edc2dd642,2026-10-04T11:25:28.362Z,51aa1b67-af3d-4f1a-9c10-7918d6b6fb5d
1469,442,1644357.98,787056.70,857301.28,,,,,2026-10-04T00:00:00.000Z,92411.00,e358bb358a9c6278e1c82bd0107f2ca479284e4e,2026-10-04T11:25:28.362Z,b0e6bd10-28c4-4851-8c73-7e6889b7e50e
1470,124,740552.45,390852.02,349700.43,,,,,2026-10-04T00:00:00.000Z,0.00,531e6c126ca856894e3a5979fb863743c82fc48f,2026-10-04T11:25:28.362Z,2cc7ac00-d140-4f4a-86f1-4aba3ecefb39
1471,1123,4108811.57,2808922.31,1299889.26,4993708.33,387792.63,4561494.65,2026-05-17T00:00:00.000Z,2026-10-04T00:00:00.000Z,279127.00,fb89eebc1229047f8709071180ef51312d954824,2026-10-04T11:25:28.362Z,e373aad2-1e80-4b9e-9b70-a0bb1a8da2be
1472,3219,7297676.37,2955622.13,4342054.24,5305933.78,649888.94,4650221.11,2026-05-17T00:00:00.000Z,2026-10-04T00:00:00.000Z,1075159.00,3cc8bd40e4d481476c9a5ce2e3f1ed6a29f6b549,2026-10-04T11:25:28.362Z,be13cd4a-bcb1-4afa-b598-82d156f2d7f7
1473,4499,9679012.66,4961914.50,4717098.16,1509040.09,143644.90,1291674.53,2026-05-17T00:00:00.000Z,2026-10-04T00:00:00.000Z,895330.00,e193b574669c8a2e22569a6ce4b74937a171b60d,2026-10-04T11:25:28.362Z,74a513bc-8614-4ffb-b7ad-0dd6986c1a2f
1474,3559,10877948.83,8093288.65,2784660.18,4833478.25,992958.11,3853581.36,2026-05-17T00:00:00.000Z,2026-10-04T00:00:00.000Z,842726.00,3fe6e3c8bb59227b33ce76586151f562384ccd4d,2026-10-04T11:25:28.362Z,85f97547-a931-4795-ab5f-822fe4efccb0
1475,2558,6621705.06,4682638.07,1939066.99,8904595.58,484092.83,8367825.54,2026-05-17T00:00:00.000Z,2026-10-04T00:00:00.000Z,781278.00,834ca5a2be165a04746d2e52e7289ea39a5567a0,2026-10-04T11:25:28.362Z,7b0260ab-564d-419b-aeb5-e62ae87ebe25
1476,4409,13386838.38,9783608.01,3603230.37,6936604.60,2782537.86,4200530.19,2026-05-17T00:00:00.000Z,2026-10-04T00:00:00.000Z,1493653.00,de8dc27feb733f2b733d41e0aa008a61f97a3cdd,2026-10-04T11:25:28.362Z,9eee18af-2840-41c0-82e2-842b25262ee5
1478,758,1980992.81,1468511.02,512481.79,,,,,2026-10-04T00:00:00.000Z,32689.00,6f11aa4d7ed1e5816ee5568b406918396201f21a,2026-10-04T11:25:28.362Z,b4b59680-c0e4-4dcf-9071-e070bb375f35
1479,8552,20213296.06,11924830.34,8288465.72,17889243.31,4631163.81,13121953.46,2026-05-17T00:00:00.000Z,2026-10-04T00:00:00.000Z,1577925.00,7f9876a50638488871ff265aa6d73403b8bf8b99,2026-10-04T11:25:28.362Z,0be885c9-67db-4da9-a3ee-f14520f9a826
1482,19150,20592021.41,5813443.59,14778577.82,35430275.15,13078927.79,22317471.37,2026-05-17T00:00:00.000Z,2026-10-04T00:00:00.000Z,2920980.00,f2e688206f02fe1a6039707ec9a59d1b8e3aa6ba,2026-10-04T11:25:28.362Z,e4a590e5-54d9-4821-ad81-c874ab9bdad6
1484,46108,74778371.61,36715451.25,38062920.36,10875976.79,1583993.66,9322353.13,2026-05-17T00:00:00.000Z,2026-10-04T00:00:00.000Z,4328378.00,da21eb6b664b42e5b9ba315fb1e6e39aa86054ac,2026-10-04T11:25:28.362Z,8e90c487-5723-48a6-8cac-767ed9e9a0cf
1485,1155,2965355.19,2462966.10,502389.09,28586080.40,1355369.03,27283122.91,2026-05-17T00:00:00.000Z,2026-10-04T00:00:00.000Z,2110767.00,1b939dacc6526ea2f10c650cd5fd890a5c5b6852,2026-10-04T11:25:28.362Z,0f9caef4-6f24-4880-91c8-d6cfd5e088b7
1486,901,1792438.30,1551072.10,241366.20,23721241.42,1428016.65,21731225.98,2026-05-17T00:00:00.000Z,2026-10-04T00:00:00.000Z,1453627.00,d1068ea8df89f144f064eaa3513282ca5766f3f0,2026-10-04T11:25:28.362Z,26082ffd-8312-4ef3-83cc-bf5ba97f9b95
1487,2972,8231038.84,6576154.90,1654883.94,,,,,2026-10-04T00:00:00.000Z,697502.00,bc77ab8e70be331feab985d08bf646f6715dd611,2026-10-04T11:25:28.362Z,5335de72-7af8-4702-b1e0-ab1516135eb8
1490,25950,45381525.63,23122365.52,22259160.11,70854431.54,50724584.41,19149915.85,2026-05-17T00:00:00.000Z,2026-10-04T00:00:00.000Z,4706946.00,cc4ebca2e7afd0b7f93b8a5240d06bddbb82f799,2026-10-04T11:25:28.362Z,592bd193-e33e-4170-a79f-8a4fb763d83e
1491,29170,57048028.63,33948484.29,23099544.34,204913750.38,178024945.68,27447793.49,2026-05-17T00:00:00.000Z,2026-10-04T00:00:00.000Z,16387580.00,410070d1093abbf48833e3658d1feb7f70cade78,2026-10-04T11:25:28.362Z,108c7d10-0a8d-44f7-a4bc-dca0c05b0870
1492,8686,33052305.22,23148436.23,9903868.99,40676530.89,24147326.33,16345973.00,2026-05-17T00:00:00.000Z,2026-10-04T00:00:00.000Z,5339719.00,946ad419ff395f15eebe8d7c0dc9c5595a749db2,2026-10-04T11:25:28.362Z,2fd5f02f-2f23-46b1-965f-d427de6908f2
1493,701,953918.36,665156.56,288761.80,4964970.09,4178036.20,828371.99,2026-05-17T00:00:00.000Z,2026-10-04T00:00:00.000Z,71658.00,36aae445d89737714eb4007908559e000088e7c0,2026-10-04T11:25:28.362Z,da154de1-15f8-44ed-bc7d-a3a0d6c87fd7
1494,344,1459279.09,1015627.62,443651.47,2216218.88,1798695.81,362348.24,2026-05-17T00:00:00.000Z,2026-10-04T00:00:00.000Z,287623.00,20bbc2b28b04b377ca702f3297aab6d09f8b9137,2026-10-04T11:25:28.362Z,ec920d74-7fe9-4d6a-b6b3-785aedd9c324
1495,1,1756.20,1756.20,,8683492.28,534547.26,8175107.84,2026-05-17T00:00:00.000Z,2026-10-04T00:00:00.000Z,443191.00,20fffaf95bb543f2e54c2fbe9092deae23271d67,2026-10-04T11:25:28.362Z,a33db0fe-823d-43d0-b552-f9429ea807dc
1497,267,1009837.00,635579.11,374257.89,,,,,2026-10-04T00:00:00.000Z,0.00,ac8f0fe2cce8245a1dda1f81b6f71017dc41c9ba,2026-10-04T11:25:28.362Z,3ce2d06a-615b-4fe7-89f8-a750853a834e
1498,10587,33842082.40,9327997.51,24514084.89,108151388.68,85290020.19,20416967.49,2026-05-17T00:00:00.000Z,2026-10-04T00:00:00.000Z,7280835.00,26eed72f0114201bb5c56427a4cfa8832a133047,2026-10-04T11:25:28.362Z,3981fb40-b8e8-4d36-bbc7-b2df897d2ab9
1499,700,2735259.91,1660130.53,1075129.38,9125551.24,1569833.28,6580370.83,2026-05-17T00:00:00.000Z,2026-10-04T00:00:00.000Z,507031.00,347c40c8a34c86fa5cd6f4886d50b2c80ce7d551,2026-10-04T11:25:28.362Z,5f73e44f-4cc8-4a58-8098-f953440fe2f4
1500,5885,21655767.21,15159911.68,6495855.53,15753907.55,1906302.94,13828190.18,2026-05-17T00:00:00.000Z,2026-10-04T00:00:00.000Z,2546890.00,623d40efb45ef7306e8a914789a987d091484610,2026-10-04T11:25:28.362Z,b59f4162-0a72-4d1a-a165-e9811d361405
1501,41875,58083771.07,16977312.00,41106459.07,7133712.69,1178384.43,5382315.63,2026-05-17T00:00:00.000Z,2026-10-04T00:00:00.000Z,2274847.00,caa2a9f238d274ab252670430880607530dd7565,2026-10-04T11:25:28.362Z,b03a235e-8ffd-4bf6-845e-bc2831fc6418
1502,487,1220484.27,970511.05,249973.22,,,,,2026-10-04T00:00:00.000Z,54661.00,07f528f4da8043cd4e54f7f8c66b6b754cdc5aab,2026-10-04T11:25:28.362Z,d2c52dc7-ff57-4d97-b28e-ee651e1fe3d3
1505,3415,8134432.06,7834700.93,299731.13,47773159.64,6230771.35,40506647.12,2026-05-17T00:00:00.000Z,2026-10-04T00:00:00.000Z,2218157.00,f45ad0c1698de9f5c4549a53ad40fd83b1dedf18,2026-10-04T11:25:28.362Z,2706b57c-4484-45e2-bd66-6fa9b3a33540
1288,,,,,7734906.83,727111.27,6928401.83,2026-05-17T00:00:00.000Z,,1359545.00,80be01a7bea34cc66f323b170b2165a6bb33e3cd,2026-09-29T13:30:22.024Z,c1390bda-26eb-4e9b-a375-7113de9b46bd
1506,8084,25921601.38,11710373.75,14211227.63,12192558.84,1295562.79,10619079.89,2026-05-17T00:00:00.000Z,2026-10-04T00:00:00.000Z,1791043.00,263430066e9eab70dce5c673427691cb4794baa1,2026-10-04T11:25:28.362Z,4af8b158-7624-4012-96b6-92de9bddd259
1507,507,1238534.80,986202.99,252331.81,11703087.98,933998.65,10773864.15,2026-05-17T00:00:00.000Z,2026-10-04T00:00:00.000Z,774857.00,4dee24acf455460188d342d4943306fe12a9a521,2026-10-04T11:25:28.362Z,d379a917-03d8-4436-98be-90ae772d3a3d
1511,1768,8112928.87,6374506.02,1738422.85,13797356.33,859301.52,12678864.48,2026-05-17T00:00:00.000Z,2026-10-04T00:00:00.000Z,262977.00,21bf6399c2642030af4aa07513da67ed07b6b776,2026-10-04T11:25:28.362Z,a05e364f-a555-4b65-90b5-91ca6044a7c5
1512,1584,2728345.06,2479114.65,249230.41,,,,,2026-10-04T00:00:00.000Z,8570.00,e63974302149d14373d2058b661f3fe30b464668,2026-10-04T11:25:28.362Z,3900c7a5-045a-4082-a349-0d077737e3ab
1513,273,749315.30,493902.39,255412.91,1913550.92,800920.84,1123487.03,2026-05-17T00:00:00.000Z,2026-10-04T00:00:00.000Z,161341.00,76a01bcbb065deb94b9754675c01d3542914deb4,2026-10-04T11:25:28.362Z,d46ca858-33a3-4079-9179-396bf11d96dc
1517,392,829908.94,485999.91,343909.03,13351657.77,2023872.79,11322151.73,2026-05-17T00:00:00.000Z,2026-10-04T00:00:00.000Z,1054873.00,43bd514bda2263be30c2efc6dd6183d929767cd3,2026-10-04T11:25:28.362Z,7607b9a6-3ae3-41ec-a727-ab6020001908
1518,3112,6190448.70,5034199.56,1156249.14,14795285.63,2976622.78,11464342.66,2026-05-17T00:00:00.000Z,2026-10-04T00:00:00.000Z,1500076.00,2809d1b7c404e55069695c4c95cdf2b7d7883e34,2026-10-04T11:25:28.362Z,387be148-50f5-498e-a411-f0eb806d6b6a
1519,15716,19193921.30,13999401.04,5194520.26,10648040.68,1569652.38,9122880.76,2026-05-17T00:00:00.000Z,2026-10-04T00:00:00.000Z,2164906.00,6ee9b26206a6b717f791bf666b795f930e0c300e,2026-10-04T11:25:28.362Z,2b6eaa36-92e9-48ae-a65b-89b1ccb9c62e
1520,2428,5034664.25,3517498.80,1517165.45,4154202.26,1488548.35,2699195.90,2026-05-17T00:00:00.000Z,2026-10-04T00:00:00.000Z,451971.00,934fb694451c1aa1290a0a3f4b39faa2d6991f3c,2026-10-04T11:25:28.362Z,00e7c21a-0a74-4dc3-8ae0-01e101816b5e
1521,4176,5900558.36,3293656.58,2606901.78,,,,,2026-10-04T00:00:00.000Z,0.00,65ea4cd71fe90e970923e54063438f987ddc1094,2026-10-04T11:25:28.362Z,0befea22-0c22-4e9a-9911-e34757d2859f
1522,6229,19563069.34,14778111.19,4784958.15,9399463.79,3266574.69,6192032.93,2026-05-17T00:00:00.000Z,2026-10-04T00:00:00.000Z,2008314.00,27ac5ca06405b60264289b3d177280f3f2eb96a8,2026-10-04T11:25:28.362Z,36f607e9-9c17-45d4-a2a2-d13c0837af14
1523,6750,21879092.14,14568938.25,7310153.89,17498353.80,1933408.39,15543366.98,2026-05-17T00:00:00.000Z,2026-10-04T00:00:00.000Z,1007424.00,09da8417c3a24db8d1ea3754983b3dd8f3ecc2c9,2026-10-04T11:25:28.362Z,d94e623d-2947-4c82-b347-0300f80430d4
1524,573,1396915.31,1044648.29,352267.02,,,,,2026-10-04T00:00:00.000Z,16044.00,0d9a3a8f7695d634787cd6f47278093c52477553,2026-10-04T11:25:28.362Z,7ec4cd04-510c-4f13-8c67-d51c0480b1eb
1525,694,1558980.89,1279215.12,279765.77,,,,,2026-10-04T00:00:00.000Z,7249.00,22172b1a5a4574f88e48c26610601b0c240ecf3c,2026-10-04T11:25:28.362Z,e2c4845a-bfd5-4ce5-889e-cc1f37c9f8bc
1526,3880,6568870.20,5100075.05,1468795.15,10868369.16,1734839.25,9087357.76,2026-05-17T00:00:00.000Z,2026-10-04T00:00:00.000Z,1322215.00,61892109b169ce08d06c4c1f695c0d731d8259be,2026-10-04T11:25:28.362Z,076f58da-c5a3-4217-8936-ac3afc50a129
1527,35693,41314005.89,26912181.70,14401824.19,,,,,2026-10-04T00:00:00.000Z,1153207.00,4671c9c81c79aa0f01c2cd406fa9fbf489197bdf,2026-10-04T11:25:28.362Z,49148e80-d0b2-4de3-b7bf-5daadec136ea
1530,4156,9640959.42,7850466.61,1790492.81,7337467.80,2462711.75,4594348.95,2026-05-17T00:00:00.000Z,2026-10-04T00:00:00.000Z,1233644.00,40a02fc0fbedca9115cbdf73642bfb43d5a87735,2026-10-04T11:25:28.362Z,f7598cf6-6fa2-4549-ba7b-c65fc1348d99
1536,506,1465037.44,1360295.78,104741.66,,,,,2026-10-04T00:00:00.000Z,155450.00,54723a98da4e7a7a625f881b8461af498e53555e,2026-10-04T11:25:28.362Z,a2737ba4-9a7f-4d3b-a92c-e6a94954a7ea
1538,6000,9961967.69,7947412.69,2014555.00,,,,,2026-10-04T00:00:00.000Z,741434.00,e4c5f23800a4d13498bf2636e8a09956cf04fce1,2026-10-04T11:25:28.362Z,c40f25b4-3e05-445f-b0e6-593c9a96b619
1539,116215,208970753.97,91728356.27,117242397.70,619519955.19,427296746.81,185176262.42,2026-05-17T00:00:00.000Z,2026-10-04T00:00:00.000Z,87636278.54,bb1c22ccfb1d09f7b523fc3a176cd8ba14e058d8,2026-10-04T11:25:28.362Z,2bb4f9b9-56b6-4332-94fb-3af3ff23627d
1541,3980,13836392.68,9147550.58,4688842.10,6334210.46,1369348.37,4288055.70,2026-05-17T00:00:00.000Z,2026-10-04T00:00:00.000Z,1559063.00,36a45a03c8e629ed6c2692ec0662b2cd7adf8aa3,2026-10-04T11:25:28.362Z,c4562108-c2a5-46b7-a850-8e92ef44b630
1544,3272,9262094.78,6458352.78,2803742.00,20783651.31,1704240.02,18952690.33,2026-05-17T00:00:00.000Z,2026-10-04T00:00:00.000Z,1593757.00,7f7251ef31dbfe09301c1c2afb7405ff3dfb6087,2026-10-04T11:25:28.362Z,30781a9f-782f-448c-9783-cb7315c887e0
1545,229227,411815685.98,192014228.39,219801457.59,685245239.49,381348073.83,296162207.74,2026-05-17T00:00:00.000Z,2026-10-04T00:00:00.000Z,102446410.00,e22d1e7e8efcbd72bc1bc6e0f8faee3e892a6245,2026-10-04T11:25:28.362Z,6be5d8de-11f9-4f51-9815-b128558e56fc
3001,,,,,,,,,,,048de6636cf17f230af94da55f4eb8be2d0c9dfa,2023-03-18T13:22:12.883Z,0662c0c5-0fa6-44ae-a318-ad803c7fe065
3002,,,,,,,,,,,743e7d345ac71316a1c26179cb8a28f29eb4cca2,2023-03-18T13:22:12.883Z,6f7b738c-757e-4074-8a78-d02f92a67f78
3003,,,,,,,,,,,28429c12dda4bd6fffdb98d4bdcc3be8ed2f3b32,2023-03-18T13:22:12.883Z,614139d0-cd3f-42d9-96a9-3d15acaa215c
3004,,,,,,,,,,,e0521f2349c53c158249e97c2ae93b7dba7bfc72,2023-03-18T13:22:12.883Z,193cf754-e06b-48cd-92ea-dc451830fa3c
3005,,,,,,,,,,,48f11dbbc0b35fbf7c4e31cc178ecf7bc84b9aed,2023-03-18T13:22:12.883Z,8e67c5e0-6fc9-4fe5-8561-7a1a43d60535
3006,,,,,,,,,,,5551e0f4b40c43d78f8a804412c0b937d6484567,2023-03-18T13:22:12.883Z,ff7a9171-6ce4-4cdd-bbf5-6de12de271b6
3007,,,,,,,,,,,dfaa6d06d088484c90290c4c2f726bfa03a5aad8,2023-03-18T13:22:12.883Z,19c8e36f-6c01-449e-8178-da3fae9655d1
3008,,,,,,,,,,,333c0a1f021a5a0e4ec43273c42bc37a7d02df32,2023-03-18T13:22:12.883Z,dde7fbaf-8520-45d0-967e-602d90c118fa
3009,,,,,,,,,,,87ea433c2cbf15f301227d20a9b6e5318b74d440,2023-03-18T13:22:12.883Z,f89bcbd9-f4be-4866-be36-b49ef7dcaf89
3010,,,,,,,,,,,226f1f4296a8e39011b52128945b7f10f637b94a,2023-03-18T13:22:12.883Z,fc205253-efbc-447d-a2d7-60a9b501c15f
3011,,,,,,,,,,,2d3ee4f53be522fbcc87ac488f4bea86c03b5e36,2023-03-18T13:22:12.883Z,6ec46644-c3db-4348-836e-04ffb33f6503
3012,,,,,,,,,,,299e48242a67ea56b619baa5675491e69231f933,2023-03-18T13:22:12.883Z,b915bee7-fd34-4087-9d77-2770e0f30b84
3013,,,,,,,,,,,1c95c43622f26911d9de429361e357ebbd4a71ad,2023-03-18T13:22:12.883Z,177fba87-7eab-452c-ac6a-9cbe86e5afd8
3014,,,,,,,,,,,38d441298c71a05c6fb05819a997fd253d002f11,2023-03-18T13:22:12.883Z,3aa61753-badb-4db3-8d8b-34ed8f9fff63
3015,,,,,,,,,,,7c64e9c06e8cca2b052baa97a23123900a762cb5,2023-03-18T13:22:12.883Z,a7df4c93-0496-4d0c-83bd-fefadc433e03
3016,,,,,,,,,,,da44822faf974e27136fe8d5dd12f7b04c1da460,2023-03-18T13:22:12.883Z,8dacfd6c-9ef0-42e6-999d-09fb79cc479d
3017,,,,,,,,,,,68130a62246c1b43106ab889bea5dee5ccdd8954,2023-03-18T13:22:12.883Z,fd1ffb7d-6364-457b-916c-34a2179b1bff
3018,,,,,,,,,,,60493c8a1f64bcbe893ae8068dbc5f7869a99232,2023-03-18T13:22:12.883Z,509285b8-afd4-453a-8f8b-fbe83f294ac0
3019,,,,,,,,,,,73d0777dff53fa62c921b1474314f33340d4c574,2023-03-18T13:22:12.883Z,5be8f237-8a3b-458c-9e56-032823602e82
3020,,,,,,,,,,,1e7d4e421d1108d59001a0c0db10de7ecd9f68b7,2023-03-18T13:22:12.883Z,fc3c1e82-4e01-409b-a669-72dea44c61d6
3021,,,,,,,,,,,97bf3770564b5231a269067c47b2e86ed76336eb,2023-03-18T13:22:12.883Z,89c305f7-d8a4-4a8a-9eff-3e31ac22327f
3022,,,,,,,,,,,9ae9a95f351d1dc60700631a82135cabdd8497d6,2023-03-18T13:22:12.883Z,e2a00345-7009-47bb-80f2-4597793d94f6
3023,,,,,,,,,,,1e5b3f17d49d48475fef7e1e4346be50121c9b87,2023-03-18T13:22:12.883Z,7c30be58-acd9-457a-a88b-9c8483dda155
3024,,,,,,,,,,,2a12fb3c0c473053cd6edcd222d0d6e4a795ebf2,2023-03-18T13:22:12.883Z,e2680b0f-4750-43b6-a0b0-f0c2e4a43b5f
3025,,,,,,,,,,,c47763c0235d062d1fe791a3fd87ff8fec16f4c3,2023-03-18T13:22:12.883Z,b6e5b29c-c1f8-40b9-9c46-d01eb20f4886
3026,,,,,,,,,,,a35a9602c705af1be97371d047ee16e2f0ab5d7c,2023-03-18T13:22:12.883Z,c6a6ded7-b88d-4f6c-bacd-032d10386729
3027,,,,,,,,,,,25cfe92a545ef0588ffb058e93cb1db46ca6067b,2023-03-18T13:22:12.883Z,d3a82717-ec6e-414a-b4a2-64eeb9e7bba9
3028,,,,,,,,,,,8ecd125efa2142f2491b6de7d98b12dbf90b0fdb,2023-03-18T13:22:12.883Z,8478da87-51d8-4754-88c9-afb06fb4d369
3029,,,,,,,,,,,91634fb352300632d2667aff1fb3023c36345189,2023-03-18T13:22:12.883Z,7a13a57b-a0be-4c75-a9c6-e03b5c49e758
3030,,,,,,,,,,,a5b3e0f98dd1134c3d43e61fc5f0075a320b1cae,2023-03-18T13:22:12.883Z,febcc1c8-11cc-4d67-9d6b-b889a433c5e1
3031,,,,,,,,,,,bce16b56fcb0eb16849eac0cd5187e406f0686c6,2023-03-18T13:22:12.883Z,331f04f9-c186-427a-881b-4e5ecc1b2c93
3032,,,,,,,,,,,ceb298b06ecb6580d47562c43ceacb56c9cb6bce,2023-03-18T13:22:12.883Z,24eaad61-81cd-4450-b4f3-45cbb591a972
3033,,,,,,,,,,,1d285fe9047ac7247f55fdc66e24730b7bd497f1,2023-03-18T13:22:12.883Z,77a82057-c4c0-4d1b-8d36-a48a77e211a8
3034,,,,,,,,,,,560a676963f6a192b253e0138c1382a56685336d,2023-03-18T13:22:12.883Z,4e86c5dc-20cd-41f3-904e-a1bedbd2e442
3035,,,,,,,,,,,b449d1a38aceed9966bdefb913a4d75be5dedc5a,2023-03-18T13:22:12.883Z,b6ab8063-27e2-445d-8fcc-8bbfe2ca6ef5
3036,,,,,,,,,,,e0904afae0351bbda714f351323d0bd3f153f9cc,2023-03-18T13:22:12.883Z,22a8bc12-3506-4b60-a060-e00d71de9d01
3037,,,,,,,,,,,521c02fbaa8dbc1e1522d3ca69663f00e185f46a,2023-03-18T13:22:12.883Z,a118a868-43ea-4d59-9e75-159695381b52
3038,,,,,,,,,,,de20285a7ea247350b10a17726d9ef0c4d711ab5,2023-03-18T13:22:12.883Z,cdce35bb-cce0-4590-936d-55b1c8359a69
3039,,,,,,,,,,,45f5542c81b124c85a8754d64d9e5ba5a30e684e,2023-03-18T13:22:12.883Z,ce3eb663-59ad-42e4-a455-08c308fc8519
3040,,,,,,,,,,,85ff143ba584e29e701250adeed25b023064c82f,2023-03-18T13:22:12.883Z,82c6f3c7-a5b0-477d-826b-be3e16b078f0
3041,,,,,,,,,,,8304ba862b8274c2554d767ffc58fd88f04bec15,2023-03-18T13:22:12.883Z,ec430658-1f16-4266-a5e0-0ca25164a490
3042,,,,,,,,,,,1e5511ddfba287541f6c9ab15765235da846d2df,2023-03-18T13:22:12.883Z,7c37baae-252c-4f83-b6f0-0fcdd7558969
3043,,,,,,,,,,,7641aa5aac434f6b9975a940ca323442bd9e3637,2023-03-18T13:22:12.883Z,f30a8234-4689-4edc-955d-a9c3113b6cc1
3044,,,,,,,,,,,958f5d35bd3e25e09874788523e223fad0760884,2023-03-18T13:22:12.883Z,aa482a84-7b70-497f-bbcd-89b9ac21afd1
3045,,,,,,,,,,,5e95fef03071223f666496970205450952baaf35,2023-03-18T13:22:12.883Z,3047ca93-df0d-473c-b8b2-b3bef8a8bb70
3046,,,,,,,,,,,8c2f3312a662581471be794ff2bd9e4826a1f789,2023-03-18T13:22:12.883Z,f7b2b54a-dd1d-49fe-850e-34dc8a120a96
3047,,,,,,,,,,,5b4ed37b52ab709e43bd8e678935207f14fbfcc7,2023-03-18T13:22:12.883Z,c639bfa4-cfb0-40ef-98e2-d8fb83d3d3a5
3048,,,,,,,,,,,cbbb1a305594dfbd0961687db5311ca74ebfe415,2023-03-18T13:22:12.883Z,df778945-a3fb-4880-be1d-d22fe4de00d6
3049,,,,,,,,,,,401925c5becb67b5f560bde4293e91c502ef511a,2023-03-18T13:22:12.883Z,2d154523-a46b-4a35-8857-18f5d7cbd6b8
3050,,,,,,,,,,,eff7d23002ac37d911c7a41894912fd2ad6171b8,2023-03-18T13:22:12.883Z,45ad0560-0dde-4de1-8b46-8756ced023d5
3051,,,,,,,,,,,195c1c050d91f2bd6b8acc9f35bbecb5fc47498d,2023-03-18T13:22:12.883Z,bdda8927-17ba-4a26-82b1-970a26eae1b7
3052,,,,,,,,,,,9d8d3a5c9b24440260ece780c21fe75c8e7c0ded,2023-03-18T13:22:12.883Z,c5b5149d-f7f3-4411-979b-4f8c024d8e3a
3053,,,,,,,,,,,24579b94df86f5c6e87d79bc2527c6b6e3b188e1,2023-03-18T13:22:12.883Z,46726e79-3485-467d-93b5-cdfc45934e07
3054,,,,,,,,,,,b88a16af17836965c25779af9973edabedd09b78,2023-03-18T13:22:12.883Z,3edee950-5848-49a6-b7c7-dfda548bba2e
3055,,,,,,,,,,,5a6e68edcb1d6627f6588530fa749822c360e47a,2023-03-18T13:22:12.883Z,fe1d32f8-fe53-46b3-a65c-77bd5f128b5e
3056,,,,,,,,,,,502bc9a01994e968d3fd4f8cb9be7f5d3304fc65,2023-03-18T13:22:12.883Z,ebdd759f-3344-458e-9e7c-603adbbc01a1
3057,,,,,,,,,,,ab79cb484d63034fd33fe98cc9284711417f293d,2023-03-18T13:22:12.883Z,444b58ec-1d0b-42aa-9838-50c47f702459
3058,,,,,,,,,,,d46b9c1dd992babd80cb54dff15eaa47f61e0aca,2023-03-18T13:22:12.883Z,44060a73-505f-41b8-b640-774570d0c2e8
3059,,,,,,,,,,,b707d5b98d66542629df4cf8a9b08527ddb3887a,2023-03-18T13:22:12.883Z,cf5ce325-5068-4ff5-8a5f-d27e056e3a21
3060,,,,,,,,,,,05264e1b02269bd46da1ac9a3fbecfae27827cc8,2023-03-18T13:22:12.883Z,00a7001c-8481-458e-9aff-87c4d0fb7866
3061,,,,,,,,,,,df5f591400dfc0a41093b22cb4b7d5190ac2e84b,2023-03-18T13:22:12.883Z,1ce44100-e039-4ec6-a476-2cc57d396336
3062,,,,,,,,,,,43557c76cc06456efba115bc7d7382a4e2ddb4e8,2023-03-18T13:22:12.883Z,eca7f720-5ae5-4077-b66b-ac148ffc2352
3063,,,,,,,,,,,7bc0a109f749757bffa5e8bafbe45e3a53dff898,2023-03-18T13:22:12.883Z,a7df85de-8358-4ca1-86c5-7d800f479e34
3064,,,,,,,,,,,eae2b17546367f74094ff9dbeba440f04db70e4d,2023-03-18T13:22:12.883Z,6e7eb237-bb40-4b1f-954d-a612557794a6
3065,,,,,,,,,,,03a9243f1561b1b3e15da084e84be01ca6f50561,2023-03-18T13:22:12.883Z,6ca9a15d-ace9-4b5e-af76-817bdbc63349
1546,7790,21289503.58,12088046.88,9201456.70,18285916.76,2704333.28,15053049.44,2026-05-17T00:00:00.000Z,2026-10-04T00:00:00.000Z,1839971.00,a254120a2ac04290069c55a4fef86213ffeac8cb,2026-10-04T11:25:28.362Z,e57723da-e1f8-40dd-b161-cd5c28c294a1
3067,,,,,,,,,,,86e83d9f51b905dadccdf5c7b6d6e9006a987e50,2023-03-18T13:22:12.883Z,9e0542fd-4c82-43dc-960c-0d10d2154a69
3068,,,,,,,,,,,24312949f803e00e7870c26e10af455960a1b331,2023-03-18T13:22:12.883Z,26c00ffa-19c5-4c40-bc3c-5ca8f4b0a6ac
3069,,,,,,,,,,,ba1c965471f09e4c191a8d443c412f212c24070b,2023-03-18T13:22:12.883Z,235f88dd-7eeb-4e8d-847c-c224d9c75249
3070,,,,,,,,,,,4c9f9c755bf5b3b84220fe365a31b8b7596d9139,2023-03-18T13:22:12.883Z,8975c929-d576-4665-99e3-6050301822a8
3071,,,,,,,,,,,9eeb59ae6147c883e08f57df2e09de585febe536,2023-03-18T13:22:12.883Z,7f9e167d-91bc-4925-8777-62c4368dc1f0
3072,,,,,,,,,,,642fab919712fa6fd3c497270e9f73c49fd40ea1,2023-03-18T13:22:12.883Z,77cf77c3-c4cb-4788-8270-a702135724e0
3073,,,,,,,,,,,d4f3831d35f878cd50e3dde56ea5585f2e29a8fe,2023-03-18T13:22:12.883Z,6035d4a5-a629-45e2-ac82-1284aec54424
3074,,,,,,,,,,,8a5eaf104eefe567a2555cd3db6064f6ce7ae01f,2023-03-18T13:22:12.883Z,bc13f393-45f5-45c6-8dc7-d5bad81be56d
3075,,,,,,,,,,,1eac7bb36f07c95d31bba7b0594ed6dd625eb9d7,2023-03-18T13:22:12.883Z,9824d45a-5f71-4526-8537-146186d5ef78
3076,,,,,,,,,,,ce29c1cf9f52c052c3d5a58446d847bbdec02952,2023-03-18T13:22:12.883Z,afdcf4b1-bd9a-4b7d-b7d0-88553e763272
3077,,,,,,,,,,,acc24f532760d0037c458e535cc6e17d0524d655,2023-03-18T13:22:12.883Z,b5ee914d-68bc-43a1-a69d-a7f5221a54b4
1548,3043,4252022.77,2779944.79,1472077.98,9018988.63,8786344.26,331743.56,2026-05-17T00:00:00.000Z,2026-10-04T00:00:00.000Z,262694.00,533b8d1fcb3e9ca44a1e4d514708dc6311c6c28b,2026-10-04T11:25:28.362Z,c8372c4c-bd2b-4ecd-9651-2b1ca15f6fa0
3079,,,,,,,,,,,4f62e6299e7416e6a65453f3145443faf791abee,2023-03-18T13:22:12.883Z,ff0cb541-aaf3-47dc-a61e-3d5bd5a86e06
1549,89229,190193142.59,113359261.47,76833881.12,222158975.23,132806780.95,88114657.14,2026-05-17T00:00:00.000Z,2026-10-04T00:00:00.000Z,37574846.00,f746d0a9046caed5afed506863602ede59095dff,2026-10-04T11:25:28.362Z,1f11f918-cb10-4e2b-945a-d866feb38f2b
3081,,,,,,,,,,,3a337f057267e85a3519a080002fcec17d8b8a87,2023-03-18T13:22:12.883Z,dea09e29-5195-4b48-8a63-376d18aeab95
3082,,,,,,,,,,,313436abe2f1d72b59d4cde1883acbf62217a4b6,2023-03-18T13:22:12.883Z,912de540-1ba8-49f4-806a-c5359024e142
3083,,,,,,,,,,,7b9d38e11656c9c255ebd6fa434f2cd742dda145,2023-03-18T13:22:12.883Z,a8f7bdb8-bb09-4f8f-85d9-3ee50c6f413a
3084,,,,,,,,,,,c691c257919ee43a4ccd12641cfec30348917e10,2023-03-18T13:22:12.883Z,d74a649e-42f0-4ad3-8b35-74a9f14f6b08
3085,,,,,,,,,,,388adfcec8e5755fdf753b377fe09d0cc72e0fd8,2023-03-18T13:22:12.883Z,5e2dbf79-c755-4e22-9260-ef04f8f60f06
3086,,,,,,,,,,,cd09a643373768db449327abecbc2ca85dea9f4d,2023-03-18T13:22:12.883Z,92b27adc-3937-4be1-8e85-3210501a63cb
3087,,,,,,,,,,,afe3cb45a5ab862ec80aa93cb2eb7f4a8467e7d1,2023-03-18T13:22:12.883Z,72bf5e15-404a-4913-8bd8-159a189fdebd
3088,,,,,,,,,,,0250e72d4503a7ee9fc3acfc057488a46f5ccc8f,2023-03-18T13:22:12.883Z,26b6bbdb-9a59-4706-891e-c43fe06c456d
3089,,,,,,,,,,,3297b8784a3404d67ef22ce36ce6315fa293424f,2023-03-18T13:22:12.883Z,e79ecc07-266e-4096-9580-3c0f877ead8c
3090,,,,,,,,,,,f70ebb6ece7d707515081a15d8ab9344bf7ad752,2023-03-18T13:22:12.883Z,3e57937c-93c7-48bd-983a-f2195880561e
3091,,,,,,,,,,,e8615ad214c7d1e5746826010b594f79c24cc8ab,2023-03-18T13:22:12.883Z,b8b4380a-007c-46f5-8c0a-fec05ae5a2c0
3092,,,,,,,,,,,f19636c70f72222c2666783128b9628d6545c07b,2023-03-18T13:22:12.883Z,dff9e529-0c16-4545-b269-a6a181b3763d
3093,,,,,,,,,,,62a24c0f46a9ae25b0ccc4b7180a8647a66ceac2,2023-03-18T13:22:12.883Z,c9556bb4-fdfa-4a8d-8f79-479440cb91b8
1550,4531,8514432.84,6200742.72,2313690.12,14444569.46,10517748.67,4216944.26,2026-05-17T00:00:00.000Z,2026-10-04T00:00:00.000Z,1565093.00,410bec5a8a5ba706316e1bc6f383529403b1a453,2026-10-04T11:25:28.362Z,e6b699b8-8357-457f-9104-e0b282adddc7
1551,79164,164517307.53,77889008.09,86628299.44,694779293.43,343273737.11,345028720.74,2026-05-17T00:00:00.000Z,2026-10-04T00:00:00.000Z,80168489.91,18b1cc1e7eb942bbb1b0a4d90443b99707e8c355,2026-10-04T11:25:28.362Z,601bea46-7bae-4cf5-9417-a467136b2c6b
1552,159978,416500859.48,118993520.93,297507338.55,41301481.72,24776802.29,15039652.60,2026-05-17T00:00:00.000Z,2026-10-04T00:00:00.000Z,7475103.00,0a63380374f89efbfcc97386345f405cffe43410,2026-10-04T11:25:28.362Z,d602f07f-90c4-4739-a085-112ac483e4e8
1553,4010,13371728.21,10026877.07,3344851.14,32660678.88,7583634.50,24320631.83,2026-05-17T00:00:00.000Z,2026-10-04T00:00:00.000Z,924963.00,ec67924c1b2a5f239f66d2c36f97db9158709440,2026-10-04T11:25:28.362Z,268c136d-cc08-4a4a-a98e-3b0879fe0c64
3098,,,,,,,,,,,0b13fb02e82208a04fda3c0b4880013115cb945c,2023-03-18T13:22:12.883Z,0b38e2a1-9906-450c-ba36-6770ba18334f
1554,1305,4243819.01,2991644.47,1252174.54,11948606.45,3334803.34,8317605.56,2026-05-17T00:00:00.000Z,2026-10-04T00:00:00.000Z,892147.00,0682c3cd15adc30764c59a4c777cc09ad464e2d3,2026-10-04T11:25:28.362Z,e925d26d-5425-427d-8ca9-bedee8f1ce0c
1555,953,3439214.02,2499993.13,939220.89,,,,,2026-10-04T00:00:00.000Z,154339.00,e5b1bd1fe12ea29822b239e95a56cb0847d49c2e,2026-10-04T11:25:28.362Z,84405e37-bc6d-4cf7-b8c4-d398f76ed847
1556,6123,23662227.18,13809310.51,9852916.67,25804256.17,4029934.14,21814740.52,2026-05-17T00:00:00.000Z,2026-10-04T00:00:00.000Z,2541082.00,b87690b336e4b6baf9447f2c4023833e0aab97c8,2026-10-04T11:25:28.362Z,b9615450-c18f-40aa-9541-f17a3811c940
1557,25102,86766316.64,58004959.82,28761356.82,84920787.93,11031574.14,73868265.79,2026-05-17T00:00:00.000Z,2026-10-04T00:00:00.000Z,9768599.00,59e3e28fbc7d075ffd0a11cd8c20eec1adc1b23e,2026-10-04T11:25:28.362Z,8aefb4d3-1c2a-44b6-b4bb-89d11409a784
1558,4835,19308118.50,11920902.36,7387216.14,16023728.24,5990835.26,10181058.10,2026-05-17T00:00:00.000Z,2026-10-04T00:00:00.000Z,2245014.00,59742b7fbee690484131aafc69bc9ad469876f40,2026-10-04T11:25:28.362Z,e5202a6c-68ea-4337-b944-84cb6dd39ef9
1561,180319,398620293.65,199814423.84,198805869.81,520033199.50,382120268.87,134051811.09,2026-05-17T00:00:00.000Z,2026-10-04T00:00:00.000Z,84000410.17,e1b696bbf5a83301f7336df74a27cfa774eb12ba,2026-10-04T11:25:28.362Z,3a340a83-7d25-4e51-81b0-4e8867203abb
1563,457,1785198.18,1401112.39,384085.79,4272883.41,1016901.74,3064206.40,2026-05-17T00:00:00.000Z,2026-10-04T00:00:00.000Z,406711.00,8c97a70b273c67b285111e052b7d0f1d5e1991e7,2026-10-04T11:25:28.362Z,c91fa95d-5e8f-415c-a0bb-ddd47f1c9f57
1564,2198,2883537.86,1738636.54,1144901.32,14056990.88,836069.38,11332070.41,2026-05-17T00:00:00.000Z,2026-10-04T00:00:00.000Z,825556.00,b8394547f759c40329f53329b4f781dd06178094,2026-10-04T11:25:28.362Z,d02a6f07-972b-48cc-8d09-159f6be01a27
1565,536,1612140.93,1228390.30,383750.63,11575109.97,746267.96,9612411.85,2026-05-17T00:00:00.000Z,2026-10-04T00:00:00.000Z,700048.00,8415a311dec04c9ed12750152aaab338cbbac96f,2026-10-04T11:25:28.362Z,507247a1-639e-4f28-af4e-854f48b80cb6
1566,4399,7240598.76,5778026.85,1462571.91,,,,,2026-10-04T00:00:00.000Z,213494.00,0955ab27f3215d061ccf76f49a76eff77b3b7b5c,2026-10-04T11:25:28.362Z,b0891487-2e09-4385-b1cd-cc23e67e9ce5
1569,1363,4210930.22,3076879.40,1134050.82,4045561.21,505296.22,3448743.72,2026-05-17T00:00:00.000Z,2026-10-04T00:00:00.000Z,614553.00,e50e08511fec34849b37cd3b77171dec081175eb,2026-10-04T11:25:28.362Z,e1dcec78-1983-4089-a1c2-da843acfc60b
1570,661,2275380.47,1479351.47,796029.00,,,,,2026-10-04T00:00:00.000Z,165776.00,01ca346ddc72b95e8cce9b75b3c2f3349abd7f50,2026-10-04T11:25:28.362Z,e2876a2f-4305-409a-a1b6-fdc8c3eea98e
1573,9713,12352135.45,5247474.19,7104661.26,18239754.03,9750089.85,8557703.26,2026-05-17T00:00:00.000Z,2026-10-04T00:00:00.000Z,2364984.00,55420ef8cc4c6cf95517ba2ba6189fde5ea854ec,2026-10-04T11:25:28.362Z,d6123ad1-a5e9-42b0-ad72-f7d1de9b9c72
1577,10913,21484255.07,15066521.04,6417734.03,197423205.14,49870224.98,142815220.56,2026-05-17T00:00:00.000Z,2026-10-04T00:00:00.000Z,16609685.00,541352c1bb7fb25416e037a4207edac491e4bb7d,2026-10-04T11:25:28.362Z,0d655334-4b07-4bcb-bc25-288d9257b142
1580,8205,10017388.91,4306096.86,5711292.05,97938844.86,15498901.21,82705823.90,2026-05-17T00:00:00.000Z,2026-10-04T00:00:00.000Z,5694936.00,1031fe10dfaad208d2a02a0ee45bef263296b00b,2026-10-04T11:25:28.362Z,2a46279b-5117-4566-bcf7-4b65ff90e40c
3119,,,,,,,,,,,7dbb239dc778ef08e086590dbb23515ec36ab8a2,2023-03-18T13:22:12.883Z,89a7f77f-0fea-4772-b4f3-eebed3239895
1582,358,2507569.84,1151270.77,1356299.07,5665226.65,673982.56,4624684.39,2026-05-17T00:00:00.000Z,2026-10-04T00:00:00.000Z,462000.00,62a50dab0b75e98bfc60b20e354deecd5512b94b,2026-10-04T11:25:28.362Z,d5512ebc-715e-4b0a-8e8e-cc9c029d7e0d
3121,,,,,,,,,,,88f82db5bd1a626bac114524f606766dd9894415,2023-03-18T13:22:12.883Z,a984c68e-006d-46f8-8d17-9c8afbc9ffe9
3122,,,,,,,,,,,3b7123492adc5d991111c26206e917e022f19cb7,2023-03-18T13:22:12.883Z,5c934cff-38c5-4c03-a5f3-8ca4777c88b0
1587,1496,3869721.15,3227036.68,642684.47,18696664.37,1533817.83,17149385.06,2026-05-17T00:00:00.000Z,2026-10-04T00:00:00.000Z,1651431.00,41f611cd5a98767598c1d7c6e1a359c1e4614cb9,2026-10-04T11:25:28.362Z,43781207-798f-43e9-9760-7b8a047a6bad
3124,,,,,,,,,,,96261fd09b94e4b59a51fa00b5ba7721d35fd9ef,2023-03-18T13:22:12.883Z,87e49333-4e80-4cd2-be73-b46f3661e6a6
3125,,,,,,,,,,,49c8905135685c5feb2b968f2e2655f22c075d22,2023-03-18T13:22:12.883Z,64c9de04-400a-4fec-aa0e-6e446469bf06
1588,1011,2514186.68,1782783.76,731402.92,,,,,2026-10-04T00:00:00.000Z,125025.00,30e9bd6be92e94e354209d2c44224462b8cd6329,2026-10-04T11:25:28.362Z,86dd895f-3b5c-4cbb-9b6a-c4aef2edc573
1589,2055,8072710.16,5099512.15,2973198.01,52010898.76,5303268.02,40896837.59,2026-05-17T00:00:00.000Z,2026-10-04T00:00:00.000Z,1930842.00,f5bda5ef4193b27bb2330aa35142dac8ea61ed32,2026-10-04T11:25:28.362Z,cb9f04d3-cb32-4d8c-af12-29653760dc1d
3128,,,,,,,,,,,bb6792eff03a1a33f0be02f10b23f68fd05ecc6b,2023-03-18T13:22:12.883Z,1beaa40c-5888-4786-a37d-280e85f9420b
3129,,,,,,,,,,,53378f3f766fc2dcb196465bbb52f9f4578d4da8,2023-03-18T13:22:12.883Z,d740fafb-b86e-4da9-b7e1-6f8b14e631b2
3130,,,,,,,,,,,4df6dcb707238320e0a216abe95fb6bb71b88c57,2023-03-18T13:22:12.883Z,bcb315cb-3b09-4c50-b655-dc98c02a5ca6
1593,4468,4457183.03,2100996.87,2356186.16,20455676.21,13845092.58,6485304.38,2026-05-17T00:00:00.000Z,2026-10-04T00:00:00.000Z,992916.00,29122a847e5a11bcae01c4ee54878a93678e23a2,2026-10-04T11:25:28.362Z,92098f68-1d53-4dff-84b8-a98cd15cd163
1595,21142,21566563.92,6644116.97,14922446.95,197902127.28,118790208.11,74215141.00,2026-05-17T00:00:00.000Z,2026-10-04T00:00:00.000Z,11497847.00,090da88ce84cc83538996778e61895283179bf9e,2026-10-04T11:25:28.362Z,8f2c6c46-8566-4f3c-9b63-eaa576226873
1599,74,474304.46,284815.63,189488.83,,,,,2026-10-04T00:00:00.000Z,17773.00,11a853e905a607195f07ac477462da52a070d9aa,2026-10-04T11:25:28.362Z,30673dd6-8e01-4954-9e48-592dda87deed
1603,736020,5247228011.37,3745237001.71,1501991009.66,13606524121.09,3067668403.75,10021482269.06,2026-09-28T00:00:00.000Z,2026-10-04T00:00:00.000Z,1683746188.72,fd7341961338c36d46bf6959aef03a3b9e8d08d3,2026-10-04T11:25:28.362Z,21549cbd-f2b7-4a87-bdfe-96e9b23f3759
1604,273592,1293723741.75,875831473.21,417892268.54,3223487542.03,1168229082.70,1821502428.55,2026-08-27T00:00:00.000Z,2026-10-04T00:00:00.000Z,334719377.82,febfaefd0041dd55f018a1bef943f2d5f96d7aa8,2026-10-04T11:25:28.362Z,6a78f1c0-1166-41fb-94ea-59c8473c5942
1605,55795,128279508.61,90413450.66,37866057.95,118841006.98,51144382.50,64892003.74,2026-05-17T00:00:00.000Z,2026-10-04T00:00:00.000Z,59190787.04,4666b3affbdac8568f3a5c00417b9d78696d9316,2026-10-04T11:25:28.362Z,1e8addd4-7110-4bb5-882e-63800f4e4b78
1606,251995,618379758.99,523188508.49,95191250.50,369044717.30,228259770.65,137759808.06,2026-05-17T00:00:00.000Z,2026-10-04T00:00:00.000Z,90546358.00,f971f859f65c7ef70e6903248623b728c5a2683b,2026-10-04T11:25:28.362Z,56a4fb1c-4a37-4474-a361-477a4a779c9c
1607,177191,523287256.65,417487431.21,105799825.44,674677521.29,263243141.57,350237288.40,2026-09-01T00:00:00.000Z,2026-10-04T00:00:00.000Z,131129136.85,6e03e3eab42a458917656ea4a3c7f3246591011d,2026-10-04T11:25:28.362Z,bc4ab6a9-6e49-4da8-b8b9-769da6c45ea1
1609,227182,342259581.97,150773551.02,191486030.95,1487709290.27,985002854.46,472055479.58,2026-05-17T00:00:00.000Z,2026-10-04T00:00:00.000Z,146249079.21,6bbd045036152693991b36ff3daddb4b3686fb05,2026-10-04T11:25:28.362Z,e5406c31-3a38-4b72-99f3-d9a4a8e1df23
1610,379,1102655.35,899448.72,203206.63,12314320.29,2980911.52,9342296.65,2026-05-17T00:00:00.000Z,2026-10-04T00:00:00.000Z,958210.00,41f8e2ba12fb5ae3bf4236ac3eccf0b96a43ff7f,2026-10-04T11:25:28.362Z,970788ca-4dc7-4aa9-95be-40527963c846
1612,244,885607.65,305110.65,580497.00,2507109.03,2255135.70,253661.66,2026-05-17T00:00:00.000Z,2026-10-04T00:00:00.000Z,233931.00,8517d2d82d84cb21dab685b4421abc95f9d95e92,2026-10-04T11:25:28.362Z,a2c57f3f-91f3-4635-8d6e-4da617897336
1614,1526,3640862.23,3069838.57,571023.66,7207478.21,978222.93,6165917.58,2026-05-17T00:00:00.000Z,2026-10-04T00:00:00.000Z,556944.00,39c1969d9d9bad5873b64d97c128190b7f75cd5b,2026-10-04T11:25:28.362Z,2c319fca-b475-4a8a-aaba-d28bf3a4db91
1617,109,459715.15,229744.12,229971.03,,,,,2026-10-04T00:00:00.000Z,46967.00,4840cf84cac31c67270f0b86a4656a7c4d4f8628,2026-10-04T11:25:28.362Z,1743b7cf-a0b7-49da-82b2-43ef0cb78e9d
1623,196,2170143.29,1248362.22,921781.07,9864252.61,9376912.47,267274.61,2026-05-17T00:00:00.000Z,2026-10-04T00:00:00.000Z,1519690.00,2ec9da7315fa1733cc321fe69285ffd2ccad427c,2026-10-04T11:25:28.362Z,aef2cb26-3aae-42f7-b7c5-a0fdda096456
3145,,,,,,,,,,,7334b6f6e5deba581b157e4471b1067cff710453,2023-03-18T13:22:12.883Z,71cfdc5a-ed57-4649-a3dc-85fcb187d021
3146,,,,,,,,,,,b780af9dee4818fdfa77354c75b179887892ebc0,2023-03-18T13:22:12.883Z,e88df995-9b57-4292-87d6-2a19a8676e65
3147,,,,,,,,,,,157c6affa9bfba4fdbf9b8f3a28083445704cf75,2023-03-18T13:22:12.883Z,a056196e-fadf-438c-a83f-18162d55566b
1624,163,1657653.02,805363.38,852289.64,34095882.43,33808928.54,385466.97,2026-05-17T00:00:00.000Z,2026-10-04T00:00:00.000Z,1681560.00,bd2647276de6469f37dae7ec1900d225fe39675e,2026-10-04T11:25:28.362Z,32c88060-6435-4dd0-b2f2-66f44d4de1e7
3149,,,,,,,,,,,6ca0d07bcd1c80124b7c570d77a27784f45e7bd6,2023-03-18T13:22:12.883Z,5525547f-b53c-4be3-be1f-6abe8dcb7a38
1628,2158,7031442.71,5331007.59,1700435.12,154923757.26,28266919.96,118551117.99,2026-05-17T00:00:00.000Z,2026-10-04T00:00:00.000Z,5236367.56,3861c115b2811691b227bdcf15d7936ccabf1b8e,2026-10-04T11:25:28.362Z,0d9cc859-23c6-40ec-b79c-d2284a50a992
3151,,,,,,,,,,,93489334deb47f2d0e0b3cadca908ec29330dd6a,2023-03-18T13:22:12.883Z,30fda6d5-50b4-4c34-b2a7-1566fd6fc665
3152,,,,,,,,,,,10005269f4db7f2c2ed8485a753771bb83b74c28,2023-03-18T13:22:12.883Z,25732488-29b3-4934-af20-0656b5069094
1631,441,1587654.75,964476.46,623178.29,5542439.50,736968.20,4785166.54,2026-05-17T00:00:00.000Z,2026-10-04T00:00:00.000Z,970594.00,d545a618fcb722a96cc9269bc067be7579470e1f,2026-10-04T11:25:28.362Z,f9663038-d03a-479a-9333-b4e7dd5e5126
1633,515,1067253.81,632984.92,434268.89,10198573.49,2500610.61,8553586.84,2026-05-17T00:00:00.000Z,2026-10-04T00:00:00.000Z,751110.00,2b7b42998b326195eb1005671ba9a514a684f926,2026-10-04T11:25:28.362Z,9e070202-cc6e-4aea-97c4-676e54d4ee09
1634,399,1597672.53,818504.04,779168.49,12467781.38,4130088.81,8267858.06,2026-05-17T00:00:00.000Z,2026-10-04T00:00:00.000Z,716476.00,a92dfd8e7dc3af0a465c1bd3be8f9d88bcd2c17f,2026-10-04T11:25:28.362Z,5a51875b-cde9-400c-873b-60741766d8c8
1635,721,2611696.48,1480688.19,1131008.29,16319372.80,5473768.33,10809863.84,2026-05-17T00:00:00.000Z,2026-10-04T00:00:00.000Z,3075208.00,58ab49ec9acfbd753d42e014f132be99c4e078c8,2026-10-04T11:25:28.362Z,11a21d28-0f60-41e4-8192-a711f8831ad9
1636,337,1230390.88,755400.93,474989.95,2286579.47,1024215.71,1181259.24,2026-05-17T00:00:00.000Z,2026-10-04T00:00:00.000Z,568677.00,8941c3525d108553cfb8f0ef030eb015b3a378be,2026-10-04T11:25:28.362Z,20a3b8fc-d678-4bd7-a4c8-968083ed8825
3158,,,,,,,,,,,cce87eea83aa55e871e42ae654e6f8525bd62759,2023-03-18T13:22:12.883Z,9e2bb15b-d688-48c0-bbfa-8e8b5b4c458e
3159,,,,,,,,,,,badb0e518015226140ea3f556867116c7ce11e64,2023-03-18T13:22:12.883Z,0da1ad25-4fe2-4fb0-ad31-18a11a79ccb3
1637,53,215839.32,170580.92,45258.40,,,,,2026-10-04T00:00:00.000Z,127894.00,015df51d9934e94d7a6bc506591cea9b7007205c,2026-10-04T11:25:28.362Z,9b51b386-13c6-4d74-9c57-2442cbe9983d
1640,214,627043.17,527647.90,99395.27,8107171.18,3669293.29,4061872.18,2026-05-17T00:00:00.000Z,2026-10-04T00:00:00.000Z,400486.00,fe97cbb01749f57c8ab9d9246b3e68cbefd56db2,2026-10-04T11:25:28.362Z,f248b5f4-ed24-402b-9a00-327992abbe95
1642,8234,18613563.29,16757185.29,1856378.00,18874930.28,7480717.08,11332714.43,2026-05-17T00:00:00.000Z,2026-10-04T00:00:00.000Z,1881915.00,dce58302a5240954201fdaeffc189b1f3bf050ad,2026-10-04T11:25:28.362Z,08d0bff7-9f01-4712-91d7-402db2da8076
1643,4418,8999191.49,8194081.13,805110.36,14406821.44,3129951.94,11388030.49,2026-05-17T00:00:00.000Z,2026-10-04T00:00:00.000Z,1662883.00,3f2adea76018fd3f47600bc91989d333dcfa74f0,2026-10-04T11:25:28.362Z,f214ab3c-83ae-422a-b798-5e20637c5dc6
1644,581,1013205.06,934193.09,79011.97,3764478.02,499112.39,3298125.88,2026-05-17T00:00:00.000Z,2026-10-04T00:00:00.000Z,85895.00,c70f00ad02c389bd445291ef715e121cea086a54,2026-10-04T11:25:28.362Z,58e76ffb-c42c-4810-91f6-2d1157e2e702
1649,8140,20691866.81,17761717.66,2930149.15,78962129.59,10535331.40,67954195.74,2026-05-17T00:00:00.000Z,2026-10-04T00:00:00.000Z,5503215.00,9277db44bc8b1d827ccef16731a6d7186eb9357e,2026-10-04T11:25:28.362Z,91f0fccd-a1ac-42d3-8d01-9733302e5948
3168,,,,,,,,,,,9821ff131405fb3ca848621e2ac492c8d9db63ab,2023-03-18T13:22:12.883Z,38b9a4c8-77dc-444c-98bb-3fcaf12dbcfa
1650,9306,31528398.09,24766553.19,6761844.90,218051022.04,29227725.38,175593249.20,2026-05-17T00:00:00.000Z,2026-10-04T00:00:00.000Z,10584690.00,3a1ef0b1df4c8ab31253506b2dbb2b31a86cffde,2026-10-04T11:25:28.362Z,73b3e65a-0c8a-433c-90bb-6dddc3698a0c
1651,5790,8830355.16,7477482.29,1352872.87,,,,,2026-10-04T00:00:00.000Z,1685290.00,b7928bfbf9a53170a45e5fcc19335c67278425d2,2026-10-04T11:25:28.362Z,ad1a12a1-ec59-4d32-a057-e5b918fce20e
1653,325,542186.19,431234.49,110951.70,2262523.33,2169929.36,,2026-05-17T00:00:00.000Z,2026-10-04T00:00:00.000Z,52500.00,a978e58f03d7be5a4a4f0281a6bd62d9d828aabd,2026-10-04T11:25:28.362Z,e57aed04-6ed6-420b-a858-05da38a3ff5f
1656,4015,9412548.07,8152005.28,1260542.79,7435852.31,1409408.52,6040207.37,2026-05-17T00:00:00.000Z,2026-10-04T00:00:00.000Z,2797299.00,17564a69fe950ed762e87c5d5a76613ea4c03a00,2026-10-04T11:25:28.362Z,8746a37c-420e-4fab-a58a-963b693a9fa0
1658,1972,4604303.23,3601405.13,1002898.10,7092979.92,4064041.31,2978902.66,2026-05-17T00:00:00.000Z,2026-10-04T00:00:00.000Z,843339.00,235fc143a5fb8a4e64ec61f2d97dd93e440ce85e,2026-10-04T11:25:28.362Z,e2e89e2c-ffb1-4606-b947-d26cf6ba99b7
1659,569,1734450.72,1077205.11,657245.61,32673168.62,5635097.89,26358472.57,2026-05-17T00:00:00.000Z,2026-10-04T00:00:00.000Z,37359.00,92acc837beb9714b3c315c85b1cc6c5abc4c5d5e,2026-10-04T11:25:28.362Z,0d03eb9c-f8d2-4eef-a6fe-ae897b023bef
1662,4211,12105107.36,11102170.39,1002936.97,,,,,2026-10-04T00:00:00.000Z,939730.00,bb42ac1c7d9710bc86181cb2b8b88d4028eda198,2026-10-04T11:25:28.362Z,cfa22483-8ade-419f-9b89-8ddc0f6fdc9e
1664,2635,9498514.38,9442754.21,55760.17,20136568.72,2231924.98,16598853.46,2026-05-17T00:00:00.000Z,2026-10-04T00:00:00.000Z,1660378.00,61004f251caf8f3e6e38d3ec7b0ba0bb5ea23daa,2026-10-04T11:25:28.362Z,f912bb8d-3792-42ad-af82-1f77afa3d218
1665,8173,9121209.04,6373884.58,2747324.46,112329438.73,107788894.78,2005515.19,2026-05-17T00:00:00.000Z,2026-10-04T00:00:00.000Z,7291700.00,a686be17f057646da7da55e98df4d368fdba3c41,2026-10-04T11:25:28.362Z,5195134f-ccc2-4a72-94db-c3a1980116cb
1668,1753,6102556.19,5396714.93,705841.26,10048518.85,656308.69,9236288.81,2026-05-17T00:00:00.000Z,2026-10-04T00:00:00.000Z,0.00,17fd05abef18bac1c10cf399bd9535457aa81c39,2026-10-04T11:25:28.362Z,3993f161-a7cc-44da-8a73-8c38612e4d51
1670,937,2979765.22,2744484.82,235280.40,30215066.75,1842018.13,24695916.93,2026-05-17T00:00:00.000Z,2026-10-04T00:00:00.000Z,0.00,49f0e9f59c4a0de1a8de65b579e0f8c6cc5fa0bc,2026-10-04T11:25:28.362Z,f7ee303c-3308-4367-8359-2877289625a8
1671,1012,5388213.23,4388471.79,999741.44,29307531.18,6282751.67,21592035.94,2026-05-17T00:00:00.000Z,2026-10-04T00:00:00.000Z,4299208.00,93877852c26f2fb4c86f05e57c3f8d2652b2ccf8,2026-10-04T11:25:28.362Z,e69bc2bb-b6ed-47ec-8283-5617b81561a8
1679,528,3655288.86,3024688.43,630600.43,10278159.20,7638572.95,2374495.13,2026-05-17T00:00:00.000Z,2026-10-04T00:00:00.000Z,2327370.00,8db26eebfd3a5c320e9baea54080d114f011fdbf,2026-10-04T11:25:28.362Z,d708d01c-5d5e-4082-8679-c6c729eafa0b
1680,132,943028.88,798183.02,144845.86,,,,,2026-10-04T00:00:00.000Z,238501.00,60e3086aa2ef2685aae63316613d850eaf935357,2026-10-04T11:25:28.362Z,f51fd3c2-1da1-4e39-92be-7d80c56a5dda
1685,268,862378.00,699848.72,162529.28,,,,,2026-10-04T00:00:00.000Z,0.00,2df1294aa428c8deba465201930e41a37335d86f,2026-10-04T11:25:28.362Z,b8eb1762-13ae-41e7-8071-3ebb0be11c0a
1686,313,1354036.12,906501.94,447534.18,50808150.05,29983464.90,20449721.81,2026-05-17T00:00:00.000Z,2026-10-04T00:00:00.000Z,8877853.00,8c3c596ff5a5e01a64d836f682f3c32dee3f70fd,2026-10-04T11:25:28.362Z,f93d06f5-2bb2-45f7-a5db-9e3a08a8b9e8
1687,352,1669966.27,1176166.50,493799.77,10437817.83,3032359.16,7388636.85,2026-05-17T00:00:00.000Z,2026-10-04T00:00:00.000Z,1560380.00,b0220cb2b96a038bc19347a733013087b58d9a24,2026-10-04T11:25:28.362Z,0785577b-b321-4a8e-8910-aa889bd948f8
1690,201,916208.97,706944.53,209264.44,,,,,2026-10-04T00:00:00.000Z,0.00,1b15cf16add9bec32816cb6fe34d7922e5e721dd,2026-10-04T11:25:28.362Z,b4e4dff5-0f23-49eb-9bf0-95c15fe6f5b2
1692,5215,12307474.22,11097850.83,1209623.39,85457156.97,11882512.61,62731744.96,2026-05-17T00:00:00.000Z,2026-10-04T00:00:00.000Z,1680577.00,3015ea6dede808a590530656d2310855e549d8a4,2026-10-04T11:25:28.362Z,cba9ef43-75ba-427a-8916-fc35511f6005
1693,1186,1996983.07,1834542.40,162440.67,25954650.36,3758315.10,22212449.16,2026-05-17T00:00:00.000Z,2026-10-04T00:00:00.000Z,2554032.00,64c0fc7b84b90e4bae32df7e9bdb5c6263d21313,2026-10-04T11:25:28.362Z,f09983d4-6c4c-482a-97aa-ddf1be195f30
1694,9850,18821508.61,15919488.90,2902019.71,18376605.51,10209897.79,7543513.67,2026-05-17T00:00:00.000Z,2026-10-04T00:00:00.000Z,4954462.00,d5b7de748fa52846708dda4a6aaac0a2b28a60ad,2026-10-04T11:25:28.362Z,b8a77a74-8daa-42d6-b221-ead5db32cb41
1695,1202,3509042.32,3208483.04,300559.28,23206738.62,2966351.43,20372449.16,2026-05-17T00:00:00.000Z,2026-10-04T00:00:00.000Z,3622962.00,5c30cdd62b987c74d95d048858e33fc0e407e3d8,2026-10-04T11:25:28.362Z,ecfaf76b-e932-45bc-98c6-5cc0ab05e9a7
1697,640,4865458.46,4068758.21,796700.25,,,,,2026-10-04T00:00:00.000Z,1638715.00,d5d12808460df42d72be455e83cb39db76c247fb,2026-10-04T11:25:28.362Z,862a9cd8-455a-492c-892d-53fec93b4f28
1699,2648,9846774.22,8178988.91,1667785.31,88439351.38,11507911.04,75731892.09,2026-05-17T00:00:00.000Z,2026-10-04T00:00:00.000Z,11181858.00,fedcc18d5730987747a46bb7993d78b199ff1b25,2026-10-04T11:25:28.362Z,811b47cc-1ced-4f05-9b6c-df5aff5166eb
1700,1443,2613838.46,2492287.94,121550.52,4843030.23,720243.04,4182022.67,2026-05-17T00:00:00.000Z,2026-10-04T00:00:00.000Z,660034.00,3d187e9d4e4cb7c5a6ceecf38a44f093d20fd0e4,2026-10-04T11:25:28.362Z,c6e5c8c4-4c5c-4c66-a69e-3f60cfc265b5
1702,3415,6932866.40,6347786.57,585079.83,6195844.50,455841.49,5691655.63,2026-05-17T00:00:00.000Z,2026-10-04T00:00:00.000Z,2021318.00,0a5c2cff43a93cb6b7a1762bbf3a19dc4d631411,2026-10-04T11:25:28.362Z,1fcb4bf2-5973-4d18-96cb-510f7f36be8e
1705,979,2518434.46,2301656.20,216778.26,12175172.49,670897.94,11293748.08,2026-05-17T00:00:00.000Z,2026-10-04T00:00:00.000Z,2957925.00,f324623bb7c18398ffd049521783100e5d5db03c,2026-10-04T11:25:28.362Z,4a67e669-f8fc-4cc3-8e77-df476c2adf59
1708,572,2428002.26,2213415.22,214587.04,7642999.09,1142606.34,6457306.31,2026-05-17T00:00:00.000Z,2026-10-04T00:00:00.000Z,456511.00,ed551dcd6efe407ffb981bef86dc9886497ffc2f,2026-10-04T11:25:28.362Z,151797c9-0b23-4315-acb5-470d4e0cbdab
1709,6103,25681950.62,20738900.84,4943049.78,64991768.07,5013808.21,59366574.49,2026-05-17T00:00:00.000Z,2026-10-04T00:00:00.000Z,8707734.00,3d318da868b7e5b5a323b39542376daae9369229,2026-10-04T11:25:28.362Z,9ea59cea-652e-4895-8e7c-4636d94c5148
1711,2271,18925702.89,15020214.63,3905488.26,31811618.94,3468315.72,27390490.69,2026-05-17T00:00:00.000Z,2026-10-04T00:00:00.000Z,1038831.00,f53bb010f6f2f83f99f28346c0b8d1ca18b3b714,2026-10-04T11:25:28.362Z,ae3ae124-5901-4126-8d4b-f1b267ec347a
1712,2129,10969558.71,9226623.30,1742935.41,24196877.31,1820154.23,22347310.22,2026-05-17T00:00:00.000Z,2026-10-04T00:00:00.000Z,991359.00,add3751e6b5bd85a92a87c1925cbbf3179c2e1aa,2026-10-04T11:25:28.362Z,3f62d566-8d17-4ddc-8579-41adfaf8ca2c
1717,3853,19808888.80,18218886.80,1590002.00,31229991.27,5020333.38,26018147.42,2026-05-17T00:00:00.000Z,2026-10-04T00:00:00.000Z,4153948.00,ca24b316966177b7cf9e8d7b90346a4882b60228,2026-10-04T11:25:28.362Z,81df7767-6533-44a9-8001-c2ec7575cdab
1718,1200,5648799.17,4579273.47,1069525.70,15871568.64,883626.61,14840653.64,2026-05-17T00:00:00.000Z,2026-10-04T00:00:00.000Z,1581929.00,f6002da452463388404f06db3b4d666fc6df7a25,2026-10-04T11:25:28.362Z,5f58bb0d-1731-44d4-900a-5fe7dda7ea47
1719,3027,8012383.98,7512653.08,499730.90,10250604.99,1741864.87,8492034.94,2026-05-17T00:00:00.000Z,2026-10-04T00:00:00.000Z,3247237.00,271baada2a0c0a0661a76b399709596ae7a667d1,2026-10-04T11:25:28.362Z,19093f62-2a39-4e1b-ad96-0fc0bcc2806d
1720,5495,18462462.78,15067072.08,3395390.70,10749431.03,3361846.43,7358453.32,2026-05-17T00:00:00.000Z,2026-10-04T00:00:00.000Z,4523515.00,504d7f7f9f6e446e9442a5ea4581a9762bc3e09c,2026-10-04T11:25:28.362Z,3b90b15b-34d7-43b5-986d-6f7fe37ab317
3212,,,,,,,,,,,026463a1cd1e9a6a60aa6756e8f8da42f26c0720,2023-03-18T13:22:12.883Z,2e656fbd-defb-4e95-abff-91369eed7210
3213,,,,,,,,,,,2483b21d8e0ce98b05106c8ff9f909b4e04dc52a,2023-03-18T13:22:12.883Z,a6394355-64c3-4afe-938d-2d62517012d2
3214,,,,,,,,,,,2a2dddb4ee56f3c4bbcaad0f756e457fdd7c4969,2023-03-18T13:22:12.883Z,534acf21-5d5f-4499-9514-8477da0c4f36
1722,557,1658875.80,1436946.52,221929.28,,,,,2026-10-04T00:00:00.000Z,159288.00,bf5c637962c0693eb4989ab3c66327dfdeae0a4c,2026-10-04T11:25:28.362Z,2004619d-c0cb-40a5-9594-46a36838f028
1724,2000,5101498.73,4314722.41,786776.32,,,,,2026-10-04T00:00:00.000Z,243792.00,64e68f22e98a039a3245229f4d25768f0fa8f5f2,2026-10-04T11:25:28.362Z,a436d88f-0fed-4d8f-b1d6-6afd847856c1
1726,58,432005.40,306633.18,125372.22,7797703.29,1964642.09,5559105.07,2026-05-17T00:00:00.000Z,2026-10-04T00:00:00.000Z,1248152.00,1a559cefb449360cbe576e8e4c77778e7bec12ca,2026-10-04T11:25:28.362Z,27d8d1d7-3181-408e-a5f5-1f9f95ef7a0d
1729,1499,4468107.41,4026708.01,441399.40,16677630.18,14497502.65,2274835.58,2026-05-17T00:00:00.000Z,2026-10-04T00:00:00.000Z,2708300.00,21b1f84ce62370b6fcbd98c4f5c58dc0795a8ebf,2026-10-04T11:25:28.362Z,f8ec892a-09f0-418f-b3ce-433e93b6a88d
1730,767,4461751.16,3627169.48,834581.68,,,,,2026-10-04T00:00:00.000Z,454660.00,6b0494d8e2bc428c3c43271b5164c09a9752b677,2026-10-04T11:25:28.362Z,98080a48-67a5-469c-8e10-146f8356c1c1
1731,2016,14938068.56,10900944.96,4037123.60,139746763.82,129969609.41,6686179.13,2026-05-17T00:00:00.000Z,2026-10-04T00:00:00.000Z,39873509.62,faa336d58d32d4ea3311b164f4f5e396baa53e4f,2026-10-04T11:25:28.362Z,389a4897-ade3-477a-ac85-1e02087739f1
1732,2999,4922508.64,4122801.46,799707.18,,,,,2026-10-04T00:00:00.000Z,802654.00,355cb8abdd2c744cfb117e822e45e772f17b42fd,2026-10-04T11:25:28.362Z,b0f1c1ba-d611-41f6-9a45-8c9e2395acd9
1733,1059,6402583.39,5427021.71,975561.68,55917310.24,8074400.58,45855402.11,2026-05-17T00:00:00.000Z,2026-10-04T00:00:00.000Z,15310499.00,7ebfad87d79cc5147c59e6d022f25b40ba2da977,2026-10-04T11:25:28.362Z,f0f18a2e-c387-4d9c-9b9a-e68458050f32
1734,4020,21160441.15,17930951.94,3229489.21,61335357.03,14805955.64,44277323.80,2026-05-17T00:00:00.000Z,2026-10-04T00:00:00.000Z,9535992.00,de3deb4139f9bf5a178f8f04a848c6b76b6ef248,2026-10-04T11:25:28.362Z,fd9583db-b6da-4af2-af05-4abf99a21df1
1738,199,1928655.92,1789105.28,139550.64,1112379.14,389759.18,682088.96,2026-05-17T00:00:00.000Z,2026-10-04T00:00:00.000Z,100726.00,b7a137e4ce815f05e646375212e2e96e77280dff,2026-10-04T11:25:28.362Z,e10b70a9-52a3-441b-b234-8d1d13c47741
1740,1995,7674610.07,6753570.89,921039.18,4976848.47,1106726.53,3700701.27,2026-05-17T00:00:00.000Z,2026-10-04T00:00:00.000Z,1300611.00,cab2e302bb7aedb78fede5e75e246cb1021fc1d3,2026-10-04T11:25:28.362Z,2c7e3682-8611-467e-b332-fc703ec8b67a
1744,540,4360723.47,3402839.22,957884.25,4912916.30,2051785.36,2803847.34,2026-05-17T00:00:00.000Z,2026-10-04T00:00:00.000Z,1692900.00,b67f5da89c8e4ea4174e600480641967dd55c90d,2026-10-04T11:25:28.362Z,aecff946-7899-4321-8813-83268c062222
1745,716,4069837.78,2771174.97,1298662.81,15633642.31,5888668.93,9517511.69,2026-05-17T00:00:00.000Z,2026-10-04T00:00:00.000Z,2847013.00,97c435d6c04d3248c2e03fa1b4b6e073b71336d1,2026-10-04T11:25:28.362Z,42e73f31-17f2-47fc-bc1b-f9f11cc54641
1746,210,1466605.44,1198433.35,268172.09,4765349.85,1545213.95,2883445.24,2026-05-17T00:00:00.000Z,2026-10-04T00:00:00.000Z,2271823.00,91aa46ba0985e9b88da4604b1a97f134b6fdb919,2026-10-04T11:25:28.362Z,c37919b3-5269-4866-9215-b15df7229d90
1747,917,4800659.42,3951572.59,849086.83,,,,,2026-10-04T00:00:00.000Z,493658.00,c438a8edc94b02c3168bc36ae06b619491139061,2026-10-04T11:25:28.362Z,28025158-7350-43a4-a316-92c172162d94
1749,3481,13924227.09,12299985.24,1624241.85,26045574.54,2638236.40,22891794.14,2026-05-17T00:00:00.000Z,2026-10-04T00:00:00.000Z,7387525.00,4ff7d4a7ecdc598e9efd7a3f944c63b99f6854d4,2026-10-04T11:25:28.362Z,6149cce6-6535-499f-85e7-5b58b66acdb9
1750,369,1345162.70,1061095.33,284067.37,3505637.41,779414.42,2553779.99,2026-05-17T00:00:00.000Z,2026-10-04T00:00:00.000Z,932979.00,79ac81eba34dce02a5130ec68c408d0c2c57204b,2026-10-04T11:25:28.362Z,d8aad8e6-9319-4710-bb07-26fab6e13462
1751,3200,11670465.18,10030933.28,1639531.90,39745530.51,3673107.95,35711732.95,2026-05-17T00:00:00.000Z,2026-10-04T00:00:00.000Z,7267526.00,c9a7b9dace2f9959c3ae02f921528303cdddcdf6,2026-10-04T11:25:28.362Z,7f3af59f-e604-4491-9278-4b5943d21068
1753,250,1598081.52,1371741.06,226340.46,,,,,2026-10-04T00:00:00.000Z,116373.00,0cf08b5512e75e38a6bf5b9ed726a811311e75eb,2026-10-04T11:25:28.362Z,63b06577-2670-4c79-9aab-f691365b8dc5
1755,263,1261470.96,1093134.16,168336.80,2984256.53,538799.22,3315278.37,2026-05-17T00:00:00.000Z,2026-10-04T00:00:00.000Z,211419.00,2d837b99d1f05099e7f1b3469ce87f7c39ba5f33,2026-10-04T11:25:28.362Z,e4841476-34ea-4f39-a824-de9d94a2eaf0
1756,202,1469127.78,778243.02,690884.76,2229174.06,1309273.28,785865.78,2026-05-17T00:00:00.000Z,2026-10-04T00:00:00.000Z,10909.00,423687ce41d495b912a71e16aa185321e9f848e0,2026-10-04T11:25:28.362Z,9917c824-4933-43d3-ace5-4d89a5fcc4cd
1758,381,2474803.00,2108392.05,366410.95,2676958.28,1231171.54,1431427.80,2026-05-17T00:00:00.000Z,2026-10-04T00:00:00.000Z,587931.00,8ac6bb0d9625d38c784822b72c9a2b8de1dbf034,2026-10-04T11:25:28.362Z,e40cd9f5-6549-49a7-8199-8d62e382d527
1760,166,1642832.66,1291904.60,350928.06,,,,,2026-10-04T00:00:00.000Z,196919.00,40a6a7bb374f7caeaad8560f9a2714de8fb8db00,2026-10-04T11:25:28.362Z,3258ff29-b0a5-480b-9d6a-d067473e9a50
1761,1002,2458564.00,1897324.21,561239.79,10732656.80,7148287.99,3334457.14,2026-05-17T00:00:00.000Z,2026-10-04T00:00:00.000Z,1775988.00,4a08bf298e9ebcef055364003eee13cb5cb714d2,2026-10-04T11:25:28.362Z,3a7a115f-e9c8-415c-a3e5-5517d9c5d7db
1762,134,419744.26,172931.52,246812.74,,,,,2026-10-04T00:00:00.000Z,182642.00,9e17aedc98c05ab69c4f130e7408fa78c49a149b,2026-10-04T11:25:28.362Z,ac532436-764f-41b9-8aed-a1c30671ad01
1763,24880,138694619.65,122368728.95,16325890.70,1155494246.42,250989227.19,873100944.31,2026-05-17T00:00:00.000Z,2026-10-04T00:00:00.000Z,274772523.00,ac65c71811ee974a9cd531314462e295a5b2a85b,2026-10-04T11:25:28.362Z,04e97a2d-f7bb-423b-8b3e-f0c912c4e0c4
1764,164,549480.66,447761.87,101718.79,4330036.43,4163010.38,85852.56,2026-05-17T00:00:00.000Z,2026-10-04T00:00:00.000Z,295657.00,1a80f5ba4ec2314dcdf6b4dda12c9f6c286ff194,2026-10-04T11:25:28.362Z,c859a9b3-a6bf-414f-94d6-3a47ea02f3a0
1766,10278,56449366.63,47181025.55,9268341.08,100905332.70,22002694.42,75422616.55,2026-05-17T00:00:00.000Z,2026-10-04T00:00:00.000Z,18074955.00,d13dd7aff36a526fb056c422734f137e96cd16f1,2026-10-04T11:25:28.362Z,c03b7cd9-7aeb-43c6-ab14-8604565d84d5
1768,23956,56680819.87,50120008.00,6560811.87,48563081.65,13669669.95,34007466.00,2026-05-17T00:00:00.000Z,2026-10-04T00:00:00.000Z,18525751.00,845c7b932f908870b47601fe10fcdd8bf4bc30fa,2026-10-04T11:25:28.362Z,40f70b34-ec32-4ee5-a69b-3f3ecbb669c3
1769,589,2619379.95,2404215.89,215164.06,3985862.62,417833.30,3523766.57,2026-05-17T00:00:00.000Z,2026-10-04T00:00:00.000Z,812801.00,c8fb370d05cca4efe500f047f0b7f2969f565022,2026-10-04T11:25:28.362Z,54a37dcb-18f5-42c6-b9c2-f264e6918efb
1770,737,1560229.95,1320958.06,239271.89,36258650.19,3260544.36,32835593.41,2026-05-17T00:00:00.000Z,2026-10-04T00:00:00.000Z,2865034.00,f7ab5e178fec8b10a98fba6362d978a0e1ee177f,2026-10-04T11:25:28.362Z,2d1213f0-cb58-427f-995f-a4bda7dd3dfd
1771,1752,10024142.17,8979826.09,1044316.08,53407870.95,26389243.37,26645847.98,2026-05-17T00:00:00.000Z,2026-10-04T00:00:00.000Z,6066205.00,f6de48d874fd3f7f3085f6aeb6c4d77bafa7fea5,2026-10-04T11:25:28.362Z,2021e034-1bb3-4d0b-827a-95afc45aa002
3260,,,,,,,,,,,92e71969b96d8523a5c5d72fbbf452cc92bd6f48,2023-03-18T13:22:12.883Z,ea0b5811-dd07-4139-a2fe-62c2e7234642
1773,1089,5367078.69,4930561.66,436517.03,28697245.28,13489800.61,15062995.91,2026-05-17T00:00:00.000Z,2026-10-04T00:00:00.000Z,5317199.00,e4da33f3e902052ed72d0daeefc29b2795fc2e5d,2026-10-04T11:25:28.362Z,df24d9dc-93c6-461a-8a16-ed1d92370b8d
1780,13400,34868169.30,29354250.25,5513919.05,66192238.19,41312387.20,22862265.30,2026-05-17T00:00:00.000Z,2026-10-04T00:00:00.000Z,14538117.54,ab0e928e6f19b489b43a613c0193b2f4d08a2158,2026-10-04T11:25:28.362Z,770f2f20-6667-4e25-8a3d-3380f5283ab2
1785,5383,19216129.55,17095730.28,2120399.27,98506316.90,40325973.33,54851315.87,2026-05-17T00:00:00.000Z,2026-10-04T00:00:00.000Z,15748405.00,749b40140c8df9c996136143fe80929a18bc863f,2026-10-04T11:25:28.362Z,e126d580-6f1a-4c05-b81a-0ea007290df0
1786,71169,216891469.39,165780074.74,51111394.65,710822488.44,514155849.04,153894822.40,2026-09-03T00:00:00.000Z,2026-10-04T00:00:00.000Z,187769861.39,abe02f585bdcabd567083f438d7c40bd6141ebfd,2026-10-04T11:25:28.362Z,5b9684f5-88ae-47de-b025-f4893dc9add1
1791,121439,531899888.05,412591970.54,119307917.51,2225500377.57,1312877338.97,834702854.60,2026-08-27T00:00:00.000Z,2026-10-04T00:00:00.000Z,383916059.77,f23ab732f00c72b1702dc0ae585ac66036e706d3,2026-10-04T11:25:28.362Z,f358192e-80a0-43ec-bbb3-078dd429ca1a
1792,12241,63878755.44,54137913.57,9740841.87,220671368.70,123344926.23,88386279.47,2026-05-17T00:00:00.000Z,2026-10-04T00:00:00.000Z,37080349.27,a1cf7646cd128f4deb1f65ce1ab2e24c21ffc9a8,2026-10-04T11:25:28.362Z,3ef8f998-8c37-4494-9171-a9f8143c247b
1794,1966,7176481.13,5986936.24,1189544.89,24732240.18,14079869.38,9554296.04,2026-05-17T00:00:00.000Z,2026-10-04T00:00:00.000Z,2894813.00,d9d816de539f97c8b835e75f1d62a421bb5389da,2026-10-04T11:25:28.362Z,c197538a-a588-40c5-949a-8a4ea2e1d974
3268,,,,,,,,,,,94f25b753d43146c29e5f82b4a5feb2a9f0c703c,2023-03-18T13:22:12.883Z,45ef7948-2dab-40fa-87dc-b1d791982397
1795,11107,36906116.41,31083994.87,5822121.54,25003384.15,14164269.43,9883034.52,2026-05-17T00:00:00.000Z,2026-10-04T00:00:00.000Z,3249259.00,aa97de7e5f5c0398adb4767f46fd016c2f12ab8f,2026-10-04T11:25:28.362Z,f060c81f-0267-4c0f-b1e6-c64aee178187
1798,20110,29999815.09,12559208.69,17440606.40,24194794.06,4346712.06,19387560.71,2026-05-17T00:00:00.000Z,2026-10-04T00:00:00.000Z,4813241.00,7a1ea63176d1ccf0af9b75354899eeb5652d7ba6,2026-10-04T11:25:28.362Z,89a515ac-d7a2-4fd4-8230-0cff818149de
1800,27935,64635964.92,57513293.79,7122671.13,27884821.59,10219096.54,17488404.91,2026-05-17T00:00:00.000Z,2026-10-04T00:00:00.000Z,10859257.12,79948cb76f50cab2b6fe388373da6defeaf68b59,2026-10-04T11:25:28.362Z,d744a121-8d6d-4a8e-ab5b-1f3061374f62
1809,2105,6869983.55,5100986.20,1768997.35,8529243.13,1331527.78,7090658.85,2026-05-17T00:00:00.000Z,2026-10-04T00:00:00.000Z,139569.00,f371b79e7c30a39c92dfb22927b3a07f5207f750,2026-10-04T11:25:28.362Z,82ef9b6f-ed3e-4fee-b3ef-73a09aa2e072
1810,486,3839488.88,3069213.15,770275.73,55930929.34,40263757.18,15594457.47,2026-05-17T00:00:00.000Z,2026-10-04T00:00:00.000Z,8166071.75,82a495e4d08f05244185b5e3502d3ce14a496251,2026-10-04T11:25:28.362Z,f293e7a0-6f22-46c9-9940-198cef514a41
1814,698,3674159.05,2920671.78,753487.27,985503.02,527410.50,361692.68,2026-05-17T00:00:00.000Z,2026-10-04T00:00:00.000Z,0.00,732be5eb99af0ef81df35a490b36def433715702,2026-10-04T11:25:28.362Z,d06ce565-fbcd-4d8e-95a4-efb7b390642a
1817,2059,9508184.01,8475679.70,1032504.31,53619052.20,10098859.54,40693207.06,2026-08-27T00:00:00.000Z,2026-10-04T00:00:00.000Z,10634383.44,2c435905189eacb4aa180f3b687a480de3d0cca4,2026-10-04T11:25:28.362Z,02f9cfcb-2dd9-40a8-b40b-9c07634c6cf8
3279,,,,,,,,,,,3c25cd357642fd1d6d7e92fd3b2133fbf309bee4,2023-03-18T13:22:12.883Z,37aebad0-3281-4115-8c89-6bbaea9af4cd
3280,,,,,,,,,,,5b721c706a446006f197365b5249d07c164c23a4,2023-03-18T13:22:12.883Z,b4bc94c7-07d3-4db4-850c-4cff04a74ee0
3281,,,,,,,,,,,c052ff8b825c1919dfa5583d13dd206ccb87fb70,2023-03-18T13:22:12.883Z,5f6fbae1-b399-40e4-b140-339972ffb144
3282,,,,,,,,,,,4de4f18a000c45a3db1843e3b317fcca0bcd29f2,2023-03-18T13:22:12.883Z,5fd5de0e-8d0b-47ee-be84-6584c7107aa0
1289,,,,,785818.09,84066.71,685083.81,2026-05-17T00:00:00.000Z,,305977.00,cd97ea627501a6b50c39fcf68ba15e65163a3aca,2026-09-29T13:30:22.024Z,5f74d74c-d15c-43bb-93cd-85c78de5c711
3284,,,,,,,,,,,ad11a217c8e798cf182acfff7afbfe97bc995e4a,2023-03-18T13:22:12.883Z,77fd3ecb-3212-4669-96c8-61f662eeaafd
3289,,,,,,,,,,,c6a447d79ddb49224c5a867a69dfe62131a08fe0,2023-03-18T13:22:12.883Z,91398e9d-3391-4119-b456-31db6472c4a7
3295,,,,,,,,,,,ac880b82d63e8a6f7a05f5026a96cd647030b532,2023-03-18T13:22:12.883Z,3db16b41-6005-4fb8-aeff-b417bc990ed8
3296,,,,,,,,,,,cad9be6872e2068328f5e68cf6c9de2ed4cb4302,2023-03-18T13:22:12.883Z,31b29cc3-5dfe-49e5-b9fa-80aca3f5e2fd
3297,,,,,,,,,,,d40477ee724d1819a92e0541b18e89f72ff2152d,2023-03-18T13:22:12.883Z,baf05251-1cc0-4436-9d31-2344a818fee7
3298,,,,,,,,,,,ef7eca6dcda0eb799e152814f01b1740b4d9fdf0,2023-03-18T13:22:12.883Z,648c89cc-e216-48f5-8b9d-fd8d065cdf33
1820,105,1251943.17,1000815.99,251127.18,729454.15,561493.99,144384.16,2026-05-17T00:00:00.000Z,2026-10-04T00:00:00.000Z,300107.00,2033e38ee7c47aecfb658bdd6fe7ec60f742122f,2026-10-04T11:25:28.362Z,e71c02cc-3049-43d9-934c-54ff0921d1d2
1829,2993,7862984.44,7434137.30,428847.14,114432778.94,45073912.12,63742668.39,2026-05-17T00:00:00.000Z,2026-10-04T00:00:00.000Z,15009211.00,67c63cab7f1343b0fe59753b1bdbefba295c6910,2026-10-04T11:25:28.362Z,e86e3f47-1364-428a-908a-22850c80ce70
3301,,,,,,,,,,,3ea9739b33c99b7cfc4505df8dda18d8437a3606,2023-03-18T13:22:12.883Z,4d1c0122-7ec2-45d1-8800-5549097a1db1
3302,,,,,,,,,,,e4f70b664139b4aae991e180e7e810b0579fc2ba,2023-03-18T13:22:12.883Z,26797667-7204-42b7-9d28-ac8a96c551b1
3303,,,,,,,,,,,4a078790aa4bf1d74174df14ffd2dbdc94a138ae,2023-03-18T13:22:12.883Z,4a8b53d1-1e5a-4fba-bfec-385e3c718eb4
1830,677,2441476.27,2322554.28,118921.99,29675993.97,9311835.82,19243999.22,2026-05-17T00:00:00.000Z,2026-10-04T00:00:00.000Z,3063408.00,8a7a727e8a3d8dc2f13e360b989ec0d23f730245,2026-10-04T11:25:28.362Z,3cfdd44a-755e-443d-95bd-65faa2d91ad1
1831,705,3220682.90,2916667.58,304015.32,30341897.73,2877347.78,27051645.87,2026-05-17T00:00:00.000Z,2026-10-04T00:00:00.000Z,6984586.55,e11ede2d550a09b44a886fbd56ffedde21e8d026,2026-10-04T11:25:28.362Z,5da12246-6205-42b3-93d0-445f298a32d4
1832,977,2961606.39,2685781.90,275824.49,,,,,2026-10-04T00:00:00.000Z,208629.00,c76bcb48add3658158957e0df5ff712320729f24,2026-10-04T11:25:28.362Z,c46fda24-fb17-42ca-a58c-391d675d8d10
3307,,,,,,,,,,,0f46e94149179499f56e9423f5de182e813b55a4,2023-03-18T13:22:12.883Z,5d86432f-0282-4e00-9b72-87ba1d9fa68c
3308,,,,,,,,,,,f358590cafd46e448c7c553352006ca8887d0ca6,2023-03-18T13:22:12.883Z,e5a089da-5b33-46cb-a0bb-d19591e3e1d8
1833,804,4420415.46,4020055.64,400359.82,21240762.90,1922969.31,18615824.94,2026-05-17T00:00:00.000Z,2026-10-04T00:00:00.000Z,5450849.00,7579109681e309f8e44adc3dc0fd284cbde540ec,2026-10-04T11:25:28.362Z,0418e103-d112-48b1-99ba-f541b52581a7
3310,,,,,,,,,,,462c3afebd1303735fa8e0c865492e44be261d49,2023-03-18T13:22:12.883Z,b87545ed-fd04-472a-a835-3073ba1b7513
3311,,,,,,,,,,,5c488d304155546800dd509da18279269fc910c8,2023-03-18T13:22:12.883Z,da0d9590-6803-4e5e-aaba-058711c90275
3312,,,,,,,,,,,b820bc45ed1de0c16fdead4899aa7fb069d2aec7,2023-03-18T13:22:12.883Z,9901311c-f325-480d-8c87-73d887a15814
3313,,,,,,,,,,,1faa20730cf92b5b5fbd652cb7c4df1e4e580c45,2023-03-18T13:22:12.883Z,fb83b2df-b7fe-44a1-8c74-52f73e32b27f
1834,281,1864525.69,1583637.41,280888.28,4704401.46,2875234.42,1768141.04,2026-05-17T00:00:00.000Z,2026-10-04T00:00:00.000Z,1280884.00,f01651c298b0749e5ed37e51a943f995264bddb4,2026-10-04T11:25:28.362Z,8507f4c0-6866-4524-8334-6abff5ff8288
1835,453,2075746.91,1830940.60,244806.31,18067054.08,684326.01,16888048.74,2026-05-17T00:00:00.000Z,2026-10-04T00:00:00.000Z,1369212.95,2a0569ad40a65feb72471a8ccd7ad15c2c1aced3,2026-10-04T11:25:28.362Z,2634ec7a-cf02-4070-aec8-d8d8ce1b9744
3316,,,,,,,,,,,31cd755c9fb387791b05c309f7dc7fc5454ade5d,2023-03-18T13:22:12.883Z,9ba79030-54c2-4c98-838b-c7346bc7758e
3317,,,,,,,,,,,4f3c4622b5f02af84b698c2e00e07f2d236957fc,2023-03-18T13:22:12.883Z,e1b781ac-b0ac-4266-a6e5-9fb53136e52e
3318,,,,,,,,,,,cfa49d2389079f29abafc86c7845a38c53d1ed4b,2023-03-18T13:22:12.883Z,76ebd6f4-2d62-49e5-bffc-b71172cbd1c9
3319,,,,,,,,,,,85c22e442794a98d7fdedacafff89f38e9327863,2023-03-18T13:22:12.883Z,2ff6e0d9-f488-4b51-808d-3b6d4f5cc8b3
1838,2874,13905805.19,13048600.38,857204.81,21409371.72,7864079.89,14067288.92,2026-05-17T00:00:00.000Z,2026-10-04T00:00:00.000Z,4283824.00,51cc267bd4d740b24257a958cb00d6dd09930e09,2026-10-04T11:25:28.362Z,627af960-586e-42ae-8efe-99030cc4ae42
3321,,,,,,,,,,,12454298c11d0eebab4273d49f4fc3492d7cdc19,2023-03-18T13:22:12.883Z,92bcf2eb-7817-437d-ab49-b6cf063ba777
1840,1913,7382877.18,5906743.59,1476133.59,5187726.21,1903507.66,3068546.66,2026-05-17T00:00:00.000Z,2026-10-04T00:00:00.000Z,2530307.00,719be4dd006ddca9307023e7cadeb8b45d01d2a1,2026-10-04T11:25:28.362Z,d1389411-6497-4cc0-a185-807b7a36f1a9
3323,,,,,,,,,,,53ca4b1d02d045af92c6f1bece9ff773f1f24ef5,2023-03-18T13:22:12.883Z,70973fe8-dafd-4039-b91f-b2088b50b104
3324,,,,,,,,,,,402df21a2cbaa961de7a34dc9f7141d85345081c,2023-03-18T13:22:12.883Z,9f0e24ce-10b4-4805-a917-838bd6ce26f4
3325,,,,,,,,,,,55572738e80a36b533237f907123353188c808a6,2023-03-18T13:22:12.883Z,6c0855db-0000-44de-8237-445a42cffc85
1841,3176,15106854.42,13370790.11,1736064.31,32588079.77,3694476.84,27933778.17,2026-05-17T00:00:00.000Z,2026-10-04T00:00:00.000Z,6212268.35,7a4b76a8acf16baf5ee761f47283b9971dfc70f5,2026-10-04T11:25:28.362Z,ca3a1c24-a283-416e-a4b4-3c3ad1b3fa07
3327,,,,,,,,,,,c7aa7ddc12e59eed3f904c2ffdbcbd02f91f90fd,2023-03-18T13:22:12.883Z,2e54881b-6d79-4cde-a44c-0de6a799c8a7
1842,1284,6501748.46,5943688.23,558060.23,3945262.25,540831.07,3165927.18,2026-05-17T00:00:00.000Z,2026-10-04T00:00:00.000Z,881798.00,1b398625ac2875456772c060358980239bfd1e61,2026-10-04T11:25:28.362Z,8af76846-11f4-4616-b56a-e895bbe87522
1843,588,5852701.19,2696850.42,3155850.77,19558149.68,4738750.90,14060646.74,2026-05-17T00:00:00.000Z,2026-10-04T00:00:00.000Z,3479110.00,b6aac9c63dc4588db8893f1441160448205474d3,2026-10-04T11:25:28.362Z,752e00fb-2c95-4349-b5ab-039300b40781
1846,115,2055904.84,1798705.32,257199.52,,,,,2026-10-04T00:00:00.000Z,198355.00,f98895a6c9828db6c07b0e2e2bb7a998bad85792,2026-10-04T11:25:28.362Z,8f4a90d2-7821-42f4-9b31-8aac21f70238
1847,1241,5417824.37,5010124.02,407700.35,27072334.75,5608318.67,20995181.77,2026-05-17T00:00:00.000Z,2026-10-04T00:00:00.000Z,7114907.00,477316fd1d8115d137a5c5f6f9dcdf67f333cd15,2026-10-04T11:25:28.362Z,f865f931-66e2-496f-aac1-2c331a58089f
3332,,,,,,,,,,,89a3452c16d41a52ebe56130f17ef128150d199a,2023-03-18T13:22:12.883Z,977045e1-b9a8-4e66-85d7-3f185a908872
3334,,,,,,,,,,,548b60fdd3b7f701e7efad74e7e436961d569f1e,2023-03-18T13:22:12.883Z,9a9d4735-d1c9-4c1b-a45a-708afab785a3
1855,7130,17693559.54,12307790.36,5385769.18,5883928.99,691116.89,4513565.65,2026-05-17T00:00:00.000Z,2026-10-04T00:00:00.000Z,4072594.00,eb155bf0e9d87c5c2f48f5c1b587f449b2a17f05,2026-10-04T11:25:28.362Z,b99b0f82-cdc4-4b4e-b469-fa4ef60ef450
1857,927,4626437.19,4297309.99,329127.20,41582963.17,5359964.73,32175398.55,2026-05-17T00:00:00.000Z,2026-10-04T00:00:00.000Z,1007258.00,8e425a79a5b493ff6b5ba1201e3988ee3a0cee93,2026-10-04T11:25:28.362Z,bfac88f3-5436-4198-9421-c4251c578131
3337,,,,,,,,,,,96e56c2eeb01c12c332f232fe2ce0da2cea7436a,2023-03-18T13:22:12.883Z,a708ec1e-c687-40b5-83cc-a6415f154a5e
3338,,,,,,,,,,,011345a611c54291c220327c31a4e64fe2163c1c,2023-03-18T13:22:12.883Z,c25247de-e108-4b96-8427-e41503f0d8d5
3339,,,,,,,,,,,384cb7109237745f247055828c3187463b15fb34,2023-03-18T13:22:12.883Z,c9600fdd-14f6-41aa-bbe3-3a2e45d8d014
1858,13331,58953260.17,51105421.79,7847838.38,78810622.58,7344399.87,70413212.96,2026-05-17T00:00:00.000Z,2026-10-04T00:00:00.000Z,27764486.00,fb647fcd7dae73643922c0724061b4bf0c6883e7,2026-10-04T11:25:28.362Z,d5a6037d-4969-4e95-a67a-c4400e988d05
1859,4429,22780503.01,18259342.00,4521161.01,94144289.11,33272376.92,58867918.92,2026-05-17T00:00:00.000Z,2026-10-04T00:00:00.000Z,9822639.74,f09e6ebac46a4f57b9ced13b12601aa585a5be3a,2026-10-04T11:25:28.362Z,79aac337-0e1d-419c-afb2-31ac7d8dc416
3343,,,,,,,,,,,d72e95e826deeac8f3d765eedf95fe2d959dc76b,2023-03-18T13:22:12.883Z,92420168-8329-474b-b5c1-d15964c38172
3344,,,,,,,,,,,8e4c9a8644668f49bd7210a23ef5a6d5543d17ca,2023-03-18T13:22:12.883Z,968c01bd-f4ff-435d-9c5d-c4d02bc76038
3345,,,,,,,,,,,11489fe0bf724e1bb4e570c64850f87faa34a3cd,2023-03-18T13:22:12.883Z,00880f32-105a-4caa-a15d-f5e815c86493
3346,,,,,,,,,,,31c9d282c284e96a60b8decafe6d493475f61950,2023-03-18T13:22:12.883Z,58a13312-2c80-4cc6-84fd-6bf286e814ad
3347,,,,,,,,,,,73bbeb357c119b774f39404a6bf7ef954fcf54dc,2023-03-18T13:22:12.883Z,f5c759e5-8a05-47f8-ba76-36a8a5226d23
3348,,,,,,,,,,,e84ce8ba89d56ed9373dd16a80ff2515b37b2cc9,2023-03-18T13:22:12.883Z,2fa2be64-f9bb-4e40-81db-fb5a62ca1533
3349,,,,,,,,,,,9440b93a37abf47f230e4c6b54c84123c9e91f8e,2023-03-18T13:22:12.883Z,8091a2a4-c5e1-483f-a198-4dee2f4c7541
3350,,,,,,,,,,,4ec1210378d5311faf3d3f50ae64f744a8e32c27,2023-03-18T13:22:12.883Z,3113a133-afb1-4daa-a445-34028b2ee1bf
3351,,,,,,,,,,,ca67dfb8cdac5fb29c3ec3a64a8d6a7e1670bb64,2023-03-18T13:22:12.883Z,9eddc05c-b6a9-4602-8335-0c368709c8d3
3352,,,,,,,,,,,1f24e5199d2ae75167dd709a5f597c98085129cb,2023-03-18T13:22:12.883Z,9fc1b383-a4a9-41a2-8836-00b219ecbee7
3353,,,,,,,,,,,e9836a87a81d8edbb5561d38ec908279e9a1f1f6,2023-03-18T13:22:12.883Z,f4d38443-7d4b-493f-8dc1-554ded94c1eb
3354,,,,,,,,,,,a7d5110484528ca91f4fa726285f298471d33400,2023-03-18T13:22:12.883Z,6d6cc35e-3ee1-4006-a0f7-4677163cd833
3355,,,,,,,,,,,0c650751c5f9a5bf4f57860fe60c0c9702b0527f,2023-03-18T13:22:12.883Z,651a99ba-4d36-4ec2-9289-d8e1fd34f10b
3356,,,,,,,,,,,4fe7e1caa85d88b585319b2fb8816083a91a251d,2023-03-18T13:22:12.883Z,07fc7c10-6c52-41ec-8214-9b6bc236d09a
3357,,,,,,,,,,,8acdb2d975e89caef03b6bf921577baae96cf475,2023-03-18T13:22:12.883Z,579e8e08-b653-4b5a-a1fb-03f777503bf6
3359,,,,,,,,,,,4f152c4fe26d1219c9fa8667ace752cf97d2a82e,2023-03-18T13:22:12.883Z,6033d90d-b94b-4a03-a78c-40f8fd889b68
3361,,,,,,,,,,,5f9440a75ef26295e1a70e622669ff5cacab6079,2023-03-18T13:22:12.883Z,0ad2b98c-58f8-480f-9c6f-1a047ea009a2
3364,,,,,,,,,,,cd82167f5a68f9bd79b61780c7f5172c78bf6fc0,2023-03-18T13:22:12.883Z,fa54f987-4f52-4fdb-947b-28b6b2f09391
3365,,,,,,,,,,,be6639e0cec3296a066014ecc5e540a79781a65c,2023-03-18T13:22:12.883Z,150ef065-5047-470a-aa0b-588851e3c163
1893,1115,4373420.87,4052960.37,320460.50,5802632.98,685746.08,5090363.81,2026-05-17T00:00:00.000Z,2026-10-04T00:00:00.000Z,1057567.00,06d2abf5ee4c69fd18c307c7701bae9002f17509,2026-10-04T11:25:28.362Z,f633c358-0028-4379-99e8-e119ddb2d5ac
3367,,,,,,,,,,,473c822ed91ad3556f50b4cfef306f404ae249cd,2023-03-18T13:22:12.883Z,633111b0-2982-4afd-9b1c-583adb9a9cca
3368,,,,,,,,,,,76a46f76ed04518b315863cc29efa0e38d7f5bd2,2023-03-18T13:22:12.883Z,3b43bf1e-aedb-4af2-9677-cd180e77a7ad
3369,,,,,,,,,,,387f945540919869c17094bd65b56653c8a31515,2023-03-18T13:22:12.883Z,f3e58dc5-04a5-460d-bc31-3d3209e454e1
3370,,,,,,,,,,,d9aa500fb52903a574adddaefd21ad6ebbf22e66,2023-03-18T13:22:12.883Z,3561aca9-c501-4609-9f92-79abde8ff69c
3371,,,,,,,,,,,45fe24e2305f4c47a8fbdc352f369d14748a9af3,2023-03-18T13:22:12.883Z,a1dc39cb-cbda-4d97-ad01-6d257f7bc7ed
3372,,,,,,,,,,,7525bd467fbedf8d24837a5e5a1a0e077c2d2171,2023-03-18T13:22:12.883Z,31810437-de67-4ee6-ace7-844338899267
3373,,,,,,,,,,,f25bd403653a14306fef5baf8dbedad580d1aa73,2023-03-18T13:22:12.883Z,74a8ef71-f2f3-4cb4-9b74-7dd9d0ef27d9
3374,,,,,,,,,,,de57e04ac7d8cedb0684a40392b9fc938f986e98,2023-03-18T13:22:12.883Z,6cf2cb23-79f9-4cae-8fb3-7c80ebadf0a8
3375,,,,,,,,,,,de3c6451f5bdd665ae48fab4347ae72cebd826ac,2023-03-18T13:22:12.883Z,db538b13-d0ac-4aac-9619-6b55b703044b
1292,,,,,298192794.39,143590373.09,150584527.52,2026-05-17T00:00:00.000Z,,67665966.00,eda6df8c22782455842a8fb13fff34093564e246,2026-09-29T13:30:22.024Z,2fc7b1a9-08ac-48c9-95e7-e1daf1ec30e5
3377,,,,,,,,,,,87ee82561a66fbae271ed5dcbc14055d10af9679,2023-03-18T13:22:12.883Z,248c7539-a2a6-4549-8301-aa42f1f5ab38
3378,,,,,,,,,,,39b87af367b04f4891ca83f13bbb801f543571c8,2023-03-18T13:22:12.883Z,0647b596-1c3a-47af-b53d-cb396bf70cbc
3379,,,,,,,,,,,7418998129b4b6e5b151d7167f369c43f45b1ecf,2023-03-18T13:22:12.883Z,88d8de13-7c22-4fd2-a1b2-95937e19632e
3380,,,,,,,,,,,2136676b444777923e4429ad10a37fc1879daf28,2023-03-18T13:22:12.883Z,d9474423-e270-4b3a-b841-1eebff15dd00
3381,,,,,,,,,,,e0b765f054b5f2278a4b23c693c65a70bb8a77b4,2023-03-18T13:22:12.883Z,0603ad52-8ca2-47ca-8929-5b16efdc8443
1894,14743,37138992.59,33990002.50,3148990.09,25963715.03,6402863.88,19313520.76,2026-05-17T00:00:00.000Z,2026-10-04T00:00:00.000Z,2197433.00,4371f8054a36cb64bac1b4452b10f770c76868fc,2026-10-04T11:25:28.362Z,7970a413-c350-4418-a945-a379ea65f8eb
3383,,,,,,,,,,,7a62a682a4c1208fc20f555fff9b1f2cbe9f7b7b,2023-03-18T13:22:12.883Z,d934a62e-0f70-4f91-8afc-91d60ce0d44a
1895,27602,58955382.75,56928841.41,2026541.34,25075703.85,12005581.82,12849546.45,2026-05-17T00:00:00.000Z,2026-10-04T00:00:00.000Z,10908419.35,6f71aa502a0b18d4f39e05cbf0225d962808b754,2026-10-04T11:25:28.362Z,bc41e7d8-0dce-45c5-844a-fd626ac514bd
3385,,,,,,,,,,,1f4ee1f81fd26d111ef986546cb33d4074df3f9c,2023-03-18T13:22:12.883Z,691e52d3-3582-4c0d-bbd2-7dc2eb13bbba
3386,,,,,,,,,,,c9dfc6f02ec7013b8f7199cb4d2e9b92607c7185,2023-03-18T13:22:12.883Z,3f1d4956-67a3-45a0-9c24-aadb26fbdb98
3387,,,,,,,,,,,8a86eeb73fd0a4095fe81cdeb5166f27f5ce9086,2023-03-18T13:22:12.883Z,0f05dd94-419e-49cb-9374-6aeccdc968b2
3388,,,,,,,,,,,681fdf87cd574ec06325f076f3ece7f3f064e70e,2023-03-18T13:22:12.883Z,d1711f90-f3f0-478d-af9e-e9596f18395f
1897,6712,16844812.66,15328804.40,1516008.26,31525292.67,17244437.80,13437260.92,2026-05-17T00:00:00.000Z,2026-10-04T00:00:00.000Z,8070040.93,182dc4cb0c265b74fe097b6c159b0ea009d78cb1,2026-10-04T11:25:28.362Z,0e140918-ca0b-42e5-b204-9e20621987c2
3390,,,,,,,,,,,229001204b062f28e00f8af70df7514087dddce1,2023-03-18T13:22:12.883Z,6d24fca5-309e-4b8d-86ae-9154cb72b4cf
3391,,,,,,,,,,,05d8b68dcb69e3471d304e77a73462931a30dd33,2023-03-18T13:22:12.883Z,ab433868-b14b-43a4-8e22-a998156a8aff
1904,2364,5283870.21,4941312.25,342557.96,9398848.44,3791545.17,5289868.47,2026-05-17T00:00:00.000Z,2026-10-04T00:00:00.000Z,683397.00,64ef8d5a65c81ef9131548e62e8bf6de28ae4df6,2026-10-04T11:25:28.362Z,9bab4e69-3309-4c9d-a869-1228a73ddf43
3393,,,,,,,,,,,65ec2c211e734a6254de2c0add9bec344da48348,2023-03-18T13:22:12.883Z,bdee98f7-7f93-4a39-8eab-cd6cd9d60b9e
3394,,,,,,,,,,,becfb2684f787970bf0c8f0932a7857ada8b8d4d,2023-03-18T13:22:12.883Z,4ec8920e-b68e-4852-a351-bf55ae4ca426
1906,571,4273310.03,3672674.30,600635.73,5648118.08,1734213.42,3693711.26,2026-05-17T00:00:00.000Z,2026-10-04T00:00:00.000Z,1874578.00,574be43d58a0944d00a69f78177850a42e08404d,2026-10-04T11:25:28.362Z,3eaddeca-4c33-487c-b18a-ee7b70e1fe01
3396,,,,,,,,,,,224d99e93dc4b8b1716c2ceb7b29046bfeef3a47,2023-03-18T13:22:12.883Z,56389662-b997-4759-b7d7-a1471095de3d
3397,,,,,,,,,,,508c7c42845afb4d73dbfae150e5728398b09ff2,2023-03-18T13:22:12.883Z,db1aa711-aea5-43ad-a7fa-c5273851e7ed
3398,,,,,,,,,,,346a17e45353e6c4fb4492bfb8cee9c43bcbd067,2023-03-18T13:22:12.883Z,eb047396-1f1f-4c14-b9fb-c1e89910283b
3399,,,,,,,,,,,817cdc22d8bc3df8ab979c15fdd102f977732bd4,2023-03-18T13:22:12.883Z,196e1eef-dac1-455c-beed-3668137c5413
3400,,,,,,,,,,,c1ecd224920f0ad980f0011773689243639c0e89,2023-03-18T13:22:12.883Z,3e08a172-b7d3-49dd-bae3-75daa6722138
3402,,,,,,,,,,,c9baaea53c5f0ebfb8f65875f1659e1faf7cdd9f,2023-03-18T13:22:12.883Z,1fbb3c9f-8ce5-4493-b5a6-5a1b3b75864f
3407,,,,,,,,,,,3cec118f3d887f61f2358cf87b66a37328c2b05a,2023-03-18T13:22:12.883Z,ed257fb5-0202-498b-befe-9d1dfc960938
3408,,,,,,,,,,,2505070a9ff55c93cb55787e9d93f9e65effa451,2023-03-18T13:22:12.883Z,0631e8a5-a3ab-44a0-b64e-cf2246f6c004
3409,,,,,,,,,,,356425f0e8dcece65e0843644de8dd36faa291ac,2023-03-18T13:22:12.883Z,72484bb3-4991-4acf-8b65-f333cfe185ea
3410,,,,,,,,,,,512a1ba74dbfb00ebc2820726518fbe903575fa7,2023-03-18T13:22:12.883Z,a92d6cd8-c0af-40e9-a95e-0d557f988f11
3411,,,,,,,,,,,21181fc4cf8a80054ae3ffa1f3ff5a600a096822,2023-03-18T13:22:12.883Z,b9d37846-1585-4fe5-b5dd-e42ac8582fe4
3412,,,,,,,,,,,33c75833c5c125b67ea84b56561f910879c398a9,2023-03-18T13:22:12.883Z,3888c584-11b9-4b56-95cc-aca19caf0e19
1908,301,1550487.12,1272335.45,278151.67,7358685.38,5139044.56,2016055.82,2026-05-17T00:00:00.000Z,2026-10-04T00:00:00.000Z,931412.00,7dc3690f09650632d51e1af826465aa5fe75c6cb,2026-10-04T11:25:28.362Z,79a341ed-0d35-40ae-8aaa-922e24a8a162
3414,,,,,,,,,,,bef2ab4f782fd55d1f64dac32065dfd4222e28b8,2023-03-18T13:22:12.883Z,bb412292-2152-4ce0-aa7d-d54b19064843
3415,,,,,,,,,,,00d9174dcb561c3661348c20859aca18a29b85cd,2023-03-18T13:22:12.883Z,b9b9d7a2-ce60-4893-8882-72a05f4eccdf
3416,,,,,,,,,,,dbfe3e700ffc4e1a3d284ae19ddf88a9637a057d,2023-03-18T13:22:12.883Z,c04d4659-4a97-4700-a0f4-d917c58b3b87
3417,,,,,,,,,,,206b109251a9b0753efe0dcda86436977cec59f5,2023-03-18T13:22:12.883Z,5a106c69-e1b1-4098-b49a-92efe519a93c
3418,,,,,,,,,,,dde1b7f2055537491aa2952193b4342b41ffaaa6,2023-03-18T13:22:12.883Z,0681c16f-0e9a-4444-a065-2b4ecf081825
3419,,,,,,,,,,,f4cc6eecc37f412ef3aadea8bda754f98c25180c,2023-03-18T13:22:12.883Z,ff01c58e-2e93-4258-abb6-0d0e8f0b55bb
3420,,,,,,,,,,,516e368c4084785035c76648f172891494f3711e,2023-03-18T13:22:12.883Z,da91557e-c529-4ec4-ab3f-efd7153dcc87
3421,,,,,,,,,,,44a5bc886b095a58640abea05f8eca7274ef03fd,2023-03-18T13:22:12.883Z,e65c9f81-e76d-4bee-b1ba-99fddae5b5b8
3422,,,,,,,,,,,c3a54878c4c4beb7fd085a74b0122c86b49b9c56,2023-03-18T13:22:12.883Z,b059df77-79f8-469e-aa0b-978705425a8b
3423,,,,,,,,,,,3ea2474197ef1770906e828b115d4e4a00088987,2023-03-18T13:22:12.883Z,6e31d70c-b0c2-4333-84d4-cc70781417e4
3424,,,,,,,,,,,3eb81b65e88a7158fcfa10e3114c7abe3bd9cde9,2023-03-18T13:22:12.883Z,a2244b6d-8ac9-4d0a-8610-7e87842dc119
3425,,,,,,,,,,,ce9c628a2d1ead9ea425186dc7589a5452658a27,2023-03-18T13:22:12.883Z,019cdfee-ed1c-4ed7-b745-7bfb7901464d
3426,,,,,,,,,,,295a252601a303701a7fb288982e6ce0cd5ad171,2023-03-18T13:22:12.883Z,798f8d1b-0018-4271-b0c6-7a6cbb4751af
3427,,,,,,,,,,,b0241b7e8763eb6431d2bea60abe2b2c3f829155,2023-03-18T13:22:12.883Z,ad782170-bc52-4845-8880-550b9e92f888
3429,,,,,,,,,,,7e04355d0c2260af7a02f3a289a1d16d2f7849fa,2023-03-18T13:22:12.883Z,6461f631-5e41-40ce-8309-ed310d613186
3430,,,,,,,,,,,22df3ef2e48206982857ac2ed4ef73b2bd6b16fa,2023-03-18T13:22:12.883Z,ecacdad9-0234-4dde-a9af-61b482ed5f04
3431,,,,,,,,,,,aea8545e20f8cee897b268313b5eb00cb27e528a,2023-03-18T13:22:12.883Z,62858e0a-1b71-4e33-9d6e-6d0fb159e655
3432,,,,,,,,,,,6ed810ef7230f0f2ad7e0a9b1f346c4558fae00e,2023-03-18T13:22:12.883Z,a5813aaa-790b-4100-b4e8-79c0481a439e
3433,,,,,,,,,,,55ce1717d7cdc75bbce4647d649f9936ba383efc,2023-03-18T13:22:12.883Z,cf482038-daf8-4e31-aa90-193c499609bf
3434,,,,,,,,,,,1262610b8263c0906c537887b3ea2c929a05006a,2023-03-18T13:22:12.883Z,22a942b4-cba6-41fb-a922-57753fdfaeeb
3436,,,,,,,,,,,1138ae011418b5a2635ed8d86a9ac8c0924e7907,2023-03-18T13:22:12.883Z,b428b48a-bb4b-453b-8c2d-f184e8e0248b
3437,,,,,,,,,,,0723482abceed9e787a9d2a4eacce77711eaa45e,2023-03-18T13:22:12.883Z,b0b9f0f6-3b20-4235-bad4-4eb1de874b95
3438,,,,,,,,,,,133d13afc7ba31a4a964b01ab0bfc639509642eb,2023-03-18T13:22:12.883Z,52abfe84-dabd-4cdf-bbc9-c17552e53337
3439,,,,,,,,,,,6dc38fd4b240ccd5a119c8076e5f119ae82a1af8,2023-03-18T13:22:12.883Z,9207906b-19fb-4350-89b2-be56f385ecfe
3440,,,,,,,,,,,eacbf172bbb7c74098700cd116dd994db98e7e0c,2023-03-18T13:22:12.883Z,ead7eef4-5827-4cf5-87ce-7ac751956ebd
1909,30170,169308841.30,146835020.67,22473820.63,245900207.65,61318428.82,178368706.83,2026-05-17T00:00:00.000Z,2026-10-04T00:00:00.000Z,64806420.55,99a967ee7370891305ff0a0225359b66b64c99c5,2026-10-04T11:25:28.362Z,e932bc11-42b8-440b-bccc-32a21c5427ad
1912,4258,20785856.97,17775482.78,3010374.19,22537694.93,2124005.07,19878091.74,2026-05-17T00:00:00.000Z,2026-10-04T00:00:00.000Z,7554240.74,9002d1c239ada00e473aec442b4a9583ce1eaa83,2026-10-04T11:25:28.362Z,900b0f7f-33fe-4826-928c-eaa25d2953c5
1916,228,1320029.19,843762.76,476266.43,7244942.94,961909.68,5983741.49,2026-05-17T00:00:00.000Z,2026-10-04T00:00:00.000Z,1308289.37,8fc1a5e1ada2ab5249ce5aa8cd404d747db4b27b,2026-10-04T11:25:28.362Z,a31767e3-4595-4070-81b2-23d6f62f3538
3444,,,,,,,,,,,191df8cda8739eb499b340d3b49a5b937e1aaa9c,2023-03-18T13:22:12.883Z,97c75e34-3e8d-4888-94dc-e5e46e519c56
3445,,,,,,,,,,,537360a852aef27c71a953b3c3918217e6afdadc,2023-03-18T13:22:12.883Z,dccd82b4-cc1e-4610-a0e6-08502f3c3447
3446,,,,,,,,,,,b2aac6974e4f8a3cfd5dcdca9b74c9dedb5ab2d0,2023-03-18T13:22:12.883Z,438bd535-bc65-4e88-b063-d08bfe178ca9
3447,,,,,,,,,,,6dc1f4d2378a72cd335706f0bddfdf840561d18e,2023-03-18T13:22:12.883Z,0aba27c9-70d7-49c6-a6f6-62b57c6dd103
3448,,,,,,,,,,,092d5d7c58851c26a61cd669368ffec45b0f571f,2023-03-18T13:22:12.883Z,35cca318-2616-4fdd-992a-de8e7668bc32
3449,,,,,,,,,,,3eac06a5ccc0e55119c930715e1027dc37147243,2023-03-18T13:22:12.883Z,96e452a3-de74-42b2-8dc0-dece1834b534
3450,,,,,,,,,,,e1d8c80ffbcffe246995a392a5d8aa0f3b56ca44,2023-03-18T13:22:12.883Z,18a95947-e995-4e3d-b612-ba90df1f7c97
3451,,,,,,,,,,,e649c61e67fe5a35bfbb9b9458730e9e2cdee845,2023-03-18T13:22:12.883Z,b37e43dc-6a54-4048-b75f-66bc03ebed81
3452,,,,,,,,,,,f895a085307e66eeef849a612332f44e96deb331,2023-03-18T13:22:12.883Z,739f1e61-66bd-426e-9977-b926f276723e
3453,,,,,,,,,,,203d3920e4eb10db36f8a85ccc1883c1d013bde5,2023-03-18T13:22:12.883Z,e950b27a-d070-472e-a911-4574392dec0d
3454,,,,,,,,,,,5854c55d3a97433a2b9ce37b0fe5abd621a53abc,2023-03-18T13:22:12.883Z,48c4ceb5-b5d3-4093-ad5b-a96d654eaa75
3455,,,,,,,,,,,483c4b1fe32d2e8ab9bffd3ec6120d2e1fe3121b,2023-03-18T13:22:12.883Z,c0c76e2d-9070-4a5c-bc65-dca707e2ed77
3456,,,,,,,,,,,1cdf4b6a1fd573a5635e6b56688395783d25ac4c,2023-03-18T13:22:12.883Z,ec11ff19-223d-4d7b-ad61-d383d35d3b02
3457,,,,,,,,,,,e299121d0ca5f1c9e37a64510d58d10b792d96f3,2023-03-18T13:22:12.883Z,b8bb89f8-2d72-402b-89e7-ec24065467e0
3458,,,,,,,,,,,43fbb49ad7df373c295b35c8ad3797611dc9f1ba,2023-03-18T13:22:12.883Z,ad556774-68c7-41c5-9c9e-5ebfeed7db24
1917,443,2733258.17,2425506.08,307752.09,6413129.86,2461159.33,3831516.83,2026-05-17T00:00:00.000Z,2026-10-04T00:00:00.000Z,2081508.77,0920deedfaa4c07d66e5e0205f240adad2463413,2026-10-04T11:25:28.362Z,f3481553-313b-456c-9875-efb762dab5ee
3460,,,,,,,,,,,a44b754caebef466c688d0232b35057ead7b2322,2023-03-18T13:22:12.883Z,010ab380-0f6a-477a-a85c-5faf8140c9dc
3461,,,,,,,,,,,f972683519143ef1328b5e00c2037502c111c5bb,2023-03-18T13:22:12.883Z,f2985945-3154-47b6-a409-302f46fd73ad
3462,,,,,,,,,,,1c3e79dc9328cd458ec4ef1a580c7d3534ed45d0,2023-03-18T13:22:12.883Z,b0ce3c81-d1d8-42a8-a8b5-3176d67f578e
3463,,,,,,,,,,,c5b36ad423e5871e89fc59cbaa81eb9959b2a535,2023-03-18T13:22:12.883Z,32c081f2-87f3-4500-9cf5-802f8a907d96
3464,,,,,,,,,,,d5aadb53d0702cd81ff52246cc6a427c7e50ca62,2023-03-18T13:22:12.883Z,1f3eb3ea-495e-4a40-88cd-82833bd5c9f6
3465,,,,,,,,,,,9eb629ac5ce4765fce51a40de56fb5046232c223,2023-03-18T13:22:12.883Z,82bc5b48-db72-4ae4-b343-e11775eeae7d
3466,,,,,,,,,,,0346dfacae9a18f29d554130d903f8c42c05e86a,2023-03-18T13:22:12.883Z,4bd97c22-0292-40d7-8cdc-2a188e5a2991
3467,,,,,,,,,,,1926955c0b20dd0f0d5e7dc3a3b522e39955e093,2023-03-18T13:22:12.883Z,08c43e93-cbfd-473b-b90a-5043034d5ee3
3468,,,,,,,,,,,d972520e55a53a375114f4b5d23add0da8d9da66,2023-03-18T13:22:12.883Z,88d092c2-d770-4cf3-bb43-651850a41719
3469,,,,,,,,,,,d08590a7367d5be71ea6822d7d21c992637dbe34,2023-03-18T13:22:12.883Z,c238b025-d4b3-4630-86f4-567a78522d10
3470,,,,,,,,,,,839bfbcb7b283ca45aed812318a91264af34e111,2023-03-18T13:22:12.883Z,ec50e99c-470f-4677-a6da-61472f282d9c
3471,,,,,,,,,,,39058f0a6127ede0747c80f80dc16367da6305d6,2023-03-18T13:22:12.883Z,52bf3fe5-49ac-4274-af7d-9c8b8fff765a
3472,,,,,,,,,,,f60df96ebb86c5d445cdbd3a59047f5b2ff747a1,2023-03-18T13:22:12.883Z,c85444f2-6672-494f-a7d8-77ee88e8aef0
3473,,,,,,,,,,,7ecd0f3ad1e23a32d2ee3bcac0a8a9c672447b59,2023-03-18T13:22:12.883Z,a412a440-0943-4ac5-917f-11845ec3a5b6
3474,,,,,,,,,,,0c864857f54c9364a0e1c83616603e342160a1dc,2023-03-18T13:22:12.883Z,a78465ba-4d6b-44b0-b848-249de657f70c
3475,,,,,,,,,,,0683711e7765c0af6f3e16b56614ae0d66825238,2023-03-18T13:22:12.883Z,8bd853f5-24d9-4d18-ab8d-8d5a9e159f76
3476,,,,,,,,,,,359138aee98fabb59173f078ddb5365108b0f009,2023-03-18T13:22:12.883Z,fa5cde1a-f057-4b47-b4f8-20a038802c3d
3477,,,,,,,,,,,dd420ddd0fe7c6eee80daa9f1ce9461213a67bc5,2023-03-18T13:22:12.883Z,8c13b131-bea0-45a8-8dde-a63ecf905a75
3478,,,,,,,,,,,f245092028742642748de09162c57bdc95393a94,2023-03-18T13:22:12.883Z,ce637917-0e52-4562-91cd-d4d75d5504ee
3479,,,,,,,,,,,87368f8c7cd7c496cc1a9268f3c8e6e0e5beae9c,2023-03-18T13:22:12.883Z,5eaf5461-a435-4f9f-b6d3-97815cc27ec2
3480,,,,,,,,,,,289bce4bdc6ec71111c5a7fc08e175197048bc49,2023-03-18T13:22:12.883Z,6d3c56a0-feaa-443c-b12b-ad45c34e136c
3481,,,,,,,,,,,b309385fd9a3b38cecc8ab38af7adbf09f459423,2023-03-18T13:22:12.883Z,307dfeac-c022-4deb-b4d1-43028fc719cb
3482,,,,,,,,,,,60b15cef778a6d263a0727ec231593701ae6632b,2023-03-18T13:22:12.883Z,ca37159b-2e79-4306-91a7-7f83e76345fc
3483,,,,,,,,,,,a1a94fc2eb59167faca5b14395269fe9bd050849,2023-03-18T13:22:12.883Z,db2308ce-51f3-451d-ae58-44d9baa8118d
1918,1509,5734071.83,5357378.17,376693.66,5659644.93,1263814.86,4384380.61,2026-05-17T00:00:00.000Z,2026-10-04T00:00:00.000Z,963402.00,631c385014b882e8c5d562e2146ba47a10673d3a,2026-10-04T11:25:28.362Z,fb16055b-3ffb-4efd-b7a8-3671e7413683
3485,,,,,,,,,,,1c7f97e373446fc63622e7b81c76be735d705172,2023-03-18T13:22:12.883Z,513a7894-b438-4c41-975e-40e5f81b8ffd
1925,1624,10603194.68,9706139.64,897055.04,5930565.92,1577960.80,4144901.42,2026-05-17T00:00:00.000Z,2026-10-04T00:00:00.000Z,2821027.04,a9dcf3d44e3961363904f3dc91165d5c8e70e838,2026-10-04T11:25:28.362Z,d2f7dc39-b6bf-453f-bf40-510aac86e10b
3487,,,,,,,,,,,66b0d4eef03f5612dd00957b350e025e5eb40adb,2023-03-18T13:22:12.883Z,9e97d7e9-8c16-4ca6-a69f-092d9fcf6d89
1930,8652,26440014.14,23940375.64,2499638.50,52037743.77,10928262.85,38822023.76,2026-05-17T00:00:00.000Z,2026-10-04T00:00:00.000Z,15487774.00,6fb6d51de1ea7114f1fab324b4ce3da651bcd9ee,2026-10-04T11:25:28.362Z,a16b9933-b6e7-473d-9997-1d61815969bf
1931,2617,10259307.70,8273536.99,1985770.71,19746564.26,11650760.51,7391922.75,2026-05-17T00:00:00.000Z,2026-10-04T00:00:00.000Z,2695875.00,57170a7d2e0881e4b4e952f6e87b9ab9cba38eb5,2026-10-04T11:25:28.362Z,3b9d3b1f-03cd-48ae-8281-361846b51066
1933,23454,61766041.74,48779646.72,12986395.02,11708670.41,2433475.86,8960635.38,2026-05-17T00:00:00.000Z,2026-10-04T00:00:00.000Z,11179104.00,7a3b0a9a9826b8ba3a4e8456b1b3a60ecdce8158,2026-10-04T11:25:28.362Z,0e49847e-7127-4ab8-b8e4-66abe4374de6
3491,,,,,,,,,,,b915eba9d3577dff511369cd37819a4996b6d492,2023-03-18T13:22:12.883Z,de34657d-b6a3-4706-9cec-8d323f9aeffd
3492,,,,,,,,,,,5f740afff1483313e1351600effe83a6cb31a1b9,2023-03-18T13:22:12.883Z,0df2950b-44ea-42a8-a227-51645ce5d99d
3493,,,,,,,,,,,0260b009c6ec4affd53cedd09fdf4576295a3221,2023-03-18T13:22:12.883Z,013e1c83-0935-412b-a7e8-d74ffa782b46
3494,,,,,,,,,,,60f90d6df7ab67057ca626c9189f9da56d4ce12a,2023-03-18T13:22:12.883Z,45d54ea4-159f-498f-b126-5cac9fe52381
1935,108986,374834057.94,318255926.17,56578131.77,5010717.42,734014.91,4215071.38,2026-05-17T00:00:00.000Z,2026-10-04T00:00:00.000Z,46935363.70,9bbebeeeee50ddca808d55fd53e1aa2ea390d849,2026-10-04T11:25:28.362Z,966f9802-8014-414b-b5f8-4bb5d3d8428a
3499,,,,,,,,,,,a4270dfc58a2fea772545fcbaaade1b4e2cf74e5,2023-03-18T13:22:12.883Z,52cbb100-b223-4a9e-bff0-cdb4c8a43dbf
3500,,,,,,,,,,,fd14a43c6fda2366ae00195df5785350e10310b1,2023-03-18T13:22:12.883Z,7752b74d-716b-404d-a2f7-ece972b5c7dc
3501,,,,,,,,,,,0347a75a5e99cfd2782419ac0f41a3ebb9651afd,2023-03-18T13:22:12.883Z,ac46826b-ef3f-4aa4-b4f5-0eb5c569d98b
3502,,,,,,,,,,,02e3ea19632caf34ad487966e365e71a533db7dc,2023-03-18T13:22:12.883Z,4ff1c80a-7a93-4a31-9d3d-c90e1b3a2bd9
1942,1778,5391403.13,4319424.66,1071978.47,,,,,2026-10-04T00:00:00.000Z,230611.00,23a90e32b86ba57824ebf903718021996f6b03e0,2026-10-04T11:25:28.362Z,a0def0ef-4675-42ac-9af2-8b68ff379820
1969,2031,8587666.81,6226892.07,2360774.74,19065881.00,15325917.46,3199104.26,2026-05-17T00:00:00.000Z,2026-10-04T00:00:00.000Z,4033352.91,d0ee567ad65ecc40cb85052ec3cdb7e5a9b4079f,2026-10-04T11:25:28.362Z,c417bfef-a735-4e54-b126-227fcfca32ed
1970,190,1647254.75,1412144.33,235110.42,4871305.30,1475453.09,3246920.58,2026-05-17T00:00:00.000Z,2026-10-04T00:00:00.000Z,883701.35,2c84d9b687ed3e5079828eeb631a5d2ef12dfc58,2026-10-04T11:25:28.362Z,eb31de94-2dca-4af5-ad81-c36112762e47
1971,16360,77103175.13,57308167.27,19795007.86,201043394.72,127137299.32,67088089.24,2026-05-17T00:00:00.000Z,2026-10-04T00:00:00.000Z,63346282.14,2b4846e1047b903d4962ce1a76b81fd9d608cbeb,2026-10-04T11:25:28.362Z,3792a674-8adc-4c8b-a4e0-609af7baa309
3508,,,,,,,,,,,1bfeeca9d5284d5d4f8b93aba556a5a9d09dd3f9,2023-03-18T13:22:12.883Z,519c3c97-cc4a-4beb-aae6-a775d71e1e12
3509,,,,,,,,,,,641ff23eadfb9a04eb98fac74d771cf0f16b404d,2023-03-18T13:22:12.883Z,7079a1ea-ab13-47e5-baa0-879d0f2e6a22
3510,,,,,,,,,,,53c0e7c31baa049e8f4a7791593e92e0625ba51a,2023-03-18T13:22:12.883Z,493817e8-49d2-443d-b5b4-59613e5529f2
3511,,,,,,,,,,,57fe2e35ed89d8593d9b0f51ac2da8fcc95a350e,2023-03-18T13:22:12.883Z,3496efef-abd7-4202-bd67-2b8fd98f7892
3512,,,,,,,,,,,097c6edb706d84aab2784697738d7369f7f62896,2023-03-18T13:22:12.883Z,da89a516-4e7e-4d38-9588-d25b6a9cce60
3513,,,,,,,,,,,09267d4e9734669290c92e6c3ada4ec8af18a754,2023-03-18T13:22:12.883Z,926fbb3f-f556-4a5a-82a9-318db487a7b1
3514,,,,,,,,,,,f74bf8b54b294aa30cecd9feaafb3a8266254568,2023-03-18T13:22:12.883Z,10d4f2ce-cafd-43ab-86c3-e8c1805f70fe
1972,1948,10653250.32,9120883.93,1532366.39,23621731.51,12482293.38,10375236.13,2026-05-17T00:00:00.000Z,2026-10-04T00:00:00.000Z,2809443.00,6c6dbf1f7ece9f8babb933b556360ca5855ace34,2026-10-04T11:25:28.362Z,a8f72912-f337-4996-9012-433f47270038
3516,,,,,,,,,,,9f027a3dbf76aacc2d0052a7ad1b3cb7a90644c9,2023-03-18T13:22:12.883Z,2ebad9bd-9ddd-4ed5-8907-737c02c2c744
3517,,,,,,,,,,,58218d165082e230bccc00bda27ffc09efc2934b,2023-03-18T13:22:12.883Z,6cddfd37-ef78-441f-a614-7c8a186ac8f0
1293,,,,,19890620.17,8207267.48,11605641.68,2026-05-17T00:00:00.000Z,,4034816.00,679aad72e801fe22791daff655855281f0086c14,2026-09-29T13:30:22.024Z,1b1c81f0-780e-4a7e-ac82-bfc2fdf951cf
3519,,,,,,,,,,,03cbb48ef060f9c8695d6a746e80c9be971682a1,2023-03-18T13:22:12.883Z,195c11cb-e356-4d7f-8aae-875a0cf3b304
3520,,,,,,,,,,,37f65325338989949f69289e21131d68c09e99c4,2023-03-18T13:22:12.883Z,c304439e-3586-4c82-ab98-5b078b13e58e
1973,1272,5526673.58,4096508.97,1430164.61,20288231.29,12477864.03,7231149.02,2026-05-17T00:00:00.000Z,2026-10-04T00:00:00.000Z,4331361.00,5802ddd2dfcffb9bdbe22eb31bdc9378e348454b,2026-10-04T11:25:28.362Z,9d961238-82b9-460d-8721-611fe628fe4b
3522,,,,,,,,,,,d9cac13f100d12f01d644be149ca74f17ff686b7,2023-03-18T13:22:12.883Z,754b4bd9-db58-40e5-bd48-6e5cc78a9bf1
1974,1954,8585761.30,6981406.64,1604354.66,50409497.12,18838478.32,31325015.95,2026-05-17T00:00:00.000Z,2026-10-04T00:00:00.000Z,8713370.00,bfc4499fab40f4ae89a0ccd5e6fc48011cda9e83,2026-10-04T11:25:28.362Z,e68c2369-d248-43ca-b81d-dfe67f2796c5
3524,,,,,,,,,,,3e6c9d1b7528c872ace75b3b0e3287582686a73d,2023-03-18T13:22:12.883Z,e306adc3-0690-4095-b5d3-4c030961ebcb
3525,,,,,,,,,,,32f6f502121af0c9fadc3183d25e04dcc99f2536,2023-03-18T13:22:12.883Z,3674bcb3-f1e0-4248-a7c8-259e9778d7ce
1975,4290,24279712.06,20708114.22,3571597.84,49985260.71,8202123.79,40039946.92,2026-05-17T00:00:00.000Z,2026-10-04T00:00:00.000Z,8857972.23,38822d35d10c2d2f2fd1f983d32a13d49ce8d28d,2026-10-04T11:25:28.362Z,bfc9ffa2-78b5-4d9e-9113-be2140db01b7
1976,1137,9203306.37,8283359.63,919946.74,29874525.72,5872891.36,23293964.87,2026-05-17T00:00:00.000Z,2026-10-04T00:00:00.000Z,5682652.95,8684858bf80f0512bf9e475271c91fb466b91452,2026-10-04T11:25:28.362Z,6a0ec510-d607-49e2-ab32-21cd0df958b1
1294,,,,,10347269.34,4079425.04,5840828.95,2026-05-17T00:00:00.000Z,,4277685.00,cd0ff2716608742a124da3aeba1b35e31aee684c,2026-09-29T13:30:22.024Z,649b3e81-849d-4353-9351-0cdf0c27aa0d
1979,1418,11386784.01,10011898.05,1374885.96,18433516.77,8549345.81,9665495.17,2026-05-17T00:00:00.000Z,2026-10-04T00:00:00.000Z,4213705.00,4dac602bec11e9647a2999db1996a12754589418,2026-10-04T11:25:28.362Z,c916f3d1-70a4-4875-8f58-668fb26b6698
1980,6400,37063723.45,22597542.39,14466181.06,160167969.30,63857572.56,94236534.61,2026-05-17T00:00:00.000Z,2026-10-04T00:00:00.000Z,92526566.00,fc319d9234c9238703cf8bb65579f6e5b8a0640d,2026-10-04T11:25:28.362Z,6bfb13cd-556f-4f1e-b50b-a1d59efa27a5
3531,,,,,,,,,,,0393ceaa7472da6a74cf22df32f1970add9096be,2023-03-18T13:22:12.883Z,92a7d0c5-c748-4b18-9e9d-1bbac1dddfb4
3532,,,,,,,,,,,f9c091b4f071fe49691d9ed271bba260ceb7cc8d,2023-03-18T13:22:12.883Z,036c09d3-a2df-44c2-9fb0-c9ec4c5b4cb6
1981,7468,95754618.67,93631947.01,2122671.66,224355761.70,94815719.80,119925932.45,2026-05-17T00:00:00.000Z,2026-10-04T00:00:00.000Z,71549737.00,b4dcd382770e25362345748c37993438151b6bb1,2026-10-04T11:25:28.362Z,2e1c7e6e-c3cb-466e-ad6e-a29d86724dc9
3534,,,,,,,,,,,58e40fcbc409e3052d1a1f93f5676d0175bad171,2023-03-18T13:22:12.883Z,89826852-4c32-45f1-bbc0-bf87e04ff3ea
3535,,,,,,,,,,,f4bf6a893568bfc86175406fa2b3554a7e2bfb28,2023-03-18T13:22:12.883Z,3ffff4b0-d199-49ed-8095-04c69176a232
3536,,,,,,,,,,,e2a4373e65b9ceae9d8f96e80cf76717860432e8,2023-03-18T13:22:12.883Z,373ac6c2-abe7-4970-8f45-53f6a18ee403
3537,,,,,,,,,,,30cf03c04d7dff86893e8fb431bbadd0bdea94cf,2023-03-18T13:22:12.883Z,2106fa75-e057-49e8-a0dd-d66464220b10
3538,,,,,,,,,,,214f01af75c595cd2b3769a0a65aa3393b4c1a70,2023-03-18T13:22:12.883Z,9dacb1c1-ef9e-432d-afda-fa11128a5a70
1983,1254,13543587.66,12835118.17,708469.49,7354369.96,5067819.94,2021978.02,2026-05-17T00:00:00.000Z,2026-10-04T00:00:00.000Z,1443981.00,43351bd760616e8d099df86485c6652f1169b3ae,2026-10-04T11:25:28.362Z,671de2c4-5df0-426b-99bb-531e09a37dec
1984,1207,4799393.02,4685835.84,113557.18,52112619.47,30268210.99,21041622.77,2026-05-17T00:00:00.000Z,2026-10-04T00:00:00.000Z,7676674.00,741a8f5b7e5b7a4e2ed265dba414c182dc534877,2026-10-04T11:25:28.362Z,086c38ba-861d-4722-8d69-37ca59c177e9
3541,,,,,,,,,,,e53837ffab5298d26eac2958d21b5f0e19b69047,2023-03-18T13:22:12.883Z,e99ce359-e093-4528-b2a5-c86cd59ea9c7
3542,,,,,,,,,,,8ca33d70bc3a710e2135870c1671c5f25ae3a142,2023-03-18T13:22:12.883Z,fb1f6dd6-4c7b-4810-9698-bf7bbf4a7f24
1989,302,3441115.24,2745020.87,696094.37,7155374.75,1585083.45,5405303.52,2026-05-17T00:00:00.000Z,2026-10-04T00:00:00.000Z,1653744.81,ca3a3f05baa74d92ab8f692faa0e9df16751df7e,2026-10-04T11:25:28.362Z,254afef1-9d74-4961-840e-4ddfe1baf549
1991,2266,15325102.60,14280068.94,1045033.66,13938556.78,7937513.38,5705862.98,2026-05-17T00:00:00.000Z,2026-10-04T00:00:00.000Z,1529021.39,84077e1de50951e101e187b70f34eac0cb39fce7,2026-10-04T11:25:28.362Z,4b8473ef-5b2d-441d-ac17-1621cf03a2a5
1994,1079,4904077.68,3001943.65,1902134.03,75239301.83,27509985.74,46840130.50,2026-05-17T00:00:00.000Z,2026-10-04T00:00:00.000Z,7260627.00,1cdfbaf4d1c6ce2ca8d284b7ff83265cf2153506,2026-10-04T11:25:28.362Z,5dc23ebc-d759-4e18-b9d5-6e457095b8bf
3546,,,,,,,,,,,a221e436fcdd71a07b9f8687b7980ea1af1a675d,2023-03-18T13:22:12.883Z,4545441f-42ed-42cf-a288-862a0e438fe2
3547,,,,,,,,,,,7df67c56efe3d6640e19e11bf336af9f3d0343c7,2023-03-18T13:22:12.883Z,48d0f800-72c2-4e73-9eba-2951c99c13a3
1995,556,1805969.74,1744834.03,61135.71,14747309.61,587657.83,13957354.76,2026-05-17T00:00:00.000Z,2026-10-04T00:00:00.000Z,1041788.00,f696c0502ced07d528ac1e55465a7f29baaafa1e,2026-10-04T11:25:28.362Z,67e6e4b5-a18a-4d38-836f-7ce2db40b22a
3549,,,,,,,,,,,8b6554b1667f79f7d9ed3c6f05a57c7eb5083639,2023-03-18T13:22:12.883Z,006de1f6-3207-4060-b2f2-42f8f6fcbab9
1996,2077,6708117.08,6271847.46,436269.62,42263772.07,3743449.94,38421379.54,2026-05-17T00:00:00.000Z,2026-10-04T00:00:00.000Z,7332356.37,636db99b88d6080d3f4fa64aa127e7ac85f3d4e6,2026-10-04T11:25:28.362Z,de78c968-40a9-44aa-98f5-0700ff5f90f5
1998,777,4820193.95,4623721.37,196472.58,46273268.60,20179914.61,24584420.05,2026-05-17T00:00:00.000Z,2026-10-04T00:00:00.000Z,10962304.00,09389b52b28dda25cc3e27c4245e0ee112af9256,2026-10-04T11:25:28.362Z,9a599067-dfd6-4ca0-823f-634338a1f5fc
3552,,,,,,,,,,,6d42840683035c5b08a635597d8feeb96e396d3b,2023-03-18T13:22:12.883Z,11ba12ab-6be9-4650-98ad-7c5cc5d87aba
3554,,,,,,,,,,,49fbe7d62742e843800f2ba1c28122c2cb93fee6,2023-03-18T13:22:12.883Z,fa83863e-2841-4a53-88d5-f56cee337d79
3555,,,,,,,,,,,fa1888b291db87892d72e6439e743ab5caeaf8e5,2023-03-18T13:22:12.883Z,8d082780-7f0e-4df9-8a00-7e6909350caa
3556,,,,,,,,,,,0dc114a64ec9a5cc3105facdd1f37d54ae29c99c,2023-03-18T13:22:12.883Z,d4ff3bfb-40ae-4dfc-bca8-4eae96802a96
1689,,,,,,,,,,1141292.00,47cbc77efecca00067be84176bcb8a7e1e982f54,2026-08-18T14:38:03.602Z,25a16cc1-b5f9-4d52-9469-135ab16f5ed0
3558,,,,,,,,,,,f63d5311fdd68fa907029637deb38507d4ad837b,2023-03-18T13:22:12.883Z,aa9d0a90-79b6-434b-a03d-87a43d64217b
3563,,,,,,,,,,,3ad475ba277af3915d157bcafa64a0112b0a7391,2023-03-18T13:22:12.883Z,d0ff0ab3-2086-4511-a8da-93bf8979e150
3565,,,,,,,,,,,9b96b27d274ccefe2de485ecdc6700bf67dfcc5f,2023-03-18T13:22:12.883Z,c91aa99c-7b70-4d22-b686-243f415f4919
3566,,,,,,,,,,,c80f625b516f798a627c931bce35272d0d5726b9,2023-03-18T13:22:12.883Z,2fb28b51-31a7-4f4e-bc15-a25e619dddff
3567,,,,,,,,,,,cc6bf918aec228243efb07a1bffa411977861a36,2023-03-18T13:22:12.883Z,d7e0daee-3cea-44db-8a15-25c9954922f2
3568,,,,,,,,,,,e68d597be1e2fed84e812bf083db3397756a5600,2023-03-18T13:22:12.883Z,543c9ad9-7d81-49e2-a255-9ae21b0a6b0c
3331,,,,,,,,,2026-10-04T00:00:00.000Z,,2ca80f3ad75b9dbbfc868f8f1286295206309c8a,2026-10-04T11:25:28.362Z,b0dff7f9-274f-4071-a33b-768bca5fb4b8
3570,,,,,,,,,,,a135b3c4c0387342d27627d092910bc30d3f4bdd,2023-03-18T13:22:12.883Z,0b4c510c-8608-40f8-b9b7-ad2f4ae11e11
3571,,,,,,,,,,,d12b2eaf1e6d463d135171473a7470366650b312,2023-03-18T13:22:12.883Z,2109b00d-f288-4f51-a826-5f7f604cb466
3572,,,,,,,,,,,a568d7817f6fe747189fc8d65a24c8095cb2a227,2023-03-18T13:22:12.883Z,3f910be4-d2e2-492a-8326-51a755a7c3c1
3573,,,,,,,,,,,34a4eb1fe6da56761dc7b2f9dc49bef354cf3f0f,2023-03-18T13:22:12.883Z,8bec464d-b037-4736-a9b6-56fd01ef74da
3363,244,908559.23,368377.93,540181.30,4019671.87,3877401.87,,2026-05-17T00:00:00.000Z,2026-10-04T00:00:00.000Z,,a7e2e2513de17aa94e45e5d5f26fa96f320d2b3f,2026-10-04T11:25:28.362Z,d763e36f-2526-42ea-88f4-86829cd8ed35
3575,,,,,,,,,,,3d716814336e78e6bfc4c707a14f65dfb014edc3,2023-03-18T13:22:12.883Z,783a5763-b113-446e-bdee-a31e5aed79bf
3576,,,,,,,,,,,2a776ec414e8faca7c7f85843bab889f2131c3e2,2023-03-18T13:22:12.883Z,910a4469-269f-46df-a9e7-27c7332c068e
3560,91,1195363.31,701179.76,494183.55,86145117.35,80044342.73,,2026-08-03T00:00:00.000Z,2026-10-04T00:00:00.000Z,,a006c316173e6e6f6b8f1b29051c4c36c875a2b5,2026-10-04T11:25:28.362Z,8513288a-f942-4f6d-baf7-c89826fdfb9f
3578,,,,,,,,,,,6e92518e931e141c7e04b1e8b92ba7aa68bc13c2,2023-03-18T13:22:12.883Z,39f8a714-1f80-4e3b-981d-a43a1a21be76
3579,,,,,,,,,,,40ac6fb5f76a5be60e87bc5c3e9c6620fc31e86d,2023-03-18T13:22:12.883Z,2fb06668-c3e8-4562-8bc8-671c64e05bdd
3580,,,,,,,,,,,ed836dc11ba61322f93323efa4716430309bc231,2023-03-18T13:22:12.883Z,c7c1f92f-e716-4019-bbfd-5ef10a8a2ebc
4000,182,1754570.75,1421006.46,333564.29,2663059.78,938126.84,1700712.97,2026-05-17T00:00:00.000Z,2026-10-04T00:00:00.000Z,68035.00,e80531b39a5a2d67b45cf0e8a709eed8d84f0792,2026-10-04T11:25:28.362Z,20a98246-b1f2-4e27-8c4a-179abc7f3115
4001,390,1428515.82,1294869.53,133646.29,10545798.69,300886.00,10137191.90,2026-05-17T00:00:00.000Z,2026-10-04T00:00:00.000Z,561231.00,af32d33a3483cc6a6ebf8700015a8228f4757b1b,2026-10-04T11:25:28.362Z,5abc6cf5-8b9e-4ae4-956b-4c3e47db3a11
3583,,,,,,,,,,,be307bde3af93f23946ee4d9cba88f500205ca03,2023-03-18T13:22:12.883Z,7b3957a3-a882-49b0-a780-60d09958ad2f
3584,,,,,,,,,,,00578801fae96345990142c40bdf7e5bf0f18334,2023-03-18T13:22:12.883Z,f124637e-3c02-4b50-88d3-f6107a15c628
4008,500,2868196.73,2465840.29,402356.44,2569085.90,570339.25,1875981.61,2026-05-17T00:00:00.000Z,2026-10-04T00:00:00.000Z,1262124.23,8ac55be76d215d5aa770bb99e7ee108a2d84aecc,2026-10-04T11:25:28.362Z,9d3319bd-62fa-4f17-a0b3-699e16c808c2
4012,457,3145110.51,3079543.32,65567.19,21739243.52,13858567.53,7297543.86,2026-05-17T00:00:00.000Z,2026-10-04T00:00:00.000Z,6470493.00,fdd5e9d2763356ae948372d339a29c4e77e72818,2026-10-04T11:25:28.362Z,87e3888f-217d-4c36-8ffb-2b9f823bbe86
3587,,,,,,,,,,,cc8f06b7f563d1d4687c594a5cb16566fbf70c1d,2023-03-18T13:22:12.883Z,9cdfe3d2-59d5-4fa6-8c7e-3cf643b34d69
3588,,,,,,,,,,,00f9e94ad77d7c666ec050f3d4535f19be077986,2023-03-18T13:22:12.883Z,0c5803cf-8c3b-4605-8cba-2793fc101a5b
4013,469,4310797.51,4180886.62,129910.89,62808331.04,39653114.37,22791728.50,2026-05-17T00:00:00.000Z,2026-10-04T00:00:00.000Z,14976650.61,e748cc1847a667145b9c13439d0941612006d6bd,2026-10-04T11:25:28.362Z,c67aa4f3-eea7-4345-a2f9-4ff8c546cb66
3590,,,,,,,,,,,9d33bbdbe90bf128097f87d6e976486906bef9e9,2023-03-18T13:22:12.883Z,087e0d1e-5ef2-4c7f-8273-c90d5458875e
3591,,,,,,,,,,,1b8291e3ff34d81c80b144c424978dbe4bea9c18,2023-03-18T13:22:12.883Z,6d440e3f-9bda-488c-9be8-f5e64a6c7b52
3592,,,,,,,,,,,e366e84880fca5f389dba35f9f08031322aeb184,2023-03-18T13:22:12.883Z,b94ca91d-54d7-4a59-a040-bdee57e1973c
4017,27590,33464676.55,15360258.73,18104417.82,55113218.14,12579155.93,41210213.97,2026-05-17T00:00:00.000Z,2026-10-04T00:00:00.000Z,9668782.00,d8e24a66e9d2de123206ad80f38eef82b377c959,2026-10-04T11:25:28.362Z,27e8f548-adf3-494a-a10c-ec747ea4f437
4019,10262,37240322.89,31057955.45,6182367.44,87544413.27,50103752.51,36024124.70,2026-05-17T00:00:00.000Z,2026-10-04T00:00:00.000Z,14541597.19,8c9e102f92199f1c65b61dd968b16f2e035ddc3c,2026-10-04T11:25:28.362Z,fd790b02-6263-442c-91f4-506882d0b720
4020,22892,102809877.74,95805556.10,7004321.64,564758917.65,168121327.15,386419458.91,2026-06-26T00:00:00.000Z,2026-10-04T00:00:00.000Z,64309784.84,64f92bb146f29f720f455043ed7475f7600c3395,2026-10-04T11:25:28.362Z,50185a14-47f4-4281-802f-834586e1718a
4021,49267,176786317.62,162548238.97,14238078.65,122651525.59,61673820.17,57156658.82,2026-05-17T00:00:00.000Z,2026-10-04T00:00:00.000Z,34929457.75,e92ac0a24fe6a81ad065842599ccaf02dd545a38,2026-10-04T11:25:28.362Z,130f4f56-9d13-411a-bc7d-927ff4a632c0
4022,3640,23207247.52,21623111.95,1584135.57,216779434.40,34683727.73,175197818.53,2026-05-17T00:00:00.000Z,2026-10-04T00:00:00.000Z,25002992.05,ebe7ce3335330bd10251e1e4076f19cdc7543969,2026-10-04T11:25:28.362Z,a3618b36-bb51-4058-81b0-0c112d1d395a
4023,2878,9496114.46,8829702.19,666412.27,42839904.43,24539129.57,17507245.83,2026-09-04T00:00:00.000Z,2026-10-04T00:00:00.000Z,7392909.62,c378cbad7de987bc7746ed4c440c5e86ac0161cf,2026-10-04T11:25:28.362Z,0eb89e3e-36e4-442b-9990-4339968151e8
4025,18273,41528546.57,37917812.34,3610734.23,25613594.01,5469230.47,19421969.02,2026-05-17T00:00:00.000Z,2026-10-04T00:00:00.000Z,9303493.00,c421d4f037f154efcfb6b9aeb890b467dcef4f54,2026-10-04T11:25:28.362Z,610e23d4-d49f-4715-b62f-6f5c1d57bdbd
4026,226,1262644.95,1137683.84,124961.11,17861260.90,1725548.52,15992001.44,2026-05-17T00:00:00.000Z,2026-10-04T00:00:00.000Z,1798709.00,e2cacb1782ebcdfddb51104aba74be058daeafbf,2026-10-04T11:25:28.362Z,85ff6134-be33-4394-a8c9-2cc054cb2967
4028,695,5559369.20,5303982.24,255386.96,30463593.38,7974821.48,22317028.90,2026-05-17T00:00:00.000Z,2026-10-04T00:00:00.000Z,5152535.93,adf6e50c8f10b8d8927718d43247335624d1abd2,2026-10-04T11:25:28.362Z,72155411-aa7d-4b97-a5b5-cfe90ce89730
4029,996,14263187.00,11522577.32,2740609.68,46820167.20,38788798.48,5645747.00,2026-05-17T00:00:00.000Z,2026-10-04T00:00:00.000Z,11865026.97,26ebbe445c7a587a9e5bbd1ae3b77e01d55c1261,2026-10-04T11:25:28.362Z,5521315a-aa6b-4c93-b14b-8c2d9b64e1c7
4030,25397,103504091.89,93779140.15,9724951.74,147507381.72,22923887.39,122143055.25,2026-05-17T00:00:00.000Z,2026-10-04T00:00:00.000Z,32923328.70,14008ae3a215bba4b2582bbc8f713323f278ac7e,2026-10-04T11:25:28.362Z,41a52a7f-97a0-4c23-81d6-b27c5faac7eb
4031,10230,55138473.82,49047945.56,6090528.26,320422176.95,39203988.26,276323764.39,2026-05-17T00:00:00.000Z,2026-10-04T00:00:00.000Z,26418205.34,088655804f2e81b949d6934cfc53e9417047de44,2026-10-04T11:25:28.362Z,90b32d19-d860-418f-b94f-280a4b89e7be
4040,1718,1335491.28,511993.98,823497.30,,,,,2026-10-04T00:00:00.000Z,86362.00,9b828d1348874eaef27b9513b1b6d98868695c18,2026-10-04T11:25:28.362Z,e8a3acfe-d887-4351-8e2c-a4d017b79fd7
4042,6416,16621823.60,16561667.23,60156.37,43550470.92,6275158.24,36377833.10,2026-05-17T00:00:00.000Z,2026-10-04T00:00:00.000Z,6056785.30,2f88291807d7d7c0050123f69d97568130554591,2026-10-04T11:25:28.362Z,d4e0754b-dfcf-40b1-ae9f-e3f32f71778b
4052,266,942962.56,772152.24,170810.32,,,,,2026-10-04T00:00:00.000Z,146221.00,8d5811cc1d243c2e17d9dc448b340e7acabbd5f9,2026-10-04T11:25:28.362Z,6deb1f63-0131-4a72-962f-af9d5bc809e8
4057,1736,10409047.22,8338020.41,2071026.81,14924163.49,8524322.90,6022595.23,2026-05-17T00:00:00.000Z,2026-10-04T00:00:00.000Z,3068640.41,d83bca6fc19a809c551b70b942805e0f5e4c806e,2026-10-04T11:25:28.362Z,33c60fd8-ea11-44cf-b424-a934e8dcdf46
4058,284,1727998.34,1351977.81,376020.53,4896874.71,2736682.82,2000834.89,2026-05-17T00:00:00.000Z,2026-10-04T00:00:00.000Z,533707.11,158ae6df2c7e52bd41938409f71bd0111a362b12,2026-10-04T11:25:28.362Z,538ff4fd-9e33-4338-a2c7-e5546dc71fe8
4059,663,2455408.10,2267219.55,188188.55,6904030.53,1196316.38,5662210.15,2026-05-17T00:00:00.000Z,2026-10-04T00:00:00.000Z,915156.00,98827eebf98802bc9dee93a558cbea55b9ffb833,2026-10-04T11:25:28.362Z,b31fab5f-beba-4f90-8d77-73cd4aa353b0
4060,187,1042290.55,810073.94,232216.61,,,,,2026-10-04T00:00:00.000Z,0.00,8bf610fa48f3e34b15d81844c42ca22b7778af52,2026-10-04T11:25:28.362Z,9fa1d746-3f2a-4a8f-9b98-292c6112ff4e
4061,505,2522604.92,2267734.49,254870.43,3974478.97,1522105.19,2420589.78,2026-05-17T00:00:00.000Z,2026-10-04T00:00:00.000Z,569670.00,2ef631e96bb7c1d23d596e30bcc0e897637aedb8,2026-10-04T11:25:28.362Z,ed6c5048-777f-4117-85b7-da524bc36cdc
4068,6757,27791929.44,24637879.91,3154049.53,48651262.66,8196976.54,34737383.01,2026-05-17T00:00:00.000Z,2026-10-04T00:00:00.000Z,13695681.40,95b60810323ca0398fd9c53077170dacbb14dbc2,2026-10-04T11:25:28.362Z,527c33b3-5d1e-4819-aa38-e1d86be94e00
4071,1191,2784278.58,2497021.85,287256.73,11718720.76,10555032.44,1123798.87,2026-05-17T00:00:00.000Z,2026-10-04T00:00:00.000Z,1736368.00,c4a966d5651971e9f05ef0c5c61a0512b432adbf,2026-10-04T11:25:28.362Z,8f2a524a-798d-4045-99d4-de5e6a596d16
4078,387,7115053.78,6471155.03,643898.75,,,,,2026-10-04T00:00:00.000Z,601235.07,35a471cce3994d2e1c0170eb488805eba8c8f550,2026-10-04T11:25:28.362Z,327ba4cf-ab6e-4237-bf83-e4df27fff6fc
4080,45297,141493695.57,118543111.68,22950583.89,298424037.30,208717122.17,79664740.13,2026-09-03T00:00:00.000Z,2026-10-04T00:00:00.000Z,49353357.25,b68aefc7c491d617a6a77fdaf24e79f22b3fec5f,2026-10-04T11:25:28.362Z,4d3243f0-898d-4e24-8fd7-819a5a43f570
4081,6663,18066465.05,15342803.23,2723661.82,37353589.68,18223584.12,18039199.03,2026-05-17T00:00:00.000Z,2026-10-04T00:00:00.000Z,6780294.00,e20925ef3b1aff478b82f4f66e6e0105df1925dd,2026-10-04T11:25:28.362Z,337a8053-e720-409c-a46a-c13a1c4896bc
4085,117643,1012579287.02,866601003.46,145978283.56,14855985444.94,2682795845.59,11969839663.30,2026-10-01T00:00:00.000Z,2026-10-04T00:00:00.000Z,1383587779.10,7e47bc7b7465bb579c56f09ea22f476709d58695,2026-10-04T11:25:28.362Z,5385c27a-dfba-4f65-a493-aff6a8b6ca7f
4086,61335,421688705.70,364812534.83,56876170.87,2463381134.87,731644010.97,1666998037.33,2026-09-21T00:00:00.000Z,2026-10-04T00:00:00.000Z,265625524.31,3766ee0447ecfe647b1836b881d75704dff4bf5d,2026-10-04T11:25:28.362Z,1cbf2441-61c4-4735-bdac-805f5f3d492c
4087,2970,15411911.44,14281595.20,1130316.24,57541959.41,37941288.29,18012261.87,2026-09-17T00:00:00.000Z,2026-10-04T00:00:00.000Z,9402903.16,b15f6d217df6b9b7c7964216cad5561594109471,2026-10-04T11:25:28.362Z,97c667f6-28df-40fe-ad2e-07ef123dadeb
4089,105,421340.81,378748.80,42592.01,8734303.07,4789849.95,3621726.12,2026-05-17T00:00:00.000Z,2026-10-04T00:00:00.000Z,1213946.54,72e7a34498d0087dd7ac71300eeb0dc2f9507e60,2026-10-04T11:25:28.362Z,97ef9502-efe4-4c17-80a3-07f3b006ff74
4091,732,2592961.32,2168049.22,424912.10,30749448.69,21862022.20,8497041.39,2026-05-17T00:00:00.000Z,2026-10-04T00:00:00.000Z,4312949.96,1199c76dddf4fd849785d1bf23f8338596537a4e,2026-10-04T11:25:28.362Z,ca1e66f5-2b58-486a-9a69-d7a7d67809eb
4101,771,3399662.30,2464696.46,934965.84,4461112.39,2817723.86,1493370.53,2026-05-17T00:00:00.000Z,2026-10-04T00:00:00.000Z,812102.00,e684f950965ff413bd1b8bc88353e1c4fd49cc0e,2026-10-04T11:25:28.362Z,4b2188ad-5799-4b99-bdbd-4f51097b265b
4116,62398,169205736.75,147019451.18,22186285.57,32487770.90,8789924.66,22468613.24,2026-05-17T00:00:00.000Z,2026-10-04T00:00:00.000Z,24958638.42,2ee23417d0d77e5bbceed1423c0642960290ea48,2026-10-04T11:25:28.362Z,f395ab4b-35c1-4017-b4cd-a6a2573850ca
4117,3663,15130900.23,10414680.88,4716219.35,55032768.45,29463353.30,23904275.15,2026-05-17T00:00:00.000Z,2026-10-04T00:00:00.000Z,9193060.93,058b323a6a033e2ee0a7ee095ceced9f93022edd,2026-10-04T11:25:28.362Z,d0091816-83ed-48be-8870-09d2b175e50b
4122,292,3490150.63,1613360.14,1876790.49,33351764.74,10572239.92,21414074.33,2026-05-17T00:00:00.000Z,2026-10-04T00:00:00.000Z,4080910.00,0d034194438c24030ff5b840fc4e9f0f6bdc32ee,2026-10-04T11:25:28.362Z,f3518f60-1d6b-4b40-a65f-2a856a80f80a
4145,16551,61848927.77,56909350.93,4939576.84,373022431.09,50627509.56,310355442.27,2026-09-14T00:00:00.000Z,2026-10-04T00:00:00.000Z,57121301.29,03b88a8d8982e030debde27869a9060f9cc40a64,2026-10-04T11:25:28.362Z,3772f80c-6d07-49e7-9bcd-f421f2554e64
4157,381,2858538.97,1616075.25,1242463.72,,,,,2026-10-04T00:00:00.000Z,247424.87,887302940cfe69ceaa611625e396f24ec432acfd,2026-10-04T11:25:28.362Z,de007dd3-1f8e-4f6b-a937-7d66f688e610
4168,595,2091456.75,375239.09,1716217.66,28624712.03,25863745.73,1979841.04,2026-05-17T00:00:00.000Z,2026-10-04T00:00:00.000Z,4277895.96,6ee275d8d629b6d43a24440abb4b9a9075ac82e7,2026-10-04T11:25:28.362Z,50cc362a-c94e-4705-a5b6-3ea5a17193c9
4174,341,3041132.24,2335071.08,706061.16,9410016.22,3196953.81,6068810.64,2026-05-17T00:00:00.000Z,2026-10-04T00:00:00.000Z,1797562.06,a9b015a5c3388f88ac7708541e3069cbcb132f5f,2026-10-04T11:25:28.362Z,ae5252fd-8e00-4822-bec7-2469ac294331
4175,943,5847689.28,4365948.00,1481741.28,87172987.38,18487913.25,67274717.89,2026-09-28T00:00:00.000Z,2026-10-04T00:00:00.000Z,2638843.00,91a38dac3d07b81df6c8dd3342f6b3979c5eed8a,2026-10-04T11:25:28.362Z,bac4cc43-00a8-4bdc-9618-65003fbc26b9
4176,7378,22394257.37,17769195.04,4625062.33,34914043.03,13070990.37,20733621.66,2026-05-17T00:00:00.000Z,2026-10-04T00:00:00.000Z,8309380.18,ae74f9fc8e344f7b3ecc297aa3cb350456b2032b,2026-10-04T11:25:28.362Z,78f60e1f-a1a1-44bf-9362-e3ec63e23d59
4177,7101,35062955.90,28935762.88,6127193.02,137564410.39,5405864.13,117883778.37,2026-09-28T00:00:00.000Z,2026-10-04T00:00:00.000Z,36205808.76,ed8662fb7716f969e5a3afa1169000e9a843d46b,2026-10-04T11:25:28.362Z,4a55a682-8ac1-4dec-b3c5-80ace6c6a779
4193,4264,11373532.86,10367500.60,1006032.26,26324959.88,5073665.89,20018486.40,2026-05-17T00:00:00.000Z,2026-10-04T00:00:00.000Z,3636564.00,d0b6f56d5aae3475f54b42cdb7e688e3ba517155,2026-10-04T11:25:28.362Z,83ab4ba1-065e-4ecb-8b89-2dd25acedc46
4195,73255,155631144.18,123667225.35,31963918.83,15216615.38,8365546.79,6818021.94,2026-05-17T00:00:00.000Z,2026-10-04T00:00:00.000Z,24485683.41,4351cfcc03b4ed8945b9adb35ffe1fbcf5fd1ee5,2026-10-04T11:25:28.362Z,ab978327-e57c-4261-a793-a01cd2e0df83
4217,1086,4083323.11,2933602.92,1149720.19,11037834.27,746328.98,9881238.07,2026-08-31T00:00:00.000Z,2026-10-04T00:00:00.000Z,2548681.35,b1cac1059afec3fc6fb35b91be348cd33e22c110,2026-10-04T11:25:28.362Z,33f93914-0440-4a62-aa1f-88a9c4cdad60
4222,4610,18563163.18,16100633.78,2462529.40,64240911.93,5127222.99,57054167.40,2026-05-17T00:00:00.000Z,2026-10-04T00:00:00.000Z,11286532.37,e76d5e605e95e465195539bfb65b0dde4c5d9202,2026-10-04T11:25:28.362Z,6723ecd7-bb3c-4697-81db-e45850f12b0f
4223,12950,57468972.87,45122275.07,12346697.80,156481305.37,32800224.75,112799351.30,2026-10-01T00:00:00.000Z,2026-10-04T00:00:00.000Z,26303423.39,4a68654ca405e780f14a560b9a8df36d402cf90d,2026-10-04T11:25:28.362Z,4eb9a770-8bdf-4ad4-8160-2bc359e5c60a
4226,256,1157319.71,1046550.88,110768.83,11156896.77,1236163.21,9528297.56,2026-09-30T00:00:00.000Z,2026-10-04T00:00:00.000Z,2004634.04,746723f666c3757b554a5819291713a22258407b,2026-10-04T11:25:28.362Z,70e8be5a-bbb6-4da9-9b18-0741f2de497e
4227,148,1293347.34,1015897.76,277449.58,2498189.73,421555.84,2034737.26,2026-05-17T00:00:00.000Z,2026-10-04T00:00:00.000Z,634097.65,8247cb97d8f13e69f4e8133db909e075365c97ae,2026-10-04T11:25:28.362Z,73cd266d-756e-4146-9fe1-afe8d88fdc97
4235,4864,25097245.58,17379956.60,7717288.98,34838063.82,5950375.31,27950158.51,2026-08-22T00:00:00.000Z,2026-10-04T00:00:00.000Z,8971143.59,cfc733a3e2991f8dcc442040242af97baca527ae,2026-10-04T11:25:28.362Z,be995823-ffd3-412a-bce1-ebfb0723fe73
4237,326,439284.08,220241.90,219042.18,,,,,2026-10-04T00:00:00.000Z,474007.95,7d9891712c5710885a78e33676f841c813206f60,2026-10-04T11:25:28.362Z,09f46af9-d2e1-47a7-93f1-86405f783d2c
4239,921,5516103.42,4868940.89,647162.53,9527354.28,542120.30,8789818.70,2026-07-27T00:00:00.000Z,2026-10-04T00:00:00.000Z,1790606.23,685ebd8173fd2db3c3c27276a00f9d43a194f69b,2026-10-04T11:25:28.362Z,9809cd51-6eda-4c66-89b9-879b8dcf1b4c
4240,1535,12733883.73,8548934.33,4184949.40,221769801.05,208133550.40,4251392.56,2026-06-25T00:00:00.000Z,2026-10-04T00:00:00.000Z,59256274.44,779c651db8757a47f57bf6a2d9db4aa402bebded,2026-10-04T11:25:28.362Z,19ea5124-b4ae-4522-a522-7799a5b19938
4241,28154,89803712.87,77971796.97,11831915.90,125925939.17,47479342.45,73754827.72,2026-09-22T00:00:00.000Z,2026-10-04T00:00:00.000Z,41255182.96,de8d163545af5ecbb8fd6a543204834ad6dd07b5,2026-10-04T11:25:28.362Z,57f2c937-1fc2-4713-a438-abcbebeaa241
4245,3304,18608796.05,14700160.84,3908635.21,42224596.12,4056497.34,36207923.57,2026-09-25T00:00:00.000Z,2026-10-04T00:00:00.000Z,7628801.58,c03f02e110e087b2b3fb20cd0451738b2770877b,2026-10-04T11:25:28.362Z,eda9ed7c-417f-4768-bb25-cdcca10f37c8
4248,328,2903899.73,2379211.71,524688.02,5699153.76,2482932.75,3020883.01,2026-05-17T00:00:00.000Z,2026-10-04T00:00:00.000Z,731668.23,da7caefb73f78a40912dc37c6faf81a791a2a33a,2026-10-04T11:25:28.362Z,9be922f5-456f-48de-a344-0edc345636d8
4250,2458,13173843.43,10765588.81,2408254.62,32747311.60,8994305.18,22646310.50,2026-05-17T00:00:00.000Z,2026-10-04T00:00:00.000Z,10675595.80,2e121d3bd3997e36089a0f16a6f684ad82f23c97,2026-10-04T11:25:28.362Z,25eb1b7a-25e7-4868-8b03-d3ffcedaccf4
4254,217,1212227.55,1118316.44,93911.11,11363427.87,487912.15,10779487.83,2026-05-17T00:00:00.000Z,2026-10-04T00:00:00.000Z,1987927.04,a4262e5ae0557f5eefb0875f742dd399850528a9,2026-10-04T11:25:28.362Z,2f4ce785-09fd-4a3d-b849-cfa14ce62bac
4263,15950,94361628.91,74284720.15,20076908.76,104687988.06,31861298.68,69703424.38,2026-09-10T00:00:00.000Z,2026-10-04T00:00:00.000Z,15222329.27,44796ea4ce2998e50e4e2c78a958440456ef621b,2026-10-04T11:25:28.362Z,871342f6-34b0-4331-9600-160deba81f1a
4266,1860,21144461.52,18326321.56,2818139.96,33020774.35,9033388.54,21653886.47,2026-05-20T00:00:00.000Z,2026-10-04T00:00:00.000Z,4808395.86,32299a7ca53274efb1bb3064edcbdc25b57bc6e8,2026-10-04T11:25:28.362Z,0517296e-1e7b-4ff4-9a3b-cd4a67b9996b
4268,1402,8141242.50,6596252.97,1544989.53,10834517.24,1182105.48,9336573.76,2026-08-28T00:00:00.000Z,2026-10-04T00:00:00.000Z,1414423.33,8c5fa55701cd3402644bda9cc6829d88c124bec8,2026-10-04T11:25:28.362Z,e1c8e9da-e6bc-4748-9e82-3c8c09a7b11f
4269,10618,62683456.32,45072744.70,17610711.62,41632095.64,18451363.23,20308586.53,2026-06-09T00:00:00.000Z,2026-10-04T00:00:00.000Z,5048239.59,b9d19dc4b28877b5f49d83cc4c32053e697e4a66,2026-10-04T11:25:28.362Z,0a8c020c-5018-4d36-924d-d4a78b60605b
4272,5697,40647560.21,34026997.09,6620563.12,60245527.24,11809870.54,44017633.50,2026-09-17T00:00:00.000Z,2026-10-04T00:00:00.000Z,7959685.03,59c4dcc5d51d0fa27d24ead065b5715cfac51ddb,2026-10-04T11:25:28.362Z,4e4caa3d-d75f-4cc6-bbbb-a0033947a770
4273,4949,42352923.65,35711175.90,6641747.75,452470725.23,75955931.15,366415451.08,2026-08-27T00:00:00.000Z,2026-10-04T00:00:00.000Z,38375375.90,a733de02690a17c01a16c272b48d07895ef9b38c,2026-10-04T11:25:28.362Z,9bf551bb-a477-4c76-a148-23decb0d3b2d
4277,82988,776048445.18,612172870.28,163875574.90,766691168.53,421450739.36,323046264.17,2026-09-03T00:00:00.000Z,2026-10-04T00:00:00.000Z,141622370.47,618a7f6dab8d52c3a82bb48e46e4a9dd55c7c7d6,2026-10-04T11:25:28.362Z,7a5d3d09-94e9-407d-ae56-011ef90bde88
4280,1984,8693303.61,6904983.45,1788320.16,60148948.24,31746524.92,26591536.32,2026-09-22T00:00:00.000Z,2026-10-04T00:00:00.000Z,11108302.72,3b63a706a0afe6276ac99245de9951ed86e348e6,2026-10-04T11:25:28.362Z,4ee9cf0f-18e2-4630-ac12-67950a7f7b2d
4283,6817,21105530.96,17967178.06,3138352.90,401446620.23,251326785.43,128341492.44,2026-10-02T00:00:00.000Z,2026-10-04T00:00:00.000Z,38992427.51,97a15721667ca011ccc542a6696b7f6598670f1e,2026-10-04T11:25:28.362Z,89399139-991d-4a39-b474-e9f8e49146e5
4284,2093,6611177.87,5306453.19,1304724.68,93007419.39,74262158.17,15863328.22,2026-08-18T00:00:00.000Z,2026-10-04T00:00:00.000Z,14800264.02,9e292715b7e26a1d70795bfbd5d2c2880b359d84,2026-10-04T11:25:28.362Z,697d54f3-a1ef-4fd9-9a8a-5ed178ad2ac0
4285,28970,98842212.59,69249444.05,29592768.54,319350654.32,80752687.20,228788469.12,2026-08-10T00:00:00.000Z,2026-10-04T00:00:00.000Z,51336236.84,154dc6f52684190e277581ccdfdde81133e810af,2026-10-04T11:25:28.362Z,004001f1-c9d6-4ef6-baae-4c943441491c
4286,11647,39700862.51,32647472.31,7053390.20,241210211.98,160884699.24,72042217.74,2026-08-31T00:00:00.000Z,2026-10-04T00:00:00.000Z,35967719.75,1f509ba89c5d767c1b1e7d497a8b1a0135e1899a,2026-10-04T11:25:28.362Z,26f1fbb9-b778-49c6-b991-b7417d2a75e2
4290,661,2598417.07,2411058.28,187358.79,7109979.59,1033298.56,5855661.82,2026-05-17T00:00:00.000Z,2026-10-04T00:00:00.000Z,877789.96,c0ffb29ea6ff63b4482bb6fc41c361225065e9d5,2026-10-04T11:25:28.362Z,e3ee71c4-4b92-4142-9548-a28b0b190e8b
4291,2261,10195614.19,8240163.88,1955450.31,16772599.44,9089781.06,7226920.83,2026-05-17T00:00:00.000Z,2026-10-04T00:00:00.000Z,2704954.48,f181c871b29c0322792d5405d48542650fc17429,2026-10-04T11:25:28.362Z,8151face-a7c2-455c-bc2e-9741d6801a23
4293,442,3433359.29,1663176.79,1770182.50,3678756.29,3657019.59,,2026-05-17T00:00:00.000Z,2026-10-04T00:00:00.000Z,223190.28,30ff654342a1aefb8972c617af6ee519848a48a1,2026-10-04T11:25:28.362Z,c8983032-ec71-4a5c-b01b-6780b37089c8
4294,321,631364.39,458957.44,172406.95,14573962.86,8206788.69,6034366.33,2026-05-17T00:00:00.000Z,2026-10-04T00:00:00.000Z,1934113.21,14a4e2fbc55cf6a04d3be746f775228f1728758e,2026-10-04T11:25:28.362Z,3988fe0f-a8b5-4169-9019-3f3d654bd6b0
4295,577,3338999.67,2421481.31,917518.36,11436445.08,6674629.65,4373505.53,2026-09-25T00:00:00.000Z,2026-10-04T00:00:00.000Z,1818454.58,80375b830f8c0eb46b8a97b99d8d05e5f171029e,2026-10-04T11:25:28.362Z,a8f6ba89-b300-4516-adb3-cb40c7d764ca
4297,593,2962689.95,1955548.44,1007141.51,23857381.28,12203160.36,11144606.82,2026-08-25T00:00:00.000Z,2026-10-04T00:00:00.000Z,3706312.65,eaa89c2219afb3594c837056868f1acd2156e691,2026-10-04T11:25:28.362Z,d4b94557-c0d1-43c7-9a48-09d284eb214f
4300,588,3006480.74,2381737.69,624743.05,,,,,2026-10-04T00:00:00.000Z,47212.40,946c4111d40d84bc19c088fd8d3085a8795d9ff6,2026-10-04T11:25:28.362Z,93cb52c7-6ae3-4512-a866-d9ea6de3b39a
4317,1978,12527583.31,10311780.12,2215803.19,77319838.79,11526563.99,64379774.10,2026-05-17T00:00:00.000Z,2026-10-04T00:00:00.000Z,17801245.73,59f112056eafbe22d3563b434fa877bfd350d52a,2026-10-04T11:25:28.362Z,9261807a-05f7-4a90-8561-d8ef61699afa
4318,913,3961671.43,3159425.67,802245.76,27384726.33,2417027.61,24044001.72,2026-09-21T00:00:00.000Z,2026-10-04T00:00:00.000Z,3832583.02,f1c8c577c515382dd78b5c1092afe0928920b54f,2026-10-04T11:25:28.362Z,31cd3165-47ce-46e4-ba09-ed5632df7880
4326,1579,5217208.76,4668384.17,548824.59,,,,,2026-10-04T00:00:00.000Z,463702.36,0bbf316c97d63662b8cd42f4fca7a0e2650b8a9e,2026-10-04T11:25:28.362Z,2d913da2-424a-4e73-9c9b-7ec8a6e0e276
4331,469,2770197.73,2279644.59,490553.14,11322366.88,1413575.71,9800840.50,2026-05-17T00:00:00.000Z,2026-10-04T00:00:00.000Z,1671017.56,ce1054687ed784a9c03d9e31ab442a40da5b1bdb,2026-10-04T11:25:28.362Z,7733d82b-161d-45f3-8bb7-38a675ce1f55
4332,373085,1656932722.84,1243287192.54,413645530.30,3011023849.83,1305442127.32,1441553590.69,2026-10-01T00:00:00.000Z,2026-10-04T00:00:00.000Z,581523425.59,a119296cc9e588457cddb85a754fc98d8f696981,2026-10-04T11:25:28.362Z,f21d11f6-4c54-41dc-abb9-6813bd5ae839
4335,8891,40826320.17,29559255.81,11267064.36,64981284.14,53006896.55,6448107.24,2026-10-02T00:00:00.000Z,2026-10-04T00:00:00.000Z,29010073.96,7becc5d2bf54d54ae27f11bd6abee25795ff89d5,2026-10-04T11:25:28.362Z,16a1b84f-9c09-48fb-890c-24b3aab3b892
4336,1676,12950283.16,11123995.93,1826287.23,9232560.71,8635229.41,,2026-05-17T00:00:00.000Z,2026-10-04T00:00:00.000Z,4321113.98,1a6ddd62b4647e18184a1babd2b8c38e9e34b0b2,2026-10-04T11:25:28.362Z,1540e0d4-6183-4e3a-9dd9-8d712e92ef78
4337,774683,1020966938.16,712482355.67,308484582.49,2409238550.02,1739157438.62,581051932.59,2026-10-02T00:00:00.000Z,2026-10-04T00:00:00.000Z,495786970.92,f58f7a73fcc1dd4398aeff5de0365ced4faf101f,2026-10-04T11:25:28.362Z,7526ae0d-81bd-46c8-8c76-69c875dde69e
4338,9371,13643351.67,10119352.55,3523999.12,115824707.63,58555189.49,45315724.11,2026-09-24T00:00:00.000Z,2026-10-04T00:00:00.000Z,15410809.96,86ef0693706fd76bda6579899025bccc751d5121,2026-10-04T11:25:28.362Z,6f8e3bd2-497b-4338-b690-2d2fbfa2690c
4339,475314,1336693929.10,768070472.41,568623456.69,35574634849.41,4985561459.38,27952760468.51,2026-10-03T00:00:00.000Z,2026-10-04T00:00:00.000Z,673200719.07,b6c228e67dc4f6cf1d7a48044061e6d90d178c25,2026-10-04T11:25:28.362Z,8416aff6-fa63-4c30-9364-8ab41cb5f6f9
4340,11701,44112249.83,30365387.35,13746862.48,21999782186.78,1882153149.06,17718324451.15,2026-10-02T00:00:00.000Z,2026-10-04T00:00:00.000Z,191442073.86,0f5038fbc279071201b20f6d332442e9d5c83c20,2026-10-04T11:25:28.362Z,bb06ba1c-8403-47d4-ab74-e82ef28d4232
4341,3,9674.92,9674.92,,10613.94,0.00,10613.94,2026-05-17T00:00:00.000Z,2026-10-04T00:00:00.000Z,130500.00,65bfcc675e705f043aa38467614d457eaf0e8091,2026-10-04T11:25:28.362Z,d015230f-0407-47c4-8853-cd7785604453
4344,4405,17990768.82,11058737.64,6932031.18,485777057.22,437289078.71,41425727.22,2026-09-25T00:00:00.000Z,2026-10-04T00:00:00.000Z,169872062.85,b4b9f36bbab6ff85b049752ce183cf882de5e26c,2026-10-04T11:25:28.362Z,d00deca3-9cc9-48da-ac9b-15cfe54324bc
4353,737,5087697.22,4189991.40,897705.82,281132452.78,254483631.35,16677708.96,2026-09-24T00:00:00.000Z,2026-10-04T00:00:00.000Z,38038575.32,6ee1a03469a75b8a34dfc0e7974c490022a4701e,2026-10-04T11:25:28.362Z,6f990bab-0532-45e7-80ea-5a5ae3f946b7
4357,6080,20543787.44,13584223.45,6959563.99,10525570.83,2356522.27,7028678.44,2026-09-25T00:00:00.000Z,2026-10-04T00:00:00.000Z,849319.21,6cca3c02a8abf98f0b28fffabbeb6476b1d9d931,2026-10-04T11:25:28.362Z,f60af6e2-7595-4191-b79b-af6438a1de34
4362,264,774416.84,549705.70,224711.14,38764118.97,8617303.56,23243160.82,2026-09-02T00:00:00.000Z,2026-10-04T00:00:00.000Z,5744482.03,bd7c6765557418cd108d259a22d80259bbe1229f,2026-10-04T11:25:28.362Z,2fce7826-15b1-4248-a061-a08ee5497f5c
4363,1165,3883630.08,3436880.94,446749.14,10488563.54,2240204.99,7777755.74,2026-05-17T00:00:00.000Z,2026-10-04T00:00:00.000Z,1587635.82,af1729888d9d52c11d2aaf4574f0e407c8691111,2026-10-04T11:25:28.362Z,375a34f1-07b0-4e08-a1e1-4003c1cd0bd7
4364,230,723486.85,399313.66,324173.19,,,,,2026-10-04T00:00:00.000Z,26462.05,4ec894844f26ee8e474bee514902ecbbe409da01,2026-10-04T11:25:28.362Z,4b0bc21f-8854-4fdf-b412-1883cd2b7819
4365,252,1593486.18,1294506.99,298979.19,15090865.29,3518071.72,10303178.52,2026-09-25T00:00:00.000Z,2026-10-04T00:00:00.000Z,2659598.41,2ee406141811f2648515cba7c32ef4e8d77540ca,2026-10-04T11:25:28.362Z,9ef72c31-b744-4788-bb21-c0d8858165b3
4366,1013,13188507.80,11682124.77,1506383.03,128846064.46,14462806.38,104297321.25,2026-05-17T00:00:00.000Z,2026-10-04T00:00:00.000Z,17530245.04,3e76cae6a48906460f88ad7f1bb4ed1a23f67f41,2026-10-04T11:25:28.362Z,f7339b81-b172-40b2-b7b3-6707548410f8
4377,5117,30651039.60,24178944.62,6472094.98,,,,,2026-10-04T00:00:00.000Z,3144842.69,02a06cf1a830df6edf5dbd5bd2ea29263d36dcd8,2026-10-04T11:25:28.362Z,376cfff3-e4bd-4d8d-8846-b594a8f46804
4382,500,8109589.03,5904595.93,2204993.10,260735711.75,223433059.93,11700704.08,2026-06-22T00:00:00.000Z,2026-10-04T00:00:00.000Z,25671358.84,6ebc6c40194c37e8580d071df276ca37d1432c48,2026-10-04T11:25:28.362Z,1ea00087-3b43-4cdb-9d0b-3db9cc61fc37
4393,34669,133951635.57,110195025.24,23756610.33,791310800.56,353837684.98,362823281.57,2026-09-22T00:00:00.000Z,2026-10-04T00:00:00.000Z,111397395.96,20d8935a36e0626a335e7b88dc8a03917d446d0b,2026-10-04T11:25:28.362Z,f9e9498b-d2cd-46e4-a592-f50401852c49
4394,5175,24523834.20,21521282.91,3002551.29,96337333.15,56878970.77,29344662.94,2026-09-22T00:00:00.000Z,2026-10-04T00:00:00.000Z,15749176.46,48b4d306341b9eebc3513c1ce8eee9a7f0f05802,2026-10-04T11:25:28.362Z,4f1f28fe-bcde-4849-a025-9b496f14629c
4396,395,1011549.70,628323.13,383226.57,3785698.33,932066.06,2277721.23,2026-09-25T00:00:00.000Z,2026-10-04T00:00:00.000Z,298662.27,2bf266b63175dea921171a1e7b30dfaa6e1b80cb,2026-10-04T11:25:28.362Z,d8ffc134-3172-4983-a349-2b2829bfeece
4399,31350,149572302.29,123061722.80,26510579.49,2349337890.16,1403860547.87,764036788.96,2026-10-02T00:00:00.000Z,2026-10-04T00:00:00.000Z,140249329.17,7dfcb055d21a46fbac1eddddcc04520b647cb379,2026-10-04T11:25:28.362Z,243c598c-4fea-43e2-a211-a7eb6fef727f
4400,5081,12581999.88,9877847.92,2704151.96,140061990.74,62864035.14,66337266.35,2026-09-22T00:00:00.000Z,2026-10-04T00:00:00.000Z,45313799.80,7a13151c73ec6df56168b51ee9ab195ef11f36bd,2026-10-04T11:25:28.362Z,1e329d53-a8c4-47e2-a522-ddb1f587748b
4402,2040,8902520.27,8003898.67,898621.60,37746165.08,5437591.72,28793603.27,2026-08-27T00:00:00.000Z,2026-10-04T00:00:00.000Z,9460761.84,623a31cec3a1b064dd022fdba6b27f2ff8bafbfb,2026-10-04T11:25:28.362Z,fe10ad05-7f98-49e5-a9e9-885af0346db7
4404,6960,42071347.08,24318418.41,17752928.67,293861407.73,57397038.44,207830087.67,2026-09-26T00:00:00.000Z,2026-10-04T00:00:00.000Z,23058208.54,436df48498c17e4879889a501702daf63be29da3,2026-10-04T11:25:28.362Z,51dc1710-31fa-4031-af84-4f0219de9721
4407,8042,91005713.68,59179529.29,31826184.39,1893173231.43,1645165778.26,135505813.41,2026-09-25T00:00:00.000Z,2026-10-04T00:00:00.000Z,171956940.34,294b78452b9fd13a859c724a5c643ec9860315bc,2026-10-04T11:25:28.362Z,5b1008d9-8cf9-40c2-b491-77f71f31e158
4413,4356,28176282.28,27836540.48,339741.80,186531518.40,14935248.74,154033433.13,2026-09-30T00:00:00.000Z,2026-10-04T00:00:00.000Z,14004933.60,eef3538cbc7b0da74345fb818a2fb9e7e78284c0,2026-10-04T11:25:28.362Z,d4acb458-711d-4503-a1a0-7933412ecefd
4419,136,1297359.78,1029356.42,268003.36,3480384.35,3138999.08,,2026-05-17T00:00:00.000Z,2026-10-04T00:00:00.000Z,594901.40,55139f11a6c310731dce7797c9bfd491f675f129,2026-10-04T11:25:28.362Z,d1d635cb-4e0e-44aa-97f3-391865226959
4420,3428,27279186.25,24356998.74,2922187.51,521517164.85,47451090.81,439105708.81,2026-09-30T00:00:00.000Z,2026-10-04T00:00:00.000Z,47325859.89,f57e096fe6a7f7354f3fcf5fb13816e059f0e38f,2026-10-04T11:25:28.362Z,feb43665-4490-440e-99df-5731809c7dd2
4421,1735,15339113.18,13557850.66,1781262.52,162450491.25,23463961.78,126681131.00,2026-09-24T00:00:00.000Z,2026-10-04T00:00:00.000Z,25592018.29,580dc1af560e497003afa761c5ca6b1c13b81f62,2026-10-04T11:25:28.362Z,50697df1-89fb-4cc9-a49c-17cca00b1f57
4429,309,1682322.34,1363685.52,318636.82,28100335.19,2635848.36,24315065.87,2026-07-29T00:00:00.000Z,2026-10-04T00:00:00.000Z,4333133.22,8a865bac203abdbe5e87776f6006e6b844399266,2026-10-04T11:25:28.362Z,93feaefd-c24a-4cc5-9706-95a77005c18e
4438,2202,15558122.79,13329465.45,2228657.34,71074966.59,8137095.93,55190869.26,2026-09-30T00:00:00.000Z,2026-10-04T00:00:00.000Z,10228351.05,e4eeaa59b8c9015338fe5d129e8ad168cbdb326e,2026-10-04T11:25:28.362Z,24f38aca-630e-4c2e-abb4-3258bd684299
4440,919,2154577.84,1777702.80,376875.04,61174682.80,5035823.13,53879657.76,2026-08-27T00:00:00.000Z,2026-10-04T00:00:00.000Z,10005769.31,e68319e724eedd27342907f02f37e19d8a18f116,2026-10-04T11:25:28.362Z,79c46e97-2762-411c-981c-659451f484f2
4441,925,9053665.36,8496507.52,557157.84,53497957.57,10163092.48,37023418.33,2026-08-26T00:00:00.000Z,2026-10-04T00:00:00.000Z,7424230.78,3d68ce40ab5e5c5063bdc114ffc89fa0979127c3,2026-10-04T11:25:28.362Z,be4432da-fcf3-4d20-a738-e67dbac2b3c4
4447,1646,5078955.35,3733446.17,1345509.18,10839644.55,9670789.12,713193.00,2026-05-17T00:00:00.000Z,2026-10-04T00:00:00.000Z,3495059.12,bfa86644489e2f473ed8c5cd86d344243f02b521,2026-10-04T11:25:28.362Z,8ae27dbc-42e9-48c4-8590-c8af39fc389a
4451,1497,7477718.54,6244990.15,1232728.39,74904873.37,17759296.27,50114380.44,2026-09-30T00:00:00.000Z,2026-10-04T00:00:00.000Z,28911129.82,53df91b9992eb205c5fe5d234fefa4c4c8380097,2026-10-04T11:25:28.362Z,0032857e-025f-49b5-a614-587ce106fb3c
4454,2400,12935602.31,11071633.14,1863969.17,,,,,2026-10-04T00:00:00.000Z,586757.24,3a013a9e6112f38955730d33200aa1e6d886b4c7,2026-10-04T11:25:28.362Z,8186eec3-2329-45f3-a2f9-c64bba9438b7
4466,11222,69599384.85,57691078.98,11908305.87,,,,,2026-10-04T00:00:00.000Z,4336432.48,78a47ac506989de63ba889b007257a934d4755df,2026-10-04T11:25:28.362Z,784fce08-14a4-42e1-bc12-305a0ae0bbf1
4469,1318,4850094.60,4377550.42,472544.18,21150607.74,2065600.24,18258148.02,2026-08-27T00:00:00.000Z,2026-10-04T00:00:00.000Z,3684593.54,0d69fb3959e65250c7dc9f824c902e68f624e9a7,2026-10-04T11:25:28.362Z,1874cd38-2642-439c-b6fa-d5d83b846131
4473,14239,76827201.61,74615046.24,2212155.37,1093762374.34,426873585.98,599585754.56,2026-10-02T00:00:00.000Z,2026-10-04T00:00:00.000Z,48495844.04,159ccc36a21d353b8d42ae32ef97ef82bc4aa82e,2026-10-04T11:25:28.362Z,c882e33f-4fbb-44b7-9d99-de674c1c65b2
4476,789,2930471.37,2217489.44,712981.93,84286138.17,28378795.21,53705012.51,2026-08-03T00:00:00.000Z,2026-10-04T00:00:00.000Z,1910647.69,5c0e10dd5fb34a79be646a12225a13227ae9fef9,2026-10-04T11:25:28.362Z,d09b9193-6995-43b0-8bed-863d38506c6f
4480,37438,257600257.46,,257600257.46,17336218281.75,16995621021.64,,2026-09-29T00:00:00.000Z,2026-10-04T00:00:00.000Z,211079892.73,4838630006d68f06f047ddf8e8be8731df023e21,2026-10-04T11:25:28.362Z,543f9b5a-4b5b-4dc5-94d3-0973b38fd160
4481,3923,20064696.61,,20064696.61,2985105343.97,2948103672.69,,2026-09-25T00:00:00.000Z,2026-10-04T00:00:00.000Z,28839521.50,0f2cbda041187570eab1c834500b8f1fb0bf3193,2026-10-04T11:25:28.362Z,a886d130-57b5-4cae-b4a8-4bc7b34896f9
4482,39270,249451049.11,,249451049.11,14657890595.29,14346874038.24,,2026-09-28T00:00:00.000Z,2026-10-04T00:00:00.000Z,77027452.37,338131bf8be7a513b7a2af079696c8b084710146,2026-10-04T11:25:28.362Z,7c5392c6-cff2-4086-9ee6-c85971ad064c
3607,,,,,,,,,,,f81153b96ae56fe393722b43dd982118a3e03089,2024-08-06T23:02:45.025Z,d8f69a92-2ab3-4051-8501-89c028af65ed
4483,4515,32254679.38,,32254679.38,542881178.36,530479162.90,,2026-08-27T00:00:00.000Z,2026-10-04T00:00:00.000Z,17341399.57,8fc1c664a439b0d5c401fe018e96a85561a86361,2026-10-04T11:25:28.362Z,96af3a67-d808-4e75-b8ef-30d5aa541cde
4484,8340,57084521.73,,57084521.73,2296381642.42,2248865866.92,,2026-09-28T00:00:00.000Z,2026-10-04T00:00:00.000Z,5007441.68,cbbb1e0412d50d23ceeff20ecb6ebf5bd87153ed,2026-10-04T11:25:28.362Z,0da1badf-a027-4164-8206-d2efb535abc5
4485,43276,279428799.40,,279428799.40,14375645960.18,13587677128.19,,2026-09-17T00:00:00.000Z,2026-10-04T00:00:00.000Z,229144508.26,3eda46b839be827562f78a865fbf4464cf17c958,2026-10-04T11:25:28.362Z,ac19bdd3-8ddb-4546-bd94-fc51db59c29d
4486,33022,181500775.42,,181500775.42,4902524994.71,4745849533.88,,2026-10-02T00:00:00.000Z,2026-10-04T00:00:00.000Z,78276861.79,696c1a9af152f297eca444fe8e50734e0dcc5f1d,2026-10-04T11:25:28.362Z,cf754f43-3799-4bfe-9b84-f0043b93f614
4487,16796,108976463.38,,108976463.38,2068926149.96,2018616452.20,,2026-09-09T00:00:00.000Z,2026-10-04T00:00:00.000Z,9353790.24,49d2c03fa78250fe70fd61cd7ab566e778f673b2,2026-10-04T11:25:28.362Z,f019732b-c4a7-41be-8587-b0d863aa3857
4488,16596,115198035.35,,115198035.35,3221908357.22,3014483743.32,,2026-09-30T00:00:00.000Z,2026-10-04T00:00:00.000Z,106910772.58,6b2305a251d1bae38311884399cf5cc87cb813b4,2026-10-04T11:25:28.362Z,a59a330c-415f-48f0-a761-13a1c983d94c
4489,19564,134494273.78,,134494273.78,2174568637.95,2144449757.31,,2026-09-03T00:00:00.000Z,2026-10-04T00:00:00.000Z,25061479.81,d161c81170ec72bd2f87874c49d2baf99cee7997,2026-10-04T11:25:28.362Z,a5c5c25f-97eb-4686-98c3-1d9a8429fec5
4490,11204,69661084.71,,69661084.71,1207360292.22,1181806038.21,,2026-08-27T00:00:00.000Z,2026-10-04T00:00:00.000Z,21275481.72,526ba0a2b712abda4e859fea745a6feab35ab590,2026-10-04T11:25:28.362Z,3fc2cc3b-222e-476a-b122-02b8b2c1e550
4491,8191,55112579.30,,55112579.30,3266415181.42,3204569850.36,,2026-09-18T00:00:00.000Z,2026-10-04T00:00:00.000Z,53470430.24,e693ed994d0f8b058366c657b9da70fac9299eec,2026-10-04T11:25:28.362Z,1d13c3f9-3ea2-41ce-a4d6-30b3dd025b35
4492,11249,75474203.23,,75474203.23,830366999.02,815733695.83,,2026-09-22T00:00:00.000Z,2026-10-04T00:00:00.000Z,6724666.61,a918a7bf6026786fd062b48ae6c5eef2b4ac1d12,2026-10-04T11:25:28.362Z,299feb29-47f9-4787-b0f6-d286f13c7e88
4493,2861,11336909.66,,11336909.66,161039943.06,144525666.12,,2026-08-27T00:00:00.000Z,2026-10-04T00:00:00.000Z,3172313.77,4ceadf30f6356e151dfb5d157cf8b6b46643ee4c,2026-10-04T11:25:28.362Z,98ca7bc2-af42-4443-9728-602ffe316934
4494,19196,118577940.53,,118577940.53,1695695333.30,1655811883.69,,2026-09-14T00:00:00.000Z,2026-10-04T00:00:00.000Z,36793796.72,064db6406736c4e4b76f60f0d9ec300c927908f7,2026-10-04T11:25:28.362Z,4985784b-a8bc-4ff2-8bf2-2eba03388a4a
4495,21,145840.82,,145840.82,41495038.48,37642377.22,,2026-05-17T00:00:00.000Z,2026-10-04T00:00:00.000Z,327366.31,3a2634ce9bf550358ba57f21b29a24bc45d0673b,2026-10-04T11:25:28.362Z,ed08a81d-d5eb-4397-889e-07b07e36f639
4496,10337,70490903.42,,70490903.42,3488102554.44,3291453436.80,,2026-09-17T00:00:00.000Z,2026-10-04T00:00:00.000Z,70698247.66,f5d7398e52a1979924c4c6220266dfc38834dc4a,2026-10-04T11:25:28.362Z,a0ae176e-559e-480a-b1d5-ea0cb5af4f19
4497,10318,74129003.94,,74129003.94,294732058.65,279753338.45,,2026-10-01T00:00:00.000Z,2026-10-04T00:00:00.000Z,6616808.15,b421dce43f06d96037c55682e1d3b579e7e5bba9,2026-10-04T11:25:28.362Z,38c6602a-b184-43bf-b14a-75fafaa055f5
4498,4482,23871041.59,,23871041.59,1853990526.20,1837144668.62,,2026-09-15T00:00:00.000Z,2026-10-04T00:00:00.000Z,61303617.57,ff6e32528d60c6824444629947a847ab45e66cec,2026-10-04T11:25:28.362Z,ecf67ca9-77ac-4e8a-9036-1b576cfdf29a
4499,2438,10544220.92,,10544220.92,1980379511.11,1919434648.39,,2026-09-15T00:00:00.000Z,2026-10-04T00:00:00.000Z,14008055.38,9b9ff323089904e28b25facf90c1d1784dc2d5b0,2026-10-04T11:25:28.362Z,046b767c-414c-40ab-b352-31a956a874f5
4500,5157,35675864.52,,35675864.52,1063462200.20,984964032.78,,2026-06-15T00:00:00.000Z,2026-10-04T00:00:00.000Z,4106419.32,f537e6647c4dbe1d1589c3350e3edeea31ffa857,2026-10-04T11:25:28.362Z,7c475319-606e-4f91-8771-d916cdbb898a
4501,19169,131756128.39,,131756128.39,1183932195.34,1165475284.74,,2026-10-01T00:00:00.000Z,2026-10-04T00:00:00.000Z,16113243.46,60c7f333feea511c5df1f5c5410c0130c2add212,2026-10-04T11:25:28.362Z,96de2ceb-cf99-4140-bac0-caf0f78b01d3
4502,981,6604151.88,,6604151.88,1074341451.44,1058796762.38,,2026-06-09T00:00:00.000Z,2026-10-04T00:00:00.000Z,10082941.68,a8d694f9dde84738c640ad6e38d34a37be105854,2026-10-04T11:25:28.362Z,b2cde65d-ea70-4c84-a4bc-3de6ef6c86bd
4503,10995,74392468.01,,74392468.01,104145129.09,101571621.29,,2026-07-17T00:00:00.000Z,2026-10-04T00:00:00.000Z,17748758.57,a5e1d129753c57a03b2f68339aa44da980dd3ba5,2026-10-04T11:25:28.362Z,2fde471c-c508-41c1-8f72-06399b736414
4504,4607,29903984.11,,29903984.11,524461878.70,518426450.47,,2026-05-17T00:00:00.000Z,2026-10-04T00:00:00.000Z,7486339.94,bc33c636646906a210fa479ca0087f80520997b3,2026-10-04T11:25:28.362Z,c8867af5-8933-45a5-a407-c5b6c89c05fb
4505,1742,11966533.50,,11966533.50,852570916.70,818497083.18,,2026-09-22T00:00:00.000Z,2026-10-04T00:00:00.000Z,17285948.09,165fb9c86973cd6fe902536228ede185ec39395f,2026-10-04T11:25:28.362Z,478e87cb-fd1b-430f-b8ce-6b12a7a2bf97
4506,26345,174567579.12,,174567579.12,2348611583.10,2292889303.85,,2026-09-29T00:00:00.000Z,2026-10-04T00:00:00.000Z,50145625.17,662cdd7e73a227294cf254c91760c79b7f02fa59,2026-10-04T11:25:28.362Z,53dcab0e-adfe-4e2b-929f-6dc7e570e50f
4507,23324,151267601.70,,151267601.70,1040051349.42,1012449099.51,,2026-10-01T00:00:00.000Z,2026-10-04T00:00:00.000Z,38772596.88,af04f0fc9c4fd0211026919c9a950d50f01c8bc8,2026-10-04T11:25:28.362Z,2bd1a80b-ecf2-4203-afbb-99d58efbd0f3
4508,1406,7148172.70,,7148172.70,84502356.42,80276123.76,,2026-08-27T00:00:00.000Z,2026-10-04T00:00:00.000Z,1270357.57,179ad5860dfd4aecd8c37c38dcb3448a861321c3,2026-10-04T11:25:28.362Z,23e96f75-a155-4a28-8543-22cd0978cd9e
4509,1471,10917236.02,,10917236.02,215514572.20,204653255.23,,2026-07-17T00:00:00.000Z,2026-10-04T00:00:00.000Z,10768450.16,e0a29fe65a0a6e7142154d4900323a8b2d1bfc20,2026-10-04T11:25:28.362Z,9a7f6260-31e4-4f1c-a1b3-bbd6cd1c2cc3
4510,619,3548305.86,,3548305.86,312764561.98,302489878.69,,2026-09-25T00:00:00.000Z,2026-10-04T00:00:00.000Z,6376002.55,523f07cc013fe029bfa6482026fd8e63f008b1f6,2026-10-04T11:25:28.362Z,b1fe6a29-4f04-49ae-ba15-e132dfc77d7f
4511,23,123627.88,,123627.88,129619235.02,122764996.73,,2026-09-25T00:00:00.000Z,2026-10-04T00:00:00.000Z,217242.66,c7816b335dd307547d7d4d24cb5c56646a07b548,2026-10-04T11:25:28.362Z,6b151223-122a-4ba7-98a6-9a66513c0cb5
4512,11339,75246340.40,,75246340.40,1182677818.57,1121168830.45,,2026-09-23T00:00:00.000Z,2026-10-04T00:00:00.000Z,35106650.38,9872766fb78f3d433fc4186ac142f80d815a33dc,2026-10-04T11:25:28.362Z,168006f2-5da3-447e-b913-177d69f3e660
4513,88,562816.99,,562816.99,139866937.84,135690437.95,,2026-07-16T00:00:00.000Z,2026-10-04T00:00:00.000Z,5001076.13,90faf3bb45331be5345b3f74462e5ecd7266b5ad,2026-10-04T11:25:28.362Z,bca23873-479f-43bd-9144-491b477e8931
4514,15256,102635519.90,,102635519.90,559153030.75,541475347.21,,2026-09-22T00:00:00.000Z,2026-10-04T00:00:00.000Z,23149498.87,0c120d9d5bf88728bf04b2c342f9921dbced58b8,2026-10-04T11:25:28.362Z,47c34ae4-138a-4bfc-9f89-61b3be366d54
4515,11169,77402974.66,,77402974.66,279772782.25,267982235.29,,2026-08-12T00:00:00.000Z,2026-10-04T00:00:00.000Z,15404784.19,12860dd66a2447d41d4794f71a8b6a968e09f326,2026-10-04T11:25:28.362Z,4baf4d39-ad2c-4257-84e1-4fef10357500
5461,,,,,,,,,,1918664.58,b3910d1c1d34d1f7a91f2511e6e8da43c77cc9ed,2026-02-27T22:02:03.811Z,c02a8a70-52ad-4c01-9694-84873431fcc5
4516,1113,6464075.25,,6464075.25,324565869.22,316666409.88,,2026-08-25T00:00:00.000Z,2026-10-04T00:00:00.000Z,8213373.56,844f39908b98194f9299f81a5422be8313e3ebb1,2026-10-04T11:25:28.362Z,c0c05c58-5c1b-4291-9627-4406a977fc60
4517,4366,29398405.35,,29398405.35,206717180.85,203921239.25,,2026-05-17T00:00:00.000Z,2026-10-04T00:00:00.000Z,5534005.25,ab0d34561010f37efae058b3a71c5ef6d42e111d,2026-10-04T11:25:28.362Z,9e4ba11b-61b2-4bcb-a98d-b20715b8c55e
4518,5463,33733377.59,,33733377.59,247277363.07,243588123.38,,2026-08-06T00:00:00.000Z,2026-10-04T00:00:00.000Z,3397744.32,674f6de500323dd72e2d98bac61afc47e8d3c59b,2026-10-04T11:25:28.362Z,f46a9752-fe82-4ec8-801d-af05cc7525e2
4519,165,2242253.35,2069844.91,172408.44,9503060.95,587163.95,7895386.41,2026-07-28T00:00:00.000Z,2026-10-04T00:00:00.000Z,2439099.86,75364b085f7a9aa3fa62f3d36f9dcd0eaa3e689e,2026-10-04T11:25:28.362Z,e5c677f2-78ec-4216-847e-8aa8053f9be9
4520,8694,57619383.25,,57619383.25,869925572.30,864403435.74,,2026-07-08T00:00:00.000Z,2026-10-04T00:00:00.000Z,27996163.32,25a15262fff89e713be58fed6188f7baaa23651e,2026-10-04T11:25:28.362Z,99324cb6-c874-4edd-82ea-f352907394ba
4521,2420,16740406.16,,16740406.16,306030055.08,298626388.52,,2026-08-03T00:00:00.000Z,2026-10-04T00:00:00.000Z,5553102.99,cd7a987696a1a33a5f3aee56de06f48168392827,2026-10-04T11:25:28.362Z,ee49e2a7-1c8c-4f85-b476-4576c07701f3
4522,1165,6285163.51,,6285163.51,585042164.96,563939456.97,,2026-08-21T00:00:00.000Z,2026-10-04T00:00:00.000Z,3696702.24,b94906a94a80284b39516cfff0e23e56968511ed,2026-10-04T11:25:28.362Z,f5a714a9-037e-4955-babe-ee58b25beb8e
4523,4603,23608691.58,,23608691.58,114762952.52,105398278.13,,2026-05-17T00:00:00.000Z,2026-10-04T00:00:00.000Z,5225007.16,a6c40f84a05d95011332145773e4167d9959d63f,2026-10-04T11:25:28.362Z,2006f097-cdc7-4054-a813-a2a5df1a9a4d
4524,9113,43630302.66,,43630302.66,919755077.15,899531448.63,,2026-09-24T00:00:00.000Z,2026-10-04T00:00:00.000Z,8624629.49,e5302ede9c9caefd447306cd7d28c9d59fac93b9,2026-10-04T11:25:28.362Z,c1c334a4-01ab-4c79-89c7-5b8e237863d5
4525,2352,16031945.25,,16031945.25,445738693.33,438423543.08,,2026-07-30T00:00:00.000Z,2026-10-04T00:00:00.000Z,21727286.28,14c70482d056debb93d3f49433ad3e842436f51a,2026-10-04T11:25:28.362Z,d9fd01cb-c017-47f0-a6f4-0d5e59a9b122
4526,1508,9820874.54,,9820874.54,273519073.87,270619361.09,,2026-06-18T00:00:00.000Z,2026-10-04T00:00:00.000Z,4097838.49,b4d45e89f10b826e5036576d2cef26a814b97619,2026-10-04T11:25:28.362Z,bb42c2b3-2570-4049-ad5c-139318576d95
4527,1387,10015873.13,,10015873.13,39737364.17,39511185.57,,2026-05-17T00:00:00.000Z,2026-10-04T00:00:00.000Z,3068168.56,a27ba768a18e884087633f8ee4f88162746d2fbc,2026-10-04T11:25:28.362Z,76003823-088d-4291-b71c-b73fa87ac7b0
4528,7896,53689142.35,,53689142.35,321468413.62,302401350.55,,2026-09-18T00:00:00.000Z,2026-10-04T00:00:00.000Z,20980562.70,2dcb24d491ff41aa8f3d3938cef6bda65ef6da79,2026-10-04T11:25:28.362Z,a87c36d7-68c7-4d25-967c-a8a4a8c684f4
4529,3204,16784771.48,,16784771.48,581845803.62,560875471.59,,2026-10-02T00:00:00.000Z,2026-10-04T00:00:00.000Z,10638629.02,c6fe1ca4f361127d52fb2e70981467000aa0904d,2026-10-04T11:25:28.362Z,93cb9f3b-32ca-4b96-bd83-bcda4e13d98d
4530,7829,48486066.85,,48486066.85,277601900.24,263566921.85,,2026-09-02T00:00:00.000Z,2026-10-04T00:00:00.000Z,8774982.35,d94b819c3a8bd7171b7f0b473fba5fd42a646224,2026-10-04T11:25:28.362Z,fe919c08-f6fe-4445-a4ea-4c62191f2931
4531,5577,37357961.48,,37357961.48,552038367.43,547826005.60,,2026-09-15T00:00:00.000Z,2026-10-04T00:00:00.000Z,15288527.33,5b7a952ec472bc14095e735dd18767bd2db453a3,2026-10-04T11:25:28.362Z,765954f1-eb6a-4102-9b54-f924c1159d1e
4532,282,1552805.91,,1552805.91,459186496.36,448857744.44,,2026-07-02T00:00:00.000Z,2026-10-04T00:00:00.000Z,9329151.88,019257cd633392f768de727235375b23602c4ec7,2026-10-04T11:25:28.362Z,e6930bb7-b315-4805-8e58-3f66f93e2a2b
4533,372,1832255.62,,1832255.62,470850100.69,459140639.28,,2026-09-08T00:00:00.000Z,2026-10-04T00:00:00.000Z,3199216.74,7fc7b96d435b2afa789db3b4c8b19b237c427a6b,2026-10-04T11:25:28.362Z,610aa498-994d-4845-8b08-a70d14d8e7cb
4534,1940,10616929.18,,10616929.18,225600903.97,224951358.47,,2026-08-14T00:00:00.000Z,2026-10-04T00:00:00.000Z,3253930.29,7ac261ae7f0de9644aae3aebe2be9a18accbc41d,2026-10-04T11:25:28.362Z,161b6bfe-24bd-4449-b596-8921786ffc08
4535,750,4072572.58,,4072572.58,79767691.27,78902862.19,,2026-05-17T00:00:00.000Z,2026-10-04T00:00:00.000Z,1363263.64,afaa3067a84b70df1c567fcc101c277c3e730855,2026-10-04T11:25:28.362Z,3431055d-1e8a-47db-9eca-1daa0cf40529
4536,1103,7210690.02,6008813.92,1201876.10,34902489.74,22726726.98,10529140.57,2026-05-17T00:00:00.000Z,2026-10-04T00:00:00.000Z,2861361.15,3f7bcf15ac8fa50234974c85472e5bb5cffa0377,2026-10-04T11:25:28.362Z,d42a1085-2a54-47d2-8483-43790e44ae69
4537,12,53542.35,,53542.35,21385733.38,19292077.45,,2026-05-17T00:00:00.000Z,2026-10-04T00:00:00.000Z,518745.00,755bfab4cf778d4ad84a350db8de30fc3edcc41c,2026-10-04T11:25:28.362Z,40a8e1cc-7945-4b9a-9747-ccd1973e96b6
4541,383,1867604.07,1535767.08,331836.99,90995727.25,18578510.29,71100407.04,2026-05-17T00:00:00.000Z,2026-10-04T00:00:00.000Z,8531688.20,fd7bdbac29b524f10f8ff674a15bdade7825d40e,2026-10-04T11:25:28.362Z,2843b12d-898d-4b69-9402-908742f2391f
4542,1089,5569334.41,4951128.84,618205.57,20756319.56,13496185.31,5818592.25,2026-08-18T00:00:00.000Z,2026-10-04T00:00:00.000Z,3271988.79,e91ffabf2a681d1e80eb0489490841db90973712,2026-10-04T11:25:28.362Z,86250cdb-0e00-4d4f-8bab-7749a66f9538
4547,2767,30598662.86,29115555.13,1483107.73,33294861.46,9370910.11,21585239.23,2026-09-03T00:00:00.000Z,2026-10-04T00:00:00.000Z,8067423.63,de8273ec8ce1ff01db1eda43cc2b2914418f326d,2026-10-04T11:25:28.362Z,52e33f7b-ba16-44da-aa3b-41b5f4733d65
4548,285,1089134.70,1082812.86,6321.84,26502725.94,568345.64,23468089.76,2026-08-24T00:00:00.000Z,2026-10-04T00:00:00.000Z,2332586.28,7e2d4bd85679c1886a4610096e283d07a206bf2f,2026-10-04T11:25:28.362Z,0c79bb72-d5e1-4106-81ee-a60a554ead66
4557,3092,11423336.69,8178199.02,3245137.67,227050369.45,179555019.03,40293226.89,2026-09-25T00:00:00.000Z,2026-10-04T00:00:00.000Z,46585328.08,2279af9ab4158c0633b4364cc0ba633c4643d817,2026-10-04T11:25:28.362Z,6312310e-edcb-464c-a442-352c125b3d38
4558,2911,23331578.62,18484122.40,4847456.22,468410468.42,332030861.74,96112650.30,2026-09-25T00:00:00.000Z,2026-10-04T00:00:00.000Z,55425404.42,761b9aa3b9abb878d60708a40b5ee54e249c9021,2026-10-04T11:25:28.362Z,a60322b7-af99-48e0-a393-0a99cb6d0626
4559,76111,242713285.46,172733067.67,69980217.79,3210993693.93,1498942834.07,1574540160.91,2026-10-03T00:00:00.000Z,2026-10-04T00:00:00.000Z,169851491.85,ae11650a02ac409385e762de42f27a131d60269e,2026-10-04T11:25:28.362Z,eef7d54d-fbc9-4ec1-a5b3-3c42e9008b74
4560,309,1326459.25,750166.22,576293.03,,,,,2026-10-04T00:00:00.000Z,42000.00,54d3dd040c09b7d08a66de1f79226df6b18cf6e8,2026-10-04T11:25:28.362Z,6d85ce9d-cd2c-4b2a-a0b5-c92d66ad2f6f
4562,3255,39027707.79,31514093.99,7513613.80,573136554.02,416499420.84,109509388.27,2026-09-30T00:00:00.000Z,2026-10-04T00:00:00.000Z,90987070.33,f6e698fb27c70cd6c28ae0995d1b1fd9353be42c,2026-10-04T11:25:28.362Z,349d17ae-1c07-4b00-814e-8d9f6014186d
4563,22779,96549405.07,71671516.92,24877888.15,291106072.22,179048543.36,90806442.69,2026-09-09T00:00:00.000Z,2026-10-04T00:00:00.000Z,19680589.83,a9cb7b5537614336bfddf5dac058d64fa6d854ba,2026-10-04T11:25:28.362Z,77f3fe89-a3c0-47a0-a70f-bfc238bf58fe
4564,8558,37688066.27,29679108.25,8008958.02,216323456.36,113031720.33,91223912.73,2026-10-02T00:00:00.000Z,2026-10-04T00:00:00.000Z,31775516.87,bab4db6edbada3fd882d5f3cbaeb32999cdc3a5f,2026-10-04T11:25:28.362Z,caef8af4-001b-4d2e-acdc-38c1d07080c3
4569,362,5611101.61,4390958.02,1220143.59,201460072.32,183465278.93,5913515.62,2026-09-24T00:00:00.000Z,2026-10-04T00:00:00.000Z,44544349.86,c26daa3a41850c5f869576283b5c78ae13ed79bc,2026-10-04T11:25:28.362Z,05a677d2-4c08-48ac-955b-abb916c18a7a
4570,11527,46857016.39,35884843.99,10972172.40,123564924.70,65168703.42,51224284.51,2026-09-30T00:00:00.000Z,2026-10-04T00:00:00.000Z,7656886.01,891d066ea1f78fcdc47ce4a650dc69ea881ad05d,2026-10-04T11:25:28.362Z,ceaa390a-7dba-471a-9b18-2e40d74f19b7
4571,83,346304.76,186566.04,159738.72,,,,,2026-10-04T00:00:00.000Z,,2238e35c37b75cfcc8ab2df1979af0a819781fba,2026-10-04T11:25:28.362Z,c42a2487-a892-4eee-b96f-63f318b9df4e
4573,8941,30416884.58,20948170.93,9468713.65,61033684.99,41845286.79,16811167.74,2026-09-09T00:00:00.000Z,2026-10-04T00:00:00.000Z,2133226.09,097c14600a2f1ef7c84857511dc41717235813a2,2026-10-04T11:25:28.362Z,7ed4c157-f926-4501-bdda-5f7cbd9ba5ed
4576,5393,21230957.65,17928588.24,3302369.41,123645395.18,55267942.04,64807118.27,2026-09-01T00:00:00.000Z,2026-10-04T00:00:00.000Z,12967271.13,41d624ddb4004e3a7ffa2e6699ff905777f9f56b,2026-10-04T11:25:28.362Z,d23aa99f-a64d-4f37-8fc3-f7ff41dee2c5
4577,3908,13555380.43,11417602.54,2137777.89,134709545.06,33514875.81,97338124.36,2026-07-17T00:00:00.000Z,2026-10-04T00:00:00.000Z,10630094.58,e1f0b913961e61af19a93584996079f385919950,2026-10-04T11:25:28.362Z,d1ca6017-34e4-4257-afc2-cd52c67c37c3
4586,60329,202942853.81,182111272.91,20831580.90,106452275.97,56995030.20,39929361.43,2026-09-30T00:00:00.000Z,2026-10-04T00:00:00.000Z,36580502.88,12b5fdd7afa932d4f4da2496e85856673a5b30f1,2026-10-04T11:25:28.362Z,4f1c584b-47f8-4ba7-ae61-9df3d0e08b05
4587,1205,3433087.72,2882946.50,550141.22,3890297.63,1862474.18,1750973.95,2026-09-30T00:00:00.000Z,2026-10-04T00:00:00.000Z,955955.69,39217623a2f282b8c5e536a8d23bfdd309487d0a,2026-10-04T11:25:28.362Z,48756e78-5006-49e3-baf7-bf931af6deba
4590,3052,8208404.49,6773869.08,1434535.41,36989800.99,22344887.75,10838972.20,2026-09-21T00:00:00.000Z,2026-10-04T00:00:00.000Z,6112058.39,71b6a1c1dcada3330cba6e8e8bcc17add00b1216,2026-10-04T11:25:28.362Z,ed6613e9-772d-4e2c-99c2-ecc87c38b0d9
4595,1336,10038254.14,8551668.81,1486585.33,92409360.81,3731967.89,78612407.40,2026-09-29T00:00:00.000Z,2026-10-04T00:00:00.000Z,11413319.18,26971674370b62c96fc269a6278c6662b474a573,2026-10-04T11:25:28.362Z,0a541aba-c794-4ad6-acf2-cac4cffeba1a
3596,,,,,,,,,,,0a80259ef08389e8f2094eada63eb533a04c4b27,2023-08-28T23:03:41.385Z,a383f3ad-fb5d-4df8-949a-dd912641402b
4596,376,2526330.21,2157606.15,368724.06,11768980.63,7664281.15,3355694.60,2026-08-24T00:00:00.000Z,2026-10-04T00:00:00.000Z,126315.90,0daaa8b8f43b38f182e66abf044f7b03ffbc7ffe,2026-10-04T11:25:28.362Z,c8d44c81-e772-4744-b443-afab5b86cc62
4601,417,1962203.12,1787063.29,175139.83,19753768.50,1542651.77,17013991.00,2026-08-03T00:00:00.000Z,2026-10-04T00:00:00.000Z,1922958.53,935371eb8e180fdffa3ce293c2d73603b4b239b9,2026-10-04T11:25:28.362Z,23354e73-5029-4ee5-b1c1-8a21841b8524
4605,262,2550083.38,2397106.42,152976.96,6457268.16,286734.31,5979730.24,2026-09-01T00:00:00.000Z,2026-10-04T00:00:00.000Z,703395.01,afdf48c2f30fd6d4156023a1f4f40411c1781a34,2026-10-04T11:25:28.362Z,31958517-b84c-40cf-b11a-18e4f4671d1e
4606,2501,14033037.99,11176256.29,2856781.70,11787840.19,7994241.32,2861887.57,2026-08-05T00:00:00.000Z,2026-10-04T00:00:00.000Z,1127380.77,d8818584307ba8bc950266ab8f171134d5f2c0a6,2026-10-04T11:25:28.362Z,e885db99-5762-4458-9f9c-45a93de6eed6
4607,56531,196962806.66,161471961.50,35490845.16,27403593.93,12486115.48,13921188.44,2026-09-03T00:00:00.000Z,2026-10-04T00:00:00.000Z,15024332.94,4f1ca900a80959246097ae1695119427766fa419,2026-10-04T11:25:28.362Z,e4e6ebdd-95b4-4b58-ab28-5f6ed69be304
4609,955,8138893.57,6301770.25,1837123.32,49816256.47,20004142.66,28712268.35,2026-08-27T00:00:00.000Z,2026-10-04T00:00:00.000Z,7132437.19,71386ed3e443e4cec1f4904e91caa004dd8e7d61,2026-10-04T11:25:28.362Z,f81aa074-6cbf-4e75-b17c-6f382254d35e
4610,447,4948930.85,3514608.09,1434322.76,259276607.96,219339766.47,16879268.86,2026-09-24T00:00:00.000Z,2026-10-04T00:00:00.000Z,25155685.81,f033b2bab2b3611c72acc3a184a8a820f55ee416,2026-10-04T11:25:28.362Z,1aee6318-59b8-4e38-92c3-d630b0077b9d
4611,564755,1241484798.12,756945048.06,484539750.06,3644297387.63,1986729084.62,1508710585.25,2026-09-25T00:00:00.000Z,2026-10-04T00:00:00.000Z,157581952.75,969641771d631bbd351ac42a5ca183df8afcb8ca,2026-10-04T11:25:28.362Z,b4619da4-9475-49ef-8768-bdc7633b3269
4614,45019,255476134.67,229926923.16,25549211.51,351765785.18,79571842.32,246791401.05,2026-10-01T00:00:00.000Z,2026-10-04T00:00:00.000Z,33902564.61,77767b46e28515f165de6e70836861bc7d190f1c,2026-10-04T11:25:28.362Z,a9244b9e-2d9c-42e2-94ab-6724c27b76a4
4615,41387,224574470.26,202146196.10,22428274.16,737830935.07,74004524.21,618196132.04,2026-09-25T00:00:00.000Z,2026-10-04T00:00:00.000Z,62536781.23,afd099452075c95955a1f5aabd2ea3a55bc8cdea,2026-10-04T11:25:28.362Z,2f5f1ebd-1e2b-46b3-807d-7bcc47a6ed83
4617,807,5051308.74,4485334.31,565974.43,36076361.40,7669923.79,26182354.38,2026-09-22T00:00:00.000Z,2026-10-04T00:00:00.000Z,6173994.66,b63e48fa7d82c5bbdfa39956c0300940b66b6bb2,2026-10-04T11:25:28.362Z,75c718bd-0025-4878-ae6e-48d308663caa
4618,43199,128701993.12,99960065.34,28741927.78,109053265.55,19255005.08,84617482.14,2026-09-21T00:00:00.000Z,2026-10-04T00:00:00.000Z,35662235.07,d460f11115d9bd25a764145933668e0daccaf9fa,2026-10-04T11:25:28.362Z,7e01ac8a-3b37-436d-bd7e-4529820683da
4626,2908,10843005.50,9267807.25,1575198.25,30116129.84,7027607.03,22050018.22,2026-09-24T00:00:00.000Z,2026-10-04T00:00:00.000Z,5427089.62,9489271e9632c571860533df1157dd603a5df798,2026-10-04T11:25:28.362Z,5567cba3-d352-443d-9bf9-5f8431982a4e
4629,1551,8908167.94,8401830.24,506337.70,13602955.99,1198997.51,11717556.34,2026-09-14T00:00:00.000Z,2026-10-04T00:00:00.000Z,2646612.00,201bef7c0cc0b43d4a4fcfdccf0dfc2d948da274,2026-10-04T11:25:28.362Z,59c52f82-6eaf-4fcf-b7d7-78e2d064b6a6
4630,2362,16068225.57,11661212.41,4407013.16,167343819.69,66482799.23,85486807.39,2026-08-03T00:00:00.000Z,2026-10-04T00:00:00.000Z,12123484.35,25eb6360afff7984d3cc6e505968fb6313626035,2026-10-04T11:25:28.362Z,aef03c7c-5e6e-49ad-9d10-c1a7b0b0b8a8
4632,386,2123079.89,1974704.66,148375.23,,,,,2026-10-04T00:00:00.000Z,19449.12,7cc53db1d49a7123b942656fc79d909c767b390b,2026-10-04T11:25:28.362Z,99292ace-e7c0-4651-9f03-193665a9e2fa
4633,138,935304.83,665223.78,270081.05,,,,,2026-10-04T00:00:00.000Z,165225.13,de7201802e5abddf329acdc16b1e2328d4686f9d,2026-10-04T11:25:28.362Z,5ddacd64-bad2-4eb4-a92e-9433ba24da92
4634,948,2134406.55,1497956.28,636450.27,45051413.87,31477061.08,9108262.28,2026-07-28T00:00:00.000Z,2026-10-04T00:00:00.000Z,11338924.98,7eb725d8df36247f180acfdea7a7e87fe65eee7c,2026-10-04T11:25:28.362Z,b2dbfc8d-5615-4810-b399-a08d0bc0e74d
4635,1119,7529754.72,6680204.60,849550.12,53721071.52,9418379.56,42601418.79,2026-08-10T00:00:00.000Z,2026-10-04T00:00:00.000Z,15997784.53,cb2678fca7581f926a5da9052e89f5a54d9d455e,2026-10-04T11:25:28.362Z,e4434a0f-9677-4f74-adde-296d9d03232c
4637,195,1308764.73,1093254.76,215509.97,19055469.18,7365912.30,10702169.12,2026-05-17T00:00:00.000Z,2026-10-04T00:00:00.000Z,849982.67,5511aa6b0b5d461d503a3bdcff93ad411db918d2,2026-10-04T11:25:28.362Z,6b23f2ac-18a5-47ab-8795-1e369fb5a8f1
4649,502,1573608.91,906408.70,667200.21,,,,,2026-10-04T00:00:00.000Z,0.00,e642a7fbe527af2b8927bd115bc9316582efc88a,2026-10-04T11:25:28.362Z,da4b7659-0cce-4d10-9ac9-b0fa03104bd2
4652,1384,7656347.59,6398858.50,1257489.09,436013705.98,235922471.01,161372974.11,2026-09-29T00:00:00.000Z,2026-10-04T00:00:00.000Z,26645941.46,c365e79d8f9bb875947c71f8e4cff8b4dde568df,2026-10-04T11:25:28.362Z,1ca2712b-7b84-4c7a-ac04-9e545d0168c6
4655,330,3680647.89,3454277.91,226369.98,45886697.99,7095256.85,35118320.15,2026-09-25T00:00:00.000Z,2026-10-04T00:00:00.000Z,7976811.80,36d31f2ded5afdd6742b567d07447a2de7ee2d70,2026-10-04T11:25:28.362Z,dc6bcece-8c03-416b-b6a5-4797fb5e1792
4657,878,5500448.67,4941680.84,558767.83,,,,,2026-10-04T00:00:00.000Z,1011634.99,6574d03e7bfc09dcb8b38d2e03ac710683fe75f9,2026-10-04T11:25:28.362Z,4cd68f8f-059c-4a59-ba0f-a700c81f97b1
4663,8776,110565668.96,96737968.95,13827700.01,477259582.82,243291676.53,200321131.46,2026-09-15T00:00:00.000Z,2026-10-04T00:00:00.000Z,73428339.24,7da6050ee2eabbaa138997a3a168251e7a5aa405,2026-10-04T11:25:28.362Z,fb1962c8-6d7f-471e-bf18-4e6c71f325cb
4665,14020,51854048.53,43963171.24,7890877.29,25682565.50,2134626.27,21331616.64,2026-09-08T00:00:00.000Z,2026-10-04T00:00:00.000Z,16946423.45,f156481222df4a34c7126983de1db4ed62a85404,2026-10-04T11:25:28.362Z,763f5f89-3d3b-4151-8fb2-bb1606b8641f
4668,81,718086.55,627295.82,90790.73,815764.95,594090.70,174023.19,2026-05-17T00:00:00.000Z,2026-10-04T00:00:00.000Z,49490.37,92d6fe67e1fb9c141a648b7de7d9c68a6fc2186a,2026-10-04T11:25:28.362Z,6f21315b-75b7-4b03-9b08-112255044180
4671,741074,649144606.69,73605968.89,575538637.80,1832619554.42,426248929.12,1292216077.26,2026-10-03T00:00:00.000Z,2026-10-04T00:00:00.000Z,30714718.05,113513cc12caca02d94e8c3153a75f7cdbd3acd0,2026-10-04T11:25:28.362Z,de28ebe4-6b51-44fd-a45c-23564d6aaaac
4672,873,6807601.19,2153057.51,4654543.68,90878789.51,1257960.69,79322692.71,2026-08-14T00:00:00.000Z,2026-10-04T00:00:00.000Z,1631308.48,62df6f7c74373d65385ab19c3de98a2a68ec4d4e,2026-10-04T11:25:28.362Z,60682d4b-7c03-437b-af78-62e703cc4ecc
4673,387131,1150184644.38,782196723.76,367987920.62,2858542150.35,2439236146.78,328178000.10,2026-10-02T00:00:00.000Z,2026-10-04T00:00:00.000Z,265169013.30,7bf99fc7528fce23a5bac93c22f3972075089d70,2026-10-04T11:25:28.362Z,5d83a44b-808f-4e5a-866d-2d601e032357
4675,9,38434.87,32834.87,5600.00,1329493.99,1329493.99,0.00,2026-07-30T00:00:00.000Z,2026-10-04T00:00:00.000Z,0.00,830caafac5a37f67e610d92be19509996eac4924,2026-10-04T11:25:28.362Z,abacc45e-df27-4e82-b351-7919b11ab829
4676,6123,27888571.94,23952456.39,3936115.55,,,,,2026-10-04T00:00:00.000Z,266100.87,24ccfed173eee38707152bb7dd7e07c2c9ada90e,2026-10-04T11:25:28.362Z,6933e381-840e-461f-91c1-cef7e78b6c5e
4677,1361,3383846.20,2942502.97,441343.23,21782280.51,8672426.05,10567596.04,2026-09-08T00:00:00.000Z,2026-10-04T00:00:00.000Z,3665713.28,8e81a1fc00b514f8d618448d3d59a7d0ee533451,2026-10-04T11:25:28.362Z,484a1715-b0e2-4898-aae4-014b81835467
4680,1953,7016325.08,6152015.96,864309.12,126748787.05,41638539.55,77890021.46,2026-10-02T00:00:00.000Z,2026-10-04T00:00:00.000Z,15825367.30,c12e859f3be7c1a7e0d1e9b5487c9e4627267652,2026-10-04T11:25:28.362Z,cb03a851-a13f-4f8d-bfa7-616d5374b789
4683,8438,61173467.31,57391667.46,3781799.85,403867880.90,233047720.07,160121318.58,2026-08-27T00:00:00.000Z,2026-10-04T00:00:00.000Z,28554219.59,55dc1ae86958fbcedcfbdb6724f77de768bb6b97,2026-10-04T11:25:28.362Z,d785d4f0-0f24-40e7-829f-75a492f1ea65
4684,1829,9492928.94,7833799.58,1659129.36,16396912.59,12449983.14,2726159.66,2026-07-29T00:00:00.000Z,2026-10-04T00:00:00.000Z,762530.07,e35a5b445d09d54771980b927c2fcd206f4f9af1,2026-10-04T11:25:28.362Z,6dc5ddeb-b1a4-43da-b4b6-a7a336b43d1c
4685,904,5557341.55,4745500.72,811840.83,36218174.64,20999509.42,12570113.24,2026-08-18T00:00:00.000Z,2026-10-04T00:00:00.000Z,4428834.68,31a04ef9494ffcdf08393f2e532ccaf7a814ea51,2026-10-04T11:25:28.362Z,81498f4a-7c1d-4d26-8ff2-d934b6ae0472
4694,,,,,35401740.78,21795564.68,11325451.43,2026-09-25T00:00:00.000Z,2026-10-04T00:00:00.000Z,5597679.00,fe18b3e89cfb081b004c3604f6059ff2b192e145,2026-10-04T11:25:28.362Z,3cc5cab6-fd69-4b65-8735-cbe1d8d22afa
4697,3764,13599107.37,9098006.42,4501100.95,78459720.55,59689217.27,16228155.02,2026-07-17T00:00:00.000Z,2026-10-04T00:00:00.000Z,4896848.17,06247301b57590145fdbbc6ef362009174252cc1,2026-10-04T11:25:28.362Z,5b865fb0-f5a1-4a05-91dc-3ffdbcf3a38b
4698,3597,9847642.65,5494174.20,4353468.45,106812067.56,53745362.31,47005028.64,2026-09-28T00:00:00.000Z,2026-10-04T00:00:00.000Z,108750.00,7618c38b0f437388366b95f48b60e98da7499972,2026-10-04T11:25:28.362Z,b7d71947-a1bb-411c-a8d9-950989bca957
4699,7661,49194708.14,45794818.69,3399889.45,236521786.14,149994106.06,77786960.11,2026-07-01T00:00:00.000Z,2026-10-04T00:00:00.000Z,52400574.70,ad0bf805056ad45f4a41c342fc1e89856f0fb3d2,2026-10-04T11:25:28.362Z,468a719f-5fb5-4aa4-9ce9-4c44738b82b4
4701,760,3704826.80,2915676.70,789150.10,46441445.10,10754290.38,34459727.99,2026-05-17T00:00:00.000Z,2026-10-04T00:00:00.000Z,2850523.14,1b814ec8f8265347a3c5c57233a780722660ed06,2026-10-04T11:25:28.362Z,da1292df-380b-404d-bef7-6cdd7cce9ff2
4704,282,2635373.99,2347870.42,287503.57,13788214.24,2819687.24,9390986.07,2026-05-17T00:00:00.000Z,2026-10-04T00:00:00.000Z,776538.84,6c9279b6b987f4a66eeff5a5220b7f906cc41ac4,2026-10-04T11:25:28.362Z,ddbaf576-79d4-45ce-96a2-0c13a090070f
4706,462,3047242.46,2682178.96,365063.50,18505438.38,6797291.96,10123609.25,2026-09-04T00:00:00.000Z,2026-10-04T00:00:00.000Z,1938762.27,0bf4d72e48511bba0757c3ba6c42ad74b7e91f3e,2026-10-04T11:25:28.362Z,c74f598b-33c6-4194-b337-c5eb624b7142
4707,255,2065723.13,1985662.49,80060.64,701290.11,237684.57,412996.97,2026-05-17T00:00:00.000Z,2026-10-04T00:00:00.000Z,0.00,8f9284beb85d5e51a8a554fa4a272821adad4164,2026-10-04T11:25:28.362Z,447a7edb-3172-4ce0-9bcb-4eee57062c85
4709,9644,38943360.51,29182487.13,9760873.38,54369873.81,15827150.02,34254837.12,2026-09-25T00:00:00.000Z,2026-10-04T00:00:00.000Z,3040377.90,386d52c4869d5a842ce9945064157cfe66624c57,2026-10-04T11:25:28.362Z,40e698bc-a6cb-4db8-af77-eafc6f22635a
4715,19934,71265548.73,40216867.55,31048681.18,75577914.58,19305627.19,53572550.80,2026-09-18T00:00:00.000Z,2026-10-04T00:00:00.000Z,17782270.07,714eba0c486de8bf423c640b85a40a5d65a2fb72,2026-10-04T11:25:28.362Z,e9380fd3-1d5f-4953-822f-1367438b1308
4720,3616,26226888.04,24467883.75,1759004.29,289869622.57,49502880.19,222602017.98,2026-09-25T00:00:00.000Z,2026-10-04T00:00:00.000Z,67573599.53,6afb8bac09d7bdbf1d380f31ec76e49d92b18bef,2026-10-04T11:25:28.362Z,7abb2dda-b962-4b91-9a42-b045c5fd10a3
4724,7157,88586315.06,65947305.50,22639009.56,753654080.28,476986486.84,215538180.61,2026-09-14T00:00:00.000Z,2026-10-04T00:00:00.000Z,38593690.17,fd345137fda2a574bb2c921ddfd6549772f8536f,2026-10-04T11:25:28.362Z,fdb9821e-8b2a-466b-959a-71cc6e9ce8ee
4727,712,3288317.84,2837593.52,450724.32,9389841.72,2488608.30,6353181.83,2026-05-17T00:00:00.000Z,2026-10-04T00:00:00.000Z,1336645.74,f2ceb5ff57b16f7998af39e23f58bb4f06c9077e,2026-10-04T11:25:28.362Z,69721c5f-f8b5-4a24-96e7-18cde5c5bce0
4728,76450,326767839.43,285332852.36,41434987.07,24706004.41,9897210.24,12637069.41,2026-05-17T00:00:00.000Z,2026-10-04T00:00:00.000Z,1610205.31,91c8c608cd3ee7d4d23d5104dddb0dba845c6e81,2026-10-04T11:25:28.362Z,f3df9e22-6e67-4bf9-816f-aafa647f7ef8
4730,409,3489813.15,870851.31,2618961.84,19112406.51,1010024.99,16961591.86,2026-08-27T00:00:00.000Z,2026-10-04T00:00:00.000Z,369213.11,a2aca019a05c1353253740c7cdffc28e68444fcc,2026-10-04T11:25:28.362Z,6e694591-fb07-4ba8-b2c0-bf107fe0b833
4734,36066,85092754.87,58438734.09,26654020.78,459976592.59,396333907.10,36920842.10,2026-10-02T00:00:00.000Z,2026-10-04T00:00:00.000Z,52410196.33,691cca6211f14ce9f7e19b779ce1e972978d1c93,2026-10-04T11:25:28.362Z,6fc34251-37db-4805-9ab7-619d4e66d765
4738,1379,5040799.40,4452358.59,588440.81,58818702.19,30135933.00,25513006.11,2026-08-10T00:00:00.000Z,2026-10-04T00:00:00.000Z,3485007.94,89916a10ba231f6ef0100c8032a5d4e12a8912c3,2026-10-04T11:25:28.362Z,24344651-1407-4ded-97ac-109fa4d9fc26
4749,16395,63890544.26,57089956.31,6800587.95,,,,,2026-10-04T00:00:00.000Z,599140.15,a4f2ba5bc16af0ec99a13f3129b40925fc40f861,2026-10-04T11:25:28.362Z,ee5c5ea8-15f7-4d68-a3ac-9854a5c81611
4751,2020,4629951.10,2601174.38,2028776.72,16717402.88,3519379.05,12140379.81,2026-06-26T00:00:00.000Z,2026-10-04T00:00:00.000Z,126996.25,8979985c468029ad4047965bb91585994519e0a9,2026-10-04T11:25:28.362Z,00fd2edf-0955-4a8e-82a2-16afeb3269f1
4753,580,3359408.37,3204310.96,155097.41,,,,,2026-10-04T00:00:00.000Z,375747.72,d71f104f799904104a4900629633e96ca31081a0,2026-10-04T11:25:28.362Z,4b4883ef-9c87-4c27-bbee-6c49bc496230
4754,1173,6781306.32,6104619.01,676687.31,38626166.89,3560085.00,33439871.36,2026-08-27T00:00:00.000Z,2026-10-04T00:00:00.000Z,4166535.69,9292811ed62bf7489f14ab6fa06297a1ed955f32,2026-10-04T11:25:28.362Z,cf56d67d-7614-4523-a687-ad360a904183
4756,326,3372753.83,3259527.67,113226.16,5621531.62,391014.01,4772118.28,2026-07-08T00:00:00.000Z,2026-10-04T00:00:00.000Z,1258898.00,c9d0a6cdbf5984da50aaca46f9403a4d66d3a76a,2026-10-04T11:25:28.362Z,6184a1c9-6707-45e8-a92a-08837b030710
4757,116809,439620999.41,393580335.82,46040663.59,,,,,2026-10-04T00:00:00.000Z,16345924.46,1449a7326caa653da4957daea2395ee702ed35e3,2026-10-04T11:25:28.362Z,585d9bf6-ba15-4b71-a91d-612223809ade
4758,3244,27841514.01,23505078.29,4336435.72,,,,,2026-10-04T00:00:00.000Z,151570.95,a8d31804c033cbb716e7bc8476e477ae1cb027f1,2026-10-04T11:25:28.362Z,aabe9a87-2645-4d7b-bf85-3a2823911822
4759,176,3605489.02,3005584.09,599904.93,6868889.89,1967938.98,3866847.66,2026-09-03T00:00:00.000Z,2026-10-04T00:00:00.000Z,699819.10,22dd756236f0bacf4fbab788a58a4dfe15ba148b,2026-10-04T11:25:28.362Z,762dd244-55a4-43ca-859a-d3a32da398f1
4763,8,76979.77,49058.23,27921.54,,,,,2026-10-04T00:00:00.000Z,0.00,347be46aff5f17eb96b8c516112281718c16b497,2026-10-04T11:25:28.362Z,0868f3fd-70ef-46b0-b25f-85ffbd45fcd2
4764,826,5328308.23,5132377.37,195930.86,50982888.26,5603812.53,43085323.26,2026-09-30T00:00:00.000Z,2026-10-04T00:00:00.000Z,7102646.15,7f19142b339e8e47fc6cc2ab459b82bdfe25b4b2,2026-10-04T11:25:28.362Z,4cb77c3c-e48b-4838-a3a5-e9d4f30a89f0
4765,1258,6386274.89,6193331.44,192943.45,,,,,2026-10-04T00:00:00.000Z,67499.70,466f9f5bdb6a2fb7c2c0a1433ec5f66d7073ecac,2026-10-04T11:25:28.362Z,5db77b43-0499-4b71-b292-f8bd97bcdafe
4766,2397,13000478.57,12613412.25,387066.32,4899278.86,660794.86,3761623.94,2026-08-14T00:00:00.000Z,2026-10-04T00:00:00.000Z,0.00,cf74f8f823168326e13d6de8b003da73cb8bc3be,2026-10-04T11:25:28.362Z,620cbaac-7dc3-466e-a40b-2815dbbb19d1
5473,,,,,,,,,,114957.17,863f1e0dce4d80dd23d3cdc12c4acd2d988cc285,2026-02-27T23:02:13.823Z,bfeafd6c-af9f-4291-9f1e-e1a7f84a2746
4776,1568,10930788.80,7383303.65,3547485.15,30641588.67,12324082.93,16576653.84,2026-09-28T00:00:00.000Z,2026-10-04T00:00:00.000Z,2135084.22,7c2d7ebd0125f4081c9777f678495cd177bcddac,2026-10-04T11:25:28.362Z,36b10461-6f7c-457e-8a9c-6dfa4a1bf9da
4777,481,3747420.82,2454425.87,1292994.95,,,,,2026-10-04T00:00:00.000Z,887081.38,e6ff9285104c239f7d4439f40afae25875f53de7,2026-10-04T11:25:28.362Z,52770b6d-e41e-4d8c-97d7-5e6299997af0
4778,286,1002445.94,506920.76,495525.18,8822740.72,1462253.93,6635290.27,2026-09-25T00:00:00.000Z,2026-10-04T00:00:00.000Z,1182203.80,6c1d2365404ef27394b9d39e625209829a53a4a2,2026-10-04T11:25:28.362Z,ad837016-ecae-47f9-9fd6-10dd1142e2a1
4779,375,1191262.87,678337.42,512925.45,6828882.75,1631895.76,4511320.68,2026-09-30T00:00:00.000Z,2026-10-04T00:00:00.000Z,614509.32,78657d871d93d7ea22762bcf90775dda286107da,2026-10-04T11:25:28.362Z,d3791119-164f-4066-8fa0-4d8bc636acd3
4780,1093,7670256.32,5078810.62,2591445.70,,,,,2026-10-04T00:00:00.000Z,344794.44,5beea53f4a784b715367b19a9ee9e543a6b2ecaa,2026-10-04T11:25:28.362Z,42c36729-978d-49ea-b33a-887c51244f6c
4781,101338,313825043.46,148912234.36,164912809.10,274950056.56,87248593.92,154368537.95,2026-09-30T00:00:00.000Z,2026-10-04T00:00:00.000Z,17054635.14,ddbb9fd06d79e6e86e80d00b29a6302e4ce6df0d,2026-10-04T11:25:28.362Z,6076d563-453b-4d0d-bc67-524b8949e741
4782,478,3946411.84,2991260.24,955151.60,,,,,2026-10-04T00:00:00.000Z,364289.99,164facf2f75bd90d4e0c382002639304935341d5,2026-10-04T11:25:28.362Z,ed2fac98-ed2c-4604-af0b-80b2f3962c70
4783,1167,7483136.90,5292235.80,2190901.10,19354776.27,309244.55,18531997.97,2026-08-19T00:00:00.000Z,2026-10-04T00:00:00.000Z,680366.50,be2bcf7181e06e7e2a2b07db1c26b29c40366271,2026-10-04T11:25:28.362Z,94c9d131-ba5f-4c91-b7bf-ec19bbb77eae
4784,615,3720998.89,2459793.19,1261205.70,30325905.41,6182957.22,21622798.65,2026-09-25T00:00:00.000Z,2026-10-04T00:00:00.000Z,1274124.27,7ad3d51b2206707b5fc53449f869dbf9efe092a6,2026-10-04T11:25:28.362Z,53b8282b-da7f-4bc1-abf2-5e2cf856d9de
4787,409,3586953.20,2713497.88,873455.32,15073002.67,54662.17,14384263.84,2026-07-10T00:00:00.000Z,2026-10-04T00:00:00.000Z,378792.00,247b251a2c2ef8979344fa05c86dffaf416fd09c,2026-10-04T11:25:28.362Z,0aea06b2-c6a3-4d43-b99f-22836656e7b7
4788,2285,8248869.82,4400050.60,3848819.22,77940081.77,39336407.44,36380585.92,2026-09-28T00:00:00.000Z,2026-10-04T00:00:00.000Z,325845.38,f5c1b500ab17a21b3121ff838b5c57cac4cee909,2026-10-04T11:25:28.362Z,08e541f7-925d-4b1b-9f00-e3d6bc8efeb4
4790,9849,36677751.58,25010588.18,11667163.40,,,,,2026-10-04T00:00:00.000Z,1039129.11,d8b7be6f2250e079b45c689996c41531c73b7556,2026-10-04T11:25:28.362Z,7223f4f8-416f-4b46-bf89-82e34ada827e
4791,785,3515180.40,2145264.35,1369916.05,11742836.54,6573281.62,4146618.04,2026-05-17T00:00:00.000Z,2026-10-04T00:00:00.000Z,,dbaffb99f5cd4c809ac9ccb6759c211602f29023,2026-10-04T11:25:28.362Z,d8a21a2d-85fb-43f0-8869-f53c6af6b89c
4794,3357,9748189.06,4389625.74,5358563.32,34832279.72,21547789.82,9630199.53,2026-08-27T00:00:00.000Z,2026-10-04T00:00:00.000Z,1968105.58,b62b95f9875e794377f6f571f2ada324d378c634,2026-10-04T11:25:28.362Z,db87efdf-37f6-4438-839c-492a83aab47e
4795,679,8519352.40,5458703.28,3060649.12,190754826.08,148103526.05,35031556.24,2026-09-25T00:00:00.000Z,2026-10-04T00:00:00.000Z,7407008.28,e00f7faa359f69eace2481b870d8c67e3751e69d,2026-10-04T11:25:28.362Z,13c3bfa2-ebbd-459d-ad7f-0bb07b117fdc
4796,6095,69565278.69,48044497.38,21520781.31,164396344.82,60323276.01,93915949.25,2026-10-02T00:00:00.000Z,2026-10-04T00:00:00.000Z,41682572.57,8638ef923cfab74beda3640fa410141b7b1ec0b2,2026-10-04T11:25:28.362Z,05eb94de-1607-4f1d-a129-53c063c0fa32
4797,3074,16916975.81,10887544.99,6029430.82,31137706.49,7565289.18,22015831.35,2026-09-17T00:00:00.000Z,2026-10-04T00:00:00.000Z,914426.93,1b7ce7454f60770a9f41362d3d74bbb5393adf50,2026-10-04T11:25:28.362Z,0bc87a51-dac8-4438-82c2-5dafba7f13be
4798,740058,935231312.20,208331074.12,726900238.08,314404592.79,216363170.99,57488933.59,2026-10-03T00:00:00.000Z,2026-10-04T00:00:00.000Z,4514476.47,ec1a0c5d538533191fbaa5b5fa46641dd5074819,2026-10-04T11:25:28.362Z,4506f23d-f1f3-48ad-b794-40fde4d39048
4803,797,3850925.98,2411927.05,1438998.93,22025125.44,1975173.97,18780156.53,2026-09-16T00:00:00.000Z,2026-10-04T00:00:00.000Z,3450939.88,35756893e70b10a23b623f0040ea11b6b86e7501,2026-10-04T11:25:28.362Z,3e0fcf39-92b0-436e-b354-d69d33d44e5a
4804,641,3705725.70,2568975.94,1136749.76,34183628.48,15528370.05,17136910.22,2026-08-27T00:00:00.000Z,2026-10-04T00:00:00.000Z,82166.75,3e2329bda88500a78950a7e65f101b9f1868a68d,2026-10-04T11:25:28.362Z,01d747c7-7c33-4c1a-a098-5dd9d0b78b58
4806,16571,63374821.13,31127296.86,32247524.27,160104626.52,118917542.56,29893285.74,2026-10-02T00:00:00.000Z,2026-10-04T00:00:00.000Z,10187765.80,7982964a6e5af9be99c5618759496a618182a9b5,2026-10-04T11:25:28.362Z,ac8ec1f5-65c6-454b-af1b-360089ac9c62
3620,,,,,,,,,,,894f6b91e49c04fa9b49e9ffe67596d334e23ed5,2024-09-28T23:05:13.732Z,c3ffddc4-aacc-4118-ae13-260790bd1145
4807,1126,10007541.36,7017403.72,2990137.64,34222272.17,5097834.38,27611188.92,2026-09-21T00:00:00.000Z,2026-10-04T00:00:00.000Z,859206.83,900ecd93f44762de734af73472b3280b144b9cf4,2026-10-04T11:25:28.362Z,d8a63fa7-6e15-4cb8-895e-c4e71e06be60
4810,1696,14478285.96,10866964.38,3611321.58,66702538.21,2185917.28,60456680.79,2026-09-25T00:00:00.000Z,2026-10-04T00:00:00.000Z,9764588.37,77396a680afe2f025252cc26074604915e67074f,2026-10-04T11:25:28.362Z,d60c9959-3f90-4f1b-a4cc-1d4490b9ad5a
4815,817,7920239.80,5430178.97,2490060.83,45204737.51,4762087.72,37255320.45,2026-09-21T00:00:00.000Z,2026-10-04T00:00:00.000Z,,def37bb567649c8e7fbbd127cc24942a23cdd229,2026-10-04T11:25:28.362Z,0d0be743-f433-44ab-accf-975bdcac261d
4817,24241,91555580.21,48884651.16,42670929.05,95948579.49,45167397.65,47159702.06,2026-09-25T00:00:00.000Z,2026-10-04T00:00:00.000Z,7813.60,aba321c2cb52730161790f06de97d7dec759c805,2026-10-04T11:25:28.362Z,35a7b5dc-2780-4b82-96c0-b28cac528093
4818,117,1251037.88,777293.33,473744.55,14634588.88,110190.97,13730295.63,2026-06-12T00:00:00.000Z,2026-10-04T00:00:00.000Z,0.00,223cb039e9cac2b35bf8ef2e30084c2cd75fab90,2026-10-04T11:25:28.362Z,dffb8334-cc8e-4506-957c-ba98c661849c
4819,43911,211353101.35,128702551.43,82650549.92,,,,,2026-10-04T00:00:00.000Z,861630.56,78d3f3c428b5b659270d98d9ffca2fda94c769bf,2026-10-04T11:25:28.362Z,6f0e8d34-fdee-4bc8-a1de-5bced7a83dc1
4820,1738,15652328.77,11309075.36,4343253.41,21096076.14,3888520.82,16625913.28,2026-09-28T00:00:00.000Z,2026-10-04T00:00:00.000Z,0.00,5bb15cc2410c58e4fdd18854eae98d37c528ba84,2026-10-04T11:25:28.362Z,ca765f1d-5e6e-45aa-97bc-96e9dd89b1d6
4821,2774,10834755.48,5617001.57,5217753.91,38142752.62,7843695.34,27277674.20,2026-10-02T00:00:00.000Z,2026-10-04T00:00:00.000Z,397781.91,f3af3c8e7ae0f8fd5712978ddba322f765425fd6,2026-10-04T11:25:28.362Z,787d62e6-ee97-44f4-ac97-1927b0cf289b
4823,19,726953.54,435795.88,291157.66,738444.93,202467.01,535977.92,2026-05-17T00:00:00.000Z,2026-10-04T00:00:00.000Z,0.00,0e85b962906d9297e3b298fb489a5f35870c356e,2026-10-04T11:25:28.362Z,15c3e049-3010-462e-aed4-5d7fcde19995
4826,227,1987566.09,1469956.32,517609.77,11071622.19,1011219.83,9642509.99,2026-09-24T00:00:00.000Z,2026-10-04T00:00:00.000Z,129464.00,484987d846170463b996f98a9150252c55c3ad97,2026-10-04T11:25:28.362Z,384bf8e8-22d2-4aef-b137-eb9b7da4ea92
4827,161046,568315069.28,295195964.80,273119104.48,2540015876.85,1332865759.75,984916949.87,2026-10-02T00:00:00.000Z,2026-10-04T00:00:00.000Z,254958753.29,149db37935dfa061d7727e81325efe8d16d05fb3,2026-10-04T11:25:28.362Z,b795ef26-a9bb-4f4b-87b0-654fcd77114c
4828,170693,862685994.06,409540169.75,453145824.31,811436521.36,704411552.84,76477129.85,2026-10-02T00:00:00.000Z,2026-10-04T00:00:00.000Z,93083139.33,5d1d99011aab41242cb32dfd6168774c57b7918b,2026-10-04T11:25:28.362Z,4cf47251-d241-4c3a-9a1c-3f0cb2edcde2
4829,251540,334354050.69,91852513.36,242501537.33,556815589.60,437741984.35,99406983.66,2026-09-25T00:00:00.000Z,2026-10-04T00:00:00.000Z,2886379.88,a40bea883a4bd32826b2f4bf55ff0103a00a4287,2026-10-04T11:25:28.362Z,1d18094d-f0db-412b-93b1-37be1bf8c217
4830,220900,395871791.94,139450473.70,256421318.24,1664858444.65,1469323304.94,126939541.44,2026-10-02T00:00:00.000Z,2026-10-04T00:00:00.000Z,16114617.06,fdfd64cc4effc356b14b97f580caf12dc97424fc,2026-10-04T11:25:28.362Z,03d1080c-472c-40a1-b567-da557f647eb4
4831,4505,19166302.60,11746908.75,7419393.85,115871028.36,42820076.49,66221127.75,2026-09-28T00:00:00.000Z,2026-10-04T00:00:00.000Z,1700783.25,6572c3d35bb332388e314f6954414129eb5e46b2,2026-10-04T11:25:28.362Z,47307374-9589-4869-b020-8f64673a4132
4832,7475,37844469.75,22761605.96,15082863.79,637655828.31,420364604.56,202078080.24,2026-10-02T00:00:00.000Z,2026-10-04T00:00:00.000Z,11641127.65,7826e841031f432ca0a26854912195f554553077,2026-10-04T11:25:28.362Z,04f3d139-c7df-4e78-b597-f92bdcb0c98e
4833,27,987262.51,607737.67,379524.84,924002.22,816366.51,33323.43,2026-05-17T00:00:00.000Z,2026-10-04T00:00:00.000Z,0.00,7950899d6aacff59ba926f527945d46a391dad35,2026-10-04T11:25:28.362Z,b5a866ca-81e0-4ac7-91be-19cac762cc7f
4834,301675,888033391.58,402565981.29,485467410.29,1615688044.46,1349855615.94,186643988.97,2026-10-02T00:00:00.000Z,2026-10-04T00:00:00.000Z,123574032.40,ee6df2469bd4d02430c51387009a37e8945a0151,2026-10-04T11:25:28.362Z,664ae128-6c5b-4bcc-98f4-5642e03528aa
4836,213,3758161.79,2133465.93,1624695.86,919713.33,235301.16,587384.54,2026-09-25T00:00:00.000Z,2026-10-04T00:00:00.000Z,84271.66,b76385f1a045c1c651fd759511b1b3ba7d95d44b,2026-10-04T11:25:28.362Z,cb9c6b7e-93fc-48dd-a042-10ea0ea8b3c4
4840,24,190107.41,88353.33,101754.08,6159508.82,82628.99,6076879.83,2026-05-17T00:00:00.000Z,2026-10-04T00:00:00.000Z,0.00,271226806e7f84f3a9ec10235b00cde27675270b,2026-10-04T11:25:28.362Z,427de573-6ff2-4931-8e27-93a6663eaaa5
4842,149,776962.40,524213.75,252748.65,1648501.38,6879.39,1641621.99,2026-05-17T00:00:00.000Z,2026-10-04T00:00:00.000Z,0.00,bec4ba06dea2a0bb084ef72d52229453f03da94e,2026-10-04T11:25:28.362Z,eaf24237-90f3-4fda-a1e3-124e11c5deea
4843,2178,22952181.14,12989781.82,9962399.32,151507828.25,52705893.24,86007352.78,2026-09-29T00:00:00.000Z,2026-10-04T00:00:00.000Z,1553896.28,defc1c08154a96a883068f2fe22a2fbcd09e43c7,2026-10-04T11:25:28.362Z,61dc39ce-7998-4c05-b7d0-15be30559300
4844,,,,,4042817.87,2344526.60,1698291.27,2026-05-17T00:00:00.000Z,2026-10-04T00:00:00.000Z,0.00,475f15090d987d9a18ff6377b27f6afa4f8fdded,2026-10-04T11:25:28.362Z,4e08fdbb-4bf3-45e7-9cf5-94beb0f028d8
4847,724,19107638.79,17380609.46,1727029.33,,,,,2026-10-04T00:00:00.000Z,35761.60,7cfae7d7a5ad630903de98387a0a3163e42109f4,2026-10-04T11:25:28.362Z,b16f5abb-1aca-4660-85d2-79da20efa2af
4851,613,3772875.58,2684883.00,1087992.58,,,,,2026-10-04T00:00:00.000Z,0.00,a5ca285d6d15ecf9a9d8361873750324b248f339,2026-10-04T11:25:28.362Z,efea6ced-a505-4547-9d37-f985d5a73a84
4856,35165,183474550.01,81912862.14,101561687.87,36960247.55,7371573.54,24093398.76,2026-09-04T00:00:00.000Z,2026-10-04T00:00:00.000Z,0.00,27eb92fb92daa0aed04ed0f0fba22cabc1bf1424,2026-10-04T11:25:28.362Z,e6fecb68-cce9-484d-9b37-335a2c2df330
4860,7442,74901325.15,55543865.54,19357459.61,153810561.43,15944259.41,129561408.02,2026-09-29T00:00:00.000Z,2026-10-04T00:00:00.000Z,2226616.08,fb30a8180eba334d57273c35c7f394e31365c292,2026-10-04T11:25:28.362Z,e7dd394c-6442-4ff4-9495-65ef585d75ac
4861,3991,42126820.81,32090724.93,10036095.88,38467949.34,5360336.95,29173752.18,2026-09-24T00:00:00.000Z,2026-10-04T00:00:00.000Z,0.00,fabda0106f13239f441eb0618262abac73b0fade,2026-10-04T11:25:28.362Z,bff7aacb-56eb-4f33-81cd-3f04ec7fe16e
4864,3841,38085314.87,26491382.08,11593932.79,60507803.13,10767914.52,47023851.27,2026-10-03T00:00:00.000Z,2026-10-04T00:00:00.000Z,,820afb86b45dadfe8adc29497b2fa8baed85e063,2026-10-04T11:25:28.362Z,88ff06fc-ad28-4ee6-b5bd-a56d8723931a
4865,284,3563406.09,2565166.99,998239.10,,,,,2026-10-04T00:00:00.000Z,,0cb008ec0642db1fd63a72004f7575192c2dc82f,2026-10-04T11:25:28.362Z,36cdbe23-9aea-4c62-a138-36f664627d73
4866,383,8149281.75,5686467.39,2462814.36,,,,,2026-10-04T00:00:00.000Z,,e289e6e4716c99e4954636ad047124a27c05ee59,2026-10-04T11:25:28.362Z,21e284c9-e93c-45cc-a837-976f4d6c462a
4867,1267,5975808.86,3509547.28,2466261.58,47995555.03,9392714.21,36918411.75,2026-09-24T00:00:00.000Z,2026-10-04T00:00:00.000Z,,a88a91dac405f822662d48e1e1acc53a32a41df6,2026-10-04T11:25:28.362Z,3ff39987-6d35-4caa-90d2-3a08f2190c5c
4871,15487,109832568.19,70251589.11,39580979.08,,,,,2026-10-04T00:00:00.000Z,,79f5a6df78272d3a35586ee47839117df4ff7a39,2026-10-04T11:25:28.362Z,33e73dfa-c06f-4e19-b6a2-2d62ed782108
4872,257,2945850.78,2372183.31,573667.47,20928231.27,1612671.47,17839642.07,2026-09-25T00:00:00.000Z,2026-10-04T00:00:00.000Z,,75a8852431d1b91c8ca599926a8d321c478c1da7,2026-10-04T11:25:28.362Z,1b1c080d-7968-415e-8f60-37cc9a07df96
4873,4158,25322215.87,16421461.41,8900754.46,43170384.42,4683649.68,35801501.57,2026-09-29T00:00:00.000Z,2026-10-04T00:00:00.000Z,,469c9dd4a1e4c1358c593fa23af8f20f895a27f2,2026-10-04T11:25:28.362Z,6b9c68b8-c030-409b-b027-eb4bffcf4946
4874,6640,53194417.86,40315247.83,12879170.03,28118589.35,10001707.52,16723959.76,2026-09-15T00:00:00.000Z,2026-10-04T00:00:00.000Z,,0125515c953bf25225db51a1c5d9ed92e6465854,2026-10-04T11:25:28.362Z,7a28ce36-8870-4404-8411-204c3c8c71e9
4875,631,4291726.18,2580353.74,1711372.44,26613553.13,2790246.18,22437800.48,2026-09-29T00:00:00.000Z,2026-10-04T00:00:00.000Z,,f9122771e8634f6ec746969c2ca337ede6476ac0,2026-10-04T11:25:28.362Z,1413dff6-e4e2-48f5-84fa-1844fe9e306a
4877,9429,58430736.07,37438655.35,20992080.72,107417369.42,87248958.15,18232514.14,2026-09-23T00:00:00.000Z,2026-10-04T00:00:00.000Z,,c99563e40539299e72609b411dfb816c167c285d,2026-10-04T11:25:28.362Z,a428483e-ab82-4546-8715-2d280c18ba1b
4878,1102,9543582.18,6278292.87,3265289.31,28729722.36,4758604.23,21839483.00,2026-09-30T00:00:00.000Z,2026-10-04T00:00:00.000Z,,dd5ed7fe1f66e30918e7f8b941d2a85217494d5f,2026-10-04T11:25:28.362Z,59b606e8-b82f-473a-a252-12fcab5b50f5
4879,3887,41708686.75,29199265.79,12509420.96,520868542.02,444488247.29,44536766.78,2026-09-25T00:00:00.000Z,2026-10-04T00:00:00.000Z,,a2ee387f020444f7a36e2f9324c40f8601ad3840,2026-10-04T11:25:28.362Z,77c67fa8-66bc-4da5-b0d7-6df6a6c3c517
4884,915,11953485.83,8559149.48,3394336.35,9936021.92,3180410.65,5843564.40,2026-09-10T00:00:00.000Z,2026-10-04T00:00:00.000Z,,c99dca19db420db9f84fe6e65aa9eae001af188c,2026-10-04T11:25:28.362Z,7d03ff73-f6da-426b-8ee2-0f913124571e
4886,628,9778573.24,6994696.16,2783877.08,48638048.39,24531512.36,21648163.92,2026-10-01T00:00:00.000Z,2026-10-04T00:00:00.000Z,,535dafafa19fd9b5aa36ffa9e3784454b54955a3,2026-10-04T11:25:28.362Z,4fdb7e74-d279-4608-9ad1-d17b38b1895e
4890,347,3176635.87,2316632.04,860003.83,562091.91,26859.91,535232.00,2026-07-16T00:00:00.000Z,2026-10-04T00:00:00.000Z,,5eadf96ddae982d5259461da42d34ee7cca60910,2026-10-04T11:25:28.362Z,e4e74c93-2598-4799-9456-aaaaee9fd9b9
4892,36871,214842974.07,126674146.95,88168827.12,,,,,2026-10-04T00:00:00.000Z,,4fa34b3b178543e467206ca3b97beeaadd78860b,2026-10-04T11:25:28.362Z,29d2d4b0-f475-4734-9122-809fbc772177
3623,,,,,,,,,,,cad639828504f3953fef8c683f13ba38cb004035,2024-10-08T23:04:41.957Z,9c1d3526-7a6a-4205-b810-6cfb1b5d72c2
4893,2126,62853384.39,22678807.51,40174576.88,8694412.41,8144996.35,88110.16,2026-10-03T00:00:00.000Z,2026-10-04T00:00:00.000Z,,7b97252e371cac52b647dcf888a1b0d1d4a1275f,2026-10-04T11:25:28.362Z,333e67d2-9d68-459a-b12f-3a5f98ebef75
4894,119,257236.02,59870.15,197365.87,26704.44,9063.16,17641.28,2026-06-04T00:00:00.000Z,2026-10-04T00:00:00.000Z,,bbf9116a874d995ed76ed420f073ced74011aa3c,2026-10-04T11:25:28.362Z,e05ae29d-6605-4770-8ac8-de64961c4b7c
4898,37441,112509866.65,45208969.20,67300897.45,107437046.01,67740314.76,37056020.10,2026-10-02T00:00:00.000Z,2026-10-04T00:00:00.000Z,,a6067d14f46646d497d7e2384d9f9de2c78c2ab0,2026-10-04T11:25:28.362Z,479c1c2d-3142-48e5-95ac-476b6cbf8b8c
4899,49100,208461449.52,126848814.92,81612634.60,197519906.38,175287395.85,11064228.00,2026-10-03T00:00:00.000Z,2026-10-04T00:00:00.000Z,,23973e1677af689355b2aaa43118cb6b95447b31,2026-10-04T11:25:28.362Z,6ab567e5-97b4-40d2-8d93-939b49746d43
4906,1537,16812722.72,8986743.88,7825978.84,4872236.79,2665120.62,1142680.16,2026-10-02T00:00:00.000Z,2026-10-04T00:00:00.000Z,,b1be85090e9546467d8cd7a5057d5ccd720da9f8,2026-10-04T11:25:28.362Z,eef477d1-276b-4438-a2c4-2c5750394a59
4909,2652,24475702.46,14301159.44,10174543.02,2157774.11,1855382.64,102215.16,2026-09-30T00:00:00.000Z,2026-10-04T00:00:00.000Z,,9226a78dc57730b7a8db833a65bfca34bcc1bf1f,2026-10-04T11:25:28.362Z,0b573416-8cab-44ea-879d-b75cb9c90f30
4910,9754,63216023.08,19048141.04,44167882.04,10149953.50,8955026.13,1190840.34,2026-10-01T00:00:00.000Z,2026-10-04T00:00:00.000Z,,c651b0190e386c6116c0f1da190acd92cb9c2b72,2026-10-04T11:25:28.362Z,2741935a-afcf-458a-ac38-00b26b0665ee
4911,162,1834648.72,1391446.61,443202.11,275632.61,65736.98,209895.63,2026-09-30T00:00:00.000Z,2026-10-04T00:00:00.000Z,,5d807b3e0772ccdff48af3a2d35b5935f5aa7aec,2026-10-04T11:25:28.362Z,29dd7c9d-2403-43b6-a4d4-40d8504e56c1
4914,196,1528277.93,1193925.58,334352.35,,,,,2026-10-04T00:00:00.000Z,,06e9ae58d7e73b5f17e95a79b8f7ea7da4d4cb00,2026-10-04T11:25:28.362Z,26110265-aae2-4c21-927a-5ccf10496af4
4915,530,5205286.77,3977703.05,1227583.72,,,,,2026-10-04T00:00:00.000Z,,938d890a972fb00a0256892b764aa0dbbfedbd49,2026-10-04T11:25:28.362Z,de99af8f-914f-4cfe-9a2a-1509dfa4b843
4922,2972,15392988.70,10014731.81,5378256.89,109734.89,76502.96,33231.93,2026-10-03T00:00:00.000Z,2026-10-04T00:00:00.000Z,,8b4387a9e1940f13f03ae86b08ac6694f8f755a0,2026-10-04T11:25:28.362Z,91158486-6528-41ee-9881-6a6cc7e0e4c5
4923,24208,76134338.71,31023611.34,45110727.37,2620305.75,1186566.64,623562.81,2026-10-03T00:00:00.000Z,2026-10-04T00:00:00.000Z,,7ba36d45b71530dc65eee2cd6162f00861777527,2026-10-04T11:25:28.362Z,84b1aedd-0ff3-49f1-95b2-b2f8d080e950
4925,7869,46833157.45,28250877.25,18582280.20,3190143.73,1036770.04,753784.28,2026-10-02T00:00:00.000Z,2026-10-04T00:00:00.000Z,,bc67c4499dbbb80c5b4b3e2a84009edadd36ac6d,2026-10-04T11:25:28.362Z,e3f14215-7599-4e73-8fd0-cc5a9478c81b
4927,7885,43141468.30,27211134.75,15930333.55,4837.85,4837.85,,2026-09-27T00:00:00.000Z,2026-10-04T00:00:00.000Z,,7a4353e253c19a0afff47194e731763619573a08,2026-10-04T11:25:28.362Z,1fa931f4-2a9a-4432-85e6-807fc6d5637d
4931,424,3151023.83,1455743.42,1695280.41,,,,,2026-10-04T00:00:00.000Z,,6fc462ec3e7439b90e88dc01b433873b19447445,2026-10-04T11:25:28.362Z,6c1cf6d3-82da-42bd-a257-625b70e4062c
4932,1210,15259665.18,11008400.29,4251264.89,,,,,2026-10-04T00:00:00.000Z,,33cd6d8c966433b8039141a0ce093380d7bf1831,2026-10-04T11:25:28.362Z,99d2a9c4-c08d-41ac-b569-909b670391c6
4933,31133,128743358.58,66478690.12,62264668.46,57306.95,57306.95,,2026-10-03T00:00:00.000Z,2026-10-04T00:00:00.000Z,,fb46a55a2e77a3432d0d0af446142ac8068a0a61,2026-10-04T11:25:28.362Z,49d0f03b-678c-48cc-ac1f-066c143f218c
4936,207,1680221.27,970608.05,709613.22,,,,,2026-10-04T00:00:00.000Z,,ec0eb2f50358412a4a2c6c3b1d57265e5ee7b5f4,2026-10-04T11:25:28.362Z,ed8efdf6-60a7-49f8-a694-d57fe76172c5
4941,,,,,,,,,2026-10-04T00:00:00.000Z,,4047010d9ba2ef8fccc5439fb6db1af860891013,2026-10-04T11:25:28.362Z,4b7cad52-fd2f-40cc-b562-9bd64968f223
4945,,,,,,,,,2026-10-04T00:00:00.000Z,,6f911e6d39ce18343b71875cf6e1b4d15ce22c5d,2026-10-04T11:25:28.362Z,b74b8d06-2a7c-47c8-87bc-b46894c20397
5449,,,,,,,,,,338880.68,be396bb4d5f5ade90dae78d315ef238495b4df24,2026-07-09T00:02:16.026Z,9cea3b71-3498-406c-84ac-381cbf2ac24c
3593,,,,,,,,,,,27b65b4eb47d2448921ddd872a39847247f4f01b,2023-05-23T23:02:33.715Z,4b6f00b4-772f-4660-bc54-788ddd9b751a
3594,,,,,,,,,,,991d1d037c283ad497e5d8cdcc317071c2ba297a,2023-05-23T23:02:33.715Z,26ac2b60-4844-465d-818e-7218183ad7fb
3631,,,,,,,,,,,2f2fd637ff1deac764b12c5a4175f23d792e8410,2026-01-25T00:02:34.613Z,5d24852a-90a0-4731-bcf5-557d9e811e60
5447,,,,,,,,,,1155477.99,7fdc0645a7b9914fb81e7873cdde895c66a5b616,2025-06-10T22:02:01.861Z,ffa1c882-df92-487d-a569-b68ee36f470e
3632,,,,,,,,,,,a196b1f4c8e3743c6c8438610887bf2ca0ff299d,2026-01-25T00:02:34.613Z,0869550b-ed37-4fd7-b6b1-9174ee6291ec
1295,,,,,38730246.55,17821581.62,20308886.75,2026-05-17T00:00:00.000Z,,9436261.00,54997758c61ab922b86ce11b96a474d7a458be57,2026-09-29T13:30:22.024Z,27ce8c5b-6ce3-4141-8260-a4ce430c460a
1296,,,,,41182922.07,10759369.68,29436671.56,2026-05-17T00:00:00.000Z,,4413443.00,4c23376f5774ad75786902255167846c1c374bdb,2026-09-29T13:30:22.024Z,ce91c273-8220-4086-afe4-752529022e6f
1297,,,,,3374929.57,413506.66,2970485.64,2026-05-17T00:00:00.000Z,,831368.00,d9ba1444e9b82cdbd40f3870ed5efae7fb8c7ca7,2026-09-29T13:30:22.024Z,e81b74a7-b775-4bbb-aea1-036016d9c7ad
1299,,,,,20544026.62,13045445.34,7178637.83,2026-05-17T00:00:00.000Z,,6074584.00,8ee26a253dca23893ba29e67d850ad7095dbfbe2,2026-09-29T13:30:22.024Z,b5a4fd53-76a6-465b-b1e6-454584c1fc06
1300,,,,,34309695.49,16704381.41,17070710.07,2026-05-17T00:00:00.000Z,,3599288.00,7e7fd303dd2a43e256fb5e3d5d16abd00c055ec0,2026-09-29T13:30:22.024Z,9a36dad0-6f13-4273-8877-05e133b20a16
1301,,,,,1968329.67,18254.17,1953360.86,2026-05-17T00:00:00.000Z,,7803.00,1aeb9a75d85eb9ddc9f3a60c9411ff8864414633,2026-09-29T13:30:22.024Z,2f87c6d1-0928-49cf-a34b-52ec15d07bc5
1302,,,,,1875868.51,590763.40,1224126.36,2026-05-17T00:00:00.000Z,,107462.00,85ac9c2e9cea2c9e36bb8aef48586198350b7164,2026-09-29T13:30:22.024Z,b5020301-06b4-449c-bf07-af0f5836a312
1303,,,,,5462529.93,1195275.68,4267254.25,2026-05-17T00:00:00.000Z,,1061424.00,e60d0a3ee5b78a4ec0cb0decd7d31063be3a6fd0,2026-09-29T13:30:22.024Z,7ee82561-f5f7-4003-90ba-a9f77abde276
1305,,,,,594693.82,73108.21,521585.61,2026-05-17T00:00:00.000Z,,11345.00,9c5dcba04e46e6b3373f6a472b6a9072ae29cd65,2026-09-29T13:30:22.024Z,92e5afdd-29a9-4c20-ab97-721e3a7c55c5
1306,,,,,106261129.13,32644798.12,72246141.46,2026-05-17T00:00:00.000Z,,21423043.00,da0d3a689d26822795c5df607302cfc02d2231d0,2026-09-29T13:30:22.024Z,36a421ea-9597-4e66-9dcf-735ec458f4dc
1307,,,,,1010652.61,397663.92,612988.69,2026-05-17T00:00:00.000Z,,111961.00,e0a156a954b2d74d3846bcc5e83511118fb15f63,2026-09-29T13:30:22.024Z,0e66ce99-53d6-4e5c-beff-0481cc12a626
1308,,,,,920741.26,21376.49,880889.25,2026-05-17T00:00:00.000Z,,136145.00,fbe22f1373e022217fdbfee0215acfd0d976aa06,2026-09-29T13:30:22.024Z,01978a64-fb1e-4d1b-96b5-543de358540b
1309,,,,,4843572.33,1257343.05,1889928.62,2026-05-17T00:00:00.000Z,,1847365.00,c3bb6fd9aab5f524785feb6987239b9c6b759e38,2026-09-29T13:30:22.024Z,7d7c1dd5-593e-4912-a5c1-31fad4163e98
1310,,,,,4680340.30,1386231.25,3245139.40,2026-05-17T00:00:00.000Z,,250405.00,cc6432c2f681929876142a10713e4f49763bab70,2026-09-29T13:30:22.024Z,3915d6a4-42ee-4b34-a7f5-5715d30c0a40
1311,,,,,38325629.19,27483434.39,10849669.36,2026-05-17T00:00:00.000Z,,5289650.00,52c4188e1e409ba42fd35b79236344e56c2edb2a,2026-09-29T13:30:22.024Z,f2373e36-e4c3-4c32-aad5-5a33c2de682f
5304,,,,,,,,,,1137220.61,992c0419c710b732a642815d1ba1900509bf58ba,2025-05-29T18:01:54.463Z,19b6c005-c0aa-4a90-b3db-ecc5a9061322
1312,,,,,27368107.85,20690288.33,6631775.10,2026-05-17T00:00:00.000Z,,3453353.00,1fea8a7858be5f453b48bdf613d6bb5100a7467a,2026-09-29T13:30:22.024Z,e396343c-c3cc-40cf-81a6-9b80191ee69a
1313,,,,,8726361.63,3164581.04,5580429.08,2026-05-17T00:00:00.000Z,,1311471.00,700b92d4376f7f593b70fa6eb816c2e596660faa,2026-09-29T13:30:22.024Z,bc06028f-e0f9-450c-a519-4917918f02d5
1314,,,,,2602266.65,1170005.58,1430987.29,2026-05-17T00:00:00.000Z,,405517.00,000430466342492c4c923ef585c7f6080c8bfcce,2026-09-29T13:30:22.024Z,99a1ca17-a88a-4a6a-a89c-19326db8f6aa
1315,,,,,2043473.79,1256195.35,847752.31,2026-05-17T00:00:00.000Z,,662973.00,cb6fbd8d5218934f6c7e8db75cf93e9d7403a014,2026-09-29T13:30:22.024Z,5ee9d6a5-5573-42bb-a3df-0c7a31a53b1a
1316,,,,,10798817.35,6382892.52,4291133.67,2026-05-17T00:00:00.000Z,,1583458.00,6bc67c02fd51842746f89b7929743d26f243bb58,2026-09-29T13:30:22.024Z,a3e21b23-1600-48f9-a61d-a45f182d7821
1317,,,,,3394920.15,1502165.83,1892754.32,2026-05-17T00:00:00.000Z,,438084.00,b1f2c7baa14e9a7a3e8e6654232d35596f3f5fa6,2026-09-29T13:30:22.024Z,61c2e155-80eb-4731-b7e3-d66d0c4becd3
1318,,,,,13588960.08,13193223.02,451699.92,2026-05-17T00:00:00.000Z,,1454376.00,f45630efffb2fcf529e3836093c24c32d2c35519,2026-09-29T13:30:22.024Z,3b40222f-aca0-4476-ac2e-d8a29ccc7f1b
1319,,,,,5134082.94,329668.71,4780114.36,2026-05-17T00:00:00.000Z,,1289906.00,857ceb79d67a1bcebda53de26ea7df7a39e54d41,2026-09-29T13:30:22.024Z,b2e867cb-f771-4b6d-b127-e9a491a70339
1320,,,,,2820111.53,245508.68,2514961.75,2026-05-17T00:00:00.000Z,,420140.00,e7d333a88cf4de32747b1c9c2a58237b1fd345b2,2026-09-29T13:30:22.024Z,ce905879-c0f6-4134-b8bc-ad52bf5be851
1323,,,,,3773011.29,2434987.46,1282012.04,2026-05-17T00:00:00.000Z,,556864.00,0d49379bc0e537592f983eab19704899e0d24567,2026-09-29T13:30:22.024Z,6f3a6319-9453-4d0a-997a-b34883382254
1324,,,,,10907868.92,10902315.84,-40533.34,2026-05-17T00:00:00.000Z,,1613748.00,430c4645cfe87b84fcc8ecca00c0538d0da5b2c1,2026-09-29T13:30:22.024Z,3a7c4ad3-a9a9-4117-9681-8add52b7de24
1325,,,,,1354522.51,1343225.92,,2026-05-17T00:00:00.000Z,,98973.00,e9063ebfe4b6a9fe138580685ede3f50255edc38,2026-09-29T13:30:22.024Z,55e026ad-7606-44d6-a328-bed53455997a
1326,,,,,2191132.01,26462.73,2159308.27,2026-05-17T00:00:00.000Z,,333150.00,d829b4e2b50dc5c2b43690a48a8b1a23ffd9941a,2026-09-29T13:30:22.024Z,6cb52ae5-18e0-4c5c-bc6e-e558158d0d01
1327,,,,,619592.30,274870.50,335828.76,2026-05-17T00:00:00.000Z,,343409.00,4d2ec45e8406382140ee6daec28ceecd8ba72868,2026-09-29T13:30:22.024Z,7b273a10-a3be-42cf-9ddd-216380f1515e
1328,,,,,2551571.28,432319.67,2068700.53,2026-05-17T00:00:00.000Z,,888289.00,9042f5305a4aa7d6045d97699b6200ffee45ed55,2026-09-29T13:30:22.024Z,d4a0aec2-b47e-46b4-aa5c-1d16167086b0
1329,,,,,5652343.85,1460174.48,4205941.58,2026-05-17T00:00:00.000Z,,1557307.00,d3d47190fe1b38684f458cbb76b04b99172dcb99,2026-09-29T13:30:22.024Z,6cb7bb6a-161d-4a6c-8067-67e04d613b1f
1330,,,,,1779808.12,156784.46,1615230.76,2026-05-17T00:00:00.000Z,,232618.00,50492e4b3a67ac25a16f12f5adaf6d283724bc1d,2026-09-29T13:30:22.024Z,7ea431fc-1264-4eb2-b151-880964887977
1331,,,,,3700015.29,1268492.29,2364988.67,2026-05-17T00:00:00.000Z,,449273.00,bc0308ce95b8e5e1cff4dcdb098f3e9a5ca88a3f,2026-09-29T13:30:22.024Z,f43df679-0ff5-411b-8627-bee7f284fa41
1332,,,,,10909105.98,1145655.20,9730102.87,2026-05-17T00:00:00.000Z,,3154896.00,9bd9f5a15db56315bbc4d2f4826e1426aa123524,2026-09-29T13:30:22.024Z,3bb75c04-c46b-46cc-9fdf-b9c429ff0e44
1333,,,,,11772726.00,3906085.02,7676010.71,2026-05-17T00:00:00.000Z,,4661056.00,6f971cdf9854205356ef81dd4990e25f6f36b2b4,2026-09-29T13:30:22.024Z,b9648bc0-0ee1-4c38-8b16-4557b661bd48
1334,,,,,39700101.17,3780939.54,35121540.21,2026-05-17T00:00:00.000Z,,9520801.00,6b0994be36ca01fc97d90ba81f1abc24380b20d6,2026-09-29T13:30:22.024Z,49bd4564-e7da-439b-9fa5-72ab02d89198
1335,,,,,31020492.12,4053927.92,26379603.98,2026-05-17T00:00:00.000Z,,2766765.00,915249727896ddd8d8ce21fbeeeff52a37ab4c27,2026-09-29T13:30:22.024Z,dcf98210-fbf6-4cc6-9e10-8b44c74ac12b
1336,,,,,2474138.67,11080.45,2431124.77,2026-05-17T00:00:00.000Z,,304005.00,c475aa260e26d5fff2f82e1063905c39fc53bcd2,2026-09-29T13:30:22.024Z,6e83d1f0-f913-48d9-bf5c-e6344a9a9d30
1337,,,,,4697320.21,2066485.11,2599444.42,2026-05-17T00:00:00.000Z,,782081.00,e4da8b95f1f49f405913266ac6127f450985c277,2026-09-29T13:30:22.024Z,48db30c4-e2de-4541-b6a3-65f206a5c5f4
1338,,,,,297203.25,294142.30,3060.95,2026-05-17T00:00:00.000Z,,45256.00,14dea45b604f1a9adcc3431e0a7e31482c59b24f,2026-09-29T13:30:22.024Z,2db3ac83-62f0-4000-8992-197f76f6dd87
1343,,,,,3340810.20,642795.32,2670809.27,2026-05-17T00:00:00.000Z,,346748.00,9a8b33618770ce6bd4b4b0908fa9c72919a7a14a,2026-09-29T13:30:22.024Z,bc153a57-83c3-4536-8d26-c93a10bdd219
1344,,,,,18565928.96,527841.99,17408770.89,2026-05-17T00:00:00.000Z,,1922332.00,53061a9f13daee577106e3fa5e4f007e4c0ab24e,2026-09-29T13:30:22.024Z,269fb362-5653-421c-93c9-d2fac1ee2f0f
1345,,,,,288482360.66,6633699.70,279844097.69,2026-05-17T00:00:00.000Z,,76656943.00,e0004b31efe338366d992808f55d2f086004b41f,2026-09-29T13:30:22.024Z,c8885f19-0e74-4b18-bb32-75593ca93443
1347,,,,,5616578.93,1514282.42,3706650.48,2026-05-17T00:00:00.000Z,,1343739.00,45dd48a0e5c45d02455f0832c5e11a5060ca0394,2026-09-29T13:30:22.024Z,63bb2262-333c-49d9-8b45-6a7ad4f42360
1348,,,,,4128414.91,564631.82,3220924.98,2026-05-17T00:00:00.000Z,,1154842.00,1fba538473492a4e66de88ba2a24fbb77eac820f,2026-09-29T13:30:22.024Z,8664ce65-884d-48f7-9a4f-d037c825ba7c
1349,,,,,2838615.94,94167.46,2564548.23,2026-05-17T00:00:00.000Z,,538400.00,32e24ea14c9fd3627b5d54fa5e2a81135ff539ae,2026-09-29T13:30:22.024Z,d85ebbb0-227c-4aab-8d9c-9d409bf769db
1350,,,,,2127262.15,22787.43,2097786.27,2026-05-17T00:00:00.000Z,,300092.00,02f63ea74bebcb3689eae71b12bf56c1833802d4,2026-09-29T13:30:22.024Z,7875b7d0-c3b4-42da-a9dc-4e79b4479ebb
1351,,,,,682634.87,4604.47,686029.24,2026-05-17T00:00:00.000Z,,98588.00,d022631976917d3a6e5b6711282e0300fc50d49a,2026-09-29T13:30:22.024Z,3253378c-fb1d-46b8-aca6-37245172cd5d
1352,,,,,1085125.11,1085125.11,,2026-05-17T00:00:00.000Z,,192419.00,cf9f19a037d72f0a5258c27616c0b20b2d17883d,2026-09-29T13:30:22.024Z,a927ee50-1fa4-4d51-8c0d-66a91b93b11a
1353,,,,,817522.69,49651.86,765362.51,2026-05-17T00:00:00.000Z,,104509.00,ba0193c7d3e7911fa8c731d7c165242037626753,2026-09-29T13:30:22.024Z,fb49bd17-bbdf-44b4-a184-8d02dcc2928c
1354,,,,,171462871.26,138417803.51,33092101.88,2026-05-17T00:00:00.000Z,,28495935.00,e42a6775416e9b89a2cca0b03b950a730de55ed2,2026-09-29T13:30:22.024Z,0e36b53b-0bcf-4143-a1d2-cbc8cd3b4716
1355,,,,,156472238.96,55793894.01,99573522.52,2026-05-17T00:00:00.000Z,,23968328.00,47b3f450de48a64b8d1c76b8629e1ee66702194b,2026-09-29T13:30:22.024Z,2066e671-45a4-4c67-9e14-c8f4da395ad6
1356,,,,,39711803.79,24308976.34,15313037.01,2026-05-17T00:00:00.000Z,,4438038.00,c98adc364710ec66851657fed2451d9cc57c24db,2026-09-29T13:30:22.024Z,2f0514e2-627a-46ce-9982-537497b629cf
1357,,,,,4294159.44,2918003.52,1386461.64,2026-05-17T00:00:00.000Z,,351225.00,bbcab650310a6420cf50568098e74b211fdcc994,2026-09-29T13:30:22.024Z,cfcf2fff-d608-47c0-8d1a-84c55bf6f958
1358,,,,,727798.23,9329.08,703570.79,2026-05-17T00:00:00.000Z,,103931.00,de711679368048dda6f8af27826e66c176b02468,2026-09-29T13:30:22.024Z,0fa71e16-aea0-42f9-bad1-0a29ef90b9d4
1360,,,,,18209268.66,9578920.62,8903962.17,2026-05-17T00:00:00.000Z,,2730274.00,e70456c1918619c984db5472086b06ab7dd41985,2026-09-29T13:30:22.024Z,6a226c6f-2a8e-4dc2-8354-f707eeaf9fe1
1361,,,,,66734226.22,7138998.70,54761534.37,2026-05-17T00:00:00.000Z,,18838111.00,77c05f166c42a8ea82413a47c1def1f3244fa248,2026-09-29T13:30:22.024Z,21430b89-ba86-4e86-954d-0588d4257599
1362,,,,,4786803.73,4111602.56,675201.17,2026-05-17T00:00:00.000Z,,106606.00,a5f535de4eb2399160159e3c83a3f73089af783e,2026-09-29T13:30:22.024Z,7525cc62-fa6f-4d84-b0c9-994a0230664e
1363,,,,,3018776.02,103814.90,2933445.45,2026-05-17T00:00:00.000Z,,431125.00,4f2aa3857529dab56c13157c389c2e41330825b0,2026-09-29T13:30:22.024Z,206aae44-da82-4cc0-9ced-2ef544bcfdad
1365,,,,,2855252.63,22820.59,2871984.60,2026-05-17T00:00:00.000Z,,417677.00,6f42f1cfba074b4ff10e1cdf6a816a070b0c1819,2026-09-29T13:30:22.024Z,cfaf8e41-f778-4fd6-a974-3564bf9aa1f4
1366,,,,,2697313.17,912342.82,1767548.60,2026-05-17T00:00:00.000Z,,442317.00,4b2f4d9022ba61eb1ac4393d8b57339922446fa9,2026-09-29T13:30:22.024Z,077f6621-66a0-43bc-aa32-4e1ae59bcaff
3630,,,,,,,,,,,92fa0ef77e2711f571af4683b2980c7d8396cb0d,2025-12-21T00:02:24.024Z,9bca4700-77f7-43ef-9eff-d9d042c39cee
1367,,,,,8618071.05,3601138.53,4689231.55,2026-05-17T00:00:00.000Z,,1876460.00,c3cf4f8423b838bbc00972aad911340eb6959564,2026-09-29T13:30:22.024Z,ab382683-4fcd-49de-99a0-d482d46f06ab
1368,,,,,5964308.99,2663455.38,3341706.39,2026-05-17T00:00:00.000Z,,521140.00,bdd86684ac10c223be95385718b7ec3f9572671b,2026-09-29T13:30:22.024Z,b1100a1c-47be-4a69-81ce-8ac81e22750f
1369,,,,,19743137.17,11692409.39,8072012.75,2026-05-17T00:00:00.000Z,,3344251.00,c44aaf5966b11aec137d64c50d969cde5ed82744,2026-09-29T13:30:22.024Z,efa325bd-1626-458f-925b-46640763f282
1370,,,,,36227696.02,8928951.34,27261029.27,2026-05-17T00:00:00.000Z,,5117141.00,1dd26c7f010fd2ec2863d5949db89d1c84db8a3a,2026-09-29T13:30:22.024Z,9d789e80-392d-42f9-bae2-43d1c6284a56
1371,,,,,1160349.40,164540.76,988759.39,2026-05-17T00:00:00.000Z,,208923.00,47773d29bfd5d667fe440199df95e98a74e75008,2026-09-29T13:30:22.024Z,c8f05006-22ef-40e1-9c4b-4fec392f69cc
1372,,,,,5148701.01,1543406.47,3033129.15,2026-05-17T00:00:00.000Z,,310644.00,51e0ea33c5bfe773b832df9c919cebfe84cf03bf,2026-09-29T13:30:22.024Z,6a992fb5-dc23-47a0-ac86-5ac79dc0a592
1373,,,,,2982075.51,45727.81,2934671.07,2026-05-17T00:00:00.000Z,,415221.00,e07070564d5a3e9f12c41b1c824744464d69174e,2026-09-29T13:30:22.024Z,fe20b28a-8a28-4af1-b15c-a1136559feaa
1374,,,,,4621871.50,30085.44,4645199.75,2026-05-17T00:00:00.000Z,,492411.00,67b65665ba78edd93448383fd3a6851e4a55d04b,2026-09-29T13:30:22.024Z,fac42b66-55e2-4af3-ae3a-2f5e6e9d58f7
1375,,,,,5090930.68,480755.51,4566952.93,2026-05-17T00:00:00.000Z,,710833.00,acc4649bf44670715887e1ca0f59a19dce4dd5d0,2026-09-29T13:30:22.024Z,d59ab8d4-636e-49e3-8871-66966aa70739
1376,,,,,23460073.66,4220258.24,18158271.52,2026-05-17T00:00:00.000Z,,3517976.00,9ad0ee0209957dceb7492a542751e035fab52ec7,2026-09-29T13:30:22.024Z,52ecb52f-c6a5-4e81-83f1-c1290b5f00fc
1377,,,,,741930.23,9998.01,730615.20,2026-05-17T00:00:00.000Z,,113141.00,eab937304ab00132132189ef989c8bd4b8b0b403,2026-09-29T13:30:22.024Z,d8390fac-a216-4639-b904-509481be3a28
1378,,,,,27714622.66,9528239.13,18283828.51,2026-05-17T00:00:00.000Z,,11061441.00,159e90fb09f12df5c212b654b3d8e3308e481d01,2026-09-29T13:30:22.024Z,5874cb58-ad0b-411e-b9bb-504781bca038
1379,,,,,433648476.59,101320637.90,329881488.02,2026-05-17T00:00:00.000Z,,201035427.00,d936a5baba67dac52175aeafe3a18172e2f0617f,2026-09-29T13:30:22.024Z,25ed7c88-c3b3-4e44-aa28-0a052fc19d5d
1380,,,,,9040908.02,6082907.61,2964651.36,2026-05-17T00:00:00.000Z,,14135775.00,7949c9c70a4655a545619f89cac2741e94f8c238,2026-09-29T13:30:22.024Z,3beacbd6-75f9-4358-b88d-48b22402390d
1381,,,,,14682417.87,2171960.59,11969386.34,2026-05-17T00:00:00.000Z,,4038077.00,d24d9143b5b92b3e35039309479318cae028c19b,2026-09-29T13:30:22.024Z,88d080b4-bcdf-44a1-a2b5-7ca0bc1910bd
1382,,,,,1776446.25,475268.17,1329092.51,2026-05-17T00:00:00.000Z,,0.00,1c0ea3e43a3fd0bf6ae46757abec3dbb5ed97999,2026-09-29T13:30:22.024Z,b3b302c6-6eb0-45d7-b352-f7ad7368f178
1383,,,,,6689724.02,777194.42,5803267.17,2026-05-17T00:00:00.000Z,,1800672.00,dc20aaf8e5aeacc8b70272fce9398145c72b4760,2026-09-29T13:30:22.024Z,438bded0-bda7-401f-b5c1-1f8b9a807d5a
1384,,,,,6425209.53,2629470.00,3613225.53,2026-05-17T00:00:00.000Z,,1051510.00,ce76c0e674eee41023a3c2f2460859acc45f07c0,2026-09-29T13:30:22.024Z,99b45f76-d33b-4c01-a1ef-5e89e17d60cc
1385,,,,,970883.22,776691.84,187695.22,2026-05-17T00:00:00.000Z,,136965.00,d1f07f09e81ef173fde3b44d9edbb2827eca637d,2026-09-29T13:30:22.024Z,df4ed093-161b-48b9-a056-7eb10677da25
1386,,,,,7390259.93,837090.99,6533634.13,2026-05-17T00:00:00.000Z,,1663497.00,6e6675ac865cbb834fe4e3d2b219b8474e5d2d0d,2026-09-29T13:30:22.024Z,7b0beff1-b561-44dc-93e7-e821aab7fb9c
1387,,,,,3692932.67,356138.90,3187341.86,2026-05-17T00:00:00.000Z,,659897.00,1b87a6ac53c149a20b4aff931a3067c6f64b9376,2026-09-29T13:30:22.024Z,ea166014-77b9-403e-821d-0c7238d95a88
1388,,,,,11677354.07,457515.74,11164447.48,2026-05-17T00:00:00.000Z,,2023999.00,aacf7d55fd4b868b1552e0870dcd603b3ebf8479,2026-09-29T13:30:22.024Z,fc0720e0-d2cf-460c-a6c8-50215e096e0f
1389,,,,,708827.27,276994.70,460813.63,2026-05-17T00:00:00.000Z,,255255.00,08ab992894a609371303818c098549b75df27c53,2026-09-29T13:30:22.024Z,079d0b0d-5751-4079-aa3a-8770e7219287
1390,,,,,5935229.86,708833.51,5149869.54,2026-05-17T00:00:00.000Z,,914172.00,f77756a5d7e9c500647a25d12d151646875dd9fc,2026-09-29T13:30:22.024Z,ce2b7c85-156f-4ef2-95f8-5407d973cafd
1391,,,,,4732560097.40,2090168740.98,240887893.45,2026-05-17T00:00:00.000Z,,264635280.00,eb7957b978f1ab89af516ee4a19d2ca26aba7f05,2026-09-29T13:30:22.024Z,2373be5d-8263-40b4-8394-3841e1c04efa
1392,,,,,4938627.13,4905529.68,,2026-05-17T00:00:00.000Z,,1792038.00,39e7377e1c60b16ac6f490cb7c96a450d9d20594,2026-09-29T13:30:22.024Z,211f3a95-9672-4148-b925-747c731ebd97
1393,,,,,22990447.07,9766980.43,12715981.97,2026-05-17T00:00:00.000Z,,1575675.00,6767400458969547c1fdf9c2b8b2539cfe69cf89,2026-09-29T13:30:22.024Z,8822f228-253c-4e7c-89ff-429ff4a85f24
1394,,,,,1414196.50,35419.81,1376975.39,2026-05-17T00:00:00.000Z,,136586.00,5f6cbb8921e1ebc93aa60a8f816aa61b544183ac,2026-09-29T13:30:22.024Z,d2f7af21-d0c1-4408-be4c-926c48197b00
1395,,,,,1146338.86,516406.83,493589.53,2026-05-17T00:00:00.000Z,,244547.00,dca24bf0df8757aff139d11a2c2bdc8273826ea3,2026-09-29T13:30:22.024Z,3f268537-5134-45bb-b161-3240eb95af81
1396,,,,,4853317.12,681327.02,3553040.63,2026-05-17T00:00:00.000Z,,93818.00,57b40b6635aa7008e4e4c085d65936b5317a003b,2026-09-29T13:30:22.024Z,b8a4176d-0a6f-4878-be87-f1b963572851
1397,,,,,2452457.07,53540.13,2138681.23,2026-05-17T00:00:00.000Z,,197626.00,4e46d8b70bb647b98503e4050f5def26e8450acc,2026-09-29T13:30:22.024Z,922c419f-fba9-40fc-b31c-a3321b842e7a
1398,,,,,5451238.64,402109.28,5112408.54,2026-05-17T00:00:00.000Z,,804721.00,8bfffce4d8628e5d233ad071e111ad87e47cfa8c,2026-09-29T13:30:22.024Z,ae34984f-d27b-499d-8e12-7fe5c5eab33a
1399,,,,,2343447.82,1538493.06,804954.76,2026-05-17T00:00:00.000Z,,484316.00,403664d4de2dcb5890d94cca86ec479600fc93d5,2026-09-29T13:30:22.024Z,b3b0561d-da79-4ec8-89f9-8cd3f8d6f308
1400,,,,,2225170.96,85726.80,2165746.79,2026-05-17T00:00:00.000Z,,105414.00,92998698d1fccffa38bafe7d0736aa919fb1ff28,2026-09-29T13:30:22.024Z,1468c025-78cb-445d-be16-f4f84984157f
1401,,,,,109054038.02,24594047.06,83957589.48,2026-05-17T00:00:00.000Z,,19414568.00,0aae2af68cb39e5ead78c1667cc92fe38496755e,2026-09-29T13:30:22.024Z,496e00e5-63d6-4b6f-ab02-d820d0268ef5
1402,,,,,45020240.33,19181030.22,25287060.53,2026-05-17T00:00:00.000Z,,6185233.00,3671678bb7257ad3c52b7ae9d47f9ffa1a1b80b4,2026-09-29T13:30:22.024Z,9c4b0084-7cf2-4110-977a-1cc9095bb82a
1403,,,,,43824367.31,34013640.27,9715546.90,2026-05-17T00:00:00.000Z,,6709061.00,6a1acaf747e444b74356b3b69a19d3ae7a4d24b7,2026-09-29T13:30:22.024Z,ca3d0bfd-cf2a-47ee-adea-3d8e0cd187ad
1404,,,,,5913137.10,752305.98,5103846.86,2026-05-17T00:00:00.000Z,,338652.00,3574a07eed18da794b2d8f2a2ff7c3b614429819,2026-09-29T13:30:22.024Z,b61eb256-9867-42fa-9889-75b77b97482d
1405,,,,,4796806.64,1194355.67,3609871.51,2026-05-17T00:00:00.000Z,,752279.00,0e86d9dad86f2353b23ac8437de335996488450a,2026-09-29T13:30:22.024Z,78770865-fac9-4c27-b25f-781565368bfb
1406,,,,,6233212.70,785167.68,5406707.43,2026-05-17T00:00:00.000Z,,1149793.00,7b2b0ca54be5baf95dffc0b7279f87d86b8c1de1,2026-09-29T13:30:22.024Z,70d875d8-f1d3-4b6e-91ab-c13b55b8c0f1
1407,,,,,10952618.23,614423.27,10272253.00,2026-05-17T00:00:00.000Z,,2133460.00,21a141cfbed84926ba7407a8d157d94a424b4945,2026-09-29T13:30:22.024Z,e45ad703-d934-4c2e-9f5f-e9b2cb471119
1408,,,,,7698001.21,386876.08,7231737.88,2026-05-17T00:00:00.000Z,,1252681.00,373f7501ab8160a62c7922538ddc1a64c343146d,2026-09-29T13:30:22.024Z,0dc2f7d4-2a34-49c1-8994-c65fcf02d953
1409,,,,,4284113.30,3010762.41,1240215.47,2026-05-17T00:00:00.000Z,,849287.00,386836a54cc3ddaabb1ff24b3437381ca1386b13,2026-09-29T13:30:22.024Z,88b621cd-5b56-43cb-ac52-7aaee64f00f4
1410,,,,,15255670.18,8294263.24,6945591.61,2026-05-17T00:00:00.000Z,,3846550.00,34cc82c67002ee93bd553b78c7d205fde8fa9436,2026-09-29T13:30:22.024Z,5ed16036-a2b6-49a9-ad50-9496d1f49056
1411,,,,,6678555.87,2655782.18,4010838.23,2026-05-17T00:00:00.000Z,,1225737.00,58b363f31759aefe3dd961a87d9561844a9d000f,2026-09-29T13:30:22.024Z,b6f6417b-4db8-4c7c-8bf1-bab75bfb09fc
1412,,,,,35299777.93,1386209.24,33708365.51,2026-05-17T00:00:00.000Z,,4988421.00,14c93f66c387ee67d5fb6255a32b03b93b59a7b1,2026-09-29T13:30:22.024Z,d4e0e2ce-ed9b-4707-90a7-b22a14fd9b44
1413,,,,,4906653.82,415565.69,4321699.99,2026-05-17T00:00:00.000Z,,771719.00,642352fe64ef0fd63f84eef2ecef987e9b1a3998,2026-09-29T13:30:22.024Z,62378a7b-7b15-473e-940a-52d820d3a845
1414,,,,,8191992.39,1466923.96,6665537.25,2026-05-17T00:00:00.000Z,,2027706.00,155744d504d0593a686c7fb209e8937a27560c41,2026-09-29T13:30:22.024Z,bea31f03-5a1c-4b66-bfdd-1c691939c071
1416,,,,,15595158.21,3410971.44,12179540.99,2026-05-17T00:00:00.000Z,,2119922.00,d57b4f62b69e1f8ad74144e5c1f137ac78ce54be,2026-09-29T13:30:22.024Z,2f44687b-ce89-421b-b89e-a4305c8e7b8f
1417,,,,,1509686.69,125487.68,1336211.76,2026-05-17T00:00:00.000Z,,218629.00,c3775ca4a3bcef73d3396570e9591f1ea71e9752,2026-09-29T13:30:22.024Z,bad4ae9b-b0c0-45dc-8fcc-019f2dc415ee
1418,,,,,4620806.54,556297.96,4110565.71,2026-05-17T00:00:00.000Z,,888018.00,65b3df28e400d135166e12284e8a718db25b4284,2026-09-29T13:30:22.024Z,6b705772-4937-491b-babb-ebc3de1195f4
1419,,,,,26435703.20,3849174.16,22397523.78,2026-05-17T00:00:00.000Z,,5840208.00,74bfede6ac0350d2b3b32125e0fbd34407259183,2026-09-29T13:30:22.024Z,456168bd-ebb4-4908-b8c0-b85962d4db11
1420,,,,,5581544.94,561438.53,4781884.90,2026-05-17T00:00:00.000Z,,1122434.00,9090939cfc8872dfb5c7e2bfb1811426f85edebd,2026-09-29T13:30:22.024Z,b9e98c21-bd23-4ab6-838a-85f75efea695
1422,,,,,1240363.52,736982.53,242506.22,2026-05-17T00:00:00.000Z,,831698.00,e531d61dc8a98ccfd0f1f85511ff8e393ff034a7,2026-09-29T13:30:22.024Z,34a4f11f-3b85-443c-a224-db82120edc23
1423,,,,,3266024.79,337529.94,2783374.44,2026-05-17T00:00:00.000Z,,316082.00,d0d456e291453a3f7f993ccf033c8f83af2b30e1,2026-09-29T13:30:22.024Z,63bccc5a-2abe-45aa-b7b0-937ffc79864b
1424,,,,,1428869.09,98133.91,1289354.48,2026-05-17T00:00:00.000Z,,218396.00,d31df0eb8ff867fe4e4a947e755cb211ef2a806e,2026-09-29T13:30:22.024Z,0f13e097-89da-4a0c-bf89-44cecc42be88
1425,,,,,27960004.15,3632120.14,23910060.19,2026-05-17T00:00:00.000Z,,10058379.00,e8674816508f8b900713d294624793c30d9588d5,2026-09-29T13:30:22.024Z,9a8db412-fa7c-46e9-907a-107c2d97e509
1426,,,,,12698713.54,5084794.82,6625816.20,2026-05-17T00:00:00.000Z,,7923456.00,f8dc62494f2d0f3e271f84443cad978f33147bb7,2026-09-29T13:30:22.024Z,cf63e1f6-240a-405b-9727-903b4cd609ad
1427,,,,,2193357.34,245479.87,1899767.97,2026-05-17T00:00:00.000Z,,1810224.00,eaa9fab4b9d5bf80b022838fe0b9b77d5e4f77c7,2026-09-29T13:30:22.024Z,064340c2-aa8c-4a46-85ab-07431e07c190
1428,,,,,1788583.65,44429.26,1744454.58,2026-05-17T00:00:00.000Z,,237017.00,b8d55f8d3ed5a06696521c02c736be8f8a9ebb4e,2026-09-29T13:30:22.024Z,9ae7dcac-d0be-4965-bbbb-7fa5b5d657fc
1429,,,,,3547202.78,394971.87,3138024.77,2026-05-17T00:00:00.000Z,,513181.00,978429fcc4e7749eff72db98c4942cd1686ca02f,2026-09-29T13:30:22.024Z,503af0bd-d45a-4899-baff-658823c26934
1430,,,,,734518.39,202508.57,295399.76,2026-05-17T00:00:00.000Z,,105972.00,362f6f354dafa2017693a44a311c3b3c6317c876,2026-09-29T13:30:22.024Z,4b728337-e590-4673-bfa3-2cb0a0a7f0e1
1431,,,,,1143690.22,71012.95,965171.71,2026-05-17T00:00:00.000Z,,157886.00,ac56cefe8aa64d25c90fe9f7126971801410090d,2026-09-29T13:30:22.024Z,9a44ccf3-e4ac-41a8-ab14-436b59c34d5e
1432,,,,,2158899.02,981932.61,1165648.92,2026-05-17T00:00:00.000Z,,662196.00,2a4bb34e8b5f31b2d70847796220657811c07e72,2026-09-29T13:30:22.024Z,3715ad82-4ec7-4b80-a9a8-31661ee64da7
1433,,,,,3579584.09,2860877.17,752887.30,2026-05-17T00:00:00.000Z,,624820.00,3b484122fcdadd3fedc23f6470fc993a1b4f8089,2026-09-29T13:30:22.024Z,1ef78d23-a44e-410e-80ef-634b46f6c7de
1435,,,,,6487026.47,6507378.72,0.00,2026-05-17T00:00:00.000Z,,4023296.00,343b35701fc4807477a099423f88480cb85e7cff,2026-09-29T13:30:22.024Z,58023960-f3f7-4728-84eb-84bd6da9e52c
1436,,,,,6719649.01,999661.03,5784955.93,2026-05-17T00:00:00.000Z,,1685487.00,2aaf770bf799d0e53f20a4c84618582b2095a737,2026-09-29T13:30:22.024Z,713dd1a7-cc34-4438-9651-37537db2ac24
1437,,,,,71737126.44,38966068.43,32755054.37,2026-05-17T00:00:00.000Z,,19929023.00,626496671f35de7764704f25539d928c66a84939,2026-09-29T13:30:22.024Z,98897274-4f7a-4470-bfa1-64b7f57e0284
1438,,,,,2745985.95,1232950.30,1488362.08,2026-05-17T00:00:00.000Z,,716877.00,d7518646fdf900d90020c6a15f0b9197a5878095,2026-09-29T13:30:22.024Z,db4470b4-6b2e-4395-b564-3116a283e32d
1448,,,,,86565179.70,73888055.90,12258236.08,2026-05-17T00:00:00.000Z,,6401348.00,065bc9ea8fa911b8dfa91af5093953597852a0ac,2026-09-29T13:30:22.024Z,57c462d0-2b81-42e5-98b4-d6f75dfbe267
1449,,,,,2603436.29,92330.13,2464159.91,2026-05-17T00:00:00.000Z,,0.00,fd813ceab1841cc9adf89e93cce3883f3012a105,2026-09-29T13:30:22.024Z,8f8bd104-6fe0-4966-a63f-19074f6a3c58
1450,,,,,9586323.53,2695557.88,6896190.82,2026-05-17T00:00:00.000Z,,1255425.00,1d40420ddd93c5a02b12320b49a63ea4a117011b,2026-09-29T13:30:22.024Z,aadc53ee-ac98-4f74-baa6-4c61135e60d0
1451,,,,,3939783.19,2348210.19,1556086.46,2026-05-17T00:00:00.000Z,,560847.00,e95df0141371832ebe224f77280ae6deb73de5d6,2026-09-29T13:30:22.024Z,d2ee1ba4-9ee1-4703-ba9e-aaffebf901e1
1452,,,,,4409312.27,466456.99,3847197.05,2026-05-17T00:00:00.000Z,,732504.00,967f930e992b78b3e0ae57778f86ea07ea93ec31,2026-09-29T13:30:22.024Z,3e3bda19-3d35-4d28-9829-bfb7951b80bc
1456,,,,,6239182.76,754985.05,5428659.69,2026-05-17T00:00:00.000Z,,72631.00,4fd396802310c62683a0e95e1b26c7c6f6dc80f2,2026-09-29T13:30:22.024Z,9c311e8d-add2-40c2-a852-eb2b6a2aff19
1457,,,,,15296905.63,13577163.25,1363858.63,2026-05-17T00:00:00.000Z,,203068.00,c704be2cc2f67c945f3db7625df996ece6b20f2a,2026-09-29T13:30:22.024Z,b1ac7e04-2daf-49b0-b253-9c32a2c54c9c
1468,,,,,1741049.60,125789.02,1615260.58,2026-05-17T00:00:00.000Z,,145376.00,0ae45594e2bd791ee77c19e1c8f3df2f4efbc832,2026-09-29T13:30:22.024Z,821cecc3-f33d-4b3a-ae4b-a53da4d56f5b
1477,,,,,5363459.27,1662748.86,3641438.96,2026-05-17T00:00:00.000Z,,374643.00,c5102cf91cabdc22f0a9a7e66d5f76a322c922d8,2026-09-29T13:30:22.024Z,bf989128-8e84-4353-a5fa-b38938c72422
1480,,,,,3891329.31,432930.23,3452546.54,2026-05-17T00:00:00.000Z,,245527.00,e3d47db63a8b7ca76c3345387c5e60d94f614b0f,2026-09-29T13:30:22.024Z,4fad37bc-c3c5-4c30-b68e-e098cf874fd2
1481,,,,,11748193.16,3671390.70,7769368.33,2026-05-17T00:00:00.000Z,,423256.00,c64930f58daefa9d6e2e876833e4b0f524143740,2026-09-29T13:30:22.024Z,ea698400-24dd-49bc-a5ab-bed11c2f9734
1483,,,,,868596.02,,886885.52,2026-05-17T00:00:00.000Z,,78581.00,a8f3c2e38b942079f1730753c9b7fec70e3d8a84,2026-09-29T13:30:22.024Z,292f1b65-9fe8-4efa-a67b-944ccdc48595
1488,,,,,966610.05,47365.55,923052.27,2026-05-17T00:00:00.000Z,,71661.00,f523f326d22285458a0b65341b3fcbcb1a59baec,2026-09-29T13:30:22.024Z,babd4632-9bd7-4f2b-b3f9-9927fdff7662
1489,,,,,973986.52,58721.15,933375.05,2026-05-17T00:00:00.000Z,,59829.00,7ea9ec1f76a273a797fe694bf8e4c6eb86b184a0,2026-09-29T13:30:22.024Z,737867cb-d26c-4c2f-a43f-00837af5b16d
1496,,,,,1492823.23,575889.64,918841.08,2026-05-17T00:00:00.000Z,,0.00,4b44336375caa56a0eadd790dcc9574bfd393534,2026-09-29T13:30:22.024Z,f327d810-f5ae-468e-9309-b2b243b6ff1a
1503,,,,,1557436.64,25239.93,673691.07,2026-05-17T00:00:00.000Z,,37700.00,656653813fe99390e24ed7f216b033de533a2428,2026-09-29T13:30:22.024Z,ebae5cf6-4289-4690-b5da-25508fd52d05
1504,,,,,1225379.55,329528.86,828091.03,2026-05-17T00:00:00.000Z,,57338.00,1b68667041eeceab067a85c77336e86a5c40d7da,2026-09-29T13:30:22.024Z,8340db12-3ae0-455e-8266-ae6a18a2a7a1
1508,,,,,2411749.43,133142.71,2278606.72,2026-05-17T00:00:00.000Z,,152917.00,fa8cd1655e3384af103d7d0c5aa417216b48fe68,2026-09-29T13:30:22.024Z,f25f7497-35f7-42fc-a4ee-267daaf4d723
1509,,,,,16188809.94,9068111.07,6869111.28,2026-05-17T00:00:00.000Z,,980174.00,bafbf48b379fe67743cd885c30bedbcc2235f831,2026-09-29T13:30:22.024Z,28652c75-62dc-4ee8-aee2-662ca9edf177
1510,,,,,10289394.05,6877869.17,3473033.53,2026-05-17T00:00:00.000Z,,795890.00,df53c1652f60319723a2427b0a928f198a34959c,2026-09-29T13:30:22.024Z,b4f7288b-df19-450e-9f7f-94aead2620db
1514,,,,,4438216.91,723051.72,3767390.76,2026-05-17T00:00:00.000Z,,0.00,19a3b76b9bed4f6edf8d43a2bdd18ae13a8e97b3,2026-09-29T13:30:22.024Z,22dad8ef-cc73-4edb-af9a-82b792cc36b3
1515,,,,,12621672.30,297264.96,11721614.21,2026-05-17T00:00:00.000Z,,633024.00,631794d15ece994ee0cef4c1a3bf3c3115f6df1e,2026-09-29T13:30:22.024Z,5a15650d-b53d-4060-af58-e7a75578003a
1516,,,,,7053105.35,314401.38,6763407.63,2026-05-17T00:00:00.000Z,,409670.00,8d377fcefa5fdf62aaef04248f9d4b5f4e6d7441,2026-09-29T13:30:22.024Z,edc9ab9d-62b9-4695-924b-b181fae76008
1528,,,,,3303885.65,1058389.36,2248031.59,2026-05-17T00:00:00.000Z,,253348.00,fbd3404bb80db280bf5de3af84c9c2b6efd332b7,2026-09-29T13:30:22.024Z,86e60cf0-6381-488f-891d-24907828d7c6
1529,,,,,21025562.11,15648947.84,5258243.16,2026-05-17T00:00:00.000Z,,895918.00,2838dd2db48c473d1e724b0ad6aef1f821cbfefa,2026-09-29T13:30:22.024Z,35d394b0-dda3-4be9-b300-8a26a85405ba
3642,,,,,,,,,,,acea180c5df659c730ea797fb53697f2ce4c33ba,2026-01-26T00:02:18.393Z,4136f5a8-7b7a-400d-abc0-9f25c0908940
3639,,,,,,,,,,,3182944c8001679b14bc61543999060e621acd15,2026-01-26T00:02:18.393Z,aaddf164-e65c-4a3d-9186-3d783444a115
1531,,,,,1058536.53,61083.53,988894.23,2026-05-17T00:00:00.000Z,,78492.00,13487f42cc3c782eb07d0a1a762e3ff01543e3a4,2026-09-29T13:30:22.024Z,a1eb6e1c-7237-4604-8fb1-846559622c0b
1532,,,,,1907631.53,469793.62,1272345.58,2026-05-17T00:00:00.000Z,,122040.00,d78750f8e897841ea4f3da76a43a6442659e614a,2026-09-29T13:30:22.024Z,7a54ae28-17bb-419c-b392-048425733084
1533,,,,,919429.84,245607.60,391587.93,2026-05-17T00:00:00.000Z,,0.00,78e4c3d52495cd59803007d302f1a5f44740fc71,2026-09-29T13:30:22.024Z,e3ffe2e6-cf13-4fa7-a621-ce2214b6c0f5
1534,,,,,18467868.44,692710.15,16073397.04,2026-05-17T00:00:00.000Z,,711134.00,29b7d473c007d7c549e37f918b2725f43eb9cd54,2026-09-29T13:30:22.024Z,d24b3837-bead-4682-ad1f-39d4daf1eb4f
1535,,,,,10223840.20,833386.98,9138256.14,2026-05-17T00:00:00.000Z,,771366.00,3e454449f28d744f893095f45295f1a2982952ef,2026-09-29T13:30:22.024Z,4b802b38-7871-4bd9-bfe5-e0124d1a3c76
1537,,,,,3480615.66,974965.19,2486208.76,2026-05-17T00:00:00.000Z,,215809.00,40cf4af71994d5ead2699f75175fed6e50283ef1,2026-09-29T13:30:22.024Z,c0ea5158-cf27-4bb5-9e20-fad82bc4d9de
1540,,,,,6365836.25,6301599.55,20750.69,2026-05-17T00:00:00.000Z,,533754.00,33279e203dbcb4a9a3321bf20723b2d3d7b4a99e,2026-09-29T13:30:22.024Z,13d4333a-d3b2-4ed8-8d58-7af413a4f735
1542,,,,,2900653.17,877713.30,2041233.57,2026-05-17T00:00:00.000Z,,194011.00,ad9b8501479ea31947c685bbb989c7cd48276bbb,2026-09-29T13:30:22.024Z,d493a000-9bd2-4e0a-b46e-602c10030653
1543,,,,,2426201.13,1184699.30,1173390.11,2026-05-17T00:00:00.000Z,,120370.00,9ec2b4cfe3d536716263ec3d7f9d279e93ee6f18,2026-09-29T13:30:22.024Z,33f9f8b2-5b2f-469e-906c-1d5100a718d4
1547,,,,,12821500.42,4499165.39,8274409.55,2026-05-17T00:00:00.000Z,,630116.00,71835653a9d32da7cba323cd071f8c006dc1bc61,2026-09-29T13:30:22.024Z,71012890-0741-43c1-9925-cef40443a550
3641,,,,,,,,,,,c3b707720e8027b0e022024cd2eb67e4cb3037c8,2026-01-26T00:02:18.393Z,d4dcc431-54fe-4e35-bcd3-193b91a283d5
1559,,,,,2348737.81,12556.72,2344966.96,2026-05-17T00:00:00.000Z,,154535.00,bc2e984b5d18060c0bb485e7819ed1e5c1960ac4,2026-09-29T13:30:22.024Z,80d2815e-e25a-4669-9da6-73f63cf32d58
1560,,,,,15368109.08,4014469.39,11113158.18,2026-05-17T00:00:00.000Z,,1135905.00,3ba5c12cb5f1a293aac925dd8deee9b86b9cd31d,2026-09-29T13:30:22.024Z,ac5d628b-7362-44c3-b474-30ab01eddfa3
1562,,,,,1681016.32,44273.78,1609629.69,2026-05-17T00:00:00.000Z,,101251.00,4a46f2f76ede9cf0af0d1459674f95c232c1ad1f,2026-09-29T13:30:22.024Z,c1efba33-d707-4fc5-b77f-4707e495f8f8
1567,,,,,1685028.81,29074.57,1074752.35,2026-05-17T00:00:00.000Z,,113870.00,eb7948a84d6dd15ea52b1cf63c1f43d2399737f6,2026-09-29T13:30:22.024Z,16be194c-9bc7-49d8-96cc-75a6ee8abf03
1568,,,,,6016293.51,536676.41,5449185.45,2026-05-17T00:00:00.000Z,,226946.00,8f103a61f71762abb38079fe2d38b0fdd1c9989c,2026-09-29T13:30:22.024Z,af8fdd24-3723-49b7-ad4d-751a8988e544
1571,,,,,12384097.04,177158.31,11905516.68,2026-05-17T00:00:00.000Z,,464357.00,3b8d9cdc5d1ec3c51a0944d3300dd2957dd21184,2026-09-29T13:30:22.024Z,77b45633-1fac-45b8-8b8b-3f9b51bbb7fe
1572,,,,,834072.23,247469.71,574363.07,2026-05-17T00:00:00.000Z,,8602.00,c2beaff472d3b9d99a6edb5719ee52d3ee2c7f55,2026-09-29T13:30:22.024Z,1af13ba4-2a64-41d7-b092-23c1c99a45f8
1574,,,,,8779277.11,815513.48,8043081.70,2026-05-17T00:00:00.000Z,,797224.00,66f0e0f7d106e87546f97aff97105a7f7c4666a0,2026-09-29T13:30:22.024Z,faf84f37-c095-456d-a134-62c32cff63df
1575,,,,,18589306.34,9095619.04,8842387.44,2026-05-17T00:00:00.000Z,,222817.00,f4e7b1bded4495fbccf1b64c1620fe6794fe5d61,2026-09-29T13:30:22.024Z,73a9840e-0662-4c96-be64-6fa54c76e98b
1576,,,,,6686129.28,1579311.48,5152382.17,2026-05-17T00:00:00.000Z,,527138.00,546c451a993331834613005011a40c8b421a00c8,2026-09-29T13:30:22.024Z,557e201c-bffe-44d0-9f87-ae88eba72b6f
1578,,,,,2742185.07,1009567.52,1657841.26,2026-05-17T00:00:00.000Z,,144298.00,7f8e13862d28f03d8337b209c258a48c9caeb201,2026-09-29T13:30:22.024Z,eea78ba7-2f69-4826-8f3a-dc0eefdf09a6
1579,,,,,82381461.35,12537232.14,69295516.64,2026-05-17T00:00:00.000Z,,2183102.00,4c311c748514af77d88429cf2f4cc6db06ae2807,2026-09-29T13:30:22.024Z,b6da0c95-73c1-4b31-ab4c-b7ab2a595426
1581,,,,,6186990.80,1331484.49,4610216.96,2026-05-17T00:00:00.000Z,,112353.00,08d56628d17244e8d09a1ffee3a73fed95988bde,2026-09-29T13:30:22.024Z,c6cf0636-a7c9-4f6a-9a62-b8a08c6d2c3d
1583,,,,,3950493.46,797674.23,3149041.55,2026-05-17T00:00:00.000Z,,410149.00,9b198c4bb914088b3dc88fce1c9ae28136262595,2026-09-29T13:30:22.024Z,8b6d3180-8015-49fe-b499-7c6cb068822c
1584,,,,,2459682.68,313985.23,2007384.01,2026-05-17T00:00:00.000Z,,435749.00,7b942b8785f50eb6fedb975dd554a5df3d9f7d09,2026-09-29T13:30:22.024Z,be9c450c-ca43-4efb-9adb-cfdd59867d23
1585,,,,,77765373.82,21197584.62,54187733.32,2026-05-17T00:00:00.000Z,,3238180.00,cbad66408cb4d504bb3ac5bd07b438589de5b988,2026-09-29T13:30:22.024Z,8818cddc-ed09-4628-93b0-c38fedafa272
1586,,,,,9963311.57,556544.92,9255175.35,2026-05-17T00:00:00.000Z,,91326.00,0c2f0fb93bdeefd29dc37015ab4f84054d5cdf72,2026-09-29T13:30:22.024Z,b1e39c1e-caea-4873-9f00-d8039a70c34c
2071,,,,,,,,,,,04bac45d98f0842839cf91339c876ed4f3f0a8db,2026-08-18T14:38:03.602Z,2cd41f5f-ab26-46c5-912b-3e283ed0dbb8
2073,,,,,,,,,,,dfa481543023b338a18a1dd17dfdd84e5df1e115,2026-08-18T14:38:03.602Z,d9f0e2d2-5a18-449f-a2be-aba718943b59
2074,,,,,,,,,,,9c98abd95ea4df2bc4f165d9ddfe2da571b1c0d3,2026-08-18T14:38:03.602Z,8e36dc55-fe6c-415f-a3ed-cdd56997150b
2075,,,,,,,,,,,305253f3bcab20225b2a6778965672a0206be2be,2026-08-18T14:38:03.602Z,29d7a9d9-3043-4566-bbbc-0d3963865444
2076,,,,,,,,,,,9c3443e8aa157e3a53d21a756df037b7b4ee57cd,2026-08-18T14:38:03.602Z,69ae1df7-76e7-44cb-8005-ac0fc4dad2e0
2080,,,,,,,,,,,c5a033b2d42dc610b61b1c1bc94eaf86d56bf434,2026-08-18T14:38:03.602Z,4e8bd7d0-18c7-4bac-8a9e-f86188591433
2081,,,,,,,,,,,ebdae2975c4726d18a71d675fbaeb9bb8f6fe151,2026-08-18T14:38:03.602Z,a73f9860-dddd-4a1b-b186-e64498c545b4
2082,,,,,,,,,,,4bc62a9c8772e25955e549eade0b3baec777e232,2026-08-18T14:38:03.602Z,52292708-0be0-4da5-9d07-c0bd4539685e
2083,,,,,,,,,,,42cca91c0f8d4b50e8d7fb2b5b021c4ad580dc61,2026-08-18T14:38:03.602Z,3bf70448-fbe0-4d9e-80cd-7c9499184df0
2084,,,,,,,,,,,f1bbe468b16ac1f5aa8ae0fee3de762c16dfc3aa,2026-08-18T14:38:03.602Z,948282a8-60c3-4319-90a7-58cfb7e3c527
2085,,,,,,,,,,,399f701e1180b4131c54ed48f4cda0dd11c5773c,2026-08-18T14:38:03.602Z,609fb379-a288-42c5-8145-8d4b28c7e1be
2086,,,,,,,,,,,b4682f8c91c677c8aca4d0d95411c2ab80ee065d,2026-08-18T14:38:03.602Z,fc0a2d80-b21c-4513-87b6-d96a783e732e
2087,,,,,,,,,,,0673dd8773a5a00a8ad0a32c4dcbac3e7f432883,2026-08-18T14:38:03.602Z,dabe149d-e5f6-4ec6-b5f0-e89e800eb8eb
2088,,,,,,,,,,,b1dd5f581af9eb5b06ba973db9558094ccba7a4a,2026-08-18T14:38:03.602Z,20806ca9-4a71-4e24-a5e4-8c29cff605d5
2089,,,,,,,,,,,f6465d3c4410b5d75f405dd150c3b33bfb4fdfbd,2026-08-18T14:38:03.602Z,6c5da5a3-4666-4b2a-add4-90f77cfd410c
2090,,,,,,,,,,,99ad6f55074a0fb7d596c75b89c66905a7dcd9fe,2026-08-18T14:38:03.602Z,ff94b9b1-08e7-4a88-9d52-c36fdca893a0
2091,,,,,,,,,,,a0bf2840c134ef575d5b21d984d90b162fab13e9,2026-08-18T14:38:03.602Z,eed9d1be-813a-485b-a7f4-a9b47d21140b
2094,,,,,,,,,,,16b782e950267697f868a33349de0448a7c83808,2026-08-18T14:38:03.602Z,5dd3f2ea-89aa-44ec-b265-30d2b4b71220
2095,,,,,,,,,,,db78d351ab7e136fcd530224c2891d18ecc87865,2026-08-18T14:38:03.602Z,75ad6652-9af2-4ea7-a592-77b902a78623
2096,,,,,,,,,,,290144817222be1930e996aba0b54702f1e62560,2026-08-18T14:38:03.602Z,41db7779-5ba0-4f6b-8cee-743f95a9da2e
2097,,,,,,,,,,,4dca05d9fee13cf55315f34bbf106b652372545e,2026-08-18T14:38:03.602Z,1abf4604-a592-4f99-819d-9d89d5f4ae05
2098,,,,,,,,,,,a7c71a85fe6c8e1a3e59b48ca18ae9b32c4b4d63,2026-08-18T14:38:03.602Z,ec54c7dd-7a41-44d8-b89f-d307943aecdc
2099,,,,,,,,,,,43c7c9a7962accb77618578f0e4527179b69f313,2026-08-18T14:38:03.602Z,b9411d5d-79ed-463d-8753-6372bd8449d6
2102,,,,,,,,,,,e138a73b1a23ac4cff5fa5834c88022e086b935b,2026-08-18T14:38:03.602Z,7db7720a-5dc5-4a3c-85cd-c66d08a9e3d3
2103,,,,,,,,,,,868cd40dad99d7973a0ca4e8260c27ea838a3205,2026-08-18T14:38:03.602Z,9be81a92-9d8d-4bf2-b623-a341264cae87
2104,,,,,,,,,,,62b5f39b7356f651489362347c890b320db15849,2026-08-18T14:38:03.602Z,320d1701-1e1d-44f1-9c3e-cf7318d6494d
2107,,,,,,,,,,,4ce979187e9c77116240917547e92d1610414251,2026-08-18T14:38:03.602Z,970004b2-dfe7-4954-aa4d-2eceaa558095
2108,,,,,,,,,,,671c5267e5df407f2e52e85f76547e517afc0278,2026-08-18T14:38:03.602Z,f6239a4b-9ba8-4297-9586-dc839afb2cdb
2109,,,,,,,,,,,2d01d4e52786cbcae0738a5ba538f58e07a8e430,2026-08-18T14:38:03.602Z,f40f5a2d-90f0-4786-94eb-09b0c7100a11
2110,,,,,,,,,,,fa0a5ecb6a69c3af32ff589983692ec3120b2b8d,2026-08-18T14:38:03.602Z,3ccd91f9-04d9-4428-a6b1-3dcbe87c46ab
2111,,,,,,,,,,,48ae1fe1e7073a46914e4790e4afdcabd88ce996,2026-08-18T14:38:03.602Z,37400807-38cc-4e12-b120-19c111d75256
2112,,,,,,,,,,,0024e66ea5931db01567ea9bae964dc9517fd70e,2026-08-18T14:38:03.602Z,f92b7aa5-f910-46a7-ac52-6ce9ac372436
2113,,,,,,,,,,,f4f4936fadfe9fa342ff9828314b2063e1cdc812,2026-08-18T14:38:03.602Z,6036ddfc-feb9-4cc2-9c95-5459826b4148
2114,,,,,,,,,,,d28436560351182f3260d576573632a13fdfec49,2026-08-18T14:38:03.602Z,0fae00d2-189b-430c-a972-83287ecf0c94
2115,,,,,,,,,,,f7d8083c87514c614df039c6e0c0b9a35173f3a5,2026-08-18T14:38:03.602Z,16a326f5-0e91-4562-8b95-cd62764bc86e
2116,,,,,,,,,,,1798500a6f9ef6dd0b22e964ead383419480446c,2026-08-18T14:38:03.602Z,ebb6acbb-1de0-452c-b311-6320d169c4a6
2117,,,,,,,,,,,dd4da36f179247fb882c8acd2f1b6716f66a8253,2026-08-18T14:38:03.602Z,027b536c-bb13-49d7-bf05-40806dcad556
2119,,,,,,,,,,,af987f37fecea1aefb1a1e044549b8eacc76e433,2026-08-18T14:38:03.602Z,b178a9bb-fa23-4b9c-88c0-1e887f4eb869
2120,,,,,,,,,,,71f6e09593b6875fd71b73283699d1e44e44e45f,2026-08-18T14:38:03.602Z,4e733024-1b14-4259-a61d-2ac42e85dd8a
2121,,,,,,,,,,,4a7673bf5da395e916de5aa552735d5156f7d2f3,2026-08-18T14:38:03.602Z,ff5a0188-59f2-41a4-891b-3648e37d3866
2122,,,,,,,,,,,ebe8a7a980f346213612d235dba2e1b9de555f2f,2026-08-18T14:38:03.602Z,1e07c0f4-e9c6-4fa5-a99e-98551b3e68b5
2123,,,,,,,,,,,cea5cf2f3113e2fdff6de0831aa132b289449ed2,2026-08-18T14:38:03.602Z,33aefc75-52f5-4ca9-b674-cff3993e2749
2124,,,,,,,,,,,69a7b152664d2f88e673226f075850028a3490d3,2026-08-18T14:38:03.602Z,1fe13f44-78a4-462c-95f3-8c693d4a2b7c
2125,,,,,,,,,,,990f794284beccdf24bbd9678ba85509674f05aa,2026-08-18T14:38:03.602Z,96b2d097-fe3f-4d76-818a-bd9dd9e9bd15
2126,,,,,,,,,,,066f1bdbd981cff51eae5578e7990c7ebd74fd5a,2026-08-18T14:38:03.602Z,77897368-18f3-4d11-91c7-fa50353bb71e
2127,,,,,,,,,,,c03b9aaa1626837ceaf98335887a9b1fe70ae8f2,2026-08-18T14:38:03.602Z,6801f594-e276-4f73-8abe-2b35e4598237
2128,,,,,,,,,,,ce8b4053293b2adaf7445b77dfbc380fd7b35db8,2026-08-18T14:38:03.602Z,df67880a-b7a1-4be4-9c26-ecb6476a2540
2129,,,,,,,,,,,03157015a14998babd119f8fc2fc0c9909b18a8f,2026-08-18T14:38:03.602Z,9abcf76d-2b48-48a8-86ae-34cd4b5949f4
2130,,,,,,,,,,,b6ff3ab563afb1ec57119f35a70d8b530a999b5d,2026-08-18T14:38:03.602Z,4fdda3a8-b5c3-4a92-a9f3-119f785eab00
2131,,,,,,,,,,,f5c7fe407c0eca5587582dd07d451b32714f544d,2026-08-18T14:38:03.602Z,d577a32c-3321-4d2a-886c-c8efa941b833
3637,,,,,,,,,,,c4bccf849771938584828912175d1a4907f08fb8,2026-01-26T00:02:18.393Z,cd5cb9a9-74e9-4e4e-ac77-a8911896d2c0
2132,,,,,,,,,,,bd2204fbc49f05410141bc20056fb487c4a5133a,2026-08-18T14:38:03.602Z,4f205889-6cb7-4b78-be7e-3ec4a1dbc5cc
3634,,,,,,,,,,,1ebb1f4fa79895c951dc24002b5743c7f8e048e1,2026-01-26T00:02:18.393Z,55f14f63-3c6d-45c4-baf9-85ba313f3b0b
2133,,,,,,,,,,,4e46271e23cac8b855d7a3c441e8979aa7162fd0,2026-08-18T14:38:03.602Z,5ae3461d-2d44-4f88-8d6f-4570d4ee5fd9
2134,,,,,,,,,,,20b1f5b3cd65815f378e0f669da15a49351527b1,2026-08-18T14:38:03.602Z,1ab85526-655a-40b1-971a-1abfb211fb3b
2135,,,,,,,,,,,1adba23382e96f24e22f55679598526bf988f3a6,2026-08-18T14:38:03.602Z,5ce5103b-bd4e-4c88-9046-bc0ee82f66a0
2136,,,,,,,,,,,67af9486d546782850181fcfb1eb959d24933488,2026-08-18T14:38:03.602Z,8b1c8016-2452-460c-8238-bffcb9c4d41e
2137,,,,,,,,,,,5ff954cc339ae57ab6cb66496b99ee63965efa03,2026-08-18T14:38:03.602Z,b190889c-8657-4a3c-b650-cb78dcdae165
2138,,,,,,,,,,,e96a3d359199b9b47df019f7956eef85408c3a00,2026-08-18T14:38:03.602Z,2da5fbf8-1f60-47b1-b8d7-d90275d5dc83
2139,,,,,,,,,,,af1fbe1c0135b3241c1b745c0cfd0a41ebec1655,2026-08-18T14:38:03.602Z,d4b5f634-72e4-4baf-b5a5-c43e28ce9bf8
2140,,,,,,,,,,,86c29cb22707d31abd480c28de27db20807b7512,2026-08-18T14:38:03.602Z,d3cba7cc-49ef-45e0-9d0b-7bcc24a175cf
2141,,,,,,,,,,,03b6c0ac9e929ebb5fa2fbb3db7ae4318e7fa642,2026-08-18T14:38:03.602Z,30703092-d2a3-4337-aa05-6d8cefbe1043
2142,,,,,,,,,,,87018b77116a5a860cf56ddd0fb4ae7aed93819a,2026-08-18T14:38:03.602Z,943e0b8e-8add-409b-8c95-9095e10901e3
2143,,,,,,,,,,,200c315cc0645c214544ae150f7a24dc4c376e7a,2026-08-18T14:38:03.602Z,34678163-225f-4c2a-8b49-58fc61f52386
2144,,,,,,,,,,,2bf0329f8dba939d7216a9402171a5c53ffb64ed,2026-08-18T14:38:03.602Z,c4f19d3a-3f1a-4438-a81b-37235cd870d9
2145,,,,,,,,,,,778625eee1402b7653e34d74e3499d0b9fc201d4,2026-08-18T14:38:03.602Z,d4b20521-116a-4c94-b8fb-3fc6ccf46859
2146,,,,,,,,,,,362c68c78215b77cf3bc86b96ed55a0aad4c9164,2026-08-18T14:38:03.602Z,4d43065b-22d9-44d3-8e02-c1957afd6e8a
2147,,,,,,,,,,,675d1341c2b3f54a99b492c3aa84997a6ca6d35b,2026-08-18T14:38:03.602Z,9e8e26db-069c-4878-8652-4f797ae1e2b8
2148,,,,,,,,,,,a2fb40aedf599b749d6581dd5692f2521155fdf1,2026-08-18T14:38:03.602Z,f4a1ce7a-d11b-4048-81c6-c3153162ae09
2149,,,,,,,,,,,bdd68a76f089f6ec8006e5a8283af0891f5d1893,2026-08-18T14:38:03.602Z,7ff1b2fa-376b-4ed7-9b43-7e10bfd6c90b
2150,,,,,,,,,,,2bd84481d17ea832cfc29fc5917dc18e1de16f8b,2026-08-18T14:38:03.602Z,5d6ad9d5-559d-4ff5-ac5e-f966fd00b0e3
2151,,,,,,,,,,,79b9e20e7477a31dcb5cdcb87bceb8aa8a729042,2026-08-18T14:38:03.602Z,2fec58cc-b418-4538-b9d9-228c6c791358
2152,,,,,,,,,,,0fbda34e092c8ae44faf6134c0b254483e1cbcdf,2026-08-18T14:38:03.602Z,da571fcd-548d-4d47-ac3a-1da7e499e0c4
2153,,,,,,,,,,,a040a33f234be4011e797520daaea6ce10779ab4,2026-08-18T14:38:03.602Z,4eb34848-c737-416c-93dc-84395f1b23df
2154,,,,,,,,,,,97c78d48f218d3d43c9933169e561edd7839f8e5,2026-08-18T14:38:03.602Z,214dcc27-2144-4daa-9da9-aa23efe941d8
2155,,,,,,,,,,,bd7f4e818451b4e95493e180a9df46d2aadac566,2026-08-18T14:38:03.602Z,a7597184-64c7-4d6a-bafd-c456805a98a5
2156,,,,,,,,,,,746df03c407bac87f04458199affd0bf1d8ca538,2026-08-18T14:38:03.602Z,f4d6d8eb-c560-4381-9271-17aefbf08e16
2157,,,,,,,,,,,4693612e9a2f1ff5befe7d5ef520799d74ae81f8,2026-08-18T14:38:03.602Z,1489c483-7b2e-426f-bb0f-bfcf676c213b
2158,,,,,,,,,,,9a79859e527b1d6c8b007d9f6868f06b8b95d346,2026-08-18T14:38:03.602Z,115a6e1f-c587-465b-a52c-ca5d3fdf8491
2159,,,,,,,,,,,a7a04e0a6b3a354cba938664886a9a302d81dca9,2026-08-18T14:38:03.602Z,0a225e58-aee9-4443-ae04-a2319143a5fb
2160,,,,,,,,,,,7c40dd886ab587f9fdd00f4f066eb44319a8aab3,2026-08-18T14:38:03.602Z,ded68d83-ca6d-4166-9385-afc5ef85e134
2161,,,,,,,,,,,a2a344549e95737010bc481e686813261eda2716,2026-08-18T14:38:03.602Z,024ec48c-16c8-4d94-b14b-347d95a80920
2162,,,,,,,,,,,003be22fff1b12d96aa15383e970938eba5859ea,2026-08-18T14:38:03.602Z,fdba67ec-ff2a-4127-adc2-cabfde5b19ea
2163,,,,,,,,,,,ebbe84bb70daffa878b472877d0115ef347147bc,2026-08-18T14:38:03.602Z,fa216990-1ab5-4ff6-b949-f39a3b243369
2164,,,,,,,,,,,494d5e46913d6e510ef83c5cf5ab444df5c86566,2026-08-18T14:38:03.602Z,9fda349f-2b95-4b17-8d1e-ba103ef02126
2165,,,,,,,,,,,a218ca6ad2da724588d7cd499c28e13fec018d21,2026-08-18T14:38:03.602Z,918043ed-5584-4f58-8f4a-eaca75bb92f3
2166,,,,,,,,,,,aa38f3736d6eb4334578674780929f1c5ec1902e,2026-08-18T14:38:03.602Z,be05a1ba-5044-48f5-9312-1f7e0446eb41
2167,,,,,,,,,,,d443f972175e89352128fee5fb181dd9de730d29,2026-08-18T14:38:03.602Z,65b903ea-1b2c-4d8c-b1d2-636e15a65167
2168,,,,,,,,,,,5a994a65c58859a117b98c53b79f28da02e9bba1,2026-08-18T14:38:03.602Z,2aa2ec29-a8f6-46e8-9e6d-d31f9362fd79
2169,,,,,,,,,,,f1264444701f71249dd84ca0c70b1c11320c866c,2026-08-18T14:38:03.602Z,e1928bd9-b91e-4c2f-beee-24ed27dc258d
2170,,,,,,,,,,,9b65192b793ccd8c717df9c468cc270b077253cd,2026-08-18T14:38:03.602Z,2924fbe2-2be2-4cba-b525-b27e496b77c7
2171,,,,,,,,,,,014d8da2876533cce5624cf651d3b41f525e123d,2026-08-18T14:38:03.602Z,2d8c7f92-1e8a-427f-a8e0-4125e658a7ed
2172,,,,,,,,,,,6f16f011a9760d875b321b1d652313b318a1b7de,2026-08-18T14:38:03.602Z,6e32a231-9a74-485c-a1c8-54a7139ffb68
2173,,,,,,,,,,,e7ec4aaaa51e9e416f03d5d57f02a1a5ae8d99c8,2026-08-18T14:38:03.602Z,d0cbd31a-70af-4ad8-83d8-52df8752c575
1590,,,,,1688473.78,79841.55,1608632.23,2026-05-17T00:00:00.000Z,,0.00,3666bb1aa79d437df302457bb98406635c71cfcf,2026-09-29T13:30:22.024Z,81e009fc-e50d-4506-813e-10c1193cc507
2174,,,,,,,,,,,1c4c13601c01d887c79e659356d61d139bacfb6c,2026-08-18T14:38:03.602Z,0160b32a-8d4d-453d-aed7-4b01d53f1ff5
2175,,,,,,,,,,,ff89fde04ce7a6ba60b4b980000d2043d5152d64,2026-08-18T14:38:03.602Z,62bc6fd5-54f0-4cd2-908e-9a890245d74e
2177,,,,,,,,,,,0cc5f91f933df2a84bb9cfab2b71293fad32bd65,2026-08-18T14:38:03.602Z,7ea05086-df4d-47eb-925b-aeb589a03350
2179,,,,,,,,,,,70926bc5901a557c9ab511ff9779825f76634838,2026-08-18T14:38:03.602Z,6eee464c-aa09-41ce-9acd-1395b62f85a2
2180,,,,,,,,,,,32d79cd9828396763074b1d8d5567bc0681dfdf1,2026-08-18T14:38:03.602Z,cd920ee7-76e0-4b71-b381-def0da637e2f
2181,,,,,,,,,,,795344d087709decde7aa0dee865c6c8d59483ea,2026-08-18T14:38:03.602Z,0a1c8636-7ca1-49f5-acc7-27bc09608e4a
2182,,,,,,,,,,,a2745b9488ef739392018b6aeea3f668f6c3a146,2026-08-18T14:38:03.602Z,2fd0c61d-93d9-486f-a2b7-cd6a4f29287f
1591,,,,,6969403.65,175399.76,6837654.19,2026-05-17T00:00:00.000Z,,456544.00,65d5b16016c1c9f16cdd512b462266ff2ef2840f,2026-09-29T13:30:22.024Z,e65a405e-4aaa-4a10-8944-f1409b8e1b31
3633,,,,,,,,,,,ac31d50480b6cb3e88aebcc83e9e426301c8ea83,2026-01-26T00:02:18.393Z,f206f28d-4e39-489a-9ca5-f9cc37293908
2183,,,,,,,,,,,2dc6141031779a837f7c976dce0b04a2b917c3ff,2026-08-18T14:38:03.602Z,d44c6c82-746b-4cf5-90d8-2c1f4cb18d99
3636,,,,,,,,,,,12b56e4060b7130c6e7823a083df3bebbd31ba0c,2026-01-26T00:02:18.393Z,9650cbe9-d854-4c35-ab49-bbd693b7cf06
2184,,,,,,,,,,,d48493e0aa8ce31bb0a66da2e5f327733afb4c55,2026-08-18T14:38:03.602Z,60f04102-9519-4728-aa59-11f72876b62a
2185,,,,,,,,,,,cbd1f7afc4babe6941a0604ac6f97b932566f5c9,2026-08-18T14:38:03.602Z,3cc3a766-3622-4a77-8458-5cfd1b2eed0f
2186,,,,,,,,,,,81f710ab678a8d8ed75ddd9bf8c1c03176a44591,2026-08-18T14:38:03.602Z,0f6e14b1-38b2-4f16-8624-c473d379e3f0
2187,,,,,,,,,,,2522c72868a7c11a7d8bca01640d0db1250d0c48,2026-08-18T14:38:03.602Z,778453d8-7f46-4f0a-a71f-605e723f2328
1592,,,,,1906286.59,202473.88,1466606.24,2026-05-17T00:00:00.000Z,,82281.00,02f178e2199df938cf20dc4712fd51d722404fd8,2026-09-29T13:30:22.024Z,ac3cc02e-df28-4eab-86bb-d5518623b795
2188,,,,,,,,,,,9c785aeed06486597d12a37a9797a8b324643a5e,2026-08-18T14:38:03.602Z,18d28178-5b60-4c94-b0ee-87468d7348cc
2189,,,,,,,,,,,d8063c3abacee169705861df06b71d821bf0ecb7,2026-08-18T14:38:03.602Z,dd2cb962-734e-48f8-89ad-d6554ac8f7bf
2193,,,,,,,,,,,7a4ce26696b546f261e88f4f78af338c0f8d81ae,2026-08-18T14:38:03.602Z,d14f29bf-8c34-4a0d-a115-c0bec675dd3d
2194,,,,,,,,,,,b416d9968b0adcd93e2273e55e737c54523d472d,2026-08-18T14:38:03.602Z,e2673dc3-db4c-455d-86ff-130f46453cfa
2199,,,,,,,,,,,0892bc70bba5984f91110a11bf3a52e0704fd739,2026-08-18T14:38:03.602Z,d4b533ef-2ca2-4640-bacd-8b37ca52e5aa
2201,,,,,,,,,,,96b2f3dc9cf4b2c92daa9c08fe3b3168bd30c3c1,2026-08-18T14:38:03.602Z,7c906b5e-3753-4527-87e2-2801a899e46d
2202,,,,,,,,,,,ff9d88e695fd5dd2d3d9120ac0fa6182b6b53ce4,2026-08-18T14:38:03.602Z,ea1574bf-5a7d-4a40-b24a-000b643e2bc9
1594,,,,,1707563.39,1735639.02,,2026-05-17T00:00:00.000Z,,181466.00,4d0f4398f36abfa52bfdc9dac0d409d9d0fd7bb3,2026-09-29T13:30:22.024Z,73e8187d-b846-487a-96ef-f455e6edea8b
2210,,,,,,,,,,,65c1f1b6fb33b96a6fc50288ca3a33557433a778,2026-08-18T14:38:03.602Z,ef29cf66-67cb-4cda-9cb0-dce958ea356a
1596,,,,,677994.86,78147.32,592788.77,2026-05-17T00:00:00.000Z,,4671.00,6078f273e62bc8bf8442d97772d07771c59b19f4,2026-09-29T13:30:22.024Z,2727499d-6e55-46be-91ec-87b5dca4be09
2213,,,,,,,,,,,82577b859d7bcf4b04a96d7cdc950e41d9876218,2026-08-18T14:38:03.602Z,7aa42c39-1adb-4bbc-a80f-ce351fbcd99a
2216,,,,,,,,,,,d0041b1a82ea96995e569c740282dbe5074d9e89,2026-08-18T14:38:03.602Z,ca6eded7-857a-424f-8a8a-5d845b2e47d0
1597,,,,,14394156.16,1144069.70,12525277.39,2026-05-17T00:00:00.000Z,,1091759.00,1c236380432dee98e64b8496ed3aef6a9fb1575d,2026-09-29T13:30:22.024Z,4ea21561-cb29-4288-b546-81ac8d447bba
2217,,,,,,,,,,,f2bcedaa6d604c557e411ebf35eecbe24232f9a9,2026-08-18T14:38:03.602Z,4acd56f3-533f-4d2d-bcea-c6cd5d679573
2218,,,,,,,,,,,fa6ebb5094f30d331e0c3af5ebe5b9466fce6dc7,2026-08-18T14:38:03.602Z,f7ab1782-4088-440e-90b3-29f19f22bb6e
2219,,,,,,,,,,,60f29d0ab54a1143318c11c415d27e7bfb96cf58,2026-08-18T14:38:03.602Z,d185ceee-f840-4c48-8306-4a0e392063b2
1598,,,,,1993482.38,1025949.18,950776.43,2026-05-17T00:00:00.000Z,,0.00,7c950b3a9b33166d5904764468cf8f9c2164f40e,2026-09-29T13:30:22.024Z,b8fbdecb-0894-485b-9acc-d6fd77796f91
2220,,,,,,,,,,,7e3d469e14ed167dab6fd0f21db91ce51de3b2ed,2026-08-18T14:38:03.602Z,c8d969d5-4e99-4183-bb84-bfa85cb35d4d
2221,,,,,,,,,,,259cf6a0f1d2ba20bddcbed3394943072b4a4246,2026-08-18T14:38:03.602Z,a545f19e-088c-48c4-a29d-3706b572a713
2222,,,,,,,,,,,94b2721500e1272fb8c1e2b5a9a653334395fbca,2026-08-18T14:38:03.602Z,58c83aee-b40d-4f51-8bcd-cb76eb43c25a
2223,,,,,,,,,,,2870bff0f36d02a92832bd95f4b4742b2f8eb79a,2026-08-18T14:38:03.602Z,49fc3ee9-8ae8-4e74-beaf-c2fcf03f8be1
2224,,,,,,,,,,,cc28d7e7d2fc04007783b605101c466c65ef2103,2026-08-18T14:38:03.602Z,02bb50e8-31af-4bbd-93c8-80ed3986b88d
2225,,,,,,,,,,,24dc84d13bdcef84b992e22459fa4c79fbdf514b,2026-08-18T14:38:03.602Z,1cbc6b21-cd3d-4173-9c18-7a84f59f56b4
2226,,,,,,,,,,,2ad6964b90f0100079a8ed94026a7b36f24c56a9,2026-08-18T14:38:03.602Z,b12f721f-281f-4a5f-9459-b54b5a44d35e
2227,,,,,,,,,,,d839a6b599db711b57a68f5b517fea22de80c605,2026-08-18T14:38:03.602Z,7dee73a6-edba-4bf8-a94f-fa23f9cb8b8c
2228,,,,,,,,,,,07e9820b8a3bf5948ca57999c48c6da4bba91d6f,2026-08-18T14:38:03.602Z,5bb19d65-28ec-431a-b5d2-122304331ef0
2229,,,,,,,,,,,0237c2126cfa308b910ac160a3db02cb1c2d1d8b,2026-08-18T14:38:03.602Z,6ecdd923-f82a-47ac-913a-3d531032d258
2230,,,,,,,,,,,6732bb331233af14d42f819b8a5918a8e956adfe,2026-08-18T14:38:03.602Z,5c700db4-8d14-413a-b4b3-e5d43c0889e6
2231,,,,,,,,,,,2b96396973eabd79c784723bc7919a318af41c3b,2026-08-18T14:38:03.602Z,78e45571-f3ac-431c-97df-54457441b634
2232,,,,,,,,,,,71c12caaafed931c11346623d99db496357390cd,2026-08-18T14:38:03.602Z,0b05e8b5-5665-4146-9f6b-a8da27cdbed9
2233,,,,,,,,,,,40571d8de95267c1ed216c78e3ad2e8d9700d132,2026-08-18T14:38:03.602Z,52ad510b-189c-4349-abf2-92e6409c70f5
2234,,,,,,,,,,,decef5ef67d7fa137592e1349deb60dd72f1d5fb,2026-08-18T14:38:03.602Z,c6687c68-faa7-4731-9f52-51fff2ded25c
1600,,,,,3444836.86,444730.93,2949222.67,2026-05-17T00:00:00.000Z,,178200.00,07ba60c66f2434519ebdd45c74949b579fd88472,2026-09-29T13:30:22.024Z,99f1f90f-bfac-4af0-9bdf-0761b8429479
2235,,,,,,,,,,,f3c08955ea83d9cc78d886ad64530805457299ae,2026-08-18T14:38:03.602Z,cb838098-4a7c-4b34-8814-22392d89478e
1601,,,,,2865304.42,2825868.68,81304.20,2026-05-17T00:00:00.000Z,,200225.00,d224bdc7e55d45eab815e49fcca98f5528ca7ac4,2026-09-29T13:30:22.024Z,2c7ed7f0-5d46-4ae9-aa1e-c3cb83a1f93a
1602,,,,,188845255.19,145967693.92,35731389.86,2026-05-17T00:00:00.000Z,,10236074.00,e8989b837b03643688b1f41361169eb5c6379358,2026-09-29T13:30:22.024Z,10407c38-a5f9-4a7e-848d-445b04bb38b0
2237,,,,,,,,,,,f45217cd15dd2ec890f9a4ca54c9c55d3342a6da,2026-08-18T14:38:03.602Z,88917380-0447-47b8-a390-b2023367fa12
1608,,,,,16887658.78,2576090.16,13835477.53,2026-05-17T00:00:00.000Z,,341998.00,3b338cfdcde73e8489c7151a5734d74a521e8180,2026-09-29T13:30:22.024Z,eb5820dd-504e-4d1c-8d0d-40aafeea0b19
1611,,,,,1046674.03,464017.15,528666.83,2026-05-17T00:00:00.000Z,,68814.00,735292b5c4abacf207af0592f4261e2dbdb0af00,2026-09-29T13:30:22.024Z,57d4bf10-8ae9-4be2-b499-e0dad068f72a
1613,,,,,11822936.68,3246580.74,8117140.10,2026-05-17T00:00:00.000Z,,622180.00,fb86ec2f9b25161a83ac6c486547c6f34fa5a86a,2026-09-29T13:30:22.024Z,148ec1c0-247b-4bfb-9e4e-1552c68bc4f3
3629,,,,,,,,,,,8a733ffdf8c927347ca7f9c3b6399d93b3196355,2025-12-13T00:02:05.317Z,f5a5da11-0451-4dd9-b473-fd04a8ead8db
1615,,,,,8128420.53,553279.69,7427977.19,2026-05-17T00:00:00.000Z,,0.00,a51afd73720b041118ee8908eba41684b837c7a6,2026-09-29T13:30:22.024Z,4fc42b43-9459-46ee-aafa-0c3d5767ca69
2238,,,,,,,,,,,0514307d2a22c3aee55bf68a5944c5642e25040e,2026-08-18T14:38:03.602Z,d424a690-a2f7-403f-b928-16cee9f71882
2239,,,,,,,,,,,f3dbb1af48edd511684b0a03253f6b8242e33158,2026-08-18T14:38:03.602Z,733ca3ab-f89e-498c-85b8-072d2ec142bf
2240,,,,,,,,,,,b687972729b9415dbcbcf3c7333023d9d0deac7b,2026-08-18T14:38:03.602Z,23c380f6-4ec5-40fc-b0a6-8286e04a44bc
2242,,,,,,,,,,,ef67fc88972b8cd355fba277c6735408eeab4f27,2026-08-18T14:38:03.602Z,aa7dd4e1-aa47-492c-8a68-7fd3d59a69cc
2243,,,,,,,,,,,86cadb43a24f6b2e1edd50491ea569357bc99014,2026-08-18T14:38:03.602Z,f8278147-4721-4bef-a6d8-d7f116fbf127
2244,,,,,,,,,,,6a87481bf8883e82e748692d4af29a12390fea24,2026-08-18T14:38:03.602Z,41cb25b5-71b6-469d-b008-7d4be3ec3146
2245,,,,,,,,,,,0ce77882aca6f7556db319b9b761126ec5a7c3d4,2026-08-18T14:38:03.602Z,42d12ef4-b81b-4722-bb09-0f682a85bdac
1616,,,,,1990803.15,732682.59,1200401.24,2026-05-17T00:00:00.000Z,,111586.00,34fcd16136906b009f21c98a165b5b6ea365afb7,2026-09-29T13:30:22.024Z,784ca004-3455-4235-ab7b-21977781ef0f
1618,,,,,1415493.42,144537.96,1179241.37,2026-05-17T00:00:00.000Z,,155550.00,6cbcd13147e27864679321122779282908e237b4,2026-09-29T13:30:22.024Z,f482dc0b-adc5-46cd-a9d3-cab623d626f4
1619,,,,,3698478.50,840787.72,2905365.21,2026-05-17T00:00:00.000Z,,127399.00,16562971f4753096414ff4902e3fb73a9db16067,2026-09-29T13:30:22.024Z,4ce6a463-a959-4d3e-8ad1-2c06b8933403
1620,,,,,24647039.99,1951932.35,22639395.87,2026-05-17T00:00:00.000Z,,1607048.00,284ccf0805254f64f966010986d4f536089703f0,2026-09-29T13:30:22.024Z,cfc7c47e-5120-4734-86a5-283678a2d76d
1621,,,,,1982624.05,219740.22,1763057.61,2026-05-17T00:00:00.000Z,,104508.00,5394a7fa89a0cb3e08a79c5b0276ca851a2e1b86,2026-09-29T13:30:22.024Z,c3a99830-99e0-4db5-a8bb-a23e41253084
1622,,,,,8177519.39,942474.29,7224640.32,2026-05-17T00:00:00.000Z,,643609.00,cdcb44328afbadc2a9c467bb2ce2d00457343a7a,2026-09-29T13:30:22.024Z,ce207dfe-6061-49fd-b922-5087c0ba3d98
1625,,,,,11286153.18,8641038.55,2584295.94,2026-05-17T00:00:00.000Z,,632542.00,3d5528d32e029cac017711ddcdd0db83717a750e,2026-09-29T13:30:22.024Z,80c1c0ea-3174-4203-80c4-9291335afc1e
2246,,,,,,,,,,,54bf63444b07199464b6198196849661eaf00ac0,2026-08-18T14:38:03.602Z,532a6c59-4204-4cc4-a40b-c0da8ff3e4fa
2247,,,,,,,,,,,5ec32e74cb41150481164403f98a0ce49b40a832,2026-08-18T14:38:03.602Z,58ec919c-c7bd-4083-ad3d-68f27ad9e6ce
2248,,,,,,,,,,,820b1f4f6270f95f3714419a4de3b8e9c93d9d9f,2026-08-18T14:38:03.602Z,e14d845d-d278-4396-a487-90eda434a049
1626,,,,,38376189.28,212317.97,38102662.32,2026-05-17T00:00:00.000Z,,571436.00,b6cc9626628083058849e3d833f961066309db0d,2026-09-29T13:30:22.024Z,bb398ef3-5ea9-4368-86a0-3de06f371f76
1627,,,,,5444137.27,87046.64,5357090.63,2026-05-17T00:00:00.000Z,,376173.00,6fa08c4bd82f9876ff1bd113e64bd8270ea1f2af,2026-09-29T13:30:22.024Z,c2c9f36c-3c18-40bd-a6fc-2bbf32877c8a
1629,,,,,7817752.50,2747131.51,5063363.18,2026-05-17T00:00:00.000Z,,640210.00,1490711f65e1b1f38c1b4b4203b5c2453f0165a1,2026-09-29T13:30:22.024Z,ec93306f-d715-4c79-a2bf-87b4642f788f
1630,,,,,1106062.86,74669.15,982516.64,2026-05-17T00:00:00.000Z,,138344.00,e5cd1d006eece877ed6b298aa736d0581deee241,2026-09-29T13:30:22.024Z,0cd8c09e-133e-4735-adee-5446593a2092
1632,,,,,7631752.69,1327531.70,6349460.48,2026-05-17T00:00:00.000Z,,1197009.00,4c8a047aa4dd2c2299a6f5a7ea4398257be45883,2026-09-29T13:30:22.024Z,d58e0394-78ad-45d2-838a-92b5cb18f894
1638,,,,,4911052.76,390469.01,4427814.47,2026-05-17T00:00:00.000Z,,238076.00,e1b28a06ad9c4c633cb71b41584847226d61473b,2026-09-29T13:30:22.024Z,78acd91e-9cf3-4097-b7f8-a9a9b23526ed
1641,,,,,6585337.32,1020157.17,5058677.43,2026-05-17T00:00:00.000Z,,657887.00,b6e77ca4b89b1e94fa58496d2a4555053fa8e739,2026-09-29T13:30:22.024Z,6f2b0e3c-a322-4faa-a57a-c7611c746e2a
1645,,,,,7378304.78,1365272.14,5411784.82,2026-05-17T00:00:00.000Z,,373069.00,57bed63d6e59c42a1c38135a721576f231c6efa8,2026-09-29T13:30:22.024Z,f91bcc54-cb3f-4930-a376-009b4a6581df
1646,,,,,35359079.90,5348080.36,27584939.92,2026-05-17T00:00:00.000Z,,1394670.00,cc61144060d974fdad63c45dd2c196bda9dab49e,2026-09-29T13:30:22.024Z,4bae7164-7f63-4176-add1-c0337357b887
1647,,,,,3177445.62,124778.30,3045175.82,2026-05-17T00:00:00.000Z,,160630.00,4a3570a4657a125dfb1a9e0a55a45c7246b56bb1,2026-09-29T13:30:22.024Z,58ec36b1-3994-4b7d-ac38-c33dd7ab6592
1648,,,,,7012366.06,943817.70,5957663.65,2026-05-17T00:00:00.000Z,,375402.00,b0c00e863fb0c001d85e6f6f1064cadbe250e3db,2026-09-29T13:30:22.024Z,fbee488a-0a8b-4283-9d35-6e7eda3993ff
1652,,,,,8321148.68,1153887.80,7059572.88,2026-05-17T00:00:00.000Z,,760524.00,012dd259ef20b283eba12d8e4e140c4185a857f5,2026-09-29T13:30:22.024Z,e7b5bc11-4049-4a9d-b0d1-626bd6f07c24
1654,,,,,534107.74,99138.55,441779.67,2026-05-17T00:00:00.000Z,,53347.00,b2e07e4d0555d79371fa001c0bcf07f993ac7990,2026-09-29T13:30:22.024Z,c2f7b4cc-e728-490b-a681-d312ca67549d
1655,,,,,7144503.13,1485639.30,4938085.92,2026-05-17T00:00:00.000Z,,307609.00,cb7a239455bb7b4003eba9fe7432e93bdf3c792b,2026-09-29T13:30:22.024Z,e0bf0bfc-2033-4e09-8ae3-d4043f9ab8fb
1657,,,,,985181.75,116917.34,724333.62,2026-05-17T00:00:00.000Z,,73741.00,226404cdd4542636bfde8ed3178a6797e7779cf3,2026-09-29T13:30:22.024Z,0c3e8c5f-2ee3-46ae-bebe-d09559e9b396
1660,,,,,10997536.94,2311503.82,8535563.57,2026-05-17T00:00:00.000Z,,1123094.00,6c93954ed5507dedcc86ce7a6d1f5bd9fdf43f77,2026-09-29T13:30:22.024Z,c4ed65a5-e8d2-405c-b124-bf826ff7f366
1661,,,,,37319126.81,13118437.56,21598221.43,2026-05-17T00:00:00.000Z,,1713943.00,1d5795e639d94162ff4468e949a5fca33f838f03,2026-09-29T13:30:22.024Z,807d8b1c-4fe1-4ebd-b6c4-9033f6cd5d4c
1663,,,,,9169973.30,783529.61,8173862.99,2026-05-17T00:00:00.000Z,,1257854.00,c356dc65f09b4dc7c35a4638bee621df241cdc93,2026-09-29T13:30:22.024Z,93a32aab-4b64-41c0-8db8-de3c3ddc3a35
1666,,,,,3058863.94,3025216.69,0.00,2026-05-17T00:00:00.000Z,,339901.00,e4cc41b232be65a8a082c6ac1283f61b24ca0724,2026-09-29T13:30:22.024Z,95f9dda8-c5fb-4277-9c10-216e6d81456c
1667,,,,,670103.70,,670103.70,2026-05-17T00:00:00.000Z,,128567.00,dcaa3fa5b669a63c7b7021003206a593abce66e4,2026-09-29T13:30:22.024Z,104b46e0-bc71-4c47-bb12-d26ac7a2251b
1669,,,,,9244257.84,1454023.10,7450873.21,2026-05-17T00:00:00.000Z,,1055799.00,6c3cf4d733d3c7d8d12755b9dcc7b8c925136445,2026-09-29T13:30:22.024Z,c17a2927-84b9-4f9d-b630-8d5eb9f85ec9
1672,,,,,4290223.59,1187862.31,3152429.25,2026-05-17T00:00:00.000Z,,1340672.00,c1194f45a1bbd34897d3ed4dbb2d7a888ddd1dc7,2026-09-29T13:30:22.024Z,cd29ec61-9ee3-47f7-882c-8dd2c20e6355
1673,,,,,6654375.10,5436752.43,1193597.49,2026-05-17T00:00:00.000Z,,1213406.00,1668dbfbb01af7183557384322f54414380ae8a7,2026-09-29T13:30:22.024Z,77ff2416-cad9-4171-90a9-dc68e2aa80d0
1674,,,,,124357843.32,4764531.32,119436182.08,2026-05-17T00:00:00.000Z,,17408694.00,b03f67cb017f505fac81c6c28e04bf60059e26c8,2026-09-29T13:30:22.024Z,5f595994-11b8-4024-a2eb-49552537e7f7
1675,,,,,240543859.57,2159373.67,237654268.12,2026-05-17T00:00:00.000Z,,32870167.00,493b68c36feef18858eed8fb100b8a0b6376dc5f,2026-09-29T13:30:22.024Z,b43dcb7a-cd5e-48e0-96d1-54fe80311c05
1676,,,,,106468427.80,50424683.60,55998359.05,2026-05-17T00:00:00.000Z,,16724761.00,cae397bcc853f3337ada99aaee4667955f44a2b5,2026-09-29T13:30:22.024Z,c15fef09-c16c-421c-a0af-e450b2b128c0
1677,,,,,6768439.14,530628.13,6196747.37,2026-05-17T00:00:00.000Z,,237184.00,fadae7f58c10ea319caeb4ae6b4618d346452fcf,2026-09-29T13:30:22.024Z,b6ea993b-0bd0-4ad6-be39-324f18fd2b24
1678,,,,,75910130.60,35316542.58,40198398.80,2026-05-17T00:00:00.000Z,,9858211.00,e58adfe754ae261f7e8e09ceab37fc8027a3f478,2026-09-29T13:30:22.024Z,299ebeca-5ae2-460b-b3b4-965d8e43e21b
1681,,,,,21894005.83,12401650.88,9709104.75,2026-05-17T00:00:00.000Z,,2866338.00,fa5ffa76effe1c26bd2a20f8ad5215d85280729e,2026-09-29T13:30:22.024Z,a7318476-2054-4b16-8524-154f5b24d808
1682,,,,,30374675.17,8487345.37,21269934.67,2026-05-17T00:00:00.000Z,,4507985.00,71ed2f642a2d9be7051bd1ba52d08b5942e282ab,2026-09-29T13:30:22.024Z,83dce9ff-dc4e-426c-9ce1-f6ff2a8e1d3a
1683,,,,,5095726.19,1278165.20,3845431.28,2026-05-17T00:00:00.000Z,,893692.00,f4a55b0eb49e5a60eb6b95260dc02f6c35c3b0e7,2026-09-29T13:30:22.024Z,ecc72f8e-dfa9-4e55-9d4b-ae7d63b2685d
1684,,,,,9710335.25,1401828.16,8261832.28,2026-05-17T00:00:00.000Z,,1223627.00,5abe9ad443a021b289796f8d9b5ddefd77bd88e0,2026-09-29T13:30:22.024Z,69282bf5-5091-41ec-8c05-18cab5266e83
1688,,,,,65377279.14,13939362.28,50951621.84,2026-05-17T00:00:00.000Z,,8187875.00,f30836d8fc61d3ecd71ca0e6ecf696445bd5fefa,2026-09-29T13:30:22.024Z,97f51a0d-2e77-4943-84fa-529aad650b2c
1691,,,,,1241633.57,62621.91,1202083.38,2026-05-17T00:00:00.000Z,,186168.00,a339404af2a55fb48d4fea5f95995290ac828cbf,2026-09-29T13:30:22.024Z,e35c2845-f5e3-4926-b7fe-9bc98d636c60
1696,,,,,6708634.83,615680.44,6086077.94,2026-05-17T00:00:00.000Z,,877049.00,a0851ed70ea0e41bf11037daeecc677e91d6843c,2026-09-29T13:30:22.024Z,04f1e3cc-a826-483e-8d66-5703fbfbf14c
1698,,,,,3563486.84,804204.08,2791537.38,2026-05-17T00:00:00.000Z,,506120.00,2729b609b0223c7ec19774b502ac5a8b170f5c75,2026-09-29T13:30:22.024Z,49b1cea8-4388-42dd-9212-a6be18f4963f
1701,,,,,8293666.78,1640046.85,6654062.84,2026-05-17T00:00:00.000Z,,439600.00,a42aac4789a0e168d1e63069116585011cc7596e,2026-09-29T13:30:22.024Z,b73a086f-ecef-492a-a220-dfcfc97a5240
1703,,,,,3337603.76,435292.86,2894410.76,2026-05-17T00:00:00.000Z,,423213.00,926e52f5b80b66f4c05874648d502974c607dc13,2026-09-29T13:30:22.024Z,72316fe9-e5f1-4e58-b9ef-5833d7443f9b
1704,,,,,592556.62,57543.51,547536.61,2026-05-17T00:00:00.000Z,,31532.00,ccdf3029258717242826b9d5a606420f113fadbc,2026-09-29T13:30:22.024Z,ddc34053-2865-43d5-874e-00f2f7344a38
1706,,,,,6109252.52,362549.23,5718317.04,2026-05-17T00:00:00.000Z,,831281.00,a1d7c70b9f0dde6efc58b74fa5e2616cc39cd48d,2026-09-29T13:30:22.024Z,973096d2-5ca9-49e6-8e98-b9fe465185f9
1707,,,,,5918785.05,444131.72,5351905.66,2026-05-17T00:00:00.000Z,,231527.00,4a8baa9ba561f57e034aaec91de07028f7c47112,2026-09-29T13:30:22.024Z,6692522d-bd08-49c1-bcea-1d8f9eb58f64
1710,,,,,12737075.85,3566927.67,7420102.25,2026-05-17T00:00:00.000Z,,1857348.00,820d3510d6fa35a6c8ac43b78a47626f2973a0a9,2026-09-29T13:30:22.024Z,64c660f5-0569-4edd-88d8-abf8c6918537
1713,,,,,2939821.65,295753.63,2178656.38,2026-05-17T00:00:00.000Z,,345661.00,1b823a6609974ca4dbf9725bb9e958fb20b34698,2026-09-29T13:30:22.024Z,fdb6f7b8-1516-447f-8fb6-4ff8a6f46060
1714,,,,,2306258.82,75893.92,2223734.18,2026-05-17T00:00:00.000Z,,27051.00,f41bdbd2b0f7f4ee3bf86e7bbb09ecd4751a62f3,2026-09-29T13:30:22.024Z,efd93362-1ca8-4198-a546-2a982bd27299
1715,,,,,4905985.03,201407.70,4743733.31,2026-05-17T00:00:00.000Z,,620770.00,db8ced358258eff2d69e1c5e66e074210542cfca,2026-09-29T13:30:22.024Z,fad9d9e9-1d9f-454d-a2f8-f3b1040fd52d
1716,,,,,1665070.31,99059.76,1593604.14,2026-05-17T00:00:00.000Z,,149208.00,ca4c22c51b6c86ed88825bece6dc6a1272fdf896,2026-09-29T13:30:22.024Z,7e2cf874-e395-4512-869d-7fb93a97c429
1721,,,,,1315541.44,47053.28,1265438.28,2026-05-17T00:00:00.000Z,,0.00,bae606816b5ae15a25eb91f0bebd30ef3fb3db36,2026-09-29T13:30:22.024Z,493887ae-5204-4e92-8222-930d0c1bb4a4
1723,,,,,1295072.88,79665.35,1181170.23,2026-05-17T00:00:00.000Z,,61821.00,60335f679470d5861fddcb5a9ac4513f261cddd7,2026-09-29T13:30:22.024Z,1582ec6c-0f58-4b9d-987e-83bac31e61f2
1725,,,,,719520.31,15794.82,707202.55,2026-05-17T00:00:00.000Z,,3954.00,2427e8d04aae00d77ec92e448cae5f1df04c18be,2026-09-29T13:30:22.024Z,f0737f6d-2492-4c29-856f-9c97d3d5a197
1727,,,,,6273629.81,555114.76,5542234.48,2026-05-17T00:00:00.000Z,,1200284.00,a5c13d4039a1b643915c2acbb4bdc30dd103d2ca,2026-09-29T13:30:22.024Z,252700af-856c-4d0c-8423-f525b13aac50
1728,,,,,5571824.46,107254.64,5450630.59,2026-05-17T00:00:00.000Z,,313396.00,c08aa910700f5e1ac2185380ab3fd8ef179244cb,2026-09-29T13:30:22.024Z,53eb04d4-5d3b-4f05-a1f6-4059c7e1f09a
1735,,,,,98996014.97,66156782.94,29980755.51,2026-05-17T00:00:00.000Z,,9834760.00,5b971981142c79447d23492747be69aff48fe487,2026-09-29T13:30:22.024Z,6d2e2939-80f6-4921-a59b-8c7925e4e800
1736,,,,,24948123.75,17434937.19,7315053.96,2026-05-17T00:00:00.000Z,,2137722.00,d2d9f22ec4abe25b8c7b9b5888df45d2396f4534,2026-09-29T13:30:22.024Z,2c88f481-cc85-4ae0-aad2-775430adbb29
1737,,,,,28052065.58,6899645.98,20569367.20,2026-05-17T00:00:00.000Z,,4620556.00,fb4e9cbdce50a79a0a35fab5e829431de2fa9736,2026-09-29T13:30:22.024Z,00bbb9db-f287-4f93-a5c1-e3e38b6d57db
1739,,,,,2895288.73,848668.63,2042503.41,2026-05-17T00:00:00.000Z,,33064.00,a4912ebe1a6980b16368fe5223ac96d6fd313906,2026-09-29T13:30:22.024Z,524592c6-5660-44ac-b26c-184c0fbff086
1741,,,,,227086533.09,20961968.95,203016247.94,2026-05-17T00:00:00.000Z,,21234684.00,3737966b54a42f315e3cd1f13bd23b88f63e21d7,2026-09-29T13:30:22.024Z,47b3c573-bc5b-4d7b-a592-cb34435e0a51
1742,,,,,1334506.76,191135.32,1126687.79,2026-05-17T00:00:00.000Z,,111712.00,9bd878a5e5311e0952700c4ce5c1605dac2674a3,2026-09-29T13:30:22.024Z,9018e7f0-2152-4efc-9207-4efa24c26fe8
1743,,,,,2629570.00,1000841.59,1526800.41,2026-05-17T00:00:00.000Z,,339127.00,63be3178a5816cff1788c2af2b26d68a71122f41,2026-09-29T13:30:22.024Z,1b2c31ca-6353-458c-8224-b0e9b5e8b9c4
1748,,,,,10068998.77,4645909.03,5391099.99,2026-05-17T00:00:00.000Z,,0.00,ddc3fb1d5c83864e1917cf6b16c2a303c4f5ba3e,2026-09-29T13:30:22.024Z,a7abf778-fd27-4aa0-b26e-86b5c5418e90
1752,,,,,3020576.08,82107.37,2836362.71,2026-05-17T00:00:00.000Z,,1247.00,9b40665cedec2e45ed6d63f51342e5f19da7ca6d,2026-09-29T13:30:22.024Z,7f96b77b-d92d-44c5-bcde-0358982c3b80
1754,,,,,20257296.80,458980.05,19798316.75,2026-05-17T00:00:00.000Z,,75650.00,02b545182fb8b6d6f00b658ab1c6644e7ea1bcef,2026-09-29T13:30:22.024Z,7ae81271-85ec-4d8b-b955-156a7e9b2a55
1757,,,,,3499571.24,129307.62,3257223.37,2026-05-17T00:00:00.000Z,,488767.00,41ce597352b0baac354fff20fe0b0de76f0790f4,2026-09-29T13:30:22.024Z,96be93e1-db6f-4f0c-b73e-a8cfed681884
1759,,,,,7826995.83,271120.60,7543693.27,2026-05-17T00:00:00.000Z,,811968.00,f31ad257ae48a2824c8977e3aa6be9cca78a6478,2026-09-29T13:30:22.024Z,4ea6a7d2-7e54-4b16-a26d-1f1362d0d6c8
1765,,,,,499319.42,49698.18,442427.68,2026-05-17T00:00:00.000Z,,0.00,d65a5d1bbbc60ab64c2caa1975c5b658948dfc3c,2026-09-29T13:30:22.024Z,f8b52f31-8560-45b6-ba57-007c44ce59c8
1767,,,,,3346388.88,15741.08,3267072.98,2026-05-17T00:00:00.000Z,,493091.00,c7935a49525a8d2ad3264171e4650099f9fc9eee,2026-09-29T13:30:22.024Z,a5baa815-cbba-4f94-a200-c1ae9f8a771a
3441,,,,,,,,,,,1964f096f1543588d21d14cfd3ac328b852db4a6,2025-08-21T18:23:21.072Z,daf1bbfe-3815-4dae-9b01-7fd4fcd02269
1772,,,,,6361368.91,442756.09,5774481.57,2026-05-17T00:00:00.000Z,,779118.00,4d904caa4bfc3fd059e5fa7ef239be26aca94f40,2026-09-29T13:30:22.024Z,727c31e1-5d39-4be9-aeb2-6e0563efdd85
3528,,,,,,,,,,,09939a5fe1bf9f09d61622ceb3cfe8b4696cf04f,2025-08-21T18:23:21.072Z,dade8f71-8f8f-4af1-b6ac-af286cf1e888
3113,,,,,,,,,,,49cb4eecc5d6d6d5c41dbf3995265060082c478a,2025-08-21T18:23:21.072Z,402fd335-0c66-4f03-8e5f-d827983039a6
1774,,,,,4716310.17,230693.30,4425946.02,2026-05-17T00:00:00.000Z,,541355.00,df179958030182cfa17d5d79df965423e8e66bdd,2026-09-29T13:30:22.024Z,33354057-3154-4538-aa0a-2103c7ba0baf
1775,,,,,9638507.73,711874.01,8615701.72,2026-05-17T00:00:00.000Z,,93369.00,da28f4176a378e6bbea03f65d969a9428873c382,2026-09-29T13:30:22.024Z,d0dd8d2d-f8a0-4cb5-bbff-fcb3b7f6d635
2118,,,,,,,,,,,9f6adce93346ac934cfc8bbe7d3577e11b2f4356,2025-08-21T18:23:21.072Z,c73e4892-4dd5-4297-a133-699b1c6e60f7
3066,,,,,,,,,,,6ba37e72811a699f15e5137ffd7bf1fbebed12f6,2025-08-21T18:23:21.072Z,ae22d557-d917-4fc4-b458-284d3cfd1f53
1776,,,,,55300511.20,3442262.90,50898705.78,2026-05-17T00:00:00.000Z,,5908173.00,a55cd4b244d235440cee9855111889449ae1f84d,2026-09-29T13:30:22.024Z,81195501-9687-4f0a-adb7-65dea8868fbc
1777,,,,,14547910.96,3694972.87,10776393.99,2026-05-17T00:00:00.000Z,,1175154.00,da265bae9b992cedf63d3a13f360849ad6ffc23f,2026-09-29T13:30:22.024Z,ef61a0e5-4b54-4a3d-90b0-4ac71dad37d9
1778,,,,,1086864.23,10494.54,1070445.67,2026-05-17T00:00:00.000Z,,53071.00,d50ede4514985c86abfb79f08a8c70da72bf4574,2026-09-29T13:30:22.024Z,325c9a49-dbc3-40fb-b430-40a357e9d3cd
1779,,,,,12057743.59,4323395.92,7722877.57,2026-05-17T00:00:00.000Z,,1281647.00,60d9024cf781f7d081f16ec63ecb0db5c5e98e7f,2026-09-29T13:30:22.024Z,ccd30d4a-5635-4158-aa6c-37c16d3fc7e2
1781,,,,,1655156.50,250629.68,1309133.42,2026-05-17T00:00:00.000Z,,192093.00,a170f7d40de0d6e95c0a66d7087031c04d31ee07,2026-09-29T13:30:22.024Z,ee92d9d9-fd37-4073-bc92-913486c5aeeb
1782,,,,,1269313.62,538789.82,729640.38,2026-05-17T00:00:00.000Z,,206865.00,965067ec0a16c145b3693d4e5cac2bc201e826a0,2026-09-29T13:30:22.024Z,1b42b3a8-cdcf-4d8e-aeeb-530d3aac9729
1783,,,,,49601279.98,3613882.43,45513338.55,2026-05-17T00:00:00.000Z,,91806.00,8639ad545af8259feb8f87d8ba623eb2cb440a13,2026-09-29T13:30:22.024Z,35d1bb16-51ad-44c1-89cc-7b8d2909bf4b
1784,,,,,449482.54,180418.52,264534.22,2026-05-17T00:00:00.000Z,,52815.00,d7accc1b131cea84bc4ef5e383d2234d3381c8b2,2026-09-29T13:30:22.024Z,16b0d536-b088-4b3e-805d-43d65fda302a
1787,,,,,3673097.45,208435.76,3459158.78,2026-05-17T00:00:00.000Z,,555038.00,9ff9991c242f8f15df702b5501bb8027f14c70bb,2026-09-29T13:30:22.024Z,46b7a3e0-0cb3-4795-bcc0-4d217491ebba
1788,,,,,2660766.77,115109.71,2544618.23,2026-05-17T00:00:00.000Z,,0.00,c235ea4fa3bfe613d2483047a3708d01e8fb6eb0,2026-09-29T13:30:22.024Z,92d1eea6-ab31-4e0a-a44b-7483431441da
1789,,,,,7955261.42,1829034.73,5576907.69,2026-05-17T00:00:00.000Z,,1264949.02,8bce2cfa3c21814276fbf85bc918d505f8977237,2026-09-29T13:30:22.024Z,334b3527-cc86-4534-bc52-1d2ffd6fb685
1790,,,,,4570622.52,191540.21,4339131.55,2026-05-17T00:00:00.000Z,,604887.00,2640e4934d422dfb0dd0bfc2abf9d2f1f6588b0e,2026-09-29T13:30:22.024Z,4b12fe05-91f5-4ca6-b9f4-96fb50a7cb8e
1793,,,,,3892481.01,662127.06,3216753.75,2026-05-17T00:00:00.000Z,,608954.00,6b7ba7f78996c7cf6406725999e57b2475dbd667,2026-09-29T13:30:22.024Z,523d8b97-f366-4710-9950-2046a4ec217f
2044,,,,,,,,,,,0081f923bf448d069c4b025bb44f7cb623a84a00,2025-08-21T18:23:21.072Z,0b66afdb-035b-46c2-8c65-b50fd829e6e3
3550,,,,,,,,,,,15551107bccb23ef9b5886588de50221ab32bd01,2025-08-21T18:23:21.072Z,460a9e7f-6205-4699-a340-c907933f3e39
5442,,,,,,,,,,191326.79,d37a50ae73de541a0babcacc9d434753f6166e19,2025-08-21T18:23:21.072Z,b5309f26-9e72-428f-9317-f728855380dc
2042,,,,,,,,,,,c1d5359f8892694f467049f23672833d872131ae,2025-08-21T18:23:21.072Z,af9b08fd-459b-45a4-9fb4-416fef70c52b
3413,,,,,,,,,,,103778a7c30ea1adc49d14aca8dd0f97a79db9a6,2025-08-21T18:23:21.072Z,91c15b53-5b50-416f-9fce-052135fddd4c
3503,,,,,,,,,,,d5c9ff4f3e2b742b6f0b0dca1ec9aeed47219f1b,2025-08-21T18:23:21.072Z,96b83e54-de5c-4946-8e10-8330501adc15
1796,,,,,12186818.01,1089112.90,10421346.21,2026-05-17T00:00:00.000Z,,1787687.00,c36ac3dd0d515e7d0d03181b164d59095a22e7c8,2026-09-29T13:30:22.024Z,f0c73282-25ac-480d-a721-be8a11314633
1797,,,,,5940451.74,1118829.25,4396630.01,2026-05-17T00:00:00.000Z,,1905215.00,fd6717650d4a11156383050bd2c4d0fb07f59d9f,2026-09-29T13:30:22.024Z,eb4db73b-43f2-4056-8def-b08012b651f5
1799,,,,,823848.76,67615.90,756068.62,2026-05-17T00:00:00.000Z,,319962.00,cf4545e4002d489eeb0d5be66ce8b2f58e053be4,2026-09-29T13:30:22.024Z,767d76c4-0e7f-4087-89d0-3d57ef15c24b
1801,,,,,4657982.00,1440783.27,3071593.91,2026-05-17T00:00:00.000Z,,466669.00,075b9d06f704a079812aa27c6af5a7deecc9cc5b,2026-09-29T13:30:22.024Z,28677540-0cca-4198-8707-e5b368eccc64
1802,,,,,18607434.87,13306229.09,4781435.66,2026-05-17T00:00:00.000Z,,2710679.00,9afb078d5446e7d827e119ff3bb9e378fd530bec,2026-09-29T13:30:22.024Z,8025e6bc-c380-4ec7-b029-e61b2fcc7a29
1803,,,,,6149283.51,62016.60,5923527.91,2026-05-17T00:00:00.000Z,,725370.39,37b10c30ec3d2bcd29bd008b9f7fa30efc2f51a7,2026-09-29T13:30:22.024Z,29c1e7ee-35b5-46a8-a325-52a801d43484
1804,,,,,2543014.21,852550.36,1683452.85,2026-05-17T00:00:00.000Z,,311362.00,46d9e35fdb222976aef10906b37f7adcf7e084b8,2026-09-29T13:30:22.024Z,a4d98468-8779-421f-9288-d7c06ffb7b6f
1805,,,,,38841921.56,32124189.94,6349045.86,2026-05-17T00:00:00.000Z,,4713715.00,f0e61ce2ac024fb612a7bd9f14a6196d512e26ba,2026-09-29T13:30:22.024Z,6cb98997-072c-45e9-af88-9b1ee658170b
1806,,,,,1107827.99,415990.06,407110.11,2026-05-17T00:00:00.000Z,,3947586.15,c02d881743f54669ea14a999123289baf30cb2c4,2026-09-29T13:30:22.024Z,ad0d05a3-e528-465b-bc24-c1cf72613b7c
1807,,,,,7256252.51,5109636.26,1964392.59,2026-05-17T00:00:00.000Z,,824950.00,0a8c8e30015d0568ebd67cfe12944cfff2c983d9,2026-09-29T13:30:22.024Z,1c5ebf0a-98aa-4fc0-ad51-21f909c12340
1808,,,,,3364325.10,189696.35,2935586.80,2026-05-17T00:00:00.000Z,,319768.00,988b1a080cfa661be71bdad8eac03577a2f44eea,2026-09-29T13:30:22.024Z,b4465645-0268-42ba-a42f-eb1cbb921202
1811,,,,,5825275.23,319740.39,5486438.33,2026-05-17T00:00:00.000Z,,1134370.00,246685d3544b36e37409071f32ae1851aa61c020,2026-09-29T13:30:22.024Z,347b95fc-2255-49c8-b39f-5d70360ec2a6
1812,,,,,14898663.36,13271189.98,1620701.65,2026-05-17T00:00:00.000Z,,2232817.00,e36b742e3313f7f8caeb0a877b1aece8e01f9596,2026-09-29T13:30:22.024Z,6f820c9b-b276-4bb3-b8e9-7c437744d056
1813,,,,,49802008.60,42186959.25,7556237.51,2026-05-17T00:00:00.000Z,,5612828.00,6065d426afb844e4f8b13a6767fe6ab3ecc752d2,2026-09-29T13:30:22.024Z,9a5dd83d-259d-4bf8-a282-faf91b9bb90b
1815,,,,,9781024.74,9553307.85,198758.02,2026-05-17T00:00:00.000Z,,680052.00,b2327dd4b34c66005643d01db68a9d86f9c0b578,2026-09-29T13:30:22.024Z,b793f089-67b0-4fa4-848e-feea5385a055
1816,,,,,1337879.37,1010030.46,321246.91,2026-05-17T00:00:00.000Z,,93590.00,93e50cbd6f0b363eeb1fae2897d4c334ee182a08,2026-09-29T13:30:22.024Z,a039cd5e-90c6-46bc-b311-e128bba064c0
1818,,,,,255208480.28,178944080.57,71856578.63,2026-05-17T00:00:00.000Z,,44962054.56,01cf84b1d22f910dcbb30db6fc95939783a1b350,2026-09-29T13:30:22.024Z,3e7a932f-3d55-4d42-8c99-084255f201f7
1819,,,,,220812938.80,72955119.24,146956946.34,2026-05-17T00:00:00.000Z,,29958447.00,4bb9b69effc99312ff0a3e52eab6d81c161ed436,2026-09-29T13:30:22.024Z,60124e02-3efa-4397-9627-f83920c08b4a
3569,,,,,,,,,,,cee0865d58ea26bfe8c6cd2f376caf6c404a01e3,2025-08-21T18:23:21.072Z,5f7f1ef6-3674-4f0b-b611-6ac38213ff1f
3585,,,,,,,,,,,b475bd56b9324a331645eaa0e7ca3178a49c405d,2025-08-21T18:23:21.072Z,4c4fadd4-770c-435f-b658-8034f98c77c3
3382,,,,,,,,,,,9a6a74ef690b10effd4e8ead194e6d0956ecf359,2025-08-21T18:23:21.072Z,e641dca3-0454-40f3-9029-c3fdfb5ad3ab
3078,,,,,,,,,,,c2646825590d32ad3f461c6cad2e10cb66fcb5cf,2025-08-21T18:23:21.072Z,8d89349b-4b27-4e5e-ba2a-927b2a0cbc41
1821,,,,,6143015.93,2952414.14,3093298.11,2026-05-17T00:00:00.000Z,,532472.00,35c56f849cfc42cd6fdb384a9699d196f2bd70cd,2026-09-29T13:30:22.024Z,5bc64475-2831-41e4-9910-cbf509ece555
1822,,,,,135879596.08,25984585.11,109071876.09,2026-05-17T00:00:00.000Z,,27004063.00,8b19fc56f8da94fbb7c8c7070b12541754bacb35,2026-09-29T13:30:22.024Z,e7996193-b646-4eee-a8f5-f336d3ed8d9c
1823,,,,,9203600.91,3952139.14,5070573.74,2026-05-17T00:00:00.000Z,,964338.00,b285914fa578135db3d231c98725662323e771b3,2026-09-29T13:30:22.024Z,53c05fb4-336d-45e0-ab3c-9b8033ce2a25
1824,,,,,10887118.75,6505428.33,4118092.57,2026-05-17T00:00:00.000Z,,1655323.00,d008366825f7bb5d1bec8bc241d88419e0f70b8e,2026-09-29T13:30:22.024Z,3c1a9a2d-9b47-4ffd-9587-cd0bd2967177
1825,,,,,26341587.62,12516048.66,12588742.81,2026-05-17T00:00:00.000Z,,5132047.00,6b06a623741d7a8da130dc72960080da768c44f2,2026-09-29T13:30:22.024Z,e745a8c7-8740-404d-9383-86912761d605
1826,,,,,11999525.10,5388395.85,6584926.50,2026-05-17T00:00:00.000Z,,164087.00,11b4a512ed553b2cdb4416960ba163c5acf8c30a,2026-09-29T13:30:22.024Z,892509b8-96d6-4284-b3b9-1fa76e10eb9f
1827,,,,,18544378.65,15263836.85,527906.77,2026-05-17T00:00:00.000Z,,1671236.00,b60cbe08b5b88c67def009a09a31674e51a1fb8d,2026-09-29T13:30:22.024Z,7690d679-556b-42e1-8cd7-cc1b46f9f4fa
1828,,,,,11300288.42,8661935.17,2405710.44,2026-05-17T00:00:00.000Z,,929579.00,1918df001d90f9f733799e9a670135803acd7a45,2026-09-29T13:30:22.024Z,2cbbb6d1-fbc7-488d-abba-b6ff670bf5d7
1836,,,,,6100444.28,3010700.10,2801845.18,2026-05-17T00:00:00.000Z,,666076.00,c1a4c1353c27d7d6e306079e1a9afbcc9533e6c4,2026-09-29T13:30:22.024Z,ea7c2b0b-e3ef-4ca5-ab1c-8e18a8089d72
1837,,,,,2643437.02,369934.49,2240380.53,2026-05-17T00:00:00.000Z,,195097.00,05ce8c394214c4aab57e7234d0798e6d897631a9,2026-09-29T13:30:22.024Z,475da0d6-e7bd-4caa-beff-197f673c4d13
3515,,,,,,,,,,,d515ba9b956a14dc28606eb85edec33346fdaffe,2025-08-21T18:23:21.072Z,ec70157a-f5db-4b4e-bad2-15dc4123758c
2092,,,,,,,,,,,3e32717a1b6fcf7ec2f7f24ebdb55deb896dc96c,2025-08-21T18:23:21.072Z,bd1b0f3d-19c6-49cb-9e35-90a9cc531d94
3435,,,,,,,,,,,4bc5e14d91939f855531bbe5b07d78963cd985cd,2025-08-21T18:23:21.072Z,3784d16b-3cb3-433c-a64c-b227e85763ef
1839,,,,,4546528.04,3299949.64,1185838.63,2026-05-17T00:00:00.000Z,,703135.00,69ee2d162cca65a3cc72a1bc9acad26368ccfa4d,2026-09-29T13:30:22.024Z,9b294207-9729-465c-8bf9-690b598ef017
1844,,,,,5247126.59,470689.31,4681769.05,2026-05-17T00:00:00.000Z,,793594.00,afd4be0031816274d6eab2d5ada04be45d13a0db,2026-09-29T13:30:22.024Z,cac1800f-9c70-4497-a519-897aeb5928c4
1845,,,,,9042835.72,436410.39,8582236.33,2026-05-17T00:00:00.000Z,,1374399.00,f342104816beb889012e91ea496d4545fa066beb,2026-09-29T13:30:22.024Z,03500cfe-d42b-496a-906a-7f88f566f1f6
1848,,,,,12436207.30,1616896.05,10567032.73,2026-05-17T00:00:00.000Z,,2065029.00,74d4675e7e76934a8cd24b7d3b694a300d32d5af,2026-09-29T13:30:22.024Z,0bc6206a-d99b-4342-a4ca-187b1c1a3259
1849,,,,,11189070.00,1848282.71,9038533.72,2026-05-17T00:00:00.000Z,,1455392.00,9d9dc45a0ba4b280b208d7080dcc6594091d0342,2026-09-29T13:30:22.024Z,42be6f1b-3517-49c0-93a0-96eb4a45bc5d
1850,,,,,15579109.70,11771539.15,3849457.59,2026-05-17T00:00:00.000Z,,794466.00,eaeb7d8387c298fa4f1cfa16f4782af11437ac01,2026-09-29T13:30:22.024Z,5669b45c-c94d-4d5b-8a72-e207497231b0
1851,,,,,8931032.41,3599419.33,5299623.68,2026-05-17T00:00:00.000Z,,1308247.00,f94839985d2d0abbcdd9e581efdd4dfe5129c85f,2026-09-29T13:30:22.024Z,fbe165fb-3d66-427b-ab58-a49cb007abb9
1852,,,,,2915456.44,147380.37,2766773.17,2026-05-17T00:00:00.000Z,,229235.00,404a5ebdb7c3813c1ec8b67a06a7993cfb9f3f62,2026-09-29T13:30:22.024Z,132f58f6-e43b-4aed-af50-42f16fa08825
2426,,,,,,,,,,,a9509aa492a0b4904686f5e318bc52a5bc41058e,2026-08-18T14:38:03.602Z,6c5204c1-39e6-465c-8663-ca8bc6dfa012
1853,,,,,4491366.48,115396.42,4342179.14,2026-05-17T00:00:00.000Z,,410465.00,5f44c06d159e38db4da899450f174a43e4455324,2026-09-29T13:30:22.024Z,8126341e-f599-4ff7-a0d7-e51106ac6eb0
1854,,,,,6288443.53,638768.30,5443756.58,2026-05-17T00:00:00.000Z,,912871.00,771204a4bb948195fe9dc673ada0e6db2e02af7e,2026-09-29T13:30:22.024Z,0b9714d4-b208-49c0-80fe-7786fa5651da
1856,,,,,2203358.38,383569.50,1776744.36,2026-05-17T00:00:00.000Z,,185505.00,b8e671997955dbdde594feb983cc94f5e9d562c1,2026-09-29T13:30:22.024Z,a7951022-11c0-43fc-861b-f570934981a7
1860,,,,,3143581.09,169848.37,2832828.06,2026-05-17T00:00:00.000Z,,463613.00,9be61f381c9bb2a601d520bc400d7ce0f7c929fb,2026-09-29T13:30:22.024Z,253e703b-a265-446a-9cda-77c22fcd9495
1861,,,,,15305769.72,622189.49,14604217.44,2026-05-17T00:00:00.000Z,,1217406.00,d8bbf7c06f35932793dd344b70946f821362ab77,2026-09-29T13:30:22.024Z,231be93d-0e20-41d5-8091-bce10ce867bc
1862,,,,,7711083.63,4334273.77,2961035.20,2026-05-17T00:00:00.000Z,,1071884.00,a0d81c12e1cec2107378d7ee41d4bf3d9e641270,2026-09-29T13:30:22.024Z,7a175e61-413f-4d1f-99a7-b9aeae6b556c
1863,,,,,6237293.92,2942722.29,3118547.95,2026-05-17T00:00:00.000Z,,631452.15,12caac3ba6ae9e64ee44130a72d4080fb54177f5,2026-09-29T13:30:22.024Z,11eb6ff1-fcbc-48ec-bfd7-15ff506f75af
1864,,,,,5125804.16,161232.94,4945531.00,2026-05-17T00:00:00.000Z,,572187.00,d4ab8f793827f028e73d85c9b766ba2aedc36f46,2026-09-29T13:30:22.024Z,f37c33b0-6b8d-4bd7-abb6-4d4ccf4e354a
1865,,,,,3950737.77,832070.82,2805052.94,2026-05-17T00:00:00.000Z,,504725.00,80f1a7ec5bca2fd81f98156e8ad8d6d8cc46865b,2026-09-29T13:30:22.024Z,96f1f58f-3444-4404-aff4-8f758f3e27d0
1866,,,,,4228940.04,796996.58,3157235.46,2026-05-17T00:00:00.000Z,,1485616.00,4af0a55f12289012bc7b0741a4300208135d89b1,2026-09-29T13:30:22.024Z,7d0adebd-ae35-4035-87f8-a2b35c23d967
1867,,,,,12182946.13,1412267.55,10483649.28,2026-05-17T00:00:00.000Z,,2708545.00,fe86a2795ae7ef7115a245b87876db41ff2720ee,2026-09-29T13:30:22.024Z,4e497ccf-6232-458a-b775-2938015b9fb8
1868,,,,,19988438.27,28063.66,19824316.38,2026-05-17T00:00:00.000Z,,4996596.00,f08d8231ad9d486ac65535d39b20e612f718d463,2026-09-29T13:30:22.024Z,781b9ae4-81cd-48c6-b8ec-11ede0388f37
1869,,,,,17438357.78,1107909.30,15859192.35,2026-05-17T00:00:00.000Z,,309213.00,8aa567a61f72d2d5b18d1bdc15f03b2ca878c4ec,2026-09-29T13:30:22.024Z,be459c2b-bfbe-436e-8f23-c04f148fa9a8
1870,,,,,19968402.53,337196.70,18959710.08,2026-05-17T00:00:00.000Z,,1672344.00,e3f12e6bc5844550d240f3de951437cb11b489ed,2026-09-29T13:30:22.024Z,d3539878-5529-49cf-bb3b-f46ce0d091f0
1871,,,,,18885702.86,13126074.12,5293596.93,2026-05-17T00:00:00.000Z,,1746827.00,e22c5ba1b30ada2974b268fddfd437a99919dcb0,2026-09-29T13:30:22.024Z,b5735709-0a25-4a39-b58c-179cfabfe31d
1872,,,,,9308284.68,190531.08,9085444.01,2026-05-17T00:00:00.000Z,,1418762.00,8b36c5ac82fc1204e2bd3e1b5e0b382cf45b08a0,2026-09-29T13:30:22.024Z,c159e7f4-3411-4db6-aa38-e6f394d9e283
1873,,,,,13728487.92,13580748.91,147739.01,2026-05-17T00:00:00.000Z,,412057.48,569a97d76741cc1650b9eceecef61d726804ef18,2026-09-29T13:30:22.024Z,aef73cf5-d782-4fbe-83a5-2edea245b8a0
1874,,,,,22887905.74,21001197.77,928081.94,2026-05-17T00:00:00.000Z,,4308099.00,5ed519a4fa29541225d816790b688accce7fa356,2026-09-29T13:30:22.024Z,0e85bec7-595c-4a53-b278-f10c02f7c644
1875,,,,,24577084.14,24428651.68,,2026-05-17T00:00:00.000Z,,3397069.00,ff5885ab4052de0b0786aa330efac12475ca2409,2026-09-29T13:30:22.024Z,0dcf399f-139a-450a-bae1-2917a273777c
1876,,,,,18085951.67,5487552.17,12233957.76,2026-05-17T00:00:00.000Z,,3177806.11,3ca6d707b002a5440ee9f9bae1df5a7b70e74705,2026-09-29T13:30:22.024Z,ca144f43-569d-40fb-81d9-190ebfcb0d90
1877,,,,,5466140.50,2749347.17,2456024.33,2026-05-17T00:00:00.000Z,,1505411.00,25f75c6ee3c787fbe752b4da52cebe65cdbcb5be,2026-09-29T13:30:22.024Z,5bc39cc3-56fb-4d0f-9af9-e0b0ad2390b2
1878,,,,,6577021.37,3133357.82,3340563.19,2026-05-17T00:00:00.000Z,,54775.00,85b73816a933923cdf79909bfd1004d0298cbd8c,2026-09-29T13:30:22.024Z,10430f0d-4d6f-4148-aeb9-307eca6843fb
1879,,,,,12773947.54,112691.04,12518072.96,2026-05-17T00:00:00.000Z,,992229.00,e6398d65b1f05d9a92feba58e084dcc6d2450442,2026-09-29T13:30:22.024Z,dca10fc2-6ef0-4a6b-bce5-3783a3c8dee3
1880,,,,,84281914.59,5984834.17,77280358.34,2026-05-17T00:00:00.000Z,,21711154.00,d71860a0d11499ccb899ade177b87020db765b25,2026-09-29T13:30:22.024Z,19c25727-1034-4f30-a28d-dc81c1002ef6
1881,,,,,2921637.15,2914471.35,35055.01,2026-05-17T00:00:00.000Z,,255138.00,f954e053ab60724200678f21c121aabf39b6d4eb,2026-09-29T13:30:22.024Z,81385c2b-f41e-4fab-ae43-40aa17399245
1882,,,,,3536705.06,3536705.01,,2026-05-17T00:00:00.000Z,,0.00,f05d5bbf5736ef681fc366d8a742f1c36f4bd92c,2026-09-29T13:30:22.024Z,e617086c-eb86-4e38-aede-866c4225c6f5
1883,,,,,118162678.93,18463782.92,97604362.25,2026-05-17T00:00:00.000Z,,11516711.19,9d3e1a1346198b86f73b1a8749bd65fe87258638,2026-09-29T13:30:22.024Z,bc5986bd-aa98-4c2d-82e0-535ad460ba9a
1884,,,,,28014674.09,7457446.19,19002709.49,2026-05-17T00:00:00.000Z,,7574086.00,1f831a8cc56d0fb4f16b6eb121b124f3eeb7d417,2026-09-29T13:30:22.024Z,ce2177c7-faba-46c1-b667-5464c1abb9c2
1885,,,,,15069225.02,609559.78,13830000.89,2026-05-17T00:00:00.000Z,,2350354.00,df71e26584a19f1593159eef86fc337db9475b1d,2026-09-29T13:30:22.024Z,5c61c642-a905-4a51-95a3-6aa322407c68
2468,,,,,,,,,,,dd746f1df9c74039e1b74ec331f121113e5d1f6b,2026-08-18T14:38:03.602Z,1be1b26f-c4ed-4160-9383-bb919c18d2a4
2469,,,,,,,,,,,5e48d2a4b47a8c90c14841d6efc07cf618996d7a,2026-08-18T14:38:03.602Z,4e0877c7-54d7-4dcd-8be5-71dff9b342a1
1886,,,,,874502.99,494573.42,365872.61,2026-05-17T00:00:00.000Z,,186548.00,1ab9c7e0e87fdf6bc9715b4f6c7fbb59ea34560a,2026-09-29T13:30:22.024Z,d4216855-75da-4f8e-b241-bbb1ac7ce154
1887,,,,,49059867.72,10667443.86,37848913.93,2026-05-17T00:00:00.000Z,,9243656.00,9871382493fb51099d211747cb0156d30afca862,2026-09-29T13:30:22.024Z,7e05fcfa-66b5-4d64-a095-8bacbc305388
1888,,,,,6758605.82,2873721.74,3526341.04,2026-05-17T00:00:00.000Z,,1046453.30,adf04620bfbcff9dc634b630bcf42525ed5e0544,2026-09-29T13:30:22.024Z,2a57a71f-f8d8-4bab-91bc-36a74bc56588
1889,,,,,14025375.64,13675672.08,349703.56,2026-05-17T00:00:00.000Z,,2004623.00,fafbeb2c3358d66d8f866bae6b7e24d731006a18,2026-09-29T13:30:22.024Z,b91ac179-4305-442e-82a9-1c546cfccfcc
1890,,,,,7638439.83,5962927.88,1647693.95,2026-05-17T00:00:00.000Z,,0.00,92183f05b791dedc119f7613fe4eeac6a7c93977,2026-09-29T13:30:22.024Z,bd9463ea-da05-4a6b-8518-66dfed132de7
2500,,,,,,,,,,,ce5203baaed48c39da3d49f296cf1ba4c3f78b4c,2026-08-18T14:38:03.602Z,fb163d6e-8d19-4548-ac3e-25975bc36223
2501,,,,,,,,,,,5e59fd743262c423489f051df0e828b4462e776d,2026-08-18T14:38:03.602Z,7018f844-b433-42e4-aef5-65312be33c06
2502,,,,,,,,,,,9c11bc67edf7d335452509f21dd7248cbb34b252,2026-08-18T14:38:03.602Z,c14df48d-5112-4cc5-8b4e-2b1d14834a45
2503,,,,,,,,,,,63a8425d03bf7f87a566b1130dda518a6892c802,2026-08-18T14:38:03.602Z,3105a9c7-cfe2-42a6-8cbc-225657f4c096
2504,,,,,,,,,,,e2c2f14a5200530ac14b7a3c8496cfe899fdc8fb,2026-08-18T14:38:03.602Z,84d918e4-ac75-4a23-8dbf-25d61ab54e1a
2505,,,,,,,,,,,7b5e128e190a47c961121d88d6e6de0482d6d756,2026-08-18T14:38:03.602Z,47709097-9299-4a70-abf1-b2e4413020c4
2506,,,,,,,,,,,74e23db9fb0b6ff2a74ed6dbf561c5d2eadcc3c3,2026-08-18T14:38:03.602Z,0fb069ef-410f-4d73-bea2-f3db52c950a2
2507,,,,,,,,,,,e50665d873c88e391552a053af3552af2112f798,2026-08-18T14:38:03.602Z,7d8f1270-2d3c-4338-be15-15d88bc106ee
1891,,,,,5295215.58,2994439.09,2296845.57,2026-05-17T00:00:00.000Z,,224743.00,234b1f9970d20b4ea568bc2ad25e774230c9632b,2026-09-29T13:30:22.024Z,7354e4e1-c781-4782-ac03-cfebd209b0cb
1892,,,,,6841093.22,3508574.92,3330433.20,2026-05-17T00:00:00.000Z,,894520.00,7ea0e7c3335f842099015c5b9639f9ad95596650,2026-09-29T13:30:22.024Z,f377e55d-72ed-49a4-9c6b-9397a62dd570
2512,,,,,,,,,,,e250d02d38e821d0fbf9f60d3ce1f8f218f044ff,2026-08-18T14:38:03.602Z,56582d66-8a92-45df-ad40-b2682ef766bd
2521,,,,,,,,,,,f4e16ad3f1a8597ed567bcb80ff524f63e39c062,2026-08-18T14:38:03.602Z,7caf5bad-7c3e-4f03-b19d-20988c25834d
1896,,,,,9201061.54,7699691.39,1449413.90,2026-05-17T00:00:00.000Z,,208855.00,7a9bfa1aa26d8e87cb462db7670d85f3a8517f0c,2026-09-29T13:30:22.024Z,75f1b93d-0938-4825-8b4a-7190d178bebd
1898,,,,,44167865.22,43098114.71,472495.05,2026-05-17T00:00:00.000Z,,4954255.00,ad095fb094bb5cb8aa02f252b281354c1b48f48e,2026-09-29T13:30:22.024Z,b0cd02ee-f0d5-4f8e-a8b7-48d333520e68
1899,,,,,87911844.27,68534479.64,16630163.72,2026-05-17T00:00:00.000Z,,14575777.00,5f5cd79fdadff16d78f8f8cb79dea721f4515b88,2026-09-29T13:30:22.024Z,392c7894-d797-4802-8b8a-9ab9472078e6
1900,,,,,12721044.70,3924565.83,8451254.62,2026-05-17T00:00:00.000Z,,1807555.00,0e17518eaefaaa5032d418af72f83609645026f4,2026-09-29T13:30:22.024Z,c1c430fb-79b1-45c6-a075-e95419734f76
1901,,,,,26651652.74,2688684.29,23791745.30,2026-05-17T00:00:00.000Z,,2836942.00,213373bf14f6fcb2a63996eb4489dccf16015873,2026-09-29T13:30:22.024Z,753a5c5b-8efe-468b-9be5-d856397a6e1c
1902,,,,,3112391.72,84434.32,2980646.75,2026-05-17T00:00:00.000Z,,23471.00,718f9e0db8c92f0c2ec20935c11c174b5ed48d34,2026-09-29T13:30:22.024Z,12b8a3f1-861b-4596-b96b-b860890fd018
1903,,,,,3302658.43,3195592.70,108699.81,2026-05-17T00:00:00.000Z,,372956.00,f08f87e6f51c2749f7ab6ebcad60150058abc459,2026-09-29T13:30:22.024Z,9d231dc3-e573-46ce-b2c8-5492b757962d
1905,,,,,27888157.43,22477506.98,4595584.54,2026-05-17T00:00:00.000Z,,3401021.00,2e1c62bf054bb043476764c447301f511c351a95,2026-09-29T13:30:22.024Z,c5400f4a-4d2a-4e21-8be8-0c1b3d160d9b
1907,,,,,19679317.40,2022028.66,15871712.34,2026-05-17T00:00:00.000Z,,58901.00,71f922b6f0dc50d75992da67e972d8813a9c2d02,2026-09-29T13:30:22.024Z,1a2da618-cc4b-47b4-884d-beb76ca15ab0
2556,,,,,,,,,,,d0ec2e20c3ee5897cd360c7cf288625420db6bdc,2026-08-18T14:38:03.602Z,51f17df3-6d68-497a-84f4-664fdcbdd0ba
2557,,,,,,,,,,,18f83201743a29048b43fde4e8ca15388beca2f9,2026-08-18T14:38:03.602Z,61ec888c-85d0-4a6d-963f-0ee775beec9d
1910,,,,,59386940.85,55541372.77,3798837.29,2026-05-17T00:00:00.000Z,,5042587.00,5e6d8e5feb4c2d6733dfe265588817a1f40a38b7,2026-09-29T13:30:22.024Z,de62b414-0e0d-4007-974e-a28ecc594e92
1911,,,,,26687516.62,2482997.77,22948703.39,2026-05-17T00:00:00.000Z,,2477129.75,ba017ac6b3350584b414c76f1c209c1d844fbb6d,2026-09-29T13:30:22.024Z,9aabc284-378b-4128-b5e5-b956e4aaf9a5
1913,,,,,2489369.98,405170.18,2081702.18,2026-05-17T00:00:00.000Z,,402888.00,a9608a1801cca384f0cb14f6eb9f894ad73fcea8,2026-09-29T13:30:22.024Z,5e0bbf78-8406-4872-891d-c9121aef7b6d
2577,,,,,,,,,,,8a9de5cfbe851bab9c820368024965a346721697,2026-08-18T14:38:03.602Z,4f55a2fa-11ed-48f5-99fb-23bff60c3d88
2591,,,,,,,,,,,f02b1fcc39ee0c5cb5064d2e80670e1a24690716,2026-08-18T14:38:03.602Z,1a98ba04-3ed9-42a4-adee-617c01e0dc16
2593,,,,,,,,,,,d71979103b72ad446e687a986335d6e245a1f0f0,2026-08-18T14:38:03.602Z,e12f6a30-830f-4d8f-a89c-321d90ef57d7
2596,,,,,,,,,,,e73c00ecc89c4db454044c3c720eb5805ae0a31f,2026-08-18T14:38:03.602Z,309a099d-9f33-4b0c-8e47-a72c356586fd
2597,,,,,,,,,,,0111ddd07d38aa6b3e6fe96f5203c8a0da62b590,2026-08-18T14:38:03.602Z,8aa85707-a93f-4746-926e-43ab8886dc73
2598,,,,,,,,,,,bb9807f7672672cd664c4279e5fb7f1c8117feb3,2026-08-18T14:38:03.602Z,6e02fddc-7cd5-44c4-b267-8fa3af3f85f9
2599,,,,,,,,,,,ca3979ed0fa60dfc2715e14d7ffc556aa743bb63,2026-08-18T14:38:03.602Z,4c6cc93e-abda-4690-b194-1c0acf55e522
2601,,,,,,,,,,,ac6e5ae49dce6df6b43ed30943dea41e028ba6ae,2026-08-18T14:38:03.602Z,53950da2-84e3-4f7c-960d-618b7fcce4aa
2602,,,,,,,,,,,2c3d05924db919d13b257bf5b38e18071ac777e9,2026-08-18T14:38:03.602Z,70557c9c-3506-4012-b842-6a706ca29792
2603,,,,,,,,,,,6465076a738712ffedecd7148ada63520761d80b,2026-08-18T14:38:03.602Z,2ce46517-5308-40e5-ad9f-56b068288d9c
2604,,,,,,,,,,,0e306feb80b4942716dc14dddc18daca358d00b6,2026-08-18T14:38:03.602Z,44e5f379-701e-4f4e-890c-606515255ee5
2605,,,,,,,,,,,cf0a8d6b8a3e053e660d5dec276404b21c14d210,2026-08-18T14:38:03.602Z,8cd159e9-9687-4c90-b980-ac9176d5f9d7
2606,,,,,,,,,,,dfe92fe689c538e265d6d018b9f762201c0ce7be,2026-08-18T14:38:03.602Z,0b4ce09c-247c-48ec-88a6-9f2434f94cb1
2607,,,,,,,,,,,e30fb54b2ef922b3f551b322365c833dae91e1bb,2026-08-18T14:38:03.602Z,8f779b66-a619-436c-a986-bf3f59c37246
2608,,,,,,,,,,,7fc8870294d317b5ada01200915ce6068083a272,2026-08-18T14:38:03.602Z,b3d4d954-a335-42fb-9411-8272a3241f8d
2609,,,,,,,,,,,df6d2ba9e52fc3c38206f02291bc03cf64b55c9b,2026-08-18T14:38:03.602Z,c865c647-7df4-4c27-95a7-e39a1465bb39
2610,,,,,,,,,,,4767b40d6de994086f14007fc848cc298113f2d2,2026-08-18T14:38:03.602Z,a9893281-1d7e-4d84-a820-e7f944540028
2611,,,,,,,,,,,a086d6228e82b230d65a7889c4be6c0a70d0db10,2026-08-18T14:38:03.602Z,25f124b2-72b0-449f-bf6b-e86c4953acb1
2612,,,,,,,,,,,8c45f6ac0a7282e83ad29e7a1718f8dca772e535,2026-08-18T14:38:03.602Z,37a139ef-7fed-466b-a3a1-544b373c5cc7
2614,,,,,,,,,,,273459e2d0d695992fd9285d5b9e20ebbe2196f4,2026-08-18T14:38:03.602Z,1ae9193d-fe03-42ce-a088-a6aef1c02a3f
2615,,,,,,,,,,,8a7c7373d8cd3cdaf5c4505ec90c6fc4b7d09d1e,2026-08-18T14:38:03.602Z,672c16e9-8f65-4d22-9328-eff29fc16229
2616,,,,,,,,,,,18a2bd5a4e433668cc306edd15fd2ffb248adf22,2026-08-18T14:38:03.602Z,32d49eb1-3d47-45f5-b7fe-bc5903260802
2617,,,,,,,,,,,df6ac176804f3f0be4c0558c3a91f6688bfc6364,2026-08-18T14:38:03.602Z,aa05d08c-e802-4883-98c9-3a684f79372b
2618,,,,,,,,,,,08abb1e90b4de6954bdb29a8d62efdbc6b6a4b37,2026-08-18T14:38:03.602Z,e9035368-7180-4dd2-9795-19e0a5523b62
2619,,,,,,,,,,,a4adfef74216893802207ac30d7deaa437e07e22,2026-08-18T14:38:03.602Z,eb92c4a5-ce89-4fb6-ac9e-8b99f67da034
2620,,,,,,,,,,,653e36b8d711c02b0588641563804b80b103d81b,2026-08-18T14:38:03.602Z,b6c7c7fc-04c7-40dd-80c4-38df15c49c00
2621,,,,,,,,,,,66a5c58e16ebdf3ce60d04a1ba3974da727e469e,2026-08-18T14:38:03.602Z,3d4b40f8-728c-4135-ba3a-f2f1e6cb1f3b
2622,,,,,,,,,,,670b1aea406d893b81086684da266bbf4e12972f,2026-08-18T14:38:03.602Z,d4e3b904-0b6e-44c5-8a81-4a7d19d885f8
2623,,,,,,,,,,,07e8f960edc8f90e1fa1965e66c2546df1f440d9,2026-08-18T14:38:03.602Z,37cbd3f9-f58f-4c29-baf7-8290fea4a75e
2624,,,,,,,,,,,82cbbbfc9f9034f69e67cfe2b46488c33a73bea1,2026-08-18T14:38:03.602Z,3e209982-683d-4e65-9523-d65b1d8cacd9
2625,,,,,,,,,,,9fbef01cbd6cf16c86ec3c28841c9e7dc4708600,2026-08-18T14:38:03.602Z,a1ed7d2b-15ca-45ad-85a1-e6225401f6ad
2626,,,,,,,,,,,20dc1b58c1e2ec68b4b2469c52fc03e5b2025f81,2026-08-18T14:38:03.602Z,c5ec260c-79e2-4633-8f87-1f68575e38d9
2627,,,,,,,,,,,c1d1da0e40964823d10cbe5c91f227031c8fe657,2026-08-18T14:38:03.602Z,6dc7ce9d-b6cf-41d0-888e-a8cd2fc4a307
2628,,,,,,,,,,,f9f7f4c7ef73a54092daa3f36e3fffc138642eae,2026-08-18T14:38:03.602Z,41fff919-1097-4c54-a6e5-3b8d26d7d8ae
2629,,,,,,,,,,,be00ca0d02c70820401f2f412fce022d1222d0c7,2026-08-18T14:38:03.602Z,a0380ddc-63c4-4a87-a422-a1342cbdcd0d
2630,,,,,,,,,,,9da556664632e0c2a721c3c079b340e7ed423036,2026-08-18T14:38:03.602Z,72d78774-f1dc-4d41-a02c-c6391509d1a3
2632,,,,,,,,,,,5892728532a8f094bcee24d2a1dae23bb02027bd,2026-08-18T14:38:03.602Z,4b77a919-1e35-4305-b131-bd4ec868d314
2637,,,,,,,,,,,981cae6dd1b984a2266ee16713684d336ad8fb6a,2026-08-18T14:38:03.602Z,4bd981b6-d10f-464e-b541-0e0e70f23c68
2695,,,,,,,,,,,bd70688dca55c879410822048dec7de961b35c30,2026-08-18T14:38:03.602Z,d457cb02-c081-4c22-8b30-ba61dc2b2476
2709,,,,,,,,,,,3ed751fa46745e228e3464e09114d750bbf0a7db,2026-08-18T14:38:03.602Z,31796b19-b1bc-4197-a125-23bce313b073
2730,,,,,,,,,,,65d244844878d72c73d4ee31b5c56ba9ede21caf,2026-08-18T14:38:03.602Z,5b7a46c1-2f4e-4ee7-90a8-d1daa470ab7b
2732,,,,,,,,,,,21f7d5f792c0bcf7d53b4fe2b55d4362d3c4c51d,2026-08-18T14:38:03.602Z,204eec4d-41b8-4216-aa7d-9dd8a4a172a1
2733,,,,,,,,,,,45b9ba95e18c0ee40209392025a240fdb3908cdc,2026-08-18T14:38:03.602Z,5f258b58-e2c3-41fb-a979-5ccbe4974d72
2734,,,,,,,,,,,4cd4b06563eb5d0d80bba3e137847f83fd948230,2026-08-18T14:38:03.602Z,e669966c-f3ec-418f-b74f-8055f6fc6a4e
2735,,,,,,,,,,,a8ebb6386278767e5159a42ffbcdedb268cd4381,2026-08-18T14:38:03.602Z,81d08f43-fa5a-45c6-a825-ab94bf636e48
2736,,,,,,,,,,,3642329b37b5dbd708651d27abe477b81267cff4,2026-08-18T14:38:03.602Z,a652c1bf-c0ad-4772-b8be-cc0f8a4b03a2
2737,,,,,,,,,,,688424e2d5b453783426411e2304ec3ed06a24dc,2026-08-18T14:38:03.602Z,92d70317-5943-4333-ab82-d6026664683c
2738,,,,,,,,,,,de326e732888d8bf47b93be1767adc5cba57ca36,2026-08-18T14:38:03.602Z,829abfd3-07e7-4b1d-b989-766abc489cdc
2739,,,,,,,,,,,753b954df0fc961b4391f11bba8c4ea9ec792c49,2026-08-18T14:38:03.602Z,25b4d57e-2c03-46a4-ae6d-5ad2408afd45
2760,,,,,,,,,,,c5fca3a897ff4e98ae3111cfba0212bc716d77f2,2026-08-18T14:38:03.602Z,ed3618f5-7776-477e-b4d3-7e162ae31344
2775,,,,,,,,,,,05f1f5c41e6f1b0de26b523ada28db40a3259667,2026-08-18T14:38:03.602Z,ebfb378d-733a-489d-8737-ffd061af162c
2780,,,,,,,,,,,bca78f4846a05da49e93c3f782683e8a41cc2429,2026-08-18T14:38:03.602Z,8c018760-eb20-42e7-ac34-126ef081c4ea
2781,,,,,,,,,,,1344c5e935b4cfc8dbdc07ebacd840d51c5dbd55,2026-08-18T14:38:03.602Z,bb722bb2-97dc-487b-82e7-7b9145639fdf
2782,,,,,,,,,,,1aa973bdbcc60997ff1eefe7978e1b2e1f249bb1,2026-08-18T14:38:03.602Z,74821a2e-828d-4997-8d24-9d32692341cb
2790,,,,,,,,,,,fdecc0b73b966c71a58fb8291e37ed9e8b8b8eea,2026-08-18T14:38:03.602Z,ba044e6e-c574-4193-b5bf-7cba042a3dae
2791,,,,,,,,,,,389e829d43aa140ac3997d3d447fcdf816848753,2026-08-18T14:38:03.602Z,9c23cb99-75de-47db-b554-9ea28db81905
2793,,,,,,,,,,,53ca696c8846818eb0b6a25837d4152dedac64c9,2026-08-18T14:38:03.602Z,dd8c96ec-40d8-42b8-9a4e-9e5bdd000ac1
2831,,,,,,,,,,,5bc41afdadb43cd026985d2ada61d836bc355a47,2026-08-18T14:38:03.602Z,0819af0e-d055-4e8d-9913-c4f43ffa86be
2840,,,,,,,,,,,84428af475edef4877dd225cb837ed5389904099,2026-08-18T14:38:03.602Z,742cda22-b990-4415-8b6c-986a609e7ce8
2856,,,,,,,,,,,14738133d07cc3dbbe975b22da2989301ca70607,2026-08-18T14:38:03.602Z,b2b7d9f6-185e-4f91-90a3-15ca68f460ea
2860,,,,,,,,,,,26aa68317b33c3d323c870815a8c8da74414b2ae,2026-08-18T14:38:03.602Z,1f686234-b9a5-47a4-86e5-69090373fad6
2861,,,,,,,,,,,dee1cdff3b6a39c9da7719a712bc824e6dc2cdc5,2026-08-18T14:38:03.602Z,1284d24a-89b8-44ad-9668-3c9e0d417d8c
2862,,,,,,,,,,,8e5b3d295513fb2752d1189c380b6e25e5c25626,2026-08-18T14:38:03.602Z,cb0e247e-bd7e-4b59-b0c8-098e72a87264
2863,,,,,,,,,,,c53d621fe4ed9c03b689a7500f62963ad9d49d28,2026-08-18T14:38:03.602Z,1ff7c634-b067-41e8-9686-05a8c8752376
2864,,,,,,,,,,,11aec59afe5de246ef80a7fb9ae39f47cac93b13,2026-08-18T14:38:03.602Z,c187945a-d077-499a-98ef-dcad913a34e1
2865,,,,,,,,,,,b9c08c36ce40de514dc75d95c5864bf6b827d297,2026-08-18T14:38:03.602Z,bf10cc86-8e50-48cd-ba2d-40bddfac7637
2878,,,,,,,,,,,01f090e67415e98b67b4e3638aa731c0e7564d60,2026-08-18T14:38:03.602Z,36fedcd2-4197-4204-abf9-3a488f5c323b
2893,,,,,,,,,,,b248e619f646215e59e49bddc8dfa9160a0a8ec9,2026-08-18T14:38:03.602Z,56f99c33-f5cd-44b8-ad47-98543b98b70b
2895,,,,,,,,,,,98aa545ebdc2a18744c53b85ea12466f513cc6a0,2026-08-18T14:38:03.602Z,6752f665-4147-408f-ad5b-52b8d64b5681
2900,,,,,,,,,,,6a61c427256ea693612a8a56b1b2d01c0333d5a6,2026-08-18T14:38:03.602Z,b0692243-d62a-46c7-bd9d-c9960571848c
2975,,,,,,,,,,,a0246241f684f5bba7dee8657d3fe8c47a59efa7,2026-08-18T14:38:03.602Z,8c63a4e2-35e4-41cc-86ab-8409cfc93946
3080,,,,,,,,,,,26243890908131de397bca6e3d170edcec434a10,2026-08-18T14:38:03.602Z,896ee20d-41e0-4833-879f-a32e4657022e
3094,,,,,,,,,,,c71881328a87c4b0d47a7dc2ed8e4f9002e9ac53,2026-08-18T14:38:03.602Z,92ca593c-cfd4-452d-9f14-0d7c82cdbaf9
3095,,,,,,,,,,,8edc31b9be87c3a2e1c5459dd7df86501f561f56,2026-08-18T14:38:03.602Z,89ec7efe-9935-4f77-b720-f78e57f9b0ee
3096,,,,,,,,,,,a41a7071da7f1723028ba63f0349717822c492e1,2026-08-18T14:38:03.602Z,9282d1d2-6003-461e-a919-693731880bf8
3097,,,,,,,,,,,405cec177f43b090b1ba555b1f7e5426879b8301,2026-08-18T14:38:03.602Z,8c89777d-74ac-4ddf-9cfb-21d774a60a4c
3099,,,,,,,,,,,5f58968f7bab09d8b8f29c63a7caba7e908f9e71,2026-08-18T14:38:03.602Z,20556485-1f6c-4fd1-9b54-f09b9868f9bb
3100,,,,,,,,,,,ab76c6dabf3d3baac15087cb5b81e8d224d0bfbc,2026-08-18T14:38:03.602Z,6b5b5b66-b2aa-43e6-83fb-f2139d43f6cf
3101,,,,,,,,,,,bdbd165da2020cbce9192c27b60014a4ffe9cbeb,2026-08-18T14:38:03.602Z,198e1e6a-99a5-4115-8478-1500b52d2017
3102,,,,,,,,,,,695f5c29ad66b6a669365572f0b014d4fe92d6da,2026-08-18T14:38:03.602Z,b3389183-5fac-4e8c-a3f6-873db28dfb96
3103,,,,,,,,,,,670a8112d8badcddd601da813aa3f5c868f7a0c5,2026-08-18T14:38:03.602Z,8b34a117-8852-4181-ac8a-0fd5f9851723
3104,,,,,,,,,,,2157c3144ce74530d7e244cd014870e90186c2a5,2026-08-18T14:38:03.602Z,f0f06465-e5ce-48aa-86a6-89f1a0163dee
3105,,,,,,,,,,,5013fe15bf1be60e7a4e35399aff5aaa84a78a4e,2026-08-18T14:38:03.602Z,4e1c9dd1-ba55-4b54-a942-891c5ffadedf
3106,,,,,,,,,,,df56282a24a682a430b8d0fbd455bd8a45684d6c,2026-08-18T14:38:03.602Z,05032069-c242-4840-ad6a-489b4cd31fde
3107,,,,,,,,,,,e8e89daebdeef42b3e08a3f64957a502020ad256,2026-08-18T14:38:03.602Z,dce74097-4d57-41dc-ba39-7e28fa82e6d7
3108,,,,,,,,,,,95190142800b61d95214789f51d752840a80b08e,2026-08-18T14:38:03.602Z,14d100b3-8112-4405-a770-e5dc1c363641
3109,,,,,,,,,,,30509ea8f18765c0da3082096f06e243b178b73a,2026-08-18T14:38:03.602Z,a575c7ca-c644-4576-a8ef-2f8e9ace6392
3110,,,,,,,,,,,c66f84ff7f23006dca99f933a237aeede606226d,2026-08-18T14:38:03.602Z,231e7afc-9c6f-480f-969e-c659236b853c
3111,,,,,,,,,,,9a99dc9ea22cc73f4377b192480cfe04c3192a0f,2026-08-18T14:38:03.602Z,57bded97-3535-4e4e-9321-7359aca12dfe
3112,,,,,,,,,,,54d09403718e287d46c2fb8534dd7ff1cf7f1a1a,2026-08-18T14:38:03.602Z,2463894e-c13f-429f-8a0c-60a0ba59630d
3114,,,,,,,,,,,5070231a6c357239644200880f566fa21dfceff0,2026-08-18T14:38:03.602Z,970e41b5-9e36-4803-ab80-6af693b4a893
3115,,,,,,,,,,,bc9dfa2645d582958521e39bd3cc17ae26892b5f,2026-08-18T14:38:03.602Z,139dd305-ba9f-4b94-9ce8-8668b88c1729
3116,,,,,,,,,,,aa4e30f2f298b3f6df633eac4f6920a29cd9469c,2026-08-18T14:38:03.602Z,f77736b8-4fc2-4f03-81b5-4fe56bca4af2
3117,,,,,,,,,,,a3f22708b600f44b9928d77b16dcb96a7643bd4c,2026-08-18T14:38:03.602Z,be94fafa-7015-4936-91b4-993bbb887309
3118,,,,,,,,,,,2e8f80dc0fb7e6169856b7de90d98f1d6003997d,2026-08-18T14:38:03.602Z,8095a120-ba91-4920-bef6-ebb82388816f
3120,,,,,,,,,,,d91a7863cb89f8a6227c8af233cba9a39377ca50,2026-08-18T14:38:03.602Z,f484c0d0-2b81-4602-a329-8302a70d25ce
3123,,,,,,,,,,,00df665f5fe48bf3d84167785249020fadfe246f,2026-08-18T14:38:03.602Z,0fbe6877-05bd-4225-85c0-b50c39026d1d
3126,,,,,,,,,,,a7aab2290f1dad702e134d639b3d38748b92532b,2026-08-18T14:38:03.602Z,abe4527f-bf09-4239-8c1b-e4215ed07f6d
3127,,,,,,,,,,,65c81bc1c92e4e3e5180ea08a19f606b6b2cf2cd,2026-08-18T14:38:03.602Z,161e71eb-e0ae-40d1-829a-132afc29567b
3131,,,,,,,,,,,d2713103917d8fbd24424483c4b2c569c48d7b04,2026-08-18T14:38:03.602Z,c857e742-1f05-4921-a7c0-3e7302de424f
3132,,,,,,,,,,,a9b1a0e56ae91b48d4d4b3d044f3f4652ed460e7,2026-08-18T14:38:03.602Z,ac86f372-e5e4-40b4-8111-b8614a555806
3133,,,,,,,,,,,c6a581e3933e44c79e70172eb854c25a7c2e4592,2026-08-18T14:38:03.602Z,18759ba4-10c6-4954-a4e5-09273ed7f66c
3401,,,,,,,,,,,6efb7d700b5898c0d900a7c1b443a6297cb5e8bb,2026-08-18T14:38:03.602Z,f97305f9-8068-48a4-86a4-b9c0ef6400ae
3403,,,,,,,,,,,17785f1149f34b982101e982e2e90a7818256ab0,2026-08-18T14:38:03.602Z,98d22c72-c33e-4d80-96b9-31bb63d175aa
3404,,,,,,,,,,,297be36a0ca32bbb9e35247726b236971c31cc9c,2026-08-18T14:38:03.602Z,9e87ef69-d0a9-4284-a07f-132a9b4494ca
3405,,,,,,,,,,,8d84bd69b4f4b2ca3a7a4b6fd0a3c8e92c1fb8fd,2026-08-18T14:38:03.602Z,ba83e50f-c857-46a5-ae61-033cede4ccdf
3406,,,,,,,,,,,75c1e21872dcee0abeef91764dcf312af25c872f,2026-08-18T14:38:03.602Z,99163b74-b362-42f8-8bab-e8d40a3b52b5
3506,,,,,,,,,,,d7bb35ebcf6c6a20d0bb99c14a62ca405ea911f3,2026-08-18T14:38:03.602Z,ba06483c-a919-4a1c-a969-beb81d5c2441
3526,,,,,,,,,,,92b2dbf5cdd88bbdad309776918d330fe4af7841,2026-08-18T14:38:03.602Z,316c2f37-1547-43e1-a797-8e476a21b1ac
1914,,,,,1862942.69,332136.52,1524356.34,2026-05-17T00:00:00.000Z,,418576.00,d5b4cf3e1ca1c8f931538f6ff3f3e5662401808a,2026-09-29T13:30:22.024Z,fbfe0209-2c78-4c09-9b3b-f44b80f57b3b
1915,,,,,21471902.31,6370181.00,14744189.22,2026-05-17T00:00:00.000Z,,2780704.00,4a858aef7ca3616419869dea85bf5e9c4adfdbf0,2026-09-29T13:30:22.024Z,f45a9004-733b-4942-b14e-ed7428609dc8
1919,,,,,4712458.08,198341.92,4360395.62,2026-05-17T00:00:00.000Z,,434136.00,ebcd473b536248732cbe34972b740357962fc6ce,2026-09-29T13:30:22.024Z,a12fd37e-13ab-4676-88f5-ca211cdca9b9
1920,,,,,1258988.51,138347.12,1120246.78,2026-05-17T00:00:00.000Z,,155861.00,eefa9a560e41b7a12e3284045f3fe91aea967ee6,2026-09-29T13:30:22.024Z,a2c1a329-e510-466d-98ff-6a61db232f26
1921,,,,,13066488.27,4017683.47,8638358.27,2026-05-17T00:00:00.000Z,,2374487.00,9a8d2237f6b05b63b458aa6c526fc4ac1203d77e,2026-09-29T13:30:22.024Z,76c81d99-ea31-4a13-ab94-d0a099f5bbcd
1922,,,,,12373472.43,3014643.17,9358799.27,2026-05-17T00:00:00.000Z,,3963820.89,45645aa385e80e9311969af0026cd8b2d7604c0f,2026-09-29T13:30:22.024Z,88e452d3-8606-4a4f-b642-03c58660c3d4
1923,,,,,3004023.04,1728655.15,1245722.67,2026-05-17T00:00:00.000Z,,64912.00,e2b835450841bfd39eff10acfe0a6b9dc4d4c2c8,2026-09-29T13:30:22.024Z,921d1b96-3c6a-49d5-964f-a7fd4114789d
1924,,,,,49895769.12,2567255.04,46847840.15,2026-05-17T00:00:00.000Z,,1234417.00,f508d04a364113d6bf3856bd629764d0d60e162c,2026-09-29T13:30:22.024Z,570d8ffe-da0c-4d0b-9948-79826adcd3fc
1926,,,,,3383812.10,254006.00,3015914.10,2026-05-17T00:00:00.000Z,,541078.83,9dc816a53a255a5a522d3086377fc2f04d83de18,2026-09-29T13:30:22.024Z,e4e4461e-3015-4169-91a4-03c5d961f215
1927,,,,,2515039.14,127028.91,2185224.33,2026-05-17T00:00:00.000Z,,223662.00,1f3b1d71ab2594f7f7f37428e8512fcdb02d29bd,2026-09-29T13:30:22.024Z,368261b0-099b-4d85-83f3-d5f1044bdd00
1928,,,,,3008481.95,263431.93,2608541.86,2026-05-17T00:00:00.000Z,,2454493.00,d675fd9e9a7037cefb52e96c1f8a78c10607861e,2026-09-29T13:30:22.024Z,e41af012-af05-4623-b0d8-f010eaa652db
1929,,,,,666648.61,50947.14,609797.68,2026-05-17T00:00:00.000Z,,112780.00,0909769e8a9e7433b619698dcd1a4eef429a12e0,2026-09-29T13:30:22.024Z,3f22cf5a-1869-4974-a779-dc89348c136d
3645,,,,,,,,,,,17eb8cf20ffda3746029ec0d74f58e2fbae3b3d4,2026-04-15T18:22:09.483Z,51b74836-24fc-47e1-bb9a-5c1b9d928699
3644,,,,,,,,,,,6cb6478c922f125064b9ea277554f828b1d6ddf5,2026-04-15T18:22:09.483Z,116f1ae6-10c0-4e0c-aaf2-2bbc3ebf0c27
1932,,,,,7384658.93,680938.70,6227277.36,2026-05-17T00:00:00.000Z,,990370.00,6197fb14bb5efb9ff572ed0c44824a2d937b2783,2026-09-29T13:30:22.024Z,c897eab1-2338-411e-9a4a-9f2749417545
3643,,,,,,,,,,,081a312de8b8f3ce763dca6f817df140cf751d44,2026-04-15T18:22:09.483Z,7a0348d4-5050-43dc-acc0-519bfa9924d9
1934,,,,,17420782.76,3106922.99,13924511.99,2026-05-17T00:00:00.000Z,,1579035.00,49502f4a7f38df9e3f64d24ad1e4016d3c833404,2026-09-29T13:30:22.024Z,f1c58f70-085b-427c-b129-8b2165a250e7
1936,,,,,11968744.67,1263643.96,10289627.97,2026-05-17T00:00:00.000Z,,209530.00,7797e69b38fee53c9e109dc03d5b530bd41f41ee,2026-09-29T13:30:22.024Z,b1ca5b8b-947d-44a2-90a7-00d8f8028a88
1937,,,,,3950567.97,69335.05,3833296.08,2026-05-17T00:00:00.000Z,,537972.00,7c2704fbc87167e5376c74491f0ca3f7a414b54a,2026-09-29T13:30:22.024Z,e7457ed6-4ef0-4dd2-958c-65ba872496f7
1938,,,,,3144150.10,484015.16,2619203.82,2026-05-17T00:00:00.000Z,,135660.00,a88dcad84b2b53090b04d3ec1db6dfaa6b494496,2026-09-29T13:30:22.024Z,cbac4588-5ef3-4c27-94fe-5bc1e2ebb76d
1939,,,,,908945.77,623399.76,270882.07,2026-05-17T00:00:00.000Z,,182310.00,c5791f557a3904d5f6bfd048f5d71df4b62b0782,2026-09-29T13:30:22.024Z,1d464af8-3078-4996-88f2-2f498e4bdb7c
1940,,,,,6363902.22,3177980.28,3084920.67,2026-05-17T00:00:00.000Z,,1141916.00,0e99a5ffe75fa6a6e2b3c77a159707ce2fb2f1b5,2026-09-29T13:30:22.024Z,6ba73d0c-2683-44a2-a083-6f90b5aae171
1941,,,,,25063204.23,4190685.38,20047784.71,2026-05-17T00:00:00.000Z,,996035.00,91cae429c798c20671b808f536595e0f9fbf3042,2026-09-29T13:30:22.024Z,6d398411-4b50-46b9-8d91-9685197cd8d4
1943,,,,,22213776.98,11536454.74,10267899.58,2026-05-17T00:00:00.000Z,,974818.00,3a4417eef827b608040dc1a8a3c07ce3a6c8987c,2026-09-29T13:30:22.024Z,54b60f8a-32ea-44b2-b0a6-59852b19b804
1944,,,,,4019463.94,450201.75,3507506.82,2026-05-17T00:00:00.000Z,,648546.00,ff6219921fd765b378b3ab547a4d159cce9d50ba,2026-09-29T13:30:22.024Z,960ba346-aa24-4771-911f-0f0b868baa4b
1945,,,,,2138551.99,65844.71,2064752.98,2026-05-17T00:00:00.000Z,,14946.00,268293db5ca803012fb71991b33671792a40ff1c,2026-09-29T13:30:22.024Z,09bdfb68-c002-48f0-9562-a819b2e88ebe
1946,,,,,17541820.75,444762.01,16504549.00,2026-05-17T00:00:00.000Z,,288278.00,747907d4f17a17c1b262b6c9488c940198ae31fb,2026-09-29T13:30:22.024Z,6dbe2791-c269-4922-8c59-8350d0168c58
1947,,,,,1079972.79,78585.54,981395.83,2026-05-17T00:00:00.000Z,,173937.00,a35f3e199165c2a86c4a65090c6dbc761fd09296,2026-09-29T13:30:22.024Z,8c27652c-843e-4286-9590-331b70bac3d7
1948,,,,,100179.04,25067.66,70889.03,2026-05-17T00:00:00.000Z,,242102.00,7d128ca13cf38c86514e819a38312396ac262afa,2026-09-29T13:30:22.024Z,56eab28a-f8f0-4a75-a3a5-b223011f7f79
1949,,,,,837036.96,139605.49,630147.47,2026-05-17T00:00:00.000Z,,156373.00,a4e0039faa8c58af73cf6c3a3e267b88159a5c1d,2026-09-29T13:30:22.024Z,3de113de-6e6b-4671-883c-fcc991e9cd8a
1950,,,,,574530.98,68111.93,506419.05,2026-05-17T00:00:00.000Z,,74844.00,f17dd8e65029d7e526fe00b5d8d6a26da5b1dfc3,2026-09-29T13:30:22.024Z,466ebd65-6ee1-46a8-97c1-8de01aba6516
1951,,,,,1555019.55,1127995.20,398819.52,2026-05-17T00:00:00.000Z,,148960.00,fd298fce08fdc18fa6c8bbc1dc94929f6d37de9f,2026-09-29T13:30:22.024Z,0336ae68-344d-40bd-9e30-f3247448de5d
1952,,,,,80864515.33,19696907.87,58651166.89,2026-05-17T00:00:00.000Z,,10122435.51,23711ddc99a2a7cf9b068193c5c4045ae5ef1dd8,2026-09-29T13:30:22.024Z,48091df9-72b1-4aa9-ba32-1bd663af859d
1953,,,,,1600455.83,158889.17,1438208.97,2026-05-17T00:00:00.000Z,,193119.00,fd159416465ae46050f61cd84d24b9edb8d54aaa,2026-09-29T13:30:22.024Z,28cebd71-1f1a-415d-bc39-4e73cf0650b4
1954,,,,,52013289.04,47586106.36,3047901.96,2026-05-17T00:00:00.000Z,,7365952.14,88ee0a05171df03ced29ab8a0b5966f688a37639,2026-09-29T13:30:22.024Z,4627b39d-8115-4e3e-abed-3baa0c91e80b
1955,,,,,8701342.50,719864.78,7732105.60,2026-05-17T00:00:00.000Z,,1065773.00,83e8ac8a3d90818e8ec906ddee2f53815624af15,2026-09-29T13:30:22.024Z,91b72725-8d9e-4d54-94f0-7e2dc7bd2343
1956,,,,,3990138.12,211695.10,3634367.37,2026-05-17T00:00:00.000Z,,728851.00,8fba93bf626ba79f65dfd76a03fc0b9c5411cfd8,2026-09-29T13:30:22.024Z,9b10524d-f78a-47b3-91bd-d5e29c4a046b
1957,,,,,44492035.36,34434355.49,9612764.64,2026-05-17T00:00:00.000Z,,5329015.09,5a0bb94c6b2bbc442296481f22ecca81c261e0b0,2026-09-29T13:30:22.024Z,f759eecf-054c-43b5-aa7f-bdf2721e0055
1958,,,,,13527047.43,13294836.95,132523.84,2026-05-17T00:00:00.000Z,,2168421.00,17443b91d434bdc278551f7cf6f597a1b694691e,2026-09-29T13:30:22.024Z,16917532-99af-4171-a0c0-9f6f41888e50
1959,,,,,25786121.71,25768679.52,,2026-05-17T00:00:00.000Z,,1524502.24,e2d79a5ebee179ca9f89818712e315ac06364ae0,2026-09-29T13:30:22.024Z,b312df37-6b9d-422c-aff1-de40d6da7208
1960,,,,,48259660.62,46468123.86,1242496.24,2026-05-17T00:00:00.000Z,,4512689.89,dab78a6961e6e1ab8b899095953877729e80fd97,2026-09-29T13:30:22.024Z,8bf3a81f-3f1e-499d-ada7-392e1999f846
1961,,,,,9807841.20,7036419.52,2451128.68,2026-05-17T00:00:00.000Z,,1769996.00,85296aaf1349ae56b511a9d098dae62c85429157,2026-09-29T13:30:22.024Z,164588b8-46eb-4d16-bcfa-6299edae4527
1962,,,,,1744399.82,924320.07,765766.53,2026-05-17T00:00:00.000Z,,15000.00,1092ce251e47cb1815e773c9a50e9947fa4ac8cc,2026-09-29T13:30:22.024Z,e323197f-34b4-41ec-8886-fe5fd2082b59
1963,,,,,6531333.69,1113835.77,5143687.36,2026-09-11T00:00:00.000Z,,1296030.03,f9ffa33f06bc65106a0ee8805e8f77b56107f917,2026-09-29T13:30:22.024Z,067a9211-8581-41fc-9768-7d18a2dabe17
1964,,,,,5611823.23,811190.60,4611151.64,2026-05-17T00:00:00.000Z,,1211616.00,bb452e4855eb1e40841f4cb9c1b02ee297914d7e,2026-09-29T13:30:22.024Z,4bdf813b-97aa-48d5-837d-abc78d4a6889
1965,,,,,5614462.32,657367.69,4887355.71,2026-05-17T00:00:00.000Z,,1210847.00,6902db8c9a878b6a7f115599cac6f413aa1a8713,2026-09-29T13:30:22.024Z,e18e8102-e5d1-4900-8aba-5eeba3e3140e
1966,,,,,8143719.94,8082616.57,47965.60,2026-05-17T00:00:00.000Z,,1681284.00,754a69baf2204e72bbe04b3e7e4dc8291c7698c9,2026-09-29T13:30:22.024Z,79bf0f74-ecbe-4841-b072-855195f98d56
1967,,,,,7050406.37,752823.79,6218843.73,2026-05-17T00:00:00.000Z,,851500.00,203ff4ecc45832c3ac94c131c709f5ad2223150b,2026-09-29T13:30:22.024Z,e6b0b846-5565-4fdb-8fc1-4152bbd30f63
1968,,,,,37703713.52,9391241.13,27270667.39,2026-05-17T00:00:00.000Z,,4257267.97,a5c6c1c69987e3ab0621afba6db8eb3fc41d3ceb,2026-09-29T13:30:22.024Z,97a8aa11-1a4f-4e6c-ab86-ebdfde27484a
1977,,,,,2702114.08,693840.84,1880111.60,2026-05-17T00:00:00.000Z,,669375.00,47ebc9179a201966e8ba2db8a1a56ae72cd2d0bc,2026-09-29T13:30:22.024Z,0ce5446f-d6c7-4622-b242-510c67cd07ef
1978,,,,,7041838.42,2135392.16,4865260.83,2026-05-17T00:00:00.000Z,,1186863.00,fb21ae520a8051c7b6daac0ad27467ee017d919b,2026-09-29T13:30:22.024Z,79e73999-4718-4e63-8789-5d9352c489e7
1982,,,,,20249390.34,8967827.81,10654952.85,2026-05-17T00:00:00.000Z,,574042.00,b6dbe4dfa456f10c3b725d422f5ff8281f045c40,2026-09-29T13:30:22.024Z,3260899d-d1aa-4195-acd8-3d0ac1ad5d6c
1985,,,,,3490382.10,2796925.42,581688.68,2026-05-17T00:00:00.000Z,,405892.16,3bb1fc4053559ecba5aebd130c29b695dec68d1a,2026-09-29T13:30:22.024Z,889acaef-e874-4697-b454-29620b81f327
1986,,,,,5934923.13,94913.51,5815317.82,2026-05-17T00:00:00.000Z,,487940.00,44323b52597f43cc926f65bab0d618f2c426ae12,2026-09-29T13:30:22.024Z,511d1db1-75fe-4b8d-90e9-2bcf8bf6b314
1987,,,,,2926897.38,295274.53,2498291.94,2026-05-17T00:00:00.000Z,,409119.00,bbc148feb198721778e31f69ce8336286f15b07a,2026-09-29T13:30:22.024Z,e9c0daf0-65df-4145-bfad-ad1672af7063
1988,,,,,3925597.14,127571.07,3672650.08,2026-05-17T00:00:00.000Z,,476492.68,335b6101c2dcfae0ce7693c5866f61aa892a77b6,2026-09-29T13:30:22.024Z,37b4db50-d0c0-496a-824a-c689e626a0cb
1990,,,,,3548610.44,2458366.46,948474.24,2026-05-17T00:00:00.000Z,,147565.00,85d79fc14746dc68a2253454021932753be1fd35,2026-09-29T13:30:22.024Z,5fec1729-ba50-43a5-aa01-4b474d421d51
1992,,,,,1756346.80,900587.41,658196.23,2026-05-17T00:00:00.000Z,,306106.24,c069a178b50a29457b020e10e2888e70d45f2d28,2026-09-29T13:30:22.024Z,28a7db19-036a-4ca6-acaa-d9fec21f58e7
1993,,,,,35684182.87,2257934.92,32495422.95,2026-05-17T00:00:00.000Z,,4693006.00,253abfa735432f30ecbc7a60a7058d263c2e051a,2026-09-29T13:30:22.024Z,c9c8ab56-ebd0-450a-8727-6369b73bc3c2
1997,,,,,13570671.84,3268242.01,9830601.68,2026-05-17T00:00:00.000Z,,1807320.00,7afdef4eb3344f54ba221517dcfca00f95ee6f2d,2026-09-29T13:30:22.024Z,1639afa6-40ab-4c9d-bd4d-b4cd06dc4fca
1999,,,,,52813413.07,49125112.11,2973445.78,2026-05-17T00:00:00.000Z,,11629211.82,6ab8993d886e09c4bc8c4f4a5ebdf027be9f094d,2026-09-29T13:30:22.024Z,91f4266c-d83f-4e86-8fce-1383753814cd
2251,,,,,1311383.54,1258022.06,53361.48,2026-05-17T00:00:00.000Z,,,4b143d61251a87108c7a8ec45aee12786f574abb,2026-09-29T13:30:22.024Z,8f6e341c-160c-48b1-aa64-d4186fb95631
2252,,,,,1007100.05,1007100.05,,2026-05-17T00:00:00.000Z,,,e5045a24330d386d23894aaa47e532d2744286c2,2026-09-29T13:30:22.024Z,15eb69bb-ef02-4984-82f5-1563d173b445
2253,,,,,596019.84,596019.84,,2026-05-17T00:00:00.000Z,,,430c2aa26c03b1a675041cdb7943820df52644b7,2026-09-29T13:30:22.024Z,3059494e-9181-4327-b8b8-f6cd4f4da7ac
2254,,,,,1284161.50,1284161.50,,2026-05-17T00:00:00.000Z,,,10a47589e950fcb9a1a25b97acfc076542b67d20,2026-09-29T13:30:22.024Z,ec7097e7-5ddc-477e-9212-3754d6521aea
2255,,,,,198068.16,198068.16,,2026-05-17T00:00:00.000Z,,,e795fc998518e55c82ba67332cd745ffd2f59a58,2026-09-29T13:30:22.024Z,0bc83045-8e9d-4fad-8a39-be224f3b499e
2256,,,,,481220.41,481220.41,,2026-05-17T00:00:00.000Z,,,fef0c6f7a070c5b793eae29b4da7847b4d3fd782,2026-09-29T13:30:22.024Z,6293f246-0252-41ab-a248-3e347b529721
2257,,,,,72450.51,72450.51,,2026-05-17T00:00:00.000Z,,,94e7eae29fb82c778cab423fc00119b9f6f6ece9,2026-09-29T13:30:22.024Z,19209c7e-4e22-465f-b029-db674640b311
2258,,,,,1525985.94,1525985.94,,2026-05-17T00:00:00.000Z,,,a82a7209273b47696a8e7c0a0f6902b8877b5b90,2026-09-29T13:30:22.024Z,33601a66-687b-4618-9681-bb66c2314f6a
2259,,,,,420079.96,420079.96,,2026-05-17T00:00:00.000Z,,,1bdc5ca9e204392e961a581fca592cabdaedeec1,2026-09-29T13:30:22.024Z,4b945526-849c-44ab-8fe3-4b0673013abe
2260,,,,,248671.56,248671.56,,2026-05-17T00:00:00.000Z,,,360205a75de64b68f53013e21be2107e5d66b6de,2026-09-29T13:30:22.024Z,807755bd-02a5-40e8-9c9c-427bc936aa92
2261,,,,,398521.11,398521.11,,2026-05-17T00:00:00.000Z,,,ea2504b9d4a45131ad34bc35f5f0710ce9bd4401,2026-09-29T13:30:22.024Z,cf8c60cc-cc44-4168-bac4-ee13f0260d33
2262,,,,,304549.41,304549.41,,2026-05-17T00:00:00.000Z,,,8b4914fae1a71602f78c09ced42731bbebf0988a,2026-09-29T13:30:22.024Z,3271c2c5-6424-4eae-bb90-bbaadbceeeae
2265,,,,,71328.85,71328.85,,2026-05-17T00:00:00.000Z,,,35fb043872f876e09d2a9661a10c0d2eb086dbab,2026-09-29T13:30:22.024Z,cd821b49-31ce-4d58-9d97-5522e03ca16d
2266,,,,,406510.13,406510.13,,2026-05-17T00:00:00.000Z,,,f8dec4a907c2771f098c41355f9ff65cdc566198,2026-09-29T13:30:22.024Z,656be26e-0b5d-4c76-9dd9-04c2734a9262
2269,,,,,728217.43,728217.43,,2026-05-17T00:00:00.000Z,,,4434dba6aabfb6c444ba33470a68098554182bb0,2026-09-29T13:30:22.024Z,1733727e-7c6a-4f4b-b373-32d27b57b93d
2270,,,,,109772.60,109772.60,,2026-05-17T00:00:00.000Z,,,bce7628349b35ceb489ebc2a0b3d6422e72bfbe2,2026-09-29T13:30:22.024Z,4abbadde-6832-41ab-9607-75f3428c3fb1
2272,,,,,56133.00,56133.00,,2026-05-17T00:00:00.000Z,,,b6811b9db51d14619f16f09e5ddb96a6d7ab6f37,2026-09-29T13:30:22.024Z,83c583fc-af15-43c8-918d-40fa404f4b0a
2274,,,,,27252.68,27252.68,,2026-05-17T00:00:00.000Z,,,085f6c82ffe295bfc056d751e3e91b341c292524,2026-09-29T13:30:22.024Z,b03d6490-2d95-45f0-b273-564d683c5df7
2275,,,,,60072.88,60072.88,,2026-05-17T00:00:00.000Z,,,052e5e7312d6ef1a392ea31b8c3549bbeba27c50,2026-09-29T13:30:22.024Z,ba52a5a2-2abb-4086-b9c6-95055dc80781
2282,,,,,338108.89,338108.89,,2026-05-17T00:00:00.000Z,,,248d6061443ec0d503e2c1ebc33c4f78403de5d6,2026-09-29T13:30:22.024Z,997a5cd6-e1fb-4c67-9c24-6b8107630b0d
2286,,,,,25820.76,25820.76,,2026-05-17T00:00:00.000Z,,,60abba1a1f0da7ec7be3af25ab76c5fdb13adf6b,2026-09-29T13:30:22.024Z,285bb8bf-b0c7-496b-9fd2-f134f959bcea
2287,,,,,55893.18,55893.18,,2026-05-17T00:00:00.000Z,,,0d428b06122f4554d87ba76133a5b6cffc7b5933,2026-09-29T13:30:22.024Z,378b68fa-0428-4023-8e2a-ab86e794b99a
2288,,,,,926850.15,925935.25,,2026-05-17T00:00:00.000Z,,,46c38dbc014ff796103bae4a681f84224f084516,2026-09-29T13:30:22.024Z,27b31862-5d50-4360-a89d-f1d61e3d9cd4
2292,,,,,132351.32,132351.32,,2026-05-17T00:00:00.000Z,,,8f976e0fa7e7acedf0a59de8a8658e7f21040b18,2026-09-29T13:30:22.024Z,5bda9c86-e9d2-4f04-a311-d2f323df1c7e
2293,,,,,80472.10,82584.27,,2026-05-17T00:00:00.000Z,,,0f35a2079bb5f855e3addcf39ac0f2c6dda30ada,2026-09-29T13:30:22.024Z,51fdba7c-8e2e-475a-9279-2a81669b7b5d
2294,,,,,0.00,0.00,,2026-05-17T00:00:00.000Z,,,66c0f1a94ee32798e090fda8727d340d0b2c0a93,2026-09-29T13:30:22.024Z,d3548c33-c7dd-4a92-9bbf-40218577336c
2295,,,,,228394.61,228394.61,,2026-05-17T00:00:00.000Z,,,4fe92977533f60d02e05fb881758d70fd57b460e,2026-09-29T13:30:22.024Z,26b413a4-a6e4-43e1-b1ed-92fce068a814
2296,,,,,867787.28,867787.28,,2026-05-17T00:00:00.000Z,,,e35d776a98763b5570a75feb0391e4aa52805ac0,2026-09-29T13:30:22.024Z,740909e9-ba18-4a0b-856f-65f8ef3a9e62
2297,,,,,650087.95,650087.95,,2026-05-17T00:00:00.000Z,,,27715b391e28ce4208fc620d99883a612edd0f3d,2026-09-29T13:30:22.024Z,890fbed0-5cb9-4233-944b-3e923c2bb8a4
2298,,,,,2054763.81,1996217.54,,2026-05-17T00:00:00.000Z,,,804c8d83f71fe36a3602994d64b7ff1eba965d4d,2026-09-29T13:30:22.024Z,7456f6de-7210-4ae3-ad4b-79ec61d0aeaf
2299,,,,,4262388.45,4262388.45,,2026-05-17T00:00:00.000Z,,,5034cd7d2bf688067db08ac282f4c7c8a2ca6e29,2026-09-29T13:30:22.024Z,4d0df5cc-1754-46bf-ad08-41678613ef90
2300,,,,,1175444.71,1175444.71,,2026-05-17T00:00:00.000Z,,,eb504604986795bfabf9ce3e89f58910ba7a4d4f,2026-09-29T13:30:22.024Z,631ecfb4-f3c7-4740-ac1e-5ec7bd4f74c1
2301,,,,,2662100.82,2662100.82,,2026-05-17T00:00:00.000Z,,,952510b83824edeed7e2962ebc5f158191f74be8,2026-09-29T13:30:22.024Z,9c24cd2c-e4fb-4b74-82c4-6aae02455f74
2302,,,,,556922.47,556922.47,,2026-05-17T00:00:00.000Z,,,16e5e47e4a480a66da355d3dd7c6200a821ba183,2026-09-29T13:30:22.024Z,9c06330c-3993-4c00-b335-a8e3c1c2b7bc
2303,,,,,1696436.54,1696436.54,,2026-05-17T00:00:00.000Z,,,c87cf09d981947141084a6f00d7c992840cdf05c,2026-09-29T13:30:22.024Z,53246aa4-88c8-4152-9b26-794f5dddea68
2304,,,,,587627.70,587627.70,,2026-05-17T00:00:00.000Z,,,5ec6e6158faa933d40166afbea4169c34d21bef2,2026-09-29T13:30:22.024Z,c56cc368-ee8e-47a0-ad0a-0a74c264da81
2305,,,,,374315.41,374315.41,,2026-05-17T00:00:00.000Z,,,6a0f7f161c4f9d2669c2c4a59f5b108691a70ee9,2026-09-29T13:30:22.024Z,3b966cf0-a3b2-4bc3-98bf-ca93a19fe7cb
2306,,,,,646465.83,646465.83,,2026-05-17T00:00:00.000Z,,,ab42c8cd331ff355d3f357e3915a447d715b9d42,2026-09-29T13:30:22.024Z,a43acee1-2698-42b4-81b8-aec06922f7d1
2307,,,,,263418.75,263418.75,,2026-05-17T00:00:00.000Z,,,19093409dc2013eb69714ca2921b6f86fcd3456f,2026-09-29T13:30:22.024Z,e99f97ee-f6aa-47de-a215-974edd61c7e0
2308,,,,,1090377.30,1090377.30,,2026-05-17T00:00:00.000Z,,,e224676cf354c7c19e4bb83fa242f751a427f9a7,2026-09-29T13:30:22.024Z,d5d4b21d-9961-4f84-92a2-41f265406ead
2309,,,,,3209125.20,3209125.20,,2026-05-17T00:00:00.000Z,,,656f76e6bbf5ea2bc09837ffc1014c4e66c89c06,2026-09-29T13:30:22.024Z,f42bbe02-3789-4060-8271-237f214ca2c9
2310,,,,,261748.94,261748.94,,2026-05-17T00:00:00.000Z,,,667388502ea8ca4473684ed88aea685dfda8946a,2026-09-29T13:30:22.024Z,9b13d694-4902-4812-9609-c9e841fc82d7
2313,,,,,1829514.81,1829514.81,,2026-05-17T00:00:00.000Z,,,974c02b86e25a4920e45bc397f724fbe6a946144,2026-09-29T13:30:22.024Z,463a7f37-ec5d-4c95-b3d9-0a69209f834a
2314,,,,,23568300.14,23568300.14,,2026-05-17T00:00:00.000Z,,,a2a9578e3b71f40e31cd1b72f3ac040b854b858c,2026-09-29T13:30:22.024Z,9279287c-33c5-4c04-9f20-9b00f2aa95fc
2315,,,,,485186.01,485186.01,,2026-05-17T00:00:00.000Z,,,04babc80e0881838f7fe94634aba6237332cfa5c,2026-09-29T13:30:22.024Z,afc5fb1a-df5a-4410-bbcb-5ce5d85a8a00
2316,,,,,21098.16,21098.16,,2026-05-17T00:00:00.000Z,,,a559b18030f1605e97b742b7505f8706c54cd487,2026-09-29T13:30:22.024Z,0523e3ee-2f45-4f27-99d9-931e617f002f
2317,,,,,13633895.10,13633895.10,,2026-05-17T00:00:00.000Z,,,53a5ae63e8e160d1745eed9f8ca7c9a515af5dd4,2026-09-29T13:30:22.024Z,8b4b6a84-32a3-4cc6-aec7-850cadbeb40c
2318,,,,,138208.00,138208.00,,2026-05-17T00:00:00.000Z,,,8af9193b810fdeabbec57593b8c5906cef46c029,2026-09-29T13:30:22.024Z,7aecb285-4c9b-4527-a849-14dfbe0f80ce
2319,,,,,1050617.89,1050617.89,,2026-05-17T00:00:00.000Z,,,c10b151abf19b7c01639f275586a036050fd8999,2026-09-29T13:30:22.024Z,81a75519-4065-4cf2-8835-1914aa1eff51
2320,,,,,5514048.11,5514048.11,,2026-05-17T00:00:00.000Z,,,119a1ceeebf7908d7b39b6098fd4a1f9a4e0330a,2026-09-29T13:30:22.024Z,8f3b0e8f-0f33-45fe-aa11-fab0e01b1c0a
2321,,,,,18783.00,18783.00,,2026-05-17T00:00:00.000Z,,,a4caa750805db4fdcdc6ebb3a039e343b085bd53,2026-09-29T13:30:22.024Z,c56f161d-ce4b-44d3-b000-a15c60eeb8b5
2322,,,,,3684844.28,3684844.28,,2026-05-17T00:00:00.000Z,,,3bc298ceb893cb388c6a2438ff1067a9b256a817,2026-09-29T13:30:22.024Z,1b887417-f2aa-48a8-8046-d68b217f1e2f
2323,,,,,925982.68,925982.68,,2026-05-17T00:00:00.000Z,,,0291d2c26537060054c68f5bd9bf4a32aefc5f0e,2026-09-29T13:30:22.024Z,814b62b4-36a4-420a-ac78-91135a7d9f07
2324,,,,,2496378.60,2496378.60,,2026-05-17T00:00:00.000Z,,,0eb2c45f79fc118d0b0f14601c4bd97f26820a16,2026-09-29T13:30:22.024Z,71ccc201-262f-41da-b58f-3edee9bad51a
2325,,,,,185207.38,185207.38,,2026-05-17T00:00:00.000Z,,,0c3db323c3f2acc4d32680c2bb9676eb1fe0a37a,2026-09-29T13:30:22.024Z,46a75164-e55e-43e8-bdb6-18e805807d90
2326,,,,,70842.00,70842.00,,2026-05-17T00:00:00.000Z,,,18f171f86f49cdce3d22e19406387f27c2091bce,2026-09-29T13:30:22.024Z,fbf46127-88cc-4d12-82b9-2e17005e94d2
4391,,,,,,,,,,0.00,948db615ea670f093e8717097c8883e86adffa8b,2026-08-18T14:38:03.602Z,14d0c994-0655-456c-9d58-6f18dcd176b7
2327,,,,,871692.40,871692.40,,2026-05-17T00:00:00.000Z,,,209abe1603afa5e55b87ace285000714905319da,2026-09-29T13:30:22.024Z,a6894e3b-a74f-4b01-975c-503546e0bf28
2328,,,,,1457745.93,1457745.93,,2026-05-17T00:00:00.000Z,,,3a7f043be3340baabebe7445e0cd37112343f4bf,2026-09-29T13:30:22.024Z,82f8470a-1537-429b-a733-0dfa38fa966f
2329,,,,,422314.25,422314.25,,2026-05-17T00:00:00.000Z,,,255963d9518c83b16415b995e559baa5ac15c3ea,2026-09-29T13:30:22.024Z,bded5b9f-5c2e-4d24-a1d9-324f6c74defb
2330,,,,,717000.55,717000.55,,2026-05-17T00:00:00.000Z,,,7c5f68c4a1e81c7dde6e65903578c1ffa8b2ec8f,2026-09-29T13:30:22.024Z,b675537d-ca01-4e4f-8e23-8f900dc26db5
2331,,,,,35147.55,35147.55,,2026-05-17T00:00:00.000Z,,,bcc6bafdbf83eb7e25b151fbbef11fbeedf3e4c8,2026-09-29T13:30:22.024Z,b2b7e756-c902-403e-83f8-61f6c5e80243
2332,,,,,199185.63,199185.63,,2026-05-17T00:00:00.000Z,,,77b6ad5a5b1d20428a03da6da3c4ca1ffcc2345b,2026-09-29T13:30:22.024Z,22976404-7997-4b3f-b39a-df3c60a6ed1d
2333,,,,,27676.97,27676.97,,2026-05-17T00:00:00.000Z,,,1ba6e9f8f4f65d08b597ac5be7ae238305017e03,2026-09-29T13:30:22.024Z,824a90ab-4356-4fd2-95d2-6ec77cff6bee
2334,,,,,72256.34,72256.34,,2026-05-17T00:00:00.000Z,,,578c9b30e1617aa5a7456c45a316ab83dd38e839,2026-09-29T13:30:22.024Z,3da7a4bc-9b2d-4ae6-b707-95e1a785c002
2335,,,,,428499.97,428499.97,,2026-05-17T00:00:00.000Z,,,9f4ee7ae7adf6779a474299628c0f904377c962c,2026-09-29T13:30:22.024Z,4d83bbb5-aac3-4957-b018-81e5f0f55e63
2336,,,,,84382.38,84382.38,,2026-05-17T00:00:00.000Z,,,1963ca06f313aa8ef2462de0d0d3dbed407e950d,2026-09-29T13:30:22.024Z,c240cdb4-2302-46f6-905f-464f50fa4069
2337,,,,,325803.92,325803.92,,2026-05-17T00:00:00.000Z,,,3c7b3c201cc19a43fcbf0359bf064934fb8ed391,2026-09-29T13:30:22.024Z,78d0f326-a0c7-480e-9b19-415af13a6a6e
2338,,,,,1371792.07,1371792.07,,2026-05-17T00:00:00.000Z,,,1e70eecfe1352c47056671e582af9bd52392066d,2026-09-29T13:30:22.024Z,866ed002-caa9-4187-a7b7-4ef2f1104833
2340,,,,,71766.81,71766.81,,2026-05-17T00:00:00.000Z,,,b8defc8dcab8596c20e8798609331cab1b807b3d,2026-09-29T13:30:22.024Z,48927e82-b63d-44fc-ac9d-c2b7d7ecbe2e
2341,,,,,1114963.35,1114963.35,,2026-05-17T00:00:00.000Z,,,e9668a267c6cd3f4d4cbc591b9cd7a434ee7cde9,2026-09-29T13:30:22.024Z,ccf46ced-4559-4357-8e83-3e4f9b7b5f4d
2342,,,,,109241.75,109241.75,,2026-05-17T00:00:00.000Z,,,8fd4a9e6a3d895466bbed648e221a77eaf105d3b,2026-09-29T13:30:22.024Z,7e6af9a2-6aa1-4149-83a2-c28ba811f58b
2343,,,,,102666.28,102666.28,,2026-05-17T00:00:00.000Z,,,e2e32042f1527d7b9a8e4983e4528bb3ffa17887,2026-09-29T13:30:22.024Z,004bba8d-2171-44f4-9378-524e9f9e3afc
2344,,,,,98597.18,98597.18,,2026-05-17T00:00:00.000Z,,,2c5f8ac9ea9a5283a739fc185f4ff9e46dd3f2f0,2026-09-29T13:30:22.024Z,24a82437-565d-41d2-a428-93748b1e20d0
2345,,,,,2539053.48,2539053.48,,2026-05-17T00:00:00.000Z,,,d6cbbeac2bc6008e9460468546a1b4d46150800a,2026-09-29T13:30:22.024Z,6337895b-bf0b-40d0-a33d-b41fbd1db3f9
2346,,,,,254258.94,254258.94,,2026-05-17T00:00:00.000Z,,,e5d5330888b12bb6540b97d3c56b32c6c92989d3,2026-09-29T13:30:22.024Z,c6f88a08-813f-4f9b-8e1a-9e231e19d725
2347,,,,,385486.13,385486.13,,2026-05-17T00:00:00.000Z,,,059d4905fb44af41d07e5679cee06414d039a847,2026-09-29T13:30:22.024Z,4cff3438-205e-4485-a60a-ae88309f46de
2348,,,,,93972.96,93972.96,,2026-05-17T00:00:00.000Z,,,04839b530c439bf720d84213a2b2c54964882a72,2026-09-29T13:30:22.024Z,56717fbd-97e4-4fdb-8cfd-5f215c27437f
2349,,,,,1000625.76,1000625.76,,2026-05-17T00:00:00.000Z,,,a82c20f042d9263aa556eceedb4be3b85feaa7f3,2026-09-29T13:30:22.024Z,7f5675f7-650c-4a3d-99a2-7fa3a9bbe738
2350,,,,,81878.55,81878.55,,2026-05-17T00:00:00.000Z,,,ae1665853e9cd066b15f6685646125887a082b59,2026-09-29T13:30:22.024Z,3d76f58d-7aab-4aee-b22a-92169a393499
2353,,,,,3950133.61,3781834.76,,2026-05-17T00:00:00.000Z,,,e623c85d4c0c96d20cffb2b3c27a82ba125c2cc5,2026-09-29T13:30:22.024Z,e5b5d7a1-d2a0-41b5-ab47-e75d53982477
2354,,,,,1546000.26,1546000.26,,2026-05-17T00:00:00.000Z,,,2379b01580d29335fda4594b658cdb970ee64c85,2026-09-29T13:30:22.024Z,aa4cf7ed-855b-4865-ade7-69b2e1019f28
2355,,,,,959055.00,959055.00,,2026-05-17T00:00:00.000Z,,,62d17fb718854ebb077b5fba8294d2adf1b7abb4,2026-09-29T13:30:22.024Z,2c98431c-ed01-4918-8817-161819b9301a
2356,,,,,11549.67,11549.67,,2026-05-17T00:00:00.000Z,,,0c92a9c4a4e98433dba13283928fcaaad5909973,2026-09-29T13:30:22.024Z,2ffc1d14-b5c7-4417-a871-fc1a5dfd93eb
2357,,,,,880498.85,880498.85,,2026-05-17T00:00:00.000Z,,,61ae111d6e3234ea23378b714d9c9f3c21cf95f3,2026-09-29T13:30:22.024Z,117c5cfd-43a2-464b-9ca9-bb86eafe0b9b
2358,,,,,2295294.63,2295294.63,,2026-05-17T00:00:00.000Z,,,3cd22a136756dc1fced102d8acff1afe8701b3a3,2026-09-29T13:30:22.024Z,6247865d-e466-4664-aeab-6de049355fc7
2359,,,,,673337.53,673337.53,,2026-05-17T00:00:00.000Z,,,0406007c7081397c7233cbbd3f6a3bd4e17363ac,2026-09-29T13:30:22.024Z,b72531f8-a85e-484c-b518-7d8de018f210
2360,,,,,695210.91,695210.91,,2026-05-17T00:00:00.000Z,,,604e3d1ed9652ce68a6df098ef4b8fb6e833fb1a,2026-09-29T13:30:22.024Z,2152f78f-e667-4bd1-b5f4-0c186ba37f79
2361,,,,,350001.76,350001.76,,2026-05-17T00:00:00.000Z,,,d267221fe97f76fe548b8efad27c2b5672e53757,2026-09-29T13:30:22.024Z,6890f482-6711-4cba-ba4b-c31aed411992
2362,,,,,828614.56,828614.56,,2026-05-17T00:00:00.000Z,,,08738daf2cbc2623bf66816f4b5b10055dbae001,2026-09-29T13:30:22.024Z,2195f07b-5cc8-4e6b-a179-ffc8236e7871
2363,,,,,5060820.90,5060820.90,,2026-05-17T00:00:00.000Z,,,d92972aea6053ea2473e36b4cfc0c36eb97316f1,2026-09-29T13:30:22.024Z,1a55634c-e96a-4720-a0a8-d5729cb24c1f
2367,,,,,2670288.12,2670288.12,,2026-05-17T00:00:00.000Z,,,6740ecbb60677f2d8ec6ed80fe34cfc8aa5ffa1e,2026-09-29T13:30:22.024Z,b836bf05-7264-476f-a2c5-ef06c32a357f
2368,,,,,1121445.74,1121445.74,,2026-05-17T00:00:00.000Z,,,2614dee4677493331c687af958f04344d86d7aae,2026-09-29T13:30:22.024Z,c111e89a-6ec6-4cb9-a928-2e4974da58c7
2369,,,,,293179.37,293179.37,,2026-05-17T00:00:00.000Z,,,9e5b1e66cb0724bb18efdcd20ddfacfb6e21b989,2026-09-29T13:30:22.024Z,85cb0e89-f1ff-463b-9b33-baa3cc0b5aa1
2370,,,,,334733.96,334733.96,,2026-05-17T00:00:00.000Z,,,126a287120491b5aa0099d967886f2e6b1447a66,2026-09-29T13:30:22.024Z,3797b63c-0bba-4d26-b92f-7b28ae34cf00
2372,,,,,1707296.80,1707296.80,,2026-05-17T00:00:00.000Z,,,20bd9503b55bdc163fbe8ede9960ce242084a004,2026-09-29T13:30:22.024Z,d129744f-4f43-45fd-9bbf-e57c96a6b9d7
2373,,,,,2722101.81,2722101.81,,2026-05-17T00:00:00.000Z,,,de8800615b0d6a9bd5771d41bac58d3c3e4d993b,2026-09-29T13:30:22.024Z,730619bb-667b-40bb-b15d-64c8865e984c
2374,,,,,1186851.58,1186851.58,,2026-05-17T00:00:00.000Z,,,e7d0a0894f14d6003c5eb9bc9c61a81e9b2f725f,2026-09-29T13:30:22.024Z,6d4355f3-f2c6-4b03-8332-9b672b3f467a
2375,,,,,363262.40,363262.40,,2026-05-17T00:00:00.000Z,,,b11b80663c9ad34ecff5a2482cf09dcf7acd08c3,2026-09-29T13:30:22.024Z,b17285e4-928a-4595-8772-560466575e95
2376,,,,,536017.54,536017.54,,2026-05-17T00:00:00.000Z,,,0eb8e2d128f5a9ef63c6361fbcfc9e15ba3cbc66,2026-09-29T13:30:22.024Z,e60669b0-2db6-48b4-85f7-0e64d28538d7
2377,,,,,2761493.04,2761493.04,,2026-05-17T00:00:00.000Z,,,b74618eeddbde8ec33add11707335c59c3f005f5,2026-09-29T13:30:22.024Z,b0310656-6d3b-4390-8e53-87d0434d3d0d
2378,,,,,1641186.86,1641186.86,,2026-05-17T00:00:00.000Z,,,13774e518293ab5a73b76e3d1341c999db8ab18d,2026-09-29T13:30:22.024Z,1df4f6fa-160c-44c0-b14d-2093f37be73b
2379,,,,,1008947.13,1008947.13,,2026-05-17T00:00:00.000Z,,,80bf051231575dccacf903fdfa1dadbb04646f96,2026-09-29T13:30:22.024Z,6abb3c3c-b85b-4cf3-b2d6-c191be34c0fc
2380,,,,,2953040.30,2953040.30,,2026-05-17T00:00:00.000Z,,,bcbc67d9da90775bb9856b464e9a419a83f33a86,2026-09-29T13:30:22.024Z,fb923bab-4788-4947-a751-10c101694f25
2381,,,,,53686.50,53686.50,,2026-05-17T00:00:00.000Z,,,913e0faa2e1e2bd3d5c1412c5c7cb471af4cc9a8,2026-09-29T13:30:22.024Z,12d830d3-e986-48fa-ac83-3a073c8033e1
2382,,,,,76944.59,76944.59,,2026-05-17T00:00:00.000Z,,,a56ea27541d46b2bae819266c325a17d030b1d4b,2026-09-29T13:30:22.024Z,2d9d0bf9-0bf2-40c7-ab02-618b994c33c4
2383,,,,,0.00,,,2026-05-17T00:00:00.000Z,,,31ebd8de648a350ef4ef4b5aca25996ead1c9aa8,2026-09-29T13:30:22.024Z,53da6d65-1268-4e45-847c-0ee94401b76e
2384,,,,,574906.82,574906.82,,2026-05-17T00:00:00.000Z,,,4aa8881b68fe705ed3d68485b7f9ebabca0ab872,2026-09-29T13:30:22.024Z,5668d1d7-bdef-4d8e-833a-b9be4295572b
2385,,,,,880634.65,880634.65,,2026-05-17T00:00:00.000Z,,,268c0c30d63f3792ec9dc2dd94ee5850f62f874d,2026-09-29T13:30:22.024Z,46a5c556-d461-4e36-a685-7be96b21301d
2386,,,,,1815259.18,1815259.18,,2026-05-17T00:00:00.000Z,,,c3a9909c8b53e50ed88c71a048286c1e3512625d,2026-09-29T13:30:22.024Z,7407bc29-1716-473f-bff6-dde053be96a2
2387,,,,,1196608.92,1196608.92,,2026-05-17T00:00:00.000Z,,,d55e42c2af4104c103cffea7ac9d9c8656c8a3a1,2026-09-29T13:30:22.024Z,53e8fe63-ae95-4e0d-9ec9-f16e67f147af
2388,,,,,267732.58,,267732.58,2026-05-17T00:00:00.000Z,,,bab633ed143dff857551c8966e10adb4cedd51a9,2026-09-29T13:30:22.024Z,07be10af-08ae-4bf4-b085-a8b4d72bddfb
2389,,,,,532317.35,532317.35,,2026-05-17T00:00:00.000Z,,,3701f55b38df52f524aec4322f8e1e1de64047ef,2026-09-29T13:30:22.024Z,fb4a7e70-82d4-452d-9620-2081a9711831
2390,,,,,394778.25,394778.25,,2026-05-17T00:00:00.000Z,,,cd3267258a05eabe83a48a808fb74e5fe539b74d,2026-09-29T13:30:22.024Z,10fb2ab3-9c6d-4ee2-a93c-600e31b4ece0
2391,,,,,292087.28,292087.28,,2026-05-17T00:00:00.000Z,,,77636eb4446cb9d43665c144fb9066dd287c7a54,2026-09-29T13:30:22.024Z,7497b450-ea64-465d-8f84-9e29dc5a094c
2393,,,,,122495.25,122495.25,,2026-05-17T00:00:00.000Z,,,6f0924ebdd929bd89988fd6799ee5de31b4e89dc,2026-09-29T13:30:22.024Z,615e4a04-0d36-4925-8d77-fbc2de1332be
2394,,,,,133002.75,133002.75,,2026-05-17T00:00:00.000Z,,,985378502caed795931c25340c0761a72fb966d4,2026-09-29T13:30:22.024Z,7af0096e-6016-4e9f-baa1-e0ccf9a3b701
2396,,,,,2272904.00,117286.77,,2026-05-17T00:00:00.000Z,,,929f9ceeae2d807269a2ea7303fce57dc04b0fac,2026-09-29T13:30:22.024Z,dee5e780-3234-4075-9c2b-3ba59e328c99
2398,,,,,739292.95,739292.95,,2026-05-17T00:00:00.000Z,,,fc92da15d2e9f2e5a5ad2515ceec4beba9317e37,2026-09-29T13:30:22.024Z,40f76400-10c7-4a9e-838f-96a47889e60c
2399,,,,,609048.69,35079.16,,2026-05-17T00:00:00.000Z,,,55e804fc4703b71a16da6f9e7a5b2ecf54a8ba64,2026-09-29T13:30:22.024Z,b84121e7-2f54-4bb3-b9fb-08e3ed99b3e7
2400,,,,,522973.11,522973.11,,2026-05-17T00:00:00.000Z,,,09921db674cdffb9f11c66e721ed4734ffad01bf,2026-09-29T13:30:22.024Z,dea37d00-659a-4d39-b39d-99112497a440
2401,,,,,343461.60,0.00,,2026-05-17T00:00:00.000Z,,,91079b039f755ec8f41203a2e0371cc5b2023b7b,2026-09-29T13:30:22.024Z,4dd20d51-580d-4bc5-a54b-9a458fd77bc2
2402,,,,,2505601.52,13605.67,,2026-05-17T00:00:00.000Z,,,c78ca21f682639076a5fbf165106920097abcef6,2026-09-29T13:30:22.024Z,ab550baa-70f4-4daa-a86a-91f9ecac5fa2
2403,,,,,314629.34,9635.97,,2026-05-17T00:00:00.000Z,,,04cb1f8e174dc206e37f6940bff5379d8cf34f09,2026-09-29T13:30:22.024Z,9ec6457f-c933-4a0a-972a-1cd0771befc7
2404,,,,,298474.23,233499.75,,2026-05-17T00:00:00.000Z,,,e034eec3574d5cd9f522ef3eb96a1b5c672b1f99,2026-09-29T13:30:22.024Z,f136b92b-6cbe-43f9-a245-a4aeb5748b78
2405,,,,,307152.86,14617.29,,2026-05-17T00:00:00.000Z,,,8635f37092e66c2736b9e003eb049c77c611ed2c,2026-09-29T13:30:22.024Z,011df36b-f3c0-447f-85c8-dab94d4152c7
2406,,,,,766588.42,765511.71,,2026-05-17T00:00:00.000Z,,,560d2a6e0fed7c8ce4d08b77cb355a790e93f29f,2026-09-29T13:30:22.024Z,60010231-09a0-4dbf-b305-287c8894dcef
2407,,,,,516631.41,101680.92,,2026-05-17T00:00:00.000Z,,,35327fa935fceacfc60170e997be0676328bb962,2026-09-29T13:30:22.024Z,e2d67dd6-973c-400c-90ab-336330e637e3
2408,,,,,958864.51,958864.51,,2026-05-17T00:00:00.000Z,,,6aa0de645ceb31471d74550b9ff8b7c31f76fcab,2026-09-29T13:30:22.024Z,2699aff4-4ac5-40f9-9ec9-847a36c34768
2409,,,,,209475.00,,,2026-05-17T00:00:00.000Z,,,f3c35656090f834fbbdd2811e603cfcef7e07042,2026-09-29T13:30:22.024Z,6a1079c1-bb1e-4f63-bac2-a386835fadc0
2410,,,,,1276717.16,13367.66,,2026-05-17T00:00:00.000Z,,,9d2f6cd494a8613369997bb62f9291b36509028c,2026-09-29T13:30:22.024Z,d9366c68-6841-4b8b-ae36-a0a79ebb16ee
2411,,,,,0.00,0.00,,2026-05-17T00:00:00.000Z,,,c159582df6e6b26228a18bab5fdf8294a62dc6d2,2026-09-29T13:30:22.024Z,a60dd442-b87d-45e8-9482-b1303d0ebf31
2412,,,,,1867130.11,5919.71,,2026-05-17T00:00:00.000Z,,,c79c6dc1b54660321877c65ee9dda8246d2c7d2c,2026-09-29T13:30:22.024Z,0dfb61fd-d445-41ef-9700-b49000005efe
2414,,,,,561239.87,561239.87,,2026-05-17T00:00:00.000Z,,,5247e7f37254b780b2e66ccb0c391739c20556ad,2026-09-29T13:30:22.024Z,31c5c828-f1d1-4fd3-b729-b8b69d01245c
2415,,,,,558523.54,558523.54,,2026-05-17T00:00:00.000Z,,,4835c9a8950fdd7c1b123c88d5cec8553688711c,2026-09-29T13:30:22.024Z,256c2d07-b674-4796-aff4-0834319b40f0
2416,,,,,6435257.27,5001925.63,,2026-05-17T00:00:00.000Z,,,7f93275eda705daa350a5b04df950a2ffd7a208f,2026-09-29T13:30:22.024Z,c7ef08a3-c36f-434a-aa5b-8728cd08dcaf
2417,,,,,1101982.53,124133.10,,2026-05-17T00:00:00.000Z,,,def2c8acdca5aab4b95a94fbe089060ca06b502d,2026-09-29T13:30:22.024Z,7ca00ddb-8343-4561-a8ec-0f886072b534
2418,,,,,68955.63,2936.71,,2026-05-17T00:00:00.000Z,,,a1f2043eb8a60d12629b92f91f90f50e50b039bd,2026-09-29T13:30:22.024Z,045ae392-3ee1-45d3-b59b-d25180b59c32
2419,,,,,1386466.67,2329.26,,2026-05-17T00:00:00.000Z,,,82a5fe1e789bc0f5c29a7f6933f391e86310c9ee,2026-09-29T13:30:22.024Z,717ba279-ba1f-4023-a846-53acd2696fc0
2420,,,,,302379.36,,,2026-05-17T00:00:00.000Z,,,f86e16d1c8b7b2ae4ad05f369b257bbae9307ca4,2026-09-29T13:30:22.024Z,c7af904a-f4ad-4fb5-9063-c5e72b4a46e3
2421,,,,,5635120.91,830803.58,,2026-05-17T00:00:00.000Z,,,5044464711c91af451e558b2d0b32356416554c2,2026-09-29T13:30:22.024Z,4da30723-e9dc-43cc-a780-8a9632fcfe02
2422,,,,,187811.25,11971.43,,2026-05-17T00:00:00.000Z,,,5b2814ab58ec3eff8f4dee01e2bbd11dae88f9e2,2026-09-29T13:30:22.024Z,80cd125c-d401-44fa-bcec-b4f28c0ea748
2423,,,,,3510136.90,129360.85,,2026-05-17T00:00:00.000Z,,,d2ce9ae2027688bb6e5f8bde080e8d76d2c6582a,2026-09-29T13:30:22.024Z,0f37c4d5-0ce0-4120-a562-7e2403f832e8
2424,,,,,258389.44,255103.70,,2026-05-17T00:00:00.000Z,,,77ddc371ec0e85a52e3b514809f8003aa065fda1,2026-09-29T13:30:22.024Z,80f07dee-f956-40bf-84dd-041462138b10
2425,,,,,697351.18,44959.17,,2026-05-17T00:00:00.000Z,,,c8dda4441a34f86cdd921257c79aaee3b907896c,2026-09-29T13:30:22.024Z,b747d2ec-242d-44f8-9024-0232d546e14d
2427,,,,,257930.57,,,2026-05-17T00:00:00.000Z,,,5f306da387da33d6837c709205604a7026598c27,2026-09-29T13:30:22.024Z,b932c67a-2f5f-49b8-8ed8-dd6da65f2118
2428,,,,,974428.11,14909.97,,2026-05-17T00:00:00.000Z,,,86301d5f40612267e9e3623197d3810c7958ecaf,2026-09-29T13:30:22.024Z,6f033a43-241c-463d-8071-bbe2b3be74ea
2429,,,,,3388408.47,2739680.55,,2026-05-17T00:00:00.000Z,,,0363d32ffebc78411f8e82342094408615646fb3,2026-09-29T13:30:22.024Z,68973835-a683-4ebc-a085-708eee8cf746
2430,,,,,0.00,0.00,,2026-05-17T00:00:00.000Z,,,ad3960ea04988db5a215bb22b879480f360a264f,2026-09-29T13:30:22.024Z,77c5afd0-5e98-441b-a870-2fc9e3d829ac
2431,,,,,11114.80,0.00,,2026-05-17T00:00:00.000Z,,,3d92f13b27f0bbf36991ae69f038f2daae6d71cd,2026-09-29T13:30:22.024Z,29b29e2d-878d-49eb-882d-df1a151dd613
2432,,,,,293915.21,5819.32,,2026-05-17T00:00:00.000Z,,,8042f86438604963ff615f79f3f2add7782133ad,2026-09-29T13:30:22.024Z,c19461bf-0314-4cf6-893d-f51a0352defe
2433,,,,,1084502.65,44668.30,,2026-05-17T00:00:00.000Z,,,70c67300b5e5f5a984d6bacb1edd5b161c2047b1,2026-09-29T13:30:22.024Z,168cd130-9062-4169-ae33-4871ab4fcf1e
2434,,,,,759649.98,136300.50,,2026-05-17T00:00:00.000Z,,,f35a41b99b695d11151d6e768cf20b801ee6c712,2026-09-29T13:30:22.024Z,761d0071-17bb-4b8f-a409-91bee6dca921
2436,,,,,1729013.04,,,2026-05-17T00:00:00.000Z,,,a440d8e485c0347290a54f38ec7c60e2dc6a739c,2026-09-29T13:30:22.024Z,04d20d6a-dd5d-40a5-a229-a7a93d5747c7
2437,,,,,282120.02,,,2026-05-17T00:00:00.000Z,,,f3c183f2991d338063f95ec89c4716a6133730a3,2026-09-29T13:30:22.024Z,f32bb092-f505-41bb-bd55-d8c47b87a968
2438,,,,,244734.82,,,2026-05-17T00:00:00.000Z,,,7ebc13e02f9a63a32ee3a4048b316ea09f1c8732,2026-09-29T13:30:22.024Z,8721936d-918a-45ee-b285-94e7bf53baed
2439,,,,,225777.71,,,2026-05-17T00:00:00.000Z,,,818e78af4ef99c305a887fcd4ea2f60d67759433,2026-09-29T13:30:22.024Z,06bd31b8-0ecf-4224-b6a7-f6367747c60f
2442,,,,,993470.04,1413.32,,2026-05-17T00:00:00.000Z,,,b22bce072dc8fad4dc32b1e20f798489951fb663,2026-09-29T13:30:22.024Z,64db61b0-5e20-4dfc-9db7-fce3c92b64e1
2443,,,,,393221.39,768.45,,2026-05-17T00:00:00.000Z,,,1edf199a7e67189a990287e6426273f4ce38df8e,2026-09-29T13:30:22.024Z,01373415-ad35-46dc-b04c-1e134cc511c6
2444,,,,,2440605.66,33777.84,,2026-05-17T00:00:00.000Z,,,38db87a3da83871574bb6b63ddb1423de7835932,2026-09-29T13:30:22.024Z,63fd4f44-b499-4274-a51b-9cc4ca8747fd
2445,,,,,2424854.78,2948.16,,2026-05-17T00:00:00.000Z,,,890511e4c2206e178a6320bf08cddffcaf7b7af9,2026-09-29T13:30:22.024Z,ef72bd89-dc7a-4c28-ad1c-26ee103f14b0
2447,,,,,373067.37,0.00,,2026-05-17T00:00:00.000Z,,,c88911158498581d597b8e0b22be6e3a7a6724a3,2026-09-29T13:30:22.024Z,59d704e4-e9ef-425b-816a-4ae2a78162a3
2448,,,,,352791.75,,,2026-05-17T00:00:00.000Z,,,9a915b4fbf81a1fd71d0276f4b52aae22ede4f6b,2026-09-29T13:30:22.024Z,684cfcdc-6396-448f-bc8a-6758617d54ce
2449,,,,,2573214.31,10981.06,,2026-05-17T00:00:00.000Z,,,639d3e353747b69db905b8367ed75c8fe2592246,2026-09-29T13:30:22.024Z,4249e454-3acf-4e35-bddd-15cab9e596cb
2450,,,,,694577.00,6962.88,,2026-05-17T00:00:00.000Z,,,019fa67f291997d58decd4958dcc07cbcd2f6875,2026-09-29T13:30:22.024Z,6390a6be-c084-498c-9e30-44e30bda4fb4
2451,,,,,449514.35,2572.57,,2026-05-17T00:00:00.000Z,,,a7d1eaa628dad0db5870a52dcfd5b4814021b1c1,2026-09-29T13:30:22.024Z,3e08fd15-c2a9-41fd-912a-6f6ba872c970
2452,,,,,3581722.73,59610.90,,2026-05-17T00:00:00.000Z,,,c5a86b2cc96c6aae24ac87c50f5bddb512713b23,2026-09-29T13:30:22.024Z,2f8a61f3-5997-4bdf-bbd5-b7c90a813641
2453,,,,,766295.66,139173.33,,2026-05-17T00:00:00.000Z,,,5f0b4e65900009ae14c5ca79bcf1b0c0d0701e9e,2026-09-29T13:30:22.024Z,4e1f1658-1d38-43cb-962e-3990953bcff2
2454,,,,,9320013.02,2494.17,,2026-05-17T00:00:00.000Z,,,0b55cfe573083c3e35bc7c3aa47d15eead0a749c,2026-09-29T13:30:22.024Z,b3a3e408-9e7b-41dc-a23a-d04c48805a69
2455,,,,,1123597.01,26872.45,,2026-05-17T00:00:00.000Z,,,93e0ee463c19a97f05efbef1fa67393af257ec07,2026-09-29T13:30:22.024Z,ad8c2d09-b895-4482-b3b8-3b0e28296332
2456,,,,,15963332.00,453833.76,,2026-05-17T00:00:00.000Z,,,86b440441189e192b4ea69d5485a59f2866f8411,2026-09-29T13:30:22.024Z,ef040766-d18d-49db-8447-bfce266ce9f1
2457,,,,,72027.57,0.00,,2026-05-17T00:00:00.000Z,,,219ec2ce98d0b4a300f8f16b3bcefc2520fd4149,2026-09-29T13:30:22.024Z,41c0549b-2481-44c9-8427-a637ac4d76a0
2458,,,,,1313879.16,32886.63,,2026-05-17T00:00:00.000Z,,,74c1d70bb4f74eece95614ba0983814c5bba48cf,2026-09-29T13:30:22.024Z,86c187d8-c532-4c53-95ad-f7038d955960
2459,,,,,116022.56,,,2026-05-17T00:00:00.000Z,,,9de5e770eebb620c2d8de555f3fca131b75d8350,2026-09-29T13:30:22.024Z,bdfebe68-a42e-4de5-9ff6-5ddd3d94535b
2460,,,,,1677331.23,13604.96,,2026-05-17T00:00:00.000Z,,,1007f453033681078f7ec8fe1d1254d10b4bdf92,2026-09-29T13:30:22.024Z,59da91a4-9e8c-4634-b2a0-77c150f6761e
2461,,,,,2124158.00,17591.91,,2026-05-17T00:00:00.000Z,,,7aeb067f9bf573a3cdfd37b7d658f97652239e07,2026-09-29T13:30:22.024Z,a3de2763-82ee-4238-9bcd-deb805d2d3ff
2462,,,,,1807994.00,30572.34,,2026-05-17T00:00:00.000Z,,,43b27c23f8f78d939e29cc6224251113f9d222f3,2026-09-29T13:30:22.024Z,59c1954e-a1c7-41ba-b627-b64a4ace8d6a
2463,,,,,540451.00,16907.28,,2026-05-17T00:00:00.000Z,,,e6716b84f23eb589f7c2373745f6f8cd8194acc8,2026-09-29T13:30:22.024Z,df6acd93-86ec-407a-be0a-b7121d54c635
2464,,,,,3643501.26,233056.80,,2026-05-17T00:00:00.000Z,,,30ba8f5a7425e66d086fb3db92f752e421c85b09,2026-09-29T13:30:22.024Z,cf1162c8-8aa3-4be2-80ac-8237eb375e92
2465,,,,,6525247.50,34199.43,,2026-05-17T00:00:00.000Z,,,c0fc33d23c764325e3e4eb00d3f99767f14699a1,2026-09-29T13:30:22.024Z,d9ad04b1-f5b0-42e1-ae90-3d156b27dee1
2466,,,,,1488494.88,48981.41,,2026-05-17T00:00:00.000Z,,,1480c37967b5fa6c01660ad762f2638afa8367c4,2026-09-29T13:30:22.024Z,8fb47e6f-d26f-4509-9aff-b0b20afb8a77
2467,,,,,76176.03,1758.82,,2026-05-17T00:00:00.000Z,,,c4d9ff57e9c21e9a75d6aa0b425f1d151d7ddfea,2026-09-29T13:30:22.024Z,21c1c5a3-a821-495d-b4d5-41b860d8f9d4
2470,,,,,2312991.73,236754.74,,2026-05-17T00:00:00.000Z,,,d4a156c82402e79276ff56970b9c2f581f54f9e9,2026-09-29T13:30:22.024Z,04d175a3-48f5-4fb2-8a91-17acd3f7f775
2471,,,,,93637.21,,,2026-05-17T00:00:00.000Z,,,5ee62659cdd0939fd5258d3a9483b3dc5e598240,2026-09-29T13:30:22.024Z,ac36dfb4-3096-4a63-ab57-d56e3b6c29f9
2472,,,,,1749609.61,,,2026-05-17T00:00:00.000Z,,,913d09a07eac366f6cd59298d87676cc9fbc5e81,2026-09-29T13:30:22.024Z,8e8f58d3-41d5-48c4-91a1-798b318b5e59
2473,,,,,710105.03,1477.86,,2026-05-17T00:00:00.000Z,,,65b7e433f451401b9d5b61b2822227aa8d31ba3f,2026-09-29T13:30:22.024Z,c9e57ba7-6145-42f6-b876-0211a3f4da15
2474,,,,,991618.00,2167.78,,2026-05-17T00:00:00.000Z,,,2737f646b9ec8d8c48d5dbb2d2f1a5de1f5dcfb8,2026-09-29T13:30:22.024Z,b8e4a177-2178-4b21-b568-cad340d4e2df
2475,,,,,207150.21,0.00,,2026-05-17T00:00:00.000Z,,,f7ca7cc39cd5b7faaad9fc7d0591a064e5412a94,2026-09-29T13:30:22.024Z,0bc38600-4069-4b50-9fd7-7f01e2de1a0a
2476,,,,,7674.38,,,2026-05-17T00:00:00.000Z,,,e74659604b42900f669ec2216ecad50916fd2a4c,2026-09-29T13:30:22.024Z,b407e1d4-695f-4ae6-8382-945b97b48fa9
2477,,,,,1456420.31,9786.29,,2026-05-17T00:00:00.000Z,,,a71e48f2b2560fcbf2292565d6be981831cf74f4,2026-09-29T13:30:22.024Z,83bbeece-9989-4174-ad62-6852a76fd14d
2478,,,,,286116.51,286116.51,,2026-05-17T00:00:00.000Z,,,f5690ab9eafe424d584dd621b5007498f09c625e,2026-09-29T13:30:22.024Z,a8eb467b-1c27-4566-80a5-961554cbf0e5
2479,,,,,117113.02,,,2026-05-17T00:00:00.000Z,,,77558165ab4a1390ef04d70c09e9a1b0d455dbf9,2026-09-29T13:30:22.024Z,9f32f7ab-f35b-45ec-88a7-eb449eef380b
2480,,,,,151657.52,,,2026-05-17T00:00:00.000Z,,,84fcd12f5e4c2250b4406a74b6c15559a08a0759,2026-09-29T13:30:22.024Z,86c69300-e55f-48e0-a6f6-e325447f1ee8
2481,,,,,71060.87,2845.55,,2026-05-17T00:00:00.000Z,,,14108f5cdec0762af6ca887087db1f38d036eb58,2026-09-29T13:30:22.024Z,751307ab-74f1-4b80-ac57-ddbbc6260bd4
2482,,,,,34326.00,,,2026-05-17T00:00:00.000Z,,,c5d3e53018efa466dce46cef96b62d4ac99bfce4,2026-09-29T13:30:22.024Z,74590aa2-7aaf-4ebb-82ef-f7ab262ad5a8
2483,,,,,646082.95,7887.06,,2026-05-17T00:00:00.000Z,,,0b19617f4edbc0a5abb242ea3e5f44c97b034cee,2026-09-29T13:30:22.024Z,bedd69c6-d881-422a-ae14-3ba9c1aaddb0
2484,,,,,428141.66,73282.51,,2026-05-17T00:00:00.000Z,,,a5ab8500af677d14972b342930f5c5a1095aa5bd,2026-09-29T13:30:22.024Z,78aee497-ce6f-4e61-9c35-f61a640478a2
2485,,,,,358381.26,3755.99,,2026-05-17T00:00:00.000Z,,,cdef2e03410badc26f7bd63e012351114ff134d9,2026-09-29T13:30:22.024Z,7b1d949c-fa8d-4ead-8559-d02a9148fd35
2486,,,,,62353.76,,,2026-05-17T00:00:00.000Z,,,c8b65767ad86a64b3fa75b4fac9caaaa3f0dc39b,2026-09-29T13:30:22.024Z,242bf863-25c7-4f09-9db2-45c7e340418d
2487,,,,,2760052.00,8771.79,,2026-05-17T00:00:00.000Z,,,a25abffafc11928650abc4458bf35f300239ce2f,2026-09-29T13:30:22.024Z,6d158a45-c4a2-4773-9d28-1ed27de02b3a
2488,,,,,2548113.66,23693.77,,2026-05-17T00:00:00.000Z,,,b7d987a2e7fe0301870ec850802990cf3c99a5f6,2026-09-29T13:30:22.024Z,e45d1caa-e8b0-4d2c-b32f-6679e58678e5
2489,,,,,3864.97,,,2026-05-17T00:00:00.000Z,,,60ff41dc7c7afe680a2c063494c7a71bdf2dc5e6,2026-09-29T13:30:22.024Z,f805b1fa-bc06-4f45-b038-1edf335deeae
2490,,,,,30550993.65,141997.56,,2026-05-17T00:00:00.000Z,,,9a8f5056c69b1bbccef8076242719da3aff42529,2026-09-29T13:30:22.024Z,c3c5512c-ca5f-4cea-88a7-687679629f7d
2491,,,,,962614.44,,,2026-05-17T00:00:00.000Z,,,6360633c64f52b9527e2a752d98a62bb6d3f8ba2,2026-09-29T13:30:22.024Z,9518aebe-a696-4f6c-a18c-b7c786e2c872
2492,,,,,763957.53,14032.87,,2026-05-17T00:00:00.000Z,,,d57fcb1b52208c7fe40fffd62cbf2eb148ad5b03,2026-09-29T13:30:22.024Z,3be958cb-8c6d-4cf1-90a9-eb3271099d04
2493,,,,,1430860.74,142342.17,,2026-05-17T00:00:00.000Z,,,732ecd8c8cd12f7592cfdb1e87c74fce2a400a5c,2026-09-29T13:30:22.024Z,c7ae8396-bf9b-4749-9f5e-bf0979e76bc6
2494,,,,,671846.61,38303.29,,2026-05-17T00:00:00.000Z,,,a1b7efe7080d23ed86bb5f7182fdefabb19c443b,2026-09-29T13:30:22.024Z,19415f2a-a552-49d9-95e1-b8b8be278092
2495,,,,,485259.54,272320.04,,2026-05-17T00:00:00.000Z,,,1bd32e83b32ac6f6380a999a4b5ba1649d78d9f3,2026-09-29T13:30:22.024Z,389f7e4d-d803-4c6b-981f-7a4a9802c2bb
2496,,,,,362624.55,,,2026-05-17T00:00:00.000Z,,,de2bb852b6434bb90116327dd85e7117d446fcb9,2026-09-29T13:30:22.024Z,8a76d95e-ac29-44ce-84ba-d213f553faff
2497,,,,,588180.32,158045.19,,2026-05-17T00:00:00.000Z,,,bd163e2a7038c265b8c92595c33367d9b379c70b,2026-09-29T13:30:22.024Z,c3bd3f9e-8d6f-46f8-8485-827f04cd5158
2498,,,,,458796.73,5841.16,,2026-05-17T00:00:00.000Z,,,2fad3f00fcbd990c530b21509c05e366814c869e,2026-09-29T13:30:22.024Z,6f71520e-3cea-40fb-b181-2694ce88b8f9
2499,,,,,13227.39,,,2026-05-17T00:00:00.000Z,,,c36e366ba23efcf957ce470a339f549c06b5af77,2026-09-29T13:30:22.024Z,b53535a8-cf19-408b-83aa-d2e813dfb9ee
2508,,,,,1499272.00,,,2026-05-17T00:00:00.000Z,,,b4520cf79bccfb27df48799e1c86cd5ae5f7f8b3,2026-09-29T13:30:22.024Z,f893f34d-b568-4104-9669-b44348a3e491
2509,,,,,0.00,0.00,,2026-05-17T00:00:00.000Z,,,b85215e5578fce6eaf1e8c85f031b5bcbc69bbd4,2026-09-29T13:30:22.024Z,62d69748-6268-4f45-b86e-98605a252275
2510,,,,,59932.91,13518.56,,2026-05-17T00:00:00.000Z,,,6e3dcc5d83014385cae0f34e343b0f72de044108,2026-09-29T13:30:22.024Z,6a21c3d2-ea3e-482a-bb15-71b96c9c3212
2511,,,,,68452.66,1569.84,,2026-05-17T00:00:00.000Z,,,be37b7027b808751b0cf0a81e8636c6ae75058ab,2026-09-29T13:30:22.024Z,620525be-7b1a-4335-9cdb-20688d1cf7c6
2513,,,,,45685.46,,,2026-05-17T00:00:00.000Z,,,0663fdd37ec3fed3bfb0e6992b3899af1bd74d2d,2026-09-29T13:30:22.024Z,d562de07-ce7c-41e2-bb4b-2907249df6f8
2514,,,,,519746.30,4663.75,,2026-05-17T00:00:00.000Z,,,26a2363f765a4fdca5ca1fb380e555ca7ac39cf5,2026-09-29T13:30:22.024Z,6025435c-819d-4abb-b468-a7293c25b7b6
2515,,,,,0.00,0.00,,2026-05-17T00:00:00.000Z,,,71632dfb901e221b7979f27d4eac06d5205e2c8a,2026-09-29T13:30:22.024Z,0e7bd73c-14bb-4a8f-8859-ee59e8c642d8
2516,,,,,4692754.00,51489.86,,2026-05-17T00:00:00.000Z,,,04c92226fcc2d2170780c4cd713abf859dd3fc08,2026-09-29T13:30:22.024Z,c85ddffa-3682-4a08-a733-cb231de52c3a
2517,,,,,4362222.00,39891.68,,2026-05-17T00:00:00.000Z,,,f31a2aab8f493f55ad9da722cf7b298a8f1e02c9,2026-09-29T13:30:22.024Z,7debd8ef-a387-4996-b2d2-6f46126c9e57
2518,,,,,283185.83,,,2026-05-17T00:00:00.000Z,,,1cc22d0c331dfe7eeed26f17d2996d292562694b,2026-09-29T13:30:22.024Z,ed673242-a1cf-4837-b8c1-c09d005c8999
2519,,,,,4517835.85,54242.09,,2026-05-17T00:00:00.000Z,,,e14b364db34505ffbafe422eb52158723f75b811,2026-09-29T13:30:22.024Z,f08d63a1-347d-470c-8434-1b9ee086882e
2520,,,,,102738.56,99770.10,,2026-05-17T00:00:00.000Z,,,98d1c13efd04c1d611c3bf379184ec105ec6a467,2026-09-29T13:30:22.024Z,bc984786-456c-4529-972b-a2b6683fbff3
2522,,,,,238140.00,,,2026-05-17T00:00:00.000Z,,,57e117f64ceb6ffb8aafe4fe9674c2b44b116f32,2026-09-29T13:30:22.024Z,50f7701d-fbf0-4e58-a6fe-5ae8d6a6075d
2523,,,,,251890.75,65575.70,,2026-05-17T00:00:00.000Z,,,c021f140cb985f5ea3a18949c0cfe21cf1cf023c,2026-09-29T13:30:22.024Z,5416d5a0-a1fd-4398-b612-2305a8c6e9a8
2524,,,,,770661.56,,,2026-05-17T00:00:00.000Z,,,e391ba0c53c83d5ee198fc4c205480c9576b6aab,2026-09-29T13:30:22.024Z,4049a161-f42a-4271-91b9-5a9a330bf1b4
2525,,,,,13799889.68,93122.68,,2026-05-17T00:00:00.000Z,,,c5f3342eec54a47d9d5ee6fde8ada85e268b6466,2026-09-29T13:30:22.024Z,7c19b32b-01af-49bd-8e0a-ece036f92e5f
2526,,,,,268179.98,,,2026-05-17T00:00:00.000Z,,,370ccdbe596f788fa3171f39d9fb8e8e052e7ab6,2026-09-29T13:30:22.024Z,8a688bde-ce10-4f2a-860f-3fc611182be9
2527,,,,,721938.56,15141.56,,2026-05-17T00:00:00.000Z,,,08ba15ea6954b5116e7c9d38d71d8296e1a3593b,2026-09-29T13:30:22.024Z,bcb9e54e-0257-41e8-827f-9237376520b7
2528,,,,,6772439.00,351137.95,,2026-05-17T00:00:00.000Z,,,be281913098c8ec0a74a3f1f663fd2f3b4b73bd8,2026-09-29T13:30:22.024Z,6d3e15c9-f5df-4975-b521-6c281114c6ad
2529,,,,,1564079.00,5462.79,,2026-05-17T00:00:00.000Z,,,622ba7ab7896bc07e5d22bb039bb57d42831ff64,2026-09-29T13:30:22.024Z,6837b4d0-a7c7-4876-809d-7b3cb631dad1
2530,,,,,56763.00,2817.77,,2026-05-17T00:00:00.000Z,,,36ae6aa8cc3e8a3c74c38f00b267964e7c07cad8,2026-09-29T13:30:22.024Z,2b2c33ed-7ac8-4870-aa85-e6b57fe91974
2531,,,,,13409.78,13409.78,,2026-05-17T00:00:00.000Z,,,3a69e9262cd9e94956f6695260da2efb09f2a3a4,2026-09-29T13:30:22.024Z,01a62a6b-f503-4b29-a8b0-ba9d8217482d
2532,,,,,137058.00,3361.85,,2026-05-17T00:00:00.000Z,,,53bc9d526150745139aaa0a0293ea0171aee3d46,2026-09-29T13:30:22.024Z,61016e9c-e9cb-451e-a579-81b73d8c043e
2533,,,,,2039409.00,10782.13,,2026-05-17T00:00:00.000Z,,,8ac800594b95c06447ae9fc5ea577b5970929393,2026-09-29T13:30:22.024Z,f5c5bf91-1021-43e0-b091-78e7fc2a093d
2534,,,,,3240462.00,162563.83,,2026-05-17T00:00:00.000Z,,,b292c2634d96b22d2b3c2861cdf66735e5ff8a43,2026-09-29T13:30:22.024Z,423a4da2-de47-4056-a304-e2255425ca4a
2535,,,,,1943675.73,160475.90,,2026-05-17T00:00:00.000Z,,,81004f74de1fcfc978c5e93e35bd3140df0aed3d,2026-09-29T13:30:22.024Z,e883a7cc-f648-42c6-a14f-06f26812f160
2536,,,,,232624.73,,,2026-05-17T00:00:00.000Z,,,f963d603bc532115b0e5e2b7dfe1bfc4ebaab38b,2026-09-29T13:30:22.024Z,40d45961-9cd0-4192-a61e-2ec0359e1bf7
2537,,,,,47179.51,1048.22,,2026-05-17T00:00:00.000Z,,,5dbfb50e22ac9f3a88c6f97e3df297c2c49461db,2026-09-29T13:30:22.024Z,a8d4bf1a-de4a-43d4-b594-c75c1c0f2a5c
2538,,,,,1051894.17,45316.42,,2026-05-17T00:00:00.000Z,,,fc273ec6ac25d813f59bb4121b01f96b3a49cbf3,2026-09-29T13:30:22.024Z,e881e17a-5d44-447b-ba65-c09703d71f51
2539,,,,,431758.39,1176.74,,2026-05-17T00:00:00.000Z,,,0ebdcdb02cb1e009aa80f56cb5085bfabb9f03eb,2026-09-29T13:30:22.024Z,78cfc666-66d7-45cf-af08-724024fb9851
2540,,,,,3488863.00,30643.20,,2026-05-17T00:00:00.000Z,,,c85eea5310653766b1de46d34e136f7137912ec2,2026-09-29T13:30:22.024Z,fcd5462c-536f-45bf-bf85-8b555a6ec2b2
2541,,,,,2602493.70,5248.58,,2026-05-17T00:00:00.000Z,,,ec63325a2482a0c52b4d4edc211a198f8de3d169,2026-09-29T13:30:22.024Z,38254c56-2f36-4441-9f79-7aa971e45d0a
2542,,,,,5991231.46,3325.77,,2026-05-17T00:00:00.000Z,,,14fb8e2477351b65981e0f38588b40c4f351e25a,2026-09-29T13:30:22.024Z,3a7e26bc-8873-4a8b-acee-c7fdded606dc
2543,,,,,3033966.29,18934.37,,2026-05-17T00:00:00.000Z,,,9d6da6a2fde44467a4fc2a5ec5a8db46772757fb,2026-09-29T13:30:22.024Z,2575ca4e-14ad-4be9-9196-ff3707f6795d
2544,,,,,5709197.00,73676.10,,2026-05-17T00:00:00.000Z,,,149e21210662ded955710744a2a68a326413d75e,2026-09-29T13:30:22.024Z,a6826619-dd1c-4709-97c3-1fd14740cf6d
2545,,,,,617178.15,11455.27,,2026-05-17T00:00:00.000Z,,,5af7db595b89451376ce3859001f20e811995778,2026-09-29T13:30:22.024Z,86e4b0fd-c99c-4ecd-b4b2-f105ba179e5b
2546,,,,,892685.29,2957.46,,2026-05-17T00:00:00.000Z,,,9bcf8d166843cd2434444453ca50c968a35fce4d,2026-09-29T13:30:22.024Z,6a9c768b-b494-4614-a3c9-469f808738f1
2547,,,,,10958294.00,80343.30,,2026-05-17T00:00:00.000Z,,,fa75d91ef85ec1f5ec7c2e35a59405beaf7007dd,2026-09-29T13:30:22.024Z,ee2d3fa8-abfa-4127-ad3b-911819865a09
2548,,,,,155355.00,3713.96,,2026-05-17T00:00:00.000Z,,,cf48336ad6e079ca0d5c17b15a975922c0bdcf8b,2026-09-29T13:30:22.024Z,cb17d968-f010-4098-8ca3-089dd963998f
2549,,,,,6063448.95,21808.04,,2026-05-17T00:00:00.000Z,,,680063adb01555eb1265dc0aff7797ade7e0e1a5,2026-09-29T13:30:22.024Z,c9b3f449-8abc-4295-9609-d9ec364e223b
2550,,,,,108563.59,,,2026-05-17T00:00:00.000Z,,,4a934b8195d2335dc755371724727fa86fec6481,2026-09-29T13:30:22.024Z,bd932778-3fd3-4818-a8c7-803505430816
2551,,,,,5321631.31,,,2026-05-17T00:00:00.000Z,,,331b7fee1b7afe5721ae0f67fc6e11740bacc9a8,2026-09-29T13:30:22.024Z,6a0ac227-8ae6-4989-a0c6-612fb3c00e31
2552,,,,,840197.00,14063.79,,2026-05-17T00:00:00.000Z,,,218d626d324bfae8984734bdea318c1c81cd2536,2026-09-29T13:30:22.024Z,462ea21f-e264-441a-8a3a-4efb943dece1
2553,,,,,1938924.00,26127.31,,2026-05-17T00:00:00.000Z,,,bb10dd2c4631fd7f527d535e71cfa92449ad0ad2,2026-09-29T13:30:22.024Z,b494c31f-a4bb-4c57-80ee-a5b847def7fc
2554,,,,,1785194.67,12853.82,,2026-05-17T00:00:00.000Z,,,daf7b0e2b767e8868b46ad8b0333cd6534ec7ee1,2026-09-29T13:30:22.024Z,da99f83c-a47c-4564-9ee1-1ec956471092
2555,,,,,2018946.00,16947.59,,2026-05-17T00:00:00.000Z,,,c7907e36824ccf7a0a51167123061e720ef5831e,2026-09-29T13:30:22.024Z,98079206-4810-4805-9441-e231f67248e8
2558,,,,,187479.36,,,2026-05-17T00:00:00.000Z,,,2d8fd1c99cdb5e5858f47dd7dc98deb48bc7c603,2026-09-29T13:30:22.024Z,10d3c913-abf2-410b-81cc-d7f6ef8d3929
2559,,,,,139843.79,,,2026-05-17T00:00:00.000Z,,,5e2ddcfcb67aee5896ab0b78739c242fa51ace4a,2026-09-29T13:30:22.024Z,9c294a71-8dfe-4151-ac8d-473d240d064d
2560,,,,,213773.41,,,2026-05-17T00:00:00.000Z,,,7e39f4ec37c95319dd2e2f7c251102359a7a0491,2026-09-29T13:30:22.024Z,d1693c28-ef17-482b-a768-0f94d92cdb67
2561,,,,,506548.12,94048.12,,2026-05-17T00:00:00.000Z,,,22e30f764fa5ee852ddcd082618aa5c0f1e55111,2026-09-29T13:30:22.024Z,15ea10a1-d737-4dfd-8d87-2047bbe02ec4
2562,,,,,538289.40,,,2026-05-17T00:00:00.000Z,,,09194cf31388e9321de7e0a30bb531ef4d373e9b,2026-09-29T13:30:22.024Z,3d72b8e4-726c-4cbd-800f-9ddc646f9422
2563,,,,,76008.85,11631.80,,2026-05-17T00:00:00.000Z,,,ee02f0e034b471e642259fa2323103f41af8a266,2026-09-29T13:30:22.024Z,5ff5f70e-a86d-4435-a5bf-3bbe68e675cc
2564,,,,,307796.38,,,2026-05-17T00:00:00.000Z,,,fa718ad729445c1ad87c6a4eb3f94916e6c8079d,2026-09-29T13:30:22.024Z,0cbae3ea-06d8-4eea-b5af-11b5b97de9ac
2565,,,,,428064.13,,,2026-05-17T00:00:00.000Z,,,4ed7425ced6971f92467fd246ad634bac44c2d18,2026-09-29T13:30:22.024Z,775aa5c3-feab-4ec3-a9a8-ebe4ada3f099
2566,,,,,1077283.80,7402.10,,2026-05-17T00:00:00.000Z,,,de994ccfda99274ddc9ed1bf8e7c2d6d8d7cfbf8,2026-09-29T13:30:22.024Z,4a5a9008-1f07-40a8-855c-2c42fa117d91
2567,,,,,168244.61,,,2026-05-17T00:00:00.000Z,,,a8b79d520676e17b002cd19ba6abdeaf6a79d405,2026-09-29T13:30:22.024Z,50aec626-c92e-4821-9c61-8d1e77a43f9d
2568,,,,,88114.07,,,2026-05-17T00:00:00.000Z,,,c160efbea78278faee578503a38d5adfd0ea52c3,2026-09-29T13:30:22.024Z,2f9114d5-bd33-49e6-b0de-42f0b54a38ce
2569,,,,,14231.10,1358.83,,2026-05-17T00:00:00.000Z,,,f4b1951ddba49d41fe72eea1ef10360cb705b39d,2026-09-29T13:30:22.024Z,80ae35c8-1f64-4c54-be3d-579a0e153854
2570,,,,,8644.57,4008.82,,2026-05-17T00:00:00.000Z,,,3668c4c5464dd95b0f404609da0eac49ee3894b9,2026-09-29T13:30:22.024Z,3efef7e1-e482-4d38-879a-0c53e30a35c8
2571,,,,,1071291.38,1542.23,,2026-05-17T00:00:00.000Z,,,70ecbe92cb2ee5ec80f67e9431a8cd115b373431,2026-09-29T13:30:22.024Z,a4e0d23a-87fe-4507-ba6b-a36fdb4b3b9a
2572,,,,,1061643.32,6943.57,,2026-05-17T00:00:00.000Z,,,82f740c4c30d56fd9195fefcb44b0fc0a2742a21,2026-09-29T13:30:22.024Z,21e8c26f-ccf9-4f9b-9c54-055b561dc2b3
2573,,,,,187071.69,5242.89,,2026-05-17T00:00:00.000Z,,,82d1d33300e69c42a0ed82c5722551a592803236,2026-09-29T13:30:22.024Z,018d0f22-f71a-4d52-a9fd-a553cf7ef6db
2574,,,,,152571.46,2403.19,,2026-05-17T00:00:00.000Z,,,439932739a7927144132f7c1b67da05b97a8d0df,2026-09-29T13:30:22.024Z,524fe875-1636-4693-a904-aacafe4920df
2575,,,,,3986571.64,109447.61,,2026-05-17T00:00:00.000Z,,,7993869e59c337f7517ca526bfb0655bf2ed8039,2026-09-29T13:30:22.024Z,32b53cd7-f574-4dc5-8db5-588bbbd9e0af
2576,,,,,141511.94,,,2026-05-17T00:00:00.000Z,,,022d0cdc036136b3ccd40f0d43c6001e1dfe0559,2026-09-29T13:30:22.024Z,b6238264-2685-4399-95eb-c41f32790216
2578,,,,,93267.74,,,2026-05-17T00:00:00.000Z,,,cfe6fb39b46bf4c706265f9e83180d8f559dd91a,2026-09-29T13:30:22.024Z,ecf8d4cf-9dbd-4a3a-a280-91c93efc28f7
2579,,,,,3906217.67,68670.58,,2026-05-17T00:00:00.000Z,,,5bbc01bce2c954e0eb0b1b423e9144094bbb6b93,2026-09-29T13:30:22.024Z,e9d71d38-f277-4c30-b839-600ef8694244
2580,,,,,3012422.79,38947.00,,2026-05-17T00:00:00.000Z,,,9379f04b86d29586c7040d6fd29585f8e51a568e,2026-09-29T13:30:22.024Z,0ff12d48-8b03-460c-a463-a19cfe9e471b
2581,,,,,437362.93,,,2026-05-17T00:00:00.000Z,,,5ade404d7c4fb75dd0163c179d0afce7d5b83b3c,2026-09-29T13:30:22.024Z,e132b479-121a-4a3b-b8e3-3694bb9dd661
2582,,,,,176293.00,,,2026-05-17T00:00:00.000Z,,,168378664c0836ef3c20ebba93d00b4fbfa1a0cf,2026-09-29T13:30:22.024Z,55260c4d-b5bb-4241-8965-6791d08f05ed
2583,,,,,14842645.00,482316.22,,2026-05-17T00:00:00.000Z,,,6da22fad4fe15bc8d71ec055079552821555abc3,2026-09-29T13:30:22.024Z,9200ec85-2e75-409c-be04-75ed6edd2a70
2584,,,,,781829.00,28759.59,,2026-05-17T00:00:00.000Z,,,fb4dd21e56d2fa05bb8d65abb082a6492e8f15db,2026-09-29T13:30:22.024Z,1be69770-bce6-46a9-900c-193988289ff9
2585,,,,,2556527.00,,,2026-05-17T00:00:00.000Z,,,df8a4299b655ed02b35b672ee8c34d819d522568,2026-09-29T13:30:22.024Z,2b90b278-90c7-4d72-9450-402e428c7c1d
2586,,,,,3351326.34,22664.96,,2026-05-17T00:00:00.000Z,,,6d105871b117e9e8bdd25f7d2da16e286c7c44f6,2026-09-29T13:30:22.024Z,a3911116-2564-436e-9297-53b1ec4fc609
2587,,,,,55425.80,,,2026-05-17T00:00:00.000Z,,,e36ba9a611401b6e0c2fbcb608ac927e9d54178d,2026-09-29T13:30:22.024Z,91d06e9e-4d99-4c0b-a849-6d5df5c14bb6
2588,,,,,49093.06,,,2026-05-17T00:00:00.000Z,,,e457a68b457a255a329fae082066f4b96d12444c,2026-09-29T13:30:22.024Z,41386131-4152-44be-9e88-a4eefa59ff90
2589,,,,,33043.83,,,2026-05-17T00:00:00.000Z,,,ae95438dda29fca611d009e1948780b98337f541,2026-09-29T13:30:22.024Z,e1fcc68f-cf20-47e7-8a1b-328bb5b4f6ef
2590,,,,,54544.44,,,2026-05-17T00:00:00.000Z,,,05449d8cbe44d61f06b967b5e939425391f1acf2,2026-09-29T13:30:22.024Z,f29838a1-6b44-4b39-bfc6-4824364a0743
2592,,,,,62705.97,,,2026-05-17T00:00:00.000Z,,,49a7d3be950b42ce9ccdbcd129abfba35e70072b,2026-09-29T13:30:22.024Z,dbcb22b3-ddf0-425a-a1f4-1206e827c49a
2594,,,,,66656.63,,,2026-05-17T00:00:00.000Z,,,8719abee22bfe7b4dc2af448244103f0d98cce32,2026-09-29T13:30:22.024Z,4528c500-6462-4f99-b4fc-b3465825454c
2595,,,,,54624.25,,,2026-05-17T00:00:00.000Z,,,221231e0eb237d5ecca15685ce2c25a26efe795f,2026-09-29T13:30:22.024Z,f0d72ab9-7347-42e5-90b5-b28c90e9dfaf
2600,,,,,107390.27,,,2026-05-17T00:00:00.000Z,,,7a9dde66f45a4e25a45efe366b227b4b70681edf,2026-09-29T13:30:22.024Z,232eeea7-242c-42c7-8e94-0998bd203bef
2613,,,,,86787.54,7695.64,,2026-05-17T00:00:00.000Z,,,7c56c4fd79160b625d2d697e405f04ffdb295043,2026-09-29T13:30:22.024Z,51989d7b-7b29-4445-a51c-90c2aae99f42
2631,,,,,262646.56,,,2026-05-17T00:00:00.000Z,,,bc89e8414640b744df34bd2d8c107f818c75cd1f,2026-09-29T13:30:22.024Z,29cea857-f6db-4b18-b4b9-bb30a159d061
2633,,,,,750.00,,,2026-05-17T00:00:00.000Z,,,1cdf539c2bb3b7bfae760eae7219c79a8a568a0f,2026-09-29T13:30:22.024Z,5727916d-1eba-4c56-85f4-6ecda3b00cd6
2634,,,,,9851.58,,,2026-05-17T00:00:00.000Z,,,407ae32371ced82701bf99368002dcf3cd655e7a,2026-09-29T13:30:22.024Z,cb476da1-c2c2-4bb6-b157-f77337fc6f55
2635,,,,,13811.89,,,2026-05-17T00:00:00.000Z,,,83b95047ea4400855bd1d93a88e8bece1983fc09,2026-09-29T13:30:22.024Z,45043057-9fef-43a2-b7ef-b20726ca9054
2636,,,,,2406368.89,,,2026-05-17T00:00:00.000Z,,,2dcd920deead5cb8949fff397632eb17643c6a6c,2026-09-29T13:30:22.024Z,359774e4-456b-40d7-ad65-a28cd6eb5d35
2638,,,,,1882678.75,,,2026-05-17T00:00:00.000Z,,,780855243d1982779ea90e48e40fedf53ae99763,2026-09-29T13:30:22.024Z,09c353d2-b8b8-4790-a0e9-d69360b8159b
2639,,,,,3338.02,,,2026-05-17T00:00:00.000Z,,,3eb721c5d7b5874f3b93bc94193f976a32caf762,2026-09-29T13:30:22.024Z,ffae633c-ea79-4c45-a153-c18cb6c9b08d
2640,,,,,65775.53,,,2026-05-17T00:00:00.000Z,,,315b44ddf5f9923fc1ed2e93cea803592a3befca,2026-09-29T13:30:22.024Z,0272f680-0e18-4640-8e45-5bf0fd569f49
2641,,,,,4729509.25,92513.15,,2026-05-17T00:00:00.000Z,,,91f70a86e80f1ac8ca10bd8d2e3c0f95a89ac85f,2026-09-29T13:30:22.024Z,7ad9313a-317c-4f8c-9c4e-6b372b9fb1af
2642,,,,,36241.71,36241.71,,2026-05-17T00:00:00.000Z,,,f90f6842fdfeb762d994dd65ed8c49c7a5992e9e,2026-09-29T13:30:22.024Z,7e95d0ba-345e-49c9-872e-10d211e41d9a
2643,,,,,135566.78,47464.50,,2026-05-17T00:00:00.000Z,,,b7ba1a62818654c461548de9e2432241c20eb919,2026-09-29T13:30:22.024Z,4fb4b3be-1c79-4dc5-b8a5-4a601d08f459
2644,,,,,113353.05,,,2026-05-17T00:00:00.000Z,,,240ba0f8c2f5e30d8f6b9933a4798ea135143a82,2026-09-29T13:30:22.024Z,eb1947d5-df3d-4779-8181-bfcf8fa9530a
2645,,,,,658092.61,81790.07,,2026-05-17T00:00:00.000Z,,,c3105bae40fcaf5cc84cf65f614cbc3ec0b2cbdb,2026-09-29T13:30:22.024Z,09c6b194-3ee5-4527-bf6d-032d0c32e04d
2646,,,,,2537766.32,,,2026-05-17T00:00:00.000Z,,,d8ddce3525c9f1412a4ad837342eaf7e15d2ecd1,2026-09-29T13:30:22.024Z,44b79796-e2a9-468d-851c-df7a746962fc
2647,,,,,2718247.83,,,2026-05-17T00:00:00.000Z,,,40c0c40dfd4ebf568697676e570eb0670a014b35,2026-09-29T13:30:22.024Z,51ba6373-f3e6-4094-9aa7-81d6df904f38
2648,,,,,898981.85,,,2026-05-17T00:00:00.000Z,,,09a348911362583121eafd5cbf21d08bcff3fb54,2026-09-29T13:30:22.024Z,138cc0f3-52a4-4257-ab2b-c5ce029d88c2
2649,,,,,22897.85,,,2026-05-17T00:00:00.000Z,,,6bcd1ab86caa57377a5e3c97463254143949ddde,2026-09-29T13:30:22.024Z,3d91f6ab-0162-47d7-997d-90e53e5de173
2650,,,,,106767.30,,,2026-05-17T00:00:00.000Z,,,e7e5f46fe14288ddf8e6967ca3f7db666d17916d,2026-09-29T13:30:22.024Z,9c7023fa-26f6-40e3-bc53-e53e797d4175
2651,,,,,53470.80,,,2026-05-17T00:00:00.000Z,,,67e2829be3a6502af4dd8175c827a0e120f00414,2026-09-29T13:30:22.024Z,46cd1121-2bd7-4f50-b585-82b4638ade16
2652,,,,,594272.15,3425.43,,2026-05-17T00:00:00.000Z,,,a2f4ef56433b84c4c0772fcb5edb12f28f872196,2026-09-29T13:30:22.024Z,a4ec49c7-4101-4ea4-83df-7c61495edf6f
2653,,,,,9259793.99,225314.53,,2026-05-17T00:00:00.000Z,,,f8d984a9a09c082bacf85a66df4f7816b57bf323,2026-09-29T13:30:22.024Z,447ffd00-9c9c-4839-816b-cf4568592f0a
2654,,,,,3098322.57,,,2026-05-17T00:00:00.000Z,,,65beec2b44f71496466f01c8f2529fc71ac487a0,2026-09-29T13:30:22.024Z,716272b5-c6f5-41d2-83b7-1b02e5b3503f
2655,,,,,345269.68,,,2026-05-17T00:00:00.000Z,,,dc580ad4c2f1e2d50af9bf9480ef5ee31845c2e6,2026-09-29T13:30:22.024Z,9a2a95a8-feeb-41cd-a3cc-9539b35229e9
2656,,,,,1591350.00,102231.30,,2026-05-17T00:00:00.000Z,,,08a3df16f3d8ee7dbcbf4c1ad5fa31d547e9a877,2026-09-29T13:30:22.024Z,1cfabdfb-1fb4-48af-9e9f-a34eae170fa6
2657,,,,,988301.75,25690.98,,2026-05-17T00:00:00.000Z,,,c08db2a552cd8291694acfdfe67c26fe6459fc8e,2026-09-29T13:30:22.024Z,a2780060-3ed9-4a3d-81e5-b5a1ba77cccd
2658,,,,,1543488.86,6596.89,,2026-05-17T00:00:00.000Z,,,7f7a18478522e2fbbbb843e9f0628ee20e0cf870,2026-09-29T13:30:22.024Z,e20ef4a8-8870-4dc2-b85b-61a38a25e21b
4703,,,,,,,,,,0.00,edf0abf3addb284c2fe5d82ab6df498dc073813d,2026-08-18T14:38:03.602Z,a0a747b0-8755-439d-980f-2681b02bd1f5
2659,,,,,1511559.54,97702.97,,2026-05-17T00:00:00.000Z,,,fbab262894f3946652f2e0fc9e2580f731d9910f,2026-09-29T13:30:22.024Z,c4256476-c297-4400-831a-ccba632160c5
2660,,,,,1418573.71,,,2026-05-17T00:00:00.000Z,,,178fa93cbe19fbe644bdd7a2ca08a11093f2c65a,2026-09-29T13:30:22.024Z,bf97ade4-2b3e-4d19-96de-657163d31f44
2661,,,,,1773269.52,,,2026-05-17T00:00:00.000Z,,,839203e4128d082381582d876b59899bd4605eec,2026-09-29T13:30:22.024Z,1e52c872-4231-4a7e-8a54-6b7d09c1880d
2662,,,,,2376105.76,12166.85,,2026-05-17T00:00:00.000Z,,,3aca3be2e42c978d8b6ab4dd29a299e0e73f3abe,2026-09-29T13:30:22.024Z,4881dcac-e0aa-445d-b70d-be668c4ba21f
2663,,,,,619658.59,7371.46,,2026-05-17T00:00:00.000Z,,,647bfa36d4c77a82a6a9eee91ac009576482c72e,2026-09-29T13:30:22.024Z,67df4c42-252c-401f-9acf-4a1b663fe89f
2664,,,,,498799.41,,,2026-05-17T00:00:00.000Z,,,e9f126efda6da3c6bc3d8f5cdbea43b6d90af0f0,2026-09-29T13:30:22.024Z,467ee4f3-86d1-43c8-b7a8-8e4d6f9ce4a4
2665,,,,,2371710.41,,,2026-05-17T00:00:00.000Z,,,68176fd7c9fb624d8483656d199fbf3c587febeb,2026-09-29T13:30:22.024Z,f7e7483e-679c-453b-972e-1ef45088dfd6
2666,,,,,177499.59,,,2026-05-17T00:00:00.000Z,,,8a97a5aa3944271b930e882e83bb16eba580f9fa,2026-09-29T13:30:22.024Z,80e2badc-59e9-44fd-9b0f-317bcffd949d
2667,,,,,1154485.44,,,2026-05-17T00:00:00.000Z,,,9c06ef19c1d103c0b5b3876155f6bae35e1e1a7e,2026-09-29T13:30:22.024Z,03d8a336-35c3-4eed-8526-b86437e32eef
2668,,,,,6979271.97,151938.67,,2026-05-17T00:00:00.000Z,,,5fc11f79e83a4a40b3504bb5f5b187b1547e2a08,2026-09-29T13:30:22.024Z,b70ca0cb-b17e-4de3-926d-40d2c4e6e3e7
2669,,,,,770747.48,14433.68,,2026-05-17T00:00:00.000Z,,,b7769886c13967db17ed67bcae255860d303085d,2026-09-29T13:30:22.024Z,1ee77479-469f-43a4-8a79-162e75a9ac6f
2670,,,,,582428.57,,,2026-05-17T00:00:00.000Z,,,3101feecf342b86c560da26a9fce8941e12252ed,2026-09-29T13:30:22.024Z,30ad0022-41f7-4446-9e3f-42c5267b789b
2671,,,,,6243071.54,34976.38,,2026-05-17T00:00:00.000Z,,,735710faa0c73642936394670eb15e02c4259abb,2026-09-29T13:30:22.024Z,4dd57301-b276-4765-9466-e7dc9dc2b5ff
2672,,,,,239091.04,,,2026-05-17T00:00:00.000Z,,,b2654a481120a83b8efcac3d48cecccf20eaab39,2026-09-29T13:30:22.024Z,cc212898-8e4f-4809-a324-d7e16d2cff3c
2673,,,,,440667.37,7838.48,,2026-05-17T00:00:00.000Z,,,8f7a90fdc9161457c31257e28dacf5e6acb079c7,2026-09-29T13:30:22.024Z,da343050-14c9-4856-8ec5-8f3ff6f739b4
2674,,,,,80510.28,2673.23,,2026-05-17T00:00:00.000Z,,,352c97064884b12e98cbca3b7931318926b9b27c,2026-09-29T13:30:22.024Z,e2b4bbca-d49c-428b-b448-d23ccda80e78
2675,,,,,3584.55,,,2026-05-17T00:00:00.000Z,,,56feb500b28d42e386d509544a9468dce3643dfc,2026-09-29T13:30:22.024Z,be8417ce-6dbd-429a-8e08-0136f23711c1
2676,,,,,236644.00,2875.55,,2026-05-17T00:00:00.000Z,,,fd90dea7bb900067acec6cc855259048b60fb502,2026-09-29T13:30:22.024Z,5a338c97-d667-4f21-874f-f4c5493baa39
2677,,,,,1537959.00,144237.36,,2026-05-17T00:00:00.000Z,,,12aab8218fdb87488d7e4477416f6506fa144d03,2026-09-29T13:30:22.024Z,c0f0e721-c441-4abf-ad3b-36530e060ce4
2678,,,,,8312749.56,364617.67,,2026-05-17T00:00:00.000Z,,,be857416e8a8025101308da6c3d24b4a87820545,2026-09-29T13:30:22.024Z,b6ccc19a-79b4-4222-ab52-168151af00cf
2679,,,,,20431.52,,,2026-05-17T00:00:00.000Z,,,27910a295b2e5f467ca1641c7d413da0c0aab403,2026-09-29T13:30:22.024Z,fa645cbc-9def-4d17-9c2d-f836c3733a03
2680,,,,,6432.11,,,2026-05-17T00:00:00.000Z,,,8eff308331f20b4cec82a895fdeeb0fc20c256f2,2026-09-29T13:30:22.024Z,5ad394a7-66d9-40c3-ba35-44f49fdf21f2
2681,,,,,1153198.47,79387.80,,2026-05-17T00:00:00.000Z,,,6a477b387e53ca2e56b63f8a98108b7fb6316d15,2026-09-29T13:30:22.024Z,00601643-6d71-43b4-9863-fd2f83b0c769
2682,,,,,89839.23,,,2026-05-17T00:00:00.000Z,,,3de5f26dc5003fe148a94698900ebbea11f1e48e,2026-09-29T13:30:22.024Z,d0d3f2e6-44d3-4122-971e-a9a4ec9b22c0
2683,,,,,2018598.83,103132.29,,2026-05-17T00:00:00.000Z,,,36d38d79bdd1588fd16d712b8a20ad2a4b17425b,2026-09-29T13:30:22.024Z,3d30deb6-b378-418f-8e49-d46e1a3115d9
2684,,,,,162574.07,162574.07,,2026-05-17T00:00:00.000Z,,,19e6005bea5abd4c52b703398b35c63a542d78df,2026-09-29T13:30:22.024Z,7ed86605-e7f5-4bae-96b7-dae585ebefbe
2685,,,,,19179060.64,5956286.55,,2026-05-17T00:00:00.000Z,,,53a5206bc2e13a193a5880207612075b4594c748,2026-09-29T13:30:22.024Z,d03ee9d7-9f43-4c9b-a041-e1da7cb05c3e
2686,,,,,1333559.35,165469.13,,2026-05-17T00:00:00.000Z,,,2a134f0d364e82d7a5e963666f7324aa7b487c96,2026-09-29T13:30:22.024Z,1e02a7ce-8111-48a4-a8a7-239530ec1406
2687,,,,,4883323.68,4883323.68,,2026-05-17T00:00:00.000Z,,,72bb7c9e0dbb3d4c8275fc792f0c8482bf3aa787,2026-09-29T13:30:22.024Z,d356cb0c-6136-4b96-9e24-eb45b234b2c1
2688,,,,,1228860.77,274544.17,,2026-05-17T00:00:00.000Z,,,7015736b14dbe7949f3490e67e40243237e50db3,2026-09-29T13:30:22.024Z,cc7a9677-e32d-4733-a32f-416eb43ba4c0
2689,,,,,13792363.24,13792363.24,,2026-05-17T00:00:00.000Z,,,3b5fed14265634cf063e452bce240d526d8566ef,2026-09-29T13:30:22.024Z,4e2b4947-94fb-4ef9-bbaf-b075df7eeadd
2690,,,,,1079834.92,1079834.92,,2026-05-17T00:00:00.000Z,,,189436083a7e58d17c57640a3108cbac3badbfd8,2026-09-29T13:30:22.024Z,5ac24bba-a43f-4b4c-8024-da43820d5bca
2691,,,,,1216511.92,185593.25,,2026-05-17T00:00:00.000Z,,,13ecc33828d95fd30b38ced9b7c46b6f354ca6a2,2026-09-29T13:30:22.024Z,d4b1a913-b2a7-47ab-bfe2-81c365563185
2692,,,,,2004861.40,2004861.40,,2026-05-17T00:00:00.000Z,,,f9f028d90a4c147f64be892bcadd08481283d0d9,2026-09-29T13:30:22.024Z,c365223f-e529-4847-9738-ade91223cbd6
2693,,,,,3513567.09,646395.10,,2026-05-17T00:00:00.000Z,,,cb0b0870a87cbe1fdc911fe1ee359d4553f7cc8b,2026-09-29T13:30:22.024Z,d9e6cfae-53aa-4f62-8ff5-feb5e7928d62
2694,,,,,1625345.68,163897.61,,2026-05-17T00:00:00.000Z,,,28eb1966d0747180ebd4a53cd070f5720859c4f2,2026-09-29T13:30:22.024Z,97f298b8-9056-42b8-a7ba-aeef62f39bbf
2696,,,,,637475.79,637475.79,,2026-05-17T00:00:00.000Z,,,e4cc7b0d0126540ce49c739792d5fccb9681e322,2026-09-29T13:30:22.024Z,76434cee-bcdb-470c-beae-a93bac80ad85
2697,,,,,80752.71,7903.09,,2026-05-17T00:00:00.000Z,,,51aafe20459b0593b53c1c8db8321e54defa2cc8,2026-09-29T13:30:22.024Z,50c9f6e3-3317-4218-a47c-1cbf885c0354
2698,,,,,472378.63,5725.40,,2026-05-17T00:00:00.000Z,,,d5fe2377b7d9f667d8a7172e7a21cb3a99ac9d49,2026-09-29T13:30:22.024Z,807bd516-0887-4ac4-a7a9-e025e81133c3
2699,,,,,3501238.04,4440.83,,2026-05-17T00:00:00.000Z,,,010f096abf419326c196d308ba190dd10afe4cc0,2026-09-29T13:30:22.024Z,46a3dea9-9806-4d8c-9a77-3b25f75823a3
2700,,,,,710751.98,440843.32,,2026-05-17T00:00:00.000Z,,,e0f213b818b19a18cd50637d0200558fe7743dbe,2026-09-29T13:30:22.024Z,1a9992d4-a813-4d95-a678-753454996e33
2701,,,,,269310.94,21996.03,,2026-05-17T00:00:00.000Z,,,ac89dae5754054a209f6d1ac1fa22c77ca0960e6,2026-09-29T13:30:22.024Z,90a9ca96-5e24-4706-9c90-090253f87475
2702,,,,,133037.28,,,2026-05-17T00:00:00.000Z,,,3602d964778b8c727783e0ee694b4057c674a2ea,2026-09-29T13:30:22.024Z,622fc9cc-8bc5-4867-ad3d-75716fb8ff3e
2703,,,,,94178.25,,,2026-05-17T00:00:00.000Z,,,20cf8604da563cd32bc60f664945058ad79526e6,2026-09-29T13:30:22.024Z,9f667d3d-02cd-41ab-82f1-4c57e671170d
2704,,,,,27045.70,1929.59,,2026-05-17T00:00:00.000Z,,,963d8f7ed9387c989957730f6f402b64260c3934,2026-09-29T13:30:22.024Z,91392c50-b1c5-42fa-9848-7b153278df2d
2705,,,,,83718.03,,,2026-05-17T00:00:00.000Z,,,62b572cd8753c1533dd5088084d177593b8bb4b3,2026-09-29T13:30:22.024Z,1146429f-bd96-431d-acde-7bd27b4a3994
2706,,,,,564692.63,62825.97,,2026-05-17T00:00:00.000Z,,,c46ffc02e67c085153773e3b651aee2e005a3b7e,2026-09-29T13:30:22.024Z,b0d722cd-24af-4c95-88c0-4c67e2d595fa
2707,,,,,1137113.61,,,2026-05-17T00:00:00.000Z,,,f28efadf6eebabb337a68fdd77788e04c5892317,2026-09-29T13:30:22.024Z,7daf55f6-cca6-4113-88b5-e1cedf425173
2708,,,,,387864.37,,,2026-05-17T00:00:00.000Z,,,d0796d70ec7af746ec34830a1c4d3219f5ad47a7,2026-09-29T13:30:22.024Z,908adc14-410b-448f-82ba-76d81da19201
2710,,,,,1953897.04,24985.40,,2026-05-17T00:00:00.000Z,,,1c0744beacdd50fc4727c464ab0b2c1c3abb2175,2026-09-29T13:30:22.024Z,e2cd4491-a04e-4da0-bb8a-e17703111622
2711,,,,,1104733.00,1560.54,,2026-05-17T00:00:00.000Z,,,3771f260b034d8e3c66adedd2c160a6870fccffb,2026-09-29T13:30:22.024Z,ceb9f2bd-bbca-4176-91d6-ac01d17851eb
2712,,,,,246723.76,10108.10,,2026-05-17T00:00:00.000Z,,,d72093472005235b346da0b9f132129470047441,2026-09-29T13:30:22.024Z,3624f557-0a74-45a1-9a5a-e33a936278e0
2713,,,,,787557.07,17698.20,,2026-05-17T00:00:00.000Z,,,80bb15c1bf6355ad9def4f8c4134b8799e8ee960,2026-09-29T13:30:22.024Z,100ec864-476d-407a-9b83-da4402ab3fc9
2714,,,,,1115187.66,1656.73,,2026-05-17T00:00:00.000Z,,,e6b9b4443c959d14155c51a19e87c429f5ec071c,2026-09-29T13:30:22.024Z,92289a57-ecf9-4bde-80cd-ec4e0ca81bab
2715,,,,,1374650.98,,,2026-05-17T00:00:00.000Z,,,9e253798f7bcf411fe2ab5b3bba05b0b2ce017a8,2026-09-29T13:30:22.024Z,7bd85574-00cb-4260-91c1-b8afc8629de3
2716,,,,,387966.83,,,2026-05-17T00:00:00.000Z,,,a1f95d2d181c6540e6e3622c8b3a2ea400f9c952,2026-09-29T13:30:22.024Z,661f8bf6-5a2e-4b05-9304-4782df59dc92
2717,,,,,231202.76,,,2026-05-17T00:00:00.000Z,,,bdfe07fa1cb9fa611dde56a009b7979576d1f1b7,2026-09-29T13:30:22.024Z,3f998320-ed72-4d2e-99de-d5a6c5a2679a
2718,,,,,18333090.05,380850.42,,2026-05-17T00:00:00.000Z,,,a1584f6c724c9f19c251587cd146d81bac237329,2026-09-29T13:30:22.024Z,95ec276f-4382-4bbe-b566-e167c01f132a
2719,,,,,919183.24,,,2026-05-17T00:00:00.000Z,,,21300f4c21d45c7276785ac278df62032bdb738c,2026-09-29T13:30:22.024Z,9f3da628-db67-459b-8d14-8c067c77aedd
2720,,,,,481672.45,5054.64,,2026-05-17T00:00:00.000Z,,,9a76553b7aa941863e6b59b0b69d13700413384a,2026-09-29T13:30:22.024Z,813a6a8b-75a9-415a-854d-f629c5dab4f8
2721,,,,,4683929.84,148215.60,,2026-05-17T00:00:00.000Z,,,5c9df141ca1fcbc26a29a47220089b46de2627f3,2026-09-29T13:30:22.024Z,8e3262c8-982b-4b18-aae0-80f2dcedb185
2722,,,,,83628.49,1436.58,,2026-05-17T00:00:00.000Z,,,350fe2d6d682d281bbc040730d765f6ac964f2c1,2026-09-29T13:30:22.024Z,265a93bf-a989-4bd6-b8b1-096868f08273
2723,,,,,0.00,,,2026-05-17T00:00:00.000Z,,,95f5f06ed72a6f99842f2156bb58db63c78d2bf2,2026-09-29T13:30:22.024Z,dbb6a954-cf96-49f0-bde3-7bad41474656
2724,,,,,1978366.88,194950.43,,2026-05-17T00:00:00.000Z,,,5422449b1f36d0db0b61295b27f0cfbebad52758,2026-09-29T13:30:22.024Z,15e045e9-cbb2-4f90-81c5-3f582da7c01d
2725,,,,,5539.53,2076.53,,2026-05-17T00:00:00.000Z,,,9f9717090935a465423b9497d51e167e9d099054,2026-09-29T13:30:22.024Z,5aa790d1-364f-4544-8a7f-2fca9aa41a37
2726,,,,,119765.79,1525.43,,2026-05-17T00:00:00.000Z,,,3eef01a7e859c61d0b95883757885d0f2f049847,2026-09-29T13:30:22.024Z,db5c7c54-a209-4531-8a8a-e646dfbe4e07
2727,,,,,825529.81,18011.08,,2026-05-17T00:00:00.000Z,,,e49cc1920c4cee5147750de15c1a331d269bd59f,2026-09-29T13:30:22.024Z,d4b77806-8efc-4e06-b4ae-7a1a9bb6ac6a
2728,,,,,3705037.74,207727.44,,2026-05-17T00:00:00.000Z,,,85a13a11168b6f57b70b72ad2b12dbe612815c9c,2026-09-29T13:30:22.024Z,96a0ecf2-2ad3-4fce-8c22-682dd231c613
2729,,,,,3269576.83,172129.27,,2026-05-17T00:00:00.000Z,,,5cdbcec620d0497cb0a72f725d332d511f24d50b,2026-09-29T13:30:22.024Z,8db391a3-33b6-4902-a659-045c886b4feb
2731,,,,,390948.83,5060.09,,2026-05-17T00:00:00.000Z,,,89cafc08b041474cb68de2dd54da07b3031d5f90,2026-09-29T13:30:22.024Z,31f92ca7-15e8-4172-abea-46b50e0f028d
2740,,,,,237638.12,2302.94,,2026-05-17T00:00:00.000Z,,,4fd51c3e3d5eb8b95404ab592fdd25b6055c90b0,2026-09-29T13:30:22.024Z,2fe49752-3d85-48c1-aaed-823df9ea6497
2741,,,,,58525.77,,,2026-05-17T00:00:00.000Z,,,a59d2cbb1238d80aa8b76c1250ba17ac27f7c26d,2026-09-29T13:30:22.024Z,db514250-e9d8-4641-8fdb-9b7d46a589ab
2742,,,,,728769.26,,,2026-05-17T00:00:00.000Z,,,e9c908a06a2e6a0bf0c04d60a9ba51f36cb1b66a,2026-09-29T13:30:22.024Z,c19935fb-c575-4eaf-8967-5016571a8907
2743,,,,,324663.60,,,2026-05-17T00:00:00.000Z,,,39e85510877e41a21ef356b99646a4deeb7de153,2026-09-29T13:30:22.024Z,b7790cbc-81ad-4d69-b831-d70119b10c4e
2744,,,,,729435.27,,,2026-05-17T00:00:00.000Z,,,453176eb8fa9f7e8d9bebec01cfe882729a53a1f,2026-09-29T13:30:22.024Z,f00a4262-8b46-499c-b958-c45a3446e6e2
2745,,,,,36654.85,,,2026-05-17T00:00:00.000Z,,,1371803a7b321e578f578f8931e142a88e544329,2026-09-29T13:30:22.024Z,180dcd8a-b2d7-4cd8-a5d1-7b5513c3ae66
2746,,,,,0.00,,,2026-05-17T00:00:00.000Z,,,d8d61171ad7aa85820016339f6a1650b59285667,2026-09-29T13:30:22.024Z,28da5610-b3b5-4946-9f37-63264191f8ba
2747,,,,,65863.96,,,2026-05-17T00:00:00.000Z,,,76f5e523b3dd9fdbb8b26accd16d6810af9b6c7c,2026-09-29T13:30:22.024Z,8f923868-3c05-4129-9660-ec96bc60e46d
2748,,,,,1046537.88,,,2026-05-17T00:00:00.000Z,,,3f5cccb0d5343f17e1266456455f38dfae414cdf,2026-09-29T13:30:22.024Z,f8e7c3d7-0b26-4f03-bb33-0472e06a19bd
2749,,,,,5698.56,,,2026-05-17T00:00:00.000Z,,,e360a94fdf2b31f1dd0721880c49be00a8af3767,2026-09-29T13:30:22.024Z,3db92d28-f806-4a8e-8993-176314e66231
2750,,,,,16699.86,,,2026-05-17T00:00:00.000Z,,,ad2d2775ede3912f305dfe3e6f8a800e8bbbffc8,2026-09-29T13:30:22.024Z,8feab2a8-cc63-46fd-b675-6ee94254520c
2751,,,,,5099.94,,,2026-05-17T00:00:00.000Z,,,23c990b40798dc88aa5cc7ec807fb53f33184a9d,2026-09-29T13:30:22.024Z,a61e1c54-bf89-4d46-8c69-e15ad342ec81
2752,,,,,195772.22,,,2026-05-17T00:00:00.000Z,,,9daa9e5145104445f061d5a36480436a6e1a0602,2026-09-29T13:30:22.024Z,e65c525f-f76f-4a90-8872-515f47364b2d
2753,,,,,147786.26,,,2026-05-17T00:00:00.000Z,,,45dad8e6a5c65942c6638b26d60c99deb4573275,2026-09-29T13:30:22.024Z,f1768da3-a109-4ccf-bab7-7bfcba41b263
2754,,,,,65865.80,,,2026-05-17T00:00:00.000Z,,,d78ca2cdd6f3b031bafeda099b37f5daf02f2ce6,2026-09-29T13:30:22.024Z,86609708-d691-43b6-9822-5b51cc2dafce
2755,,,,,14978.67,,,2026-05-17T00:00:00.000Z,,,1e8d7330f0ce3face59f33de8354d394e25ecbd5,2026-09-29T13:30:22.024Z,e4ff91e3-5a00-46f5-b128-484f80a9f71d
2756,,,,,0.00,,,2026-05-17T00:00:00.000Z,,,8bc0ee4631546a2c366de23c488d42cefd2a9e6d,2026-09-29T13:30:22.024Z,d5fc438a-4d5f-4cf5-8527-64f5455742fb
2757,,,,,139863.70,,,2026-05-17T00:00:00.000Z,,,ea203d341f247b6326c8170ad5e1f354d1c8ab11,2026-09-29T13:30:22.024Z,eb0637b6-5b50-41c0-b7d7-834affbf5d68
2758,,,,,138933.54,,,2026-05-17T00:00:00.000Z,,,ab33d3a86ed99aef335640812d5566f9819d89df,2026-09-29T13:30:22.024Z,8833c25c-15b1-4185-88bc-caca49f20884
2759,,,,,24274.61,,,2026-05-17T00:00:00.000Z,,,12162a4f4ececac11685f28e00dede0a2739a6ad,2026-09-29T13:30:22.024Z,d8cc5ed4-2d3d-4d1a-a827-62b6f00980d6
2761,,,,,41602.43,,,2026-05-17T00:00:00.000Z,,,d9a0107ba35a820c658879bbfb5f66cb02434fd5,2026-09-29T13:30:22.024Z,efb68951-65f3-41e4-ab77-da6f7a3aa1b2
2762,,,,,2175243.15,,,2026-05-17T00:00:00.000Z,,,408fe19052ec5ebbe0db1e06f63299f8bf37febd,2026-09-29T13:30:22.024Z,d2930f60-ed31-4157-8019-f4200d749df3
2763,,,,,1922531.45,33910.63,,2026-05-17T00:00:00.000Z,,,c5d9f3d2d5c64b29bce43278b3ce4e59f203cadb,2026-09-29T13:30:22.024Z,5fa28b96-c34e-42aa-9919-bd1663206694
2764,,,,,78506.85,,,2026-05-17T00:00:00.000Z,,,0162f54ca798d6372bfb4fda294269a7299800e7,2026-09-29T13:30:22.024Z,b81bb74b-8458-437b-a3fc-487fcad1837f
2765,,,,,4286325.67,,,2026-05-17T00:00:00.000Z,,,5c95b3e8988f372e5694f0c85d603455d1ceccc5,2026-09-29T13:30:22.024Z,0a670209-3981-4280-864d-42a619642f2c
2766,,,,,10360215.70,362378.10,,2026-05-17T00:00:00.000Z,,,e83d452a22faaa6cd7293860c9a615f5a47be0ab,2026-09-29T13:30:22.024Z,0c8d9b5e-dcc7-414a-a671-3b760643223e
2767,,,,,28163.31,,,2026-05-17T00:00:00.000Z,,,27d575ed28dd4340b6a55e9c1df0f7c0eb45a377,2026-09-29T13:30:22.024Z,2ac84f6d-5bd0-45e8-aa79-453cf06dfa93
2768,,,,,292521.18,,,2026-05-17T00:00:00.000Z,,,c5d583b29619b41efbc6e82680f41731aea231c6,2026-09-29T13:30:22.024Z,84c3b95d-ac5f-4554-b41a-672681b80294
2769,,,,,11390.36,,,2026-05-17T00:00:00.000Z,,,4b814cd2dd4c58372505f2f7acf3a97534a21036,2026-09-29T13:30:22.024Z,c8569b04-7c55-4cba-86b9-a0c6eb9ece73
2770,,,,,33479.01,24336.61,,2026-05-17T00:00:00.000Z,,,36b57837f862cffa518878fe28fa8b41b2bd4cab,2026-09-29T13:30:22.024Z,1281587a-909a-4548-b8bc-48f17b92b996
2771,,,,,13458920.53,424729.34,,2026-05-17T00:00:00.000Z,,,237c762c0a1bdc55aa30cd2a8531d693abe12840,2026-09-29T13:30:22.024Z,6c7100ac-0f9f-4021-93ba-bf9c646200ac
2772,,,,,2703561.16,95153.74,,2026-05-17T00:00:00.000Z,,,1ae351e15fa467db883d471fb9e10a16006fe05f,2026-09-29T13:30:22.024Z,2c192e42-bf44-451e-83f7-db0f989dbb76
2773,,,,,4759982.52,,,2026-05-17T00:00:00.000Z,,,8be92d199a8a23d949057cebe5b2ec2ec240a97f,2026-09-29T13:30:22.024Z,c4d78c24-5ab6-4448-80f5-19a0d676ad21
2774,,,,,47322.51,,,2026-05-17T00:00:00.000Z,,,f7c145bee88756798c81661fae827e9ba6634e0d,2026-09-29T13:30:22.024Z,86834ed2-fa2f-4f9a-b094-fc27b7128e41
2776,,,,,952269.39,4203.70,,2026-05-17T00:00:00.000Z,,,d62adb8c1fca3a82af4550abb5f35f81076e2c0a,2026-09-29T13:30:22.024Z,1def8620-04a6-4da2-a186-e6deb400fb1e
2777,,,,,406862.16,,,2026-05-17T00:00:00.000Z,,,7c3284518469fe3434105bbafa3526f3c6f9ad5f,2026-09-29T13:30:22.024Z,93648d08-3005-4246-90e4-ae0abea20755
2778,,,,,595258.71,4941.20,,2026-05-17T00:00:00.000Z,,,3449fb4cde1ba12489d5185731a666fcf3a584a1,2026-09-29T13:30:22.024Z,289eb842-a7d8-4418-b18a-21d53a30cff7
2779,,,,,167186.15,8697.78,,2026-05-17T00:00:00.000Z,,,e6fb477deaa59859521100c6b3aa19129f618330,2026-09-29T13:30:22.024Z,82e42ff6-3fad-416a-aea9-ba711a237e1e
2783,,,,,1816465.98,44546.80,,2026-05-17T00:00:00.000Z,,,094f333a7b8c578d8e0bb2ee727d81942653d48d,2026-09-29T13:30:22.024Z,fd16e1cf-e05f-45a7-a884-dff7705aea68
2784,,,,,2020851.57,26936.49,,2026-05-17T00:00:00.000Z,,,59d311db931b2433c8f239c2fc27acc9e38508ea,2026-09-29T13:30:22.024Z,a95c8119-3991-462e-8a16-aeb2a1ce78d3
2785,,,,,162011.13,13305.00,,2026-05-17T00:00:00.000Z,,,dd0249a59f210f17f6d7f56a409eefb611be6b8f,2026-09-29T13:30:22.024Z,570e7e80-c599-4b2f-adff-3623e62d7c51
2786,,,,,595797.43,1909.53,,2026-05-17T00:00:00.000Z,,,afecc1178e81034de7965bcd1545d0eb58e10365,2026-09-29T13:30:22.024Z,dfb70be1-e7af-4cd4-a4fc-cf9af5116396
2787,,,,,385577.91,169822.00,,2026-05-17T00:00:00.000Z,,,3eef45b11151421705124c5de94fa44cd1716a94,2026-09-29T13:30:22.024Z,61be6ab3-6c2b-477a-9597-dd2cc5f7b171
2788,,,,,2416515.89,649676.67,,2026-05-17T00:00:00.000Z,,,2aa550dbdd2f5d4917997b06e7f16c304ad91340,2026-09-29T13:30:22.024Z,abf5fa4f-93db-4981-a743-18b8764e45d8
2789,,,,,4417991.95,639090.91,,2026-05-17T00:00:00.000Z,,,aa3ec67bdcb9917446e06269162a614fc32f3a50,2026-09-29T13:30:22.024Z,836f8f27-5427-4256-9333-285d388070fd
2792,,,,,165914.83,157317.74,,2026-05-17T00:00:00.000Z,,,815831c66ec409883fbb1bbcceead8c5699c5d55,2026-09-29T13:30:22.024Z,42b7e205-d3cb-465e-ae82-d5735d123bab
2794,,,,,181364.45,3680.63,,2026-05-17T00:00:00.000Z,,,f3ee2f4db298f3e1533269d859a3b574919e1db6,2026-09-29T13:30:22.024Z,d6895f3e-c408-4fd4-bfa4-871956695585
2795,,,,,311278.35,14206.80,,2026-05-17T00:00:00.000Z,,,b94ec40b796e0acb3648170bdd1f3914cd7f9f02,2026-09-29T13:30:22.024Z,7c47629b-050a-40d3-ad49-f03417966ae8
2796,,,,,635400.05,27465.68,,2026-05-17T00:00:00.000Z,,,0a16fd58cdcf91d2345bd2598287466cb9b901b4,2026-09-29T13:30:22.024Z,03c04592-42c9-417e-ab97-27d34e0524b8
2797,,,,,319501.90,3007.50,,2026-05-17T00:00:00.000Z,,,758a1c957352d84e7d4788967cd2fd39981c9be2,2026-09-29T13:30:22.024Z,6f0a6859-098d-4419-8648-c05c21bbee76
2798,,,,,111281.33,,,2026-05-17T00:00:00.000Z,,,411841e846071ad2cf4db7784129d7dfebf0eb4e,2026-09-29T13:30:22.024Z,2f4fc19c-c08e-40c9-9e12-409de5587ec6
2799,,,,,315637.26,48428.31,,2026-05-17T00:00:00.000Z,,,6f420fd460018a771f0f929bf537eb70ca188080,2026-09-29T13:30:22.024Z,b0e52c1a-25f2-46af-aafa-1a9beb2c5b14
2800,,,,,174155.26,,,2026-05-17T00:00:00.000Z,,,ed8fb9fd9e5181eb6ea955fd760ce683069fc09d,2026-09-29T13:30:22.024Z,93185ce2-902b-49f4-906a-cc207c168b01
2801,,,,,75774.90,,,2026-05-17T00:00:00.000Z,,,d391ebc39c2b0f6e64573a2f558ef4bc9a5be7a0,2026-09-29T13:30:22.024Z,80dd6871-8d56-4e4e-867e-d905444d2527
2802,,,,,329201.83,26943.75,,2026-05-17T00:00:00.000Z,,,e2d1305adc0061baa2d74b4a2b374765a0af0f4a,2026-09-29T13:30:22.024Z,443f2499-7904-431e-aadf-1a356f19869c
2803,,,,,53783.51,,,2026-05-17T00:00:00.000Z,,,5ea886309822427ab4934eb409e2d5fb11c1645f,2026-09-29T13:30:22.024Z,1fff2395-cf43-48e7-90db-07657c3f82fd
2804,,,,,182593.13,2859.38,,2026-05-17T00:00:00.000Z,,,c0ea00b8150de4777c9949662052a1f3e7430536,2026-09-29T13:30:22.024Z,c557b82b-7198-4003-b9a0-c5c041cc3723
2805,,,,,18494.98,,,2026-05-17T00:00:00.000Z,,,be65c46c1ab3b47bda6f4cb1e4712ab5b58f9faf,2026-09-29T13:30:22.024Z,63d00b6a-b79b-435a-879d-d8cf14f9cded
2806,,,,,641093.78,37650.90,,2026-05-17T00:00:00.000Z,,,d3e89b90e03fc3d437276b9d98f563078636f2a4,2026-09-29T13:30:22.024Z,15b49527-1701-45ac-a1ca-fd3451e74d46
2807,,,,,457324.98,21336.75,,2026-05-17T00:00:00.000Z,,,8a583da2588b84a298ccfb3c69a54e1622c4de91,2026-09-29T13:30:22.024Z,d886f80b-babc-44bf-b3cb-b06d96c2b239
2808,,,,,189336.74,178270.09,,2026-05-17T00:00:00.000Z,,,3166b28a306ac856b8fdf9a9cc508fcd5e540e04,2026-09-29T13:30:22.024Z,f547a29e-6b0b-48c9-9091-54d85bdbe727
2809,,,,,80098.66,70902.95,,2026-05-17T00:00:00.000Z,,,e17f5e14a46025f529a75fa53dae97f21d782618,2026-09-29T13:30:22.024Z,f2f8e9b4-4aa4-4b08-bcaa-d71262f9053d
2810,,,,,16361.80,,,2026-05-17T00:00:00.000Z,,,8cd0a81ad305fa5fc63a41a39add3b8c6c32ec97,2026-09-29T13:30:22.024Z,8e731118-8b53-44d5-80a7-c7b94b6d6fed
2811,,,,,96586.90,86273.75,,2026-05-17T00:00:00.000Z,,,d25db5e51cdb55c63c79aa826fc48a92a354b185,2026-09-29T13:30:22.024Z,0ccde9e7-e846-4d46-b491-3df496f4533d
2812,,,,,213487.93,203739.39,,2026-05-17T00:00:00.000Z,,,9961dad328d3b9bbd4db351c7126a42298a4e9fc,2026-09-29T13:30:22.024Z,4e2c0459-52ee-4226-b5e6-db5ac4a901b6
2813,,,,,86605.20,72772.55,,2026-05-17T00:00:00.000Z,,,962743b70b6e9cd3886b1e4cdd95e0ac42f43d52,2026-09-29T13:30:22.024Z,c11dd194-978b-4551-ae96-9ecf5364df52
2814,,,,,55527.93,5002.50,,2026-05-17T00:00:00.000Z,,,c58e794cf1c556a5f3b38fc60f61c7b1ddeb56ae,2026-09-29T13:30:22.024Z,8454c2c0-5050-49ff-a45f-d52f58f20b1d
2815,,,,,416.58,,,2026-05-17T00:00:00.000Z,,,d58e97e7c40b82399e6ae441036f2a887b4702b2,2026-09-29T13:30:22.024Z,ef97b7b7-99b2-4c8c-afa2-00c2c0c823dc
2816,,,,,1285560.55,14344.80,,2026-05-17T00:00:00.000Z,,,a05b56f1560baaec7c8c8e14e445bf81e171f2ae,2026-09-29T13:30:22.024Z,4b228fe8-ad89-4050-84a0-7dd3bb1dcf8e
2817,,,,,23452765.10,1748832.76,,2026-05-17T00:00:00.000Z,,,5addbadb85bbd758a1f12674d4f4758efb3e2b4d,2026-09-29T13:30:22.024Z,69e0e8e2-4c8c-46fa-a3c7-dade3499c03a
2818,,,,,339716.27,,,2026-05-17T00:00:00.000Z,,,7cf6f1a248de92ac61bd13c2f88bc04e4ebdf2ca,2026-09-29T13:30:22.024Z,62a56a7c-988e-4ecc-9d59-f323598d5393
2819,,,,,410439.53,410439.53,,2026-05-17T00:00:00.000Z,,,4852c9b8144df6b686d3ed572e90c1fdda8f1ace,2026-09-29T13:30:22.024Z,1379136a-d37a-4696-95ee-88bb52a7904d
2820,,,,,1551762.26,20470.29,,2026-05-17T00:00:00.000Z,,,cdf609785db0d5c5b14875001f71fd785f12c0b2,2026-09-29T13:30:22.024Z,3dc1da6d-5195-45e7-9740-50409a683bab
2821,,,,,400123.12,,,2026-05-17T00:00:00.000Z,,,8b3f19c019606e6f562156f260ebd9801728f34b,2026-09-29T13:30:22.024Z,57661871-11a4-4433-acb6-519b1293c4e9
2822,,,,,217839.92,2386.83,,2026-05-17T00:00:00.000Z,,,02be8ed19ae587202a0f3b1f7817db962667cd7e,2026-09-29T13:30:22.024Z,086517a4-464a-44d1-b258-27397f42d183
2823,,,,,640027.58,7752.07,,2026-05-17T00:00:00.000Z,,,c1622e8f0ab23e49f926613c65072d37a39eda80,2026-09-29T13:30:22.024Z,1e904f85-96e1-417e-9504-41227976d854
2824,,,,,17722218.96,195698.11,,2026-05-17T00:00:00.000Z,,,9a792d8ad91f0902ec04758bb8f03d55e34400b7,2026-09-29T13:30:22.024Z,de05712d-e183-4be9-8a52-39cbf3c2a99a
2825,,,,,7358708.49,95966.97,,2026-05-17T00:00:00.000Z,,,cdf2f8aa2c3f2a61cb28463870dccd0931dfcace,2026-09-29T13:30:22.024Z,974b57fe-9218-460c-b423-3a2cdbadcc9b
2826,,,,,1781984.76,33393.85,,2026-05-17T00:00:00.000Z,,,c69e6aca35bcd49467fcdd3a55a44d641ea2ad15,2026-09-29T13:30:22.024Z,e6dd1740-0f67-4241-80ac-355c9482e1e8
2827,,,,,225175.41,1964.68,,2026-05-17T00:00:00.000Z,,,b9a16f6e485c66181afb91afabf4c0dc028e2326,2026-09-29T13:30:22.024Z,c8ca6c48-b93c-4573-afed-4fa4e8bc9cda
2828,,,,,237881.87,11904.54,,2026-05-17T00:00:00.000Z,,,5dbd31f8b41aaedae766a961fda20837b1cbaad3,2026-09-29T13:30:22.024Z,3ffbe303-ad98-4a50-a212-9cd6acf28ca5
2829,,,,,1878332.73,18647.81,,2026-05-17T00:00:00.000Z,,,76d2db3125321366fd909d3b80e4f1525ddbfa09,2026-09-29T13:30:22.024Z,1662220f-61b6-4993-968d-22c0186154e4
2830,,,,,14127431.37,3132772.78,,2026-05-17T00:00:00.000Z,,,782912265a86168896995ca01659a5b6c28aeee9,2026-09-29T13:30:22.024Z,fc677e61-e7fe-431e-96c8-8dcca9d2b6ee
2832,,,,,889842.57,47325.45,,2026-05-17T00:00:00.000Z,,,f6257cc6cb7823b040aa073caad21ecde5f641fe,2026-09-29T13:30:22.024Z,7b5e2afc-9082-4ac9-8e2e-4a0d882f453d
2833,,,,,3866805.34,105135.29,,2026-05-17T00:00:00.000Z,,,0cb62ce677098790d921cf64c260d50c668df5d3,2026-09-29T13:30:22.024Z,f98d455a-6fdf-41a7-86b3-0c3945003daa
2834,,,,,601282.59,8738.00,,2026-05-17T00:00:00.000Z,,,11442e241c7d603328ac422fa6739a4f45cf115c,2026-09-29T13:30:22.024Z,5dc3687c-37c9-4b07-9492-4df150dcae4b
2835,,,,,192972.73,11566.74,,2026-05-17T00:00:00.000Z,,,91185c9e7b947f4f3e13a6289c38cde614252ada,2026-09-29T13:30:22.024Z,4e07060e-b2ff-4266-9993-520e842e7794
2836,,,,,3229475.98,75305.83,,2026-05-17T00:00:00.000Z,,,61294f84eb107e6096b8868efd597fabfbf9e1d2,2026-09-29T13:30:22.024Z,ffbeb07d-5ba8-449e-92d9-460122b18571
2837,,,,,321803.65,8145.79,,2026-05-17T00:00:00.000Z,,,59e80640285f90b1320a19f6e44f39881ec74aaf,2026-09-29T13:30:22.024Z,fc76079a-d4be-4961-99ed-81d5d0ef16b3
2838,,,,,1809604.10,61573.72,,2026-05-17T00:00:00.000Z,,,5b43719c5ecf71dbf54fdb4e86d5b39156f5716f,2026-09-29T13:30:22.024Z,41f99141-2f70-4e5a-8b0d-fbf374188f1f
2839,,,,,8033270.01,82056.90,,2026-05-17T00:00:00.000Z,,,2fa54f1fce7430f646948291813a13abba6f37dd,2026-09-29T13:30:22.024Z,4f6212b6-d2dd-4c21-82f4-fd0af756fefb
2841,,,,,1125662.45,174038.08,,2026-05-17T00:00:00.000Z,,,fb3dbb64df04185d23bb247522c0c99062321827,2026-09-29T13:30:22.024Z,9079b7f3-9523-4250-b579-262fec4f7fe6
2842,,,,,178183.15,,,2026-05-17T00:00:00.000Z,,,ba1aef6275894cec0c8fa06cbbebeadf1a5968c8,2026-09-29T13:30:22.024Z,48eef305-fe29-4e67-8748-7d91124d0e56
2843,,,,,55983.46,,,2026-05-17T00:00:00.000Z,,,503be1cf6e97ce8885e33bac0cd3c7d74d3023d9,2026-09-29T13:30:22.024Z,7133b644-53be-4abd-8706-4797f9c1fc21
2844,,,,,242747.34,5464.69,,2026-05-17T00:00:00.000Z,,,289a61a3c1f6ba58f91380c37f9fc88b3979cde1,2026-09-29T13:30:22.024Z,5719713b-f11c-4321-b389-e2fcedbe0b47
2845,,,,,612234.29,,,2026-05-17T00:00:00.000Z,,,760eb72bcaed27ecb5d3b81192529782344fe77a,2026-09-29T13:30:22.024Z,57845d5f-35f5-46b9-b654-742f542728a2
2846,,,,,585290.52,5564.12,,2026-05-17T00:00:00.000Z,,,b3d20ae5bb42a3b451c667440c05567e7dd06ab5,2026-09-29T13:30:22.024Z,45dab4de-2cc9-4b96-bc47-ad1cf4e97df1
2847,,,,,102627.51,,,2026-05-17T00:00:00.000Z,,,0c349db8022b514abd443a60d15e6796957d957d,2026-09-29T13:30:22.024Z,87b9560b-c3ab-45ba-8bae-79594a07b98a
2848,,,,,675577.69,4720.42,,2026-05-17T00:00:00.000Z,,,bf051260cc2ef074c20b46a8cbc16615381f6ec1,2026-09-29T13:30:22.024Z,daec7ec0-ed97-415c-92d7-10625710b226
2849,,,,,456501.86,20611.54,,2026-05-17T00:00:00.000Z,,,d1f404901ec09d0519ebcf2aaac2f4d67c56195a,2026-09-29T13:30:22.024Z,07e5f4fd-d7c2-4cb9-8629-de6e12e7d8d1
2850,,,,,4327774.39,27113.28,,2026-05-17T00:00:00.000Z,,,6e83050c8c11a0ed5654f46a747b2f1ec18a4ef5,2026-09-29T13:30:22.024Z,e19e3f35-61f6-4346-a123-2d50136739f8
2851,,,,,1406149.26,126395.92,,2026-05-17T00:00:00.000Z,,,91a6f6d9fbca3b95ca6b27ab755822f32ddc46f4,2026-09-29T13:30:22.024Z,e47d9648-5d3f-429a-b148-329f03d1464b
2852,,,,,1238001.83,24038.82,,2026-05-17T00:00:00.000Z,,,a76a37cc614b06f8a99ff7cc3efb898061b4bae0,2026-09-29T13:30:22.024Z,2ad88b53-6de2-46f8-9332-0ba330728ef8
2853,,,,,130014.08,29309.41,,2026-05-17T00:00:00.000Z,,,d5aac80bfa653e4d07852557939c8a848e32f978,2026-09-29T13:30:22.024Z,eb1fa34a-e447-4c63-8603-a5a0ef944994
2854,,,,,579945.39,2376.19,,2026-05-17T00:00:00.000Z,,,78c517c84f4ee3e9151c4b11ae9bc45cb6cc432d,2026-09-29T13:30:22.024Z,14abd9de-5a59-411c-bfeb-d44bae813a26
2855,,,,,4089121.18,448670.00,,2026-05-17T00:00:00.000Z,,,647103d4c770cb32d053486ae6a70cb85ccc9d77,2026-09-29T13:30:22.024Z,74139653-ba9a-43d2-b677-4a6231a24f78
2857,,,,,1890446.08,16713.59,,2026-05-17T00:00:00.000Z,,,5da3f04660b61ed6a4888d6da759627188eaaa42,2026-09-29T13:30:22.024Z,75bd3404-b22f-469e-9edf-d2fe9813aaf8
2858,,,,,638203.80,12825.18,,2026-05-17T00:00:00.000Z,,,bd0de5242b806eb5539fd47e58e37d0855aad130,2026-09-29T13:30:22.024Z,e28c0db6-c216-4e65-aa3e-95b9ccc3296b
2859,,,,,1370624.50,,,2026-05-17T00:00:00.000Z,,,14ca3e198fd16c7fd50f5ca5e4c0ffe45c4a8177,2026-09-29T13:30:22.024Z,65c94541-d7c2-4538-bb7f-cafd217858ce
2866,,,,,267933.97,,,2026-05-17T00:00:00.000Z,,,9ebca4a17ac2856fad120d32630fe1a22d70bedc,2026-09-29T13:30:22.024Z,5779f60f-f9af-47d8-9b7b-7ac936bf30f7
2867,,,,,703954.92,3835.42,,2026-05-17T00:00:00.000Z,,,1e3019d538824ddf8e1c3ca58b5f80ab4cc8402e,2026-09-29T13:30:22.024Z,2e111aba-22a1-4b0e-98e3-791bb22899f8
2868,,,,,37611.46,34210.03,,2026-05-17T00:00:00.000Z,,,6485a2a63bb9fc068fb3671e14796a969522903b,2026-09-29T13:30:22.024Z,1b7cb888-02cc-4bda-ad02-40aa920a8fd3
2869,,,,,14666.35,10897.95,,2026-05-17T00:00:00.000Z,,,96a8278a11d12decc5486871a93fb0a59bae21c8,2026-09-29T13:30:22.024Z,f29dd92f-4b03-4d7e-98fb-9a67075f958d
2870,,,,,465822.05,59958.47,,2026-05-17T00:00:00.000Z,,,a59d84ec1ecb2454f63a9ff3866b75006bb7b71c,2026-09-29T13:30:22.024Z,9fc29706-a383-4f2d-93b5-e4781f745487
2871,,,,,41791.72,8286.30,,2026-05-17T00:00:00.000Z,,,80cf8487367f0788c2092044b4d05e8c615771f7,2026-09-29T13:30:22.024Z,a467e5f5-c300-4b92-a72d-966684c47357
2872,,,,,4527.53,,,2026-05-17T00:00:00.000Z,,,955f2a0e3c3b597af9040eff4d60c87d8de5f361,2026-09-29T13:30:22.024Z,eeb01e8d-a3b8-4d36-a0c7-c9b260349546
2873,,,,,1274396.82,20994.41,,2026-05-17T00:00:00.000Z,,,ca1bb92460707560d6b454e08e0b9dac9c380e6f,2026-09-29T13:30:22.024Z,2334c851-3566-4dc5-937a-9977d0c84a4f
2874,,,,,22073.78,5101.07,,2026-05-17T00:00:00.000Z,,,c3043b640e15b9eb72673883060e7586d82c6daa,2026-09-29T13:30:22.024Z,05759cec-4868-416a-b7d7-0d034cd8e484
2875,,,,,904314.17,896788.89,,2026-05-17T00:00:00.000Z,,,f5e8f8fbaac5e0de470efc85c5cdade49426e6f3,2026-09-29T13:30:22.024Z,acff5283-c01d-4c4a-90cb-33df576e3ece
2876,,,,,112240.74,103868.59,,2026-05-17T00:00:00.000Z,,,620dd9c57d5783cad2950b4a0be38f0fc8e023d2,2026-09-29T13:30:22.024Z,a5bc1771-786b-40a5-9b79-377447c7d50b
2877,,,,,951915.12,17360.96,,2026-05-17T00:00:00.000Z,,,558ec821508eb2f9beaf8105bd7f59b3f38af7ea,2026-09-29T13:30:22.024Z,6779e7e1-169d-4b9e-8441-6d2660bbdbb6
2879,,,,,40471.62,32581.27,,2026-05-17T00:00:00.000Z,,,e6db70a7e6ca824ab0c18719f998abcdb6c74c17,2026-09-29T13:30:22.024Z,0863d944-11da-46fe-b640-5f6ca8ec2a50
2880,,,,,124694.11,,,2026-05-17T00:00:00.000Z,,,ed824da4cb73765ed7bb977c438cbcc64bbaa0eb,2026-09-29T13:30:22.024Z,d3c72824-2e33-4c9f-8740-0bf027e33e38
2881,,,,,245180.05,,,2026-05-17T00:00:00.000Z,,,d5f03c0c6795b8a1171308d8bd7e41cd69916468,2026-09-29T13:30:22.024Z,17d40d46-fa87-4069-a9a7-01199816fc4c
2882,,,,,151670.08,20368.73,,2026-05-17T00:00:00.000Z,,,53acecfbb68cd3073d82eaed07ec85dadd659693,2026-09-29T13:30:22.024Z,ac63cb14-010e-411f-9481-4927f35db0ab
2883,,,,,35431.74,7909.87,,2026-05-17T00:00:00.000Z,,,82c3466ffeadf321c5925299c19d0e02634d5792,2026-09-29T13:30:22.024Z,28fe5ffe-b345-4b2b-a8aa-62f89fbb2c62
2884,,,,,2389717.33,62944.31,,2026-05-17T00:00:00.000Z,,,2f99bbaa238c717418d0cb9334e8924625ee5a62,2026-09-29T13:30:22.024Z,32b4d485-354d-4d27-bd0d-7e5b06ebee61
2885,,,,,8824311.63,67520.38,,2026-05-17T00:00:00.000Z,,,059699fe03744476eb9aff086e17aae89295be9c,2026-09-29T13:30:22.024Z,b881f2b8-3721-4014-8cc2-4202de1ca31e
2886,,,,,49728.06,4272.83,,2026-05-17T00:00:00.000Z,,,f731482589a3b8d9b9ef0b84acf328aabbbcff3c,2026-09-29T13:30:22.024Z,5ce9a935-ea42-4fb6-a7a4-2f520c3893b4
2887,,,,,47155.50,10811.09,,2026-05-17T00:00:00.000Z,,,e46f4cc54dd8dd799ab2c959c4ca2360835f6918,2026-09-29T13:30:22.024Z,ce369392-aa38-4410-a46a-e75f2d73aaa8
2888,,,,,8630995.00,455060.81,,2026-05-17T00:00:00.000Z,,,643a9d945535d5fe6032bfa07d3b14832b848b9a,2026-09-29T13:30:22.024Z,dd2a6c4b-1d6f-4dd1-9b6a-7b3a3b00b49a
2889,,,,,1352883.80,37056.86,,2026-05-17T00:00:00.000Z,,,cc74e076fea99e1678bf2371ead1ad43fca497c3,2026-09-29T13:30:22.024Z,6a25ce80-d2da-4611-af92-5674432bf2d9
2890,,,,,37108.68,30074.73,,2026-05-17T00:00:00.000Z,,,cc0df837ae634319e97830c43bba8057da1bc697,2026-09-29T13:30:22.024Z,a1d490d3-ac4c-4d23-9103-07a5b04f9ef0
2891,,,,,101953.04,31810.84,,2026-05-17T00:00:00.000Z,,,2e48359cc247dd8d071b11a05dea991866e56045,2026-09-29T13:30:22.024Z,8cf0d1c3-f3ab-4442-b215-3e66441ccffb
2892,,,,,2256591.30,192668.99,,2026-05-17T00:00:00.000Z,,,5c14ff6f99bf80bacd1b97dd1ec37baf790d91cd,2026-09-29T13:30:22.024Z,df50ed30-7d91-42ea-aed0-6ff6de76cf0d
2894,,,,,46051.71,12449.89,,2026-05-17T00:00:00.000Z,,,4a0a49043c6c4d8a6581fb0b0f763c85c44e8c5c,2026-09-29T13:30:22.024Z,0944bb84-ca7b-4de7-bc60-90a6bc7bca42
2896,,,,,89674.22,17134.50,,2026-05-17T00:00:00.000Z,,,43782a3c7c70dc772e6e8316830075cf9bac0c6a,2026-09-29T13:30:22.024Z,ba6e518a-c5d0-4c96-b327-d5d3195fca2d
2897,,,,,75184.00,,,2026-05-17T00:00:00.000Z,,,cf35489e8a3285dd100084f79fd6a8cd933193e9,2026-09-29T13:30:22.024Z,37aefbcf-0dc1-4464-985e-da4df98b26d2
2898,,,,,55897.82,17884.02,,2026-05-17T00:00:00.000Z,,,81d02f9be37110f876e5ab58b9ee40f050a4a141,2026-09-29T13:30:22.024Z,5a5f6811-4c14-4642-b14b-4381b950283a
2899,,,,,20995.06,4567.50,,2026-05-17T00:00:00.000Z,,,f6004c3efb54e16e093875da5ec3d029b2bd9252,2026-09-29T13:30:22.024Z,77c0a5c9-396b-46ec-a0b2-edb8250e90b6
2901,,,,,66410.19,812.88,,2026-05-17T00:00:00.000Z,,,65e6129a4bbb65ca858be69ef0ae9a946d43288c,2026-09-29T13:30:22.024Z,8c28c343-c5a9-4b83-a899-a9c6ab70b582
2902,,,,,263462.41,263462.41,,2026-05-17T00:00:00.000Z,,,e36203a76ab79d103bc029c5c0c65948ca3ad7b8,2026-09-29T13:30:22.024Z,fe2d6c8c-2ea5-4972-9429-d521caeb46d6
2903,,,,,1575822.38,15019.93,,2026-05-17T00:00:00.000Z,,,4f47adf46345bc2368bb40d46ed48735bd647829,2026-09-29T13:30:22.024Z,91013949-e9c0-42a9-be13-e17ba05f21c1
2904,,,,,24495.08,2506.31,,2026-05-17T00:00:00.000Z,,,ba04312cbfdb168ffb8d64de8ebea6ea4a57ca5b,2026-09-29T13:30:22.024Z,285d5e5a-d1f8-453c-aeb1-5c004ec58e9a
2905,,,,,5806.02,862.00,,2026-05-17T00:00:00.000Z,,,98c166d08b551fceb167ccfc4743d6a2177f8971,2026-09-29T13:30:22.024Z,ab49cc6f-6aae-4c91-b9fd-b8821a5f7ff0
2906,,,,,789533.19,5576.76,,2026-05-17T00:00:00.000Z,,,6cf486d6dccbc1f917590b5ab1f5ae7c8506c931,2026-09-29T13:30:22.024Z,d68fc5a0-65fe-42c4-b109-f4f2f44e8c52
2907,,,,,750000.00,,,2026-05-17T00:00:00.000Z,,,e5a570de2ca5acbcbdb3256d6a0567f758204a6b,2026-09-29T13:30:22.024Z,fa0aa6c7-3feb-4d70-b9bc-cf872429321b
2908,,,,,80761.88,6601.46,,2026-05-17T00:00:00.000Z,,,9164055a5659b28cb908d60816be07278c69e33b,2026-09-29T13:30:22.024Z,af497285-fd7c-4f88-81d1-4d0a00cd70a7
2909,,,,,3130495.15,,,2026-05-17T00:00:00.000Z,,,ce1fdd90f5038ed438d9cfc6dfcd6b55e7a3b20e,2026-09-29T13:30:22.024Z,7f6f2b39-0d3d-4c1d-b33c-ee5fa735f87e
2910,,,,,55445.93,,,2026-05-17T00:00:00.000Z,,,553ad5ecb8edbd832931870f84fdd3ac5b7d78b6,2026-09-29T13:30:22.024Z,4e707d22-9468-41e6-9577-aa8d94bf47f8
4912,,,,,,,,,,,a54f4660d0ce6df4daffe2f3054bf2ec28508037,2026-08-18T14:38:03.602Z,8beecada-6366-4e4f-b816-bf8bbddcd5ad
2911,,,,,67568.51,,,2026-05-17T00:00:00.000Z,,,ef9139cf0dc635da424d1b0e780bba972683212c,2026-09-29T13:30:22.024Z,caf20f47-d8c4-44e9-989e-fc5a3fb6b055
2912,,,,,164326.83,7345.22,,2026-05-17T00:00:00.000Z,,,248c62072f36643af6d2b3eb553eed66188ac8ec,2026-09-29T13:30:22.024Z,3a3409c2-b407-4f7b-8732-109451dec8f8
2913,,,,,140212.14,20608.17,,2026-05-17T00:00:00.000Z,,,91d40613e445943e0311c8ff23c5cb43aa6473d8,2026-09-29T13:30:22.024Z,780858fd-5f8d-4b3f-9372-673aa35cddcd
2914,,,,,1843083.73,4818.75,,2026-05-17T00:00:00.000Z,,,f6c0d960298404205bd2e8ac6e23c839ca90419b,2026-09-29T13:30:22.024Z,6b8eb082-c7a7-4c56-b78c-a76589d38d98
2915,,,,,2744156.76,743657.08,,2026-05-17T00:00:00.000Z,,,468ccef55994a41614b58738587c15cdaf264784,2026-09-29T13:30:22.024Z,472ff9fd-d794-4328-abd6-09aa67227e38
4918,,,,,,,,,,,3890706ac8634d1e669e8836ef22b7c0a6fa748e,2026-08-18T14:38:03.602Z,a691ff10-9eb3-491c-8ebb-30e352797f08
4919,,,,,,,,,,,765fe5661a21757967aaab05b6640c858ac85971,2026-08-18T14:38:03.602Z,a31df1e1-c17d-4173-a88a-0af294c682f4
2916,,,,,177716.96,,,2026-05-17T00:00:00.000Z,,,cb85ad0ebf9bea7b6d63a176d14851e8afc8e705,2026-09-29T13:30:22.024Z,14e45edf-6cf6-4188-b0b8-5e21500d9ac1
2917,,,,,515274.49,,,2026-05-17T00:00:00.000Z,,,a59a6c4d33dadb34253168422a84723433298313,2026-09-29T13:30:22.024Z,cc0cd060-962f-4430-90c8-99a8b62c54d8
2918,,,,,4300099.08,15450.28,,2026-05-17T00:00:00.000Z,,,202c3addbb4121f7acab065b8d0784cbb935311b,2026-09-29T13:30:22.024Z,d4f06591-ff44-4832-83b8-4f2bd41ed9e2
2919,,,,,3908122.74,339803.39,,2026-05-17T00:00:00.000Z,,,bbeebdc32287f0db504ae9cca1d2f4d573d8f954,2026-09-29T13:30:22.024Z,936c21b0-486f-46b5-b41b-17d7a21d8a3f
2920,,,,,1684808.26,1245160.26,,2026-05-17T00:00:00.000Z,,,9e4126f5ee19505156d5178f43a9449b2d15932f,2026-09-29T13:30:22.024Z,4e92bf3c-7b63-40b1-9fcb-de1a52294785
4926,,,,,,,,,,,b6a74d7484f20445dbec6a429d55b261175c9a1b,2026-08-18T14:38:03.602Z,662839dd-f573-4632-aaca-28eec49f1ce8
2921,,,,,2613039.26,2029077.51,,2026-05-17T00:00:00.000Z,,,c3d947f78615b9756082a7524c0e5bffcbb45ab3,2026-09-29T13:30:22.024Z,fc2727d9-4a47-412f-924f-22bf2c878cae
4928,,,,,,,,,,,84d5f892b529aa9f7bd2dac15cc5495c8c1e4d85,2026-08-18T14:38:03.602Z,d79eb258-549d-49df-a832-564e2b5523f7
4929,,,,,,,,,,,438239a5a4c6a14b13bf40291d8dbfc92e72d4f6,2026-08-18T14:38:03.602Z,f15481fe-28bf-42ed-bfdc-0a95b653aced
2922,,,,,96413.96,17562.36,,2026-05-17T00:00:00.000Z,,,e1745d6287876d8d851b8896679b3e287885b7a5,2026-09-29T13:30:22.024Z,5c1eb410-3b6e-4cac-8213-84c64aad3244
2923,,,,,987749.43,12601.55,,2026-05-17T00:00:00.000Z,,,06825ea9190a950f5c5ac39c5912d4404c3b6ae0,2026-09-29T13:30:22.024Z,9bddd5f8-6f0f-483b-985b-7de0eb8ceaf1
2924,,,,,27127.61,1891.37,,2026-05-17T00:00:00.000Z,,,2808087b30bd3417a933214166a716b9a866b2ad,2026-09-29T13:30:22.024Z,855e465f-c4fc-478e-a61e-e4c8c920d640
2925,,,,,125530.94,1612.45,,2026-05-17T00:00:00.000Z,,,6e847099cb6e2347e479a7ded004596ebdcc7658,2026-09-29T13:30:22.024Z,99b4ffdb-d2e5-4336-9f21-d8a4df75edc7
2926,,,,,283927.65,16963.98,,2026-05-17T00:00:00.000Z,,,ca9e1f9fcfdff0246573b3ab2de29835fd6bd2ec,2026-09-29T13:30:22.024Z,c6ad7bea-9744-4234-afb0-4f191bd2d84a
2927,,,,,1129647.45,97300.80,,2026-05-17T00:00:00.000Z,,,2d1093f55aeb368ab9ef4b923b1d65ace4c90431,2026-09-29T13:30:22.024Z,2eb89ca8-f9b1-426a-87e0-195ba31d8a76
2928,,,,,69077.56,8043.83,,2026-05-17T00:00:00.000Z,,,812f9c47a5809c228ccb62cb8d028e4ca7e3df24,2026-09-29T13:30:22.024Z,cf1cddf2-0663-42fb-b8b7-bd23c29ab2c0
2929,,,,,431159.39,36863.35,,2026-05-17T00:00:00.000Z,,,6cada09f98b7a7b1473dbea34876f32b7fded887,2026-09-29T13:30:22.024Z,e87fde3d-c859-4ae4-b0fd-18f182c4a77a
2930,,,,,212620.81,18186.55,,2026-05-17T00:00:00.000Z,,,9db7ee352728fec55617468c3bcc211a417f3496,2026-09-29T13:30:22.024Z,888aee33-67fb-450d-a812-4edb8ac997d0
2931,,,,,1180318.09,41748.91,,2026-05-17T00:00:00.000Z,,,d4a5ac6f15dc51b24a9913428c4e2808bd4f659f,2026-09-29T13:30:22.024Z,f5f4b61e-1710-4066-b1a0-6e4d4b0b0d17
2932,,,,,308817.50,154133.15,,2026-05-17T00:00:00.000Z,,,3c2b9fdda300034971d6e67059314b9fba0ed38e,2026-09-29T13:30:22.024Z,1dc91c78-b47c-406a-b9e5-4ac3e71a1225
2933,,,,,1651694.38,433314.93,,2026-05-17T00:00:00.000Z,,,7ab3427e1596df129310d0f16d86f5eaf3b3cac4,2026-09-29T13:30:22.024Z,339ca0ed-a92c-4127-bdc8-953e0c8658d0
2934,,,,,75493.88,,,2026-05-17T00:00:00.000Z,,,a23ef1dc446b7802708af10186a05e0453306dea,2026-09-29T13:30:22.024Z,b879fbba-89fc-400e-8559-2d7c2309b986
2935,,,,,3173061.92,,,2026-05-17T00:00:00.000Z,,,94b739d61455dac871738f39c36fa5d8aa7c5331,2026-09-29T13:30:22.024Z,10263eb9-f069-4473-b1ea-d10419cf3c33
2936,,,,,2474182.45,12262.01,,2026-05-17T00:00:00.000Z,,,695d7657f189fc9493856fa71be3dc349bb9aa3a,2026-09-29T13:30:22.024Z,c93f611e-bc4c-4075-8b68-634464f01323
2937,,,,,807344.61,6117.80,,2026-05-17T00:00:00.000Z,,,9e8584e6c3bae6f666ef647696c40da85cb50b50,2026-09-29T13:30:22.024Z,26a39182-aed6-45cd-b307-c28cb410117b
2938,,,,,41579.62,13570.27,,2026-05-17T00:00:00.000Z,,,d4f8d2776d470e3811bac67313891d5fe4a18853,2026-09-29T13:30:22.024Z,dd7e94eb-86ba-411e-a9c7-3e3d31b914ac
2939,,,,,204671.41,202596.63,,2026-05-17T00:00:00.000Z,,,b09ffa46612480d3fe431879407e80725dae750f,2026-09-29T13:30:22.024Z,9316ec53-22c6-499f-b69e-0ae071e089ef
2940,,,,,95356.14,82964.48,,2026-05-17T00:00:00.000Z,,,90aab07bc77344d5c0735091f8340ac4a1b4b9e1,2026-09-29T13:30:22.024Z,8fe0f0d8-78b6-421a-b2cf-38013001ff20
2941,,,,,12483.41,1230.80,,2026-05-17T00:00:00.000Z,,,79401f336200d8615f60fccc345695d107de3b0d,2026-09-29T13:30:22.024Z,1643990d-36b5-473d-a14a-d12185a0532c
2942,,,,,24833.31,306.90,,2026-05-17T00:00:00.000Z,,,cce18166a158f43774a0acd39acc751c376e9a99,2026-09-29T13:30:22.024Z,cee52a92-219a-4bc3-a790-c9c516f01624
2943,,,,,30635.29,13426.38,,2026-05-17T00:00:00.000Z,,,53b88f59f2ec24e55dd144b3a7543e3c585f0ef0,2026-09-29T13:30:22.024Z,c56c187a-a599-4059-b32d-cb00253c9d4e
2944,,,,,92199.11,15189.13,,2026-05-17T00:00:00.000Z,,,be0566b33d78dbc276a7e5125e56363a2ad50db3,2026-09-29T13:30:22.024Z,6d4c1e42-291a-40c8-84f4-06b2cef95be3
2945,,,,,132741.52,4602.23,,2026-05-17T00:00:00.000Z,,,dd009adc02efd6264db6f6623ad7375445459c3f,2026-09-29T13:30:22.024Z,b8c46a1a-7fab-4d35-9943-0e36eb027cee
2946,,,,,43282.66,12181.90,,2026-05-17T00:00:00.000Z,,,cfc0d6e759248520c8f58e445807d28b8b5e3a1a,2026-09-29T13:30:22.024Z,584345cb-79a2-4478-8c33-e55cac14e67a
2947,,,,,411278.90,186835.89,,2026-05-17T00:00:00.000Z,,,674ba5eaefcdc3818f530500e60beedfa51bae85,2026-09-29T13:30:22.024Z,9b7dd4da-8fc2-4a86-b031-425f52b39c63
2948,,,,,23933.32,2377.50,,2026-05-17T00:00:00.000Z,,,b90dffced2e5519d09a28bc2bce43cc7971ffb5c,2026-09-29T13:30:22.024Z,de64ee71-4ded-48ec-9b99-7ca90fe76314
2949,,,,,400385.93,22216.58,,2026-05-17T00:00:00.000Z,,,8c9db981560ca02ca6aa6fd79e0bde81ef836dfc,2026-09-29T13:30:22.024Z,334f24ce-30fe-4c86-bf0c-fc9cf851301a
2950,,,,,569418.42,,,2026-05-17T00:00:00.000Z,,,21316ee2bb7a715e2ed7e68508edcbd998f0ee44,2026-09-29T13:30:22.024Z,6c546842-9d89-4aa3-a686-ef383338820d
2951,,,,,419338.96,44966.47,,2026-05-17T00:00:00.000Z,,,f0ad536bcf5f2d1d9b46261f8f9dd653fccf0b46,2026-09-29T13:30:22.024Z,c0dfcafe-5382-4f46-97b9-116f02c2ac57
2952,,,,,3996374.60,63161.54,,2026-05-17T00:00:00.000Z,,,0262fc3513e8f91ce9dd4a14c9318caaa79e16d3,2026-09-29T13:30:22.024Z,e99deed3-5c28-4851-8fb6-f72beb4a55a1
2953,,,,,9616.73,,,2026-05-17T00:00:00.000Z,,,90790db3c0ee48f552bba0d9d3090b3a7d899450,2026-09-29T13:30:22.024Z,c17c0823-5f6a-4cfc-93d2-46fe6f2d09bf
2954,,,,,45660.78,33928.49,,2026-05-17T00:00:00.000Z,,,08311965b94f60f0d2cf961061e3d3348aac277a,2026-09-29T13:30:22.024Z,c31f954c-5954-43e0-ae2c-949bf977c0ba
5051,,,,,,,,,,,617cb4a12560acabe382b4d1b11a0b86dbaeb739,2026-08-18T14:38:03.602Z,8655c560-1f77-4da7-9ece-62f47559db92
2955,,,,,960443.78,75032.98,,2026-05-17T00:00:00.000Z,,,a995f5d56b5c48a88dd35340f5c5985d11958714,2026-09-29T13:30:22.024Z,ce41d198-0aa0-46c5-8f2b-753228c37f9e
5053,,,,,,,,,,,d9ebd6f3dc7c88b18790cd6e4908861dcc560b08,2026-08-18T14:38:03.602Z,681bc3ad-e727-40d6-b3cf-c0f779fe02f8
2956,,,,,586405.18,539825.80,,2026-05-17T00:00:00.000Z,,,a364c447c92bc891aa11b06de79a8d53b396873c,2026-09-29T13:30:22.024Z,b22cc525-8be3-47d6-b48f-4c07cdfc3816
2957,,,,,23739.87,3820.06,,2026-05-17T00:00:00.000Z,,,111307399ddd3144c2fcdbbcc578f6edbcffee30,2026-09-29T13:30:22.024Z,591aa8ad-9fe8-4806-a40e-03ca98867526
2958,,,,,12571783.43,2575972.11,,2026-05-17T00:00:00.000Z,,,d30f278e793aae00ad4ff3819c9ad26897d28d52,2026-09-29T13:30:22.024Z,7aac714f-871d-4574-bb08-c5ee2761a85a
2959,,,,,449229.15,50473.50,,2026-05-17T00:00:00.000Z,,,bc8e19c497beb188a766600300702a74f11fc838,2026-09-29T13:30:22.024Z,6d9631aa-5817-47b1-b727-72c8ea66d879
2960,,,,,237059.79,52948.55,,2026-05-17T00:00:00.000Z,,,c029ae480e1f7dd899870cd5d450d364110e8665,2026-09-29T13:30:22.024Z,79375e5c-a61f-4ca8-a4c7-2482173ec8cc
2961,,,,,6590703.90,22575.10,,2026-05-17T00:00:00.000Z,,,e101d84d4f0bcc8ad92d6843bf712d348c69f7c6,2026-09-29T13:30:22.024Z,68d209d3-6524-45f7-8995-9eb26f54a7d2
2962,,,,,18826.83,8444.80,,2026-05-17T00:00:00.000Z,,,bd4184a0788e01a267349c86a4f308213df8b28c,2026-09-29T13:30:22.024Z,db0ac09d-50e7-4a11-a9ae-df6a976a8e16
2963,,,,,100774.90,30662.98,,2026-05-17T00:00:00.000Z,,,dfe67b2d049a3613e8ce7fd5ab9ebac571f1b611,2026-09-29T13:30:22.024Z,37791f24-bd3c-4aa1-ba59-511edf6f6bd0
2964,,,,,5759781.29,1164056.83,,2026-05-17T00:00:00.000Z,,,a7de8129df4ff2a7fe09c88926824366b5dbe821,2026-09-29T13:30:22.024Z,d81ee1fe-da71-4ac9-8688-4f8f27113d67
2965,,,,,3000795.51,169412.44,,2026-05-17T00:00:00.000Z,,,7cffd691f89c0b60a017499dd7e22f349097c142,2026-09-29T13:30:22.024Z,2014a500-8c7e-4139-80aa-9e83104b3c13
2966,,,,,1392551.94,11252.71,,2026-05-17T00:00:00.000Z,,,e16b7ba2c77e710e61422a605128238fa01f06a9,2026-09-29T13:30:22.024Z,47ffafa1-fff4-4564-be7e-0a53538afee9
2967,,,,,32492.34,8065.59,,2026-05-17T00:00:00.000Z,,,017ff696e774509b3ed5aa940bda12ad50ea433e,2026-09-29T13:30:22.024Z,ad58d34a-c9bb-45d5-88f1-24f07d342a50
2968,,,,,139425.90,10656.22,,2026-05-17T00:00:00.000Z,,,6c96744489e9dbb04812f89ff15bd9f9bd902f86,2026-09-29T13:30:22.024Z,6fe8ba69-dc02-48a1-ad62-8ea0e7cf879a
2969,,,,,79137.88,,,2026-05-17T00:00:00.000Z,,,7a75a331a70c094caf33572208511bdb6b869cbb,2026-09-29T13:30:22.024Z,d5ad768c-7b30-4093-ad79-560404999897
2970,,,,,2987859.48,13531.76,,2026-05-17T00:00:00.000Z,,,35b18c8676fd68907be9f6a65603b9de3a452ced,2026-09-29T13:30:22.024Z,b246c042-ff16-47dc-a345-6a8f314b07c1
2971,,,,,4853023.89,13618.18,,2026-05-17T00:00:00.000Z,,,3fc78fc8bec00d0557b5a858afb85a2bcc9c21dc,2026-09-29T13:30:22.024Z,e3951b5f-ec3b-493d-997d-e103d1141d58
2972,,,,,427980.25,,,2026-05-17T00:00:00.000Z,,,48ae0b45067f10e71ab092f058f62f6af680427c,2026-09-29T13:30:22.024Z,930368c6-80bf-444d-a38b-f34736c5a8cf
2973,,,,,785047.27,162385.01,,2026-05-17T00:00:00.000Z,,,bdf71cd73e0d99491a3854fc1e070c3d23d49bd5,2026-09-29T13:30:22.024Z,85defc62-65a4-47e1-808e-6b51292e9948
2974,,,,,467902.26,113311.68,,2026-05-17T00:00:00.000Z,,,4a092aa20a6923f192561ffc3077fbfd91359446,2026-09-29T13:30:22.024Z,1fcc79d9-6198-4e71-b37c-bf8c9c639eea
2976,,,,,2929255.77,37845.73,,2026-05-17T00:00:00.000Z,,,6dd7ebe66f49e38b984f820e283a17416a4d9f53,2026-09-29T13:30:22.024Z,f39eab21-8329-4ff8-80ac-9d584a802bac
2977,,,,,43502.24,,,2026-05-17T00:00:00.000Z,,,43d1e8916363b48162302fc928789da733a42066,2026-09-29T13:30:22.024Z,994dcd84-b81a-416f-ba3e-ed8df1c3a8a9
2978,,,,,181857.97,139437.06,,2026-05-17T00:00:00.000Z,,,4156a7797f598640cc198159c17875c35f546e50,2026-09-29T13:30:22.024Z,dbbfe1db-0997-47b5-b7de-689cb14f0825
2979,,,,,3726826.58,87491.44,,2026-05-17T00:00:00.000Z,,,dddbda9c12a841c409c652fad766f01df3c076ea,2026-09-29T13:30:22.024Z,d46913c6-3352-47a9-a21e-e5237a1f8497
2980,,,,,13205432.57,,,2026-05-17T00:00:00.000Z,,,1dc61dc086136a75bd4e6d08f77afa208bf8db41,2026-09-29T13:30:22.024Z,ffe891fc-80cb-4c69-8cc1-5ca0c6056891
2981,,,,,156228.72,,,2026-05-17T00:00:00.000Z,,,3eaf15407b3c25939da055a0df29c9e771570733,2026-09-29T13:30:22.024Z,4b605bee-77c8-4915-b4a5-cc22fa6155c9
2982,,,,,24924.14,,,2026-05-17T00:00:00.000Z,,,e3d55d8adb3a41b0710632ac9dd2866ae3d505a0,2026-09-29T13:30:22.024Z,09bcde64-6b25-43ef-98e8-244725a837b4
2983,,,,,508394.62,60569.87,,2026-05-17T00:00:00.000Z,,,973a46f314dd502f6bc79ad390ae0d3c75d47458,2026-09-29T13:30:22.024Z,4901eca4-a5fb-4d80-b640-aedaab465c46
2984,,,,,5679187.27,,,2026-05-17T00:00:00.000Z,,,d6b7db9c151d1ef41a4bfde8b8fb0a386e04fe57,2026-09-29T13:30:22.024Z,80df416e-613e-4025-b7fb-cbbdf7db1313
2985,,,,,505445.76,26580.05,,2026-05-17T00:00:00.000Z,,,1d09f771a65aca84099b03b4867be8a65609861d,2026-09-29T13:30:22.024Z,603aa52d-4984-4224-8357-e78b001de572
2986,,,,,492227.39,492227.39,,2026-05-17T00:00:00.000Z,,,3078c2836e3647d96bb9bdeb293033d8a747e824,2026-09-29T13:30:22.024Z,443f2f71-7124-4cee-946f-7bc3f09e058c
2987,,,,,825108.70,35427.48,,2026-05-17T00:00:00.000Z,,,84a99abe213e5c41b3220bce37c8e5f0780842fd,2026-09-29T13:30:22.024Z,94007a8d-f591-4006-b9e6-3980edeb3df0
2988,,,,,1997340.79,7113.24,,2026-05-17T00:00:00.000Z,,,a8a684c30b525253c2f5f8c7a3c934601cc12ebb,2026-09-29T13:30:22.024Z,90ab9ddf-1e75-4469-8fa9-ee48e8689a84
2989,,,,,1514966.12,,,2026-05-17T00:00:00.000Z,,,38dbf5f9c5d2f3c286bf5326b021251dba271294,2026-09-29T13:30:22.024Z,4bcb7db6-2676-4b0e-8c19-d1179b0863be
2990,,,,,983739.90,39962.12,,2026-05-17T00:00:00.000Z,,,5674bea70cb4c2646122a807ab91efcac83ffec3,2026-09-29T13:30:22.024Z,18415aad-afcd-453c-b5bf-0b41493c5f0e
2991,,,,,169360.98,7390.25,,2026-05-17T00:00:00.000Z,,,295cb03c9923e28e1733d06ba4e16809fe9864e1,2026-09-29T13:30:22.024Z,08e4fbf2-5b8d-470e-99c8-03c0c0f3c237
2992,,,,,2393137.14,,,2026-05-17T00:00:00.000Z,,,9e63032c09270d8f05606ec10702532074963a4b,2026-09-29T13:30:22.024Z,dfa86b9e-f80c-4a58-8281-f5f142654b95
2993,,,,,9912.60,,,2026-05-17T00:00:00.000Z,,,fe929dcdeb300de17558520a5a5a4e3290025bf1,2026-09-29T13:30:22.024Z,16fcf5a8-b9cb-434f-9fc1-3767a5c7b28e
2994,,,,,373970.07,92347.01,,2026-05-17T00:00:00.000Z,,,48894c78c55be6ec0c4b13a7d4c9138d94ad17a6,2026-09-29T13:30:22.024Z,acd8b87e-5033-49b6-9a08-c684e6f19d21
2995,,,,,592294.84,,,2026-05-17T00:00:00.000Z,,,072c2f9727513698c201dea5f59f68c2c7fab839,2026-09-29T13:30:22.024Z,a4c98e4e-dc49-4099-b728-4a9b91b80ac9
2996,,,,,622320.74,,,2026-05-17T00:00:00.000Z,,,59f1da876d1cfc528a97ada1bebfd9612146107f,2026-09-29T13:30:22.024Z,2a64f155-4d9d-4961-a82c-c50f0083d8ea
2997,,,,,51448.94,4344.83,,2026-05-17T00:00:00.000Z,,,06ec6276ddc5efc983f6d55b3b2bf7b69e927d33,2026-09-29T13:30:22.024Z,eaa4f99a-ecc9-42d8-af26-6b02b06bf532
2998,,,,,113274.19,20098.21,,2026-05-17T00:00:00.000Z,,,4b998c6836b4abd89c7278893e27483e88fa14dd,2026-09-29T13:30:22.024Z,5b3f507b-0c8f-4782-8e31-c96a54c2d814
2999,,,,,619731.97,303544.82,,2026-05-17T00:00:00.000Z,,,3cc59318f72f401060b16243360ac8be30994fa4,2026-09-29T13:30:22.024Z,52d45052-a937-48fe-b92f-5d11b7a8787b
3134,,,,,25469687.41,30318650.49,,2026-05-17T00:00:00.000Z,,,7f4909d013852ee47e2491241400db8025576506,2026-09-29T13:30:22.024Z,9a31aeeb-4298-4d43-867e-851aed5e68b2
3135,,,,,9848417.16,9838265.65,,2026-05-17T00:00:00.000Z,,,e44951022e36c7aa5253a24a10c1af5f283ab6a0,2026-09-29T13:30:22.024Z,7001e133-353b-4b9e-9ac2-b6ff6710eeb6
3136,,,,,4673921.01,4673921.01,,2026-05-17T00:00:00.000Z,,,dd0e4fa33a6cb39e67682a94c1ffcc4717a80e6f,2026-09-29T13:30:22.024Z,12a5c7ce-f517-4251-b8f3-299d6ee020d3
3137,,,,,9019537.72,8938453.81,,2026-05-17T00:00:00.000Z,,,8dcb9deadbe8e7e5c1e304f9f4fbc433a20229ff,2026-09-29T13:30:22.024Z,a115dda2-c8c2-46a3-a0c9-7aee2eee4219
3138,,,,,3098971.18,3098971.18,,2026-05-17T00:00:00.000Z,,,7fc7bd18cb10984624d7132804d6f1577774b452,2026-09-29T13:30:22.024Z,eb67810e-cd6f-4c01-9f6a-a03eebebf895
3139,,,,,1064337.65,1064337.65,,2026-05-17T00:00:00.000Z,,,b1466d9fb5fe8dc691c49b43d514b5fbe8cab52b,2026-09-29T13:30:22.024Z,ab8f97f4-959d-467a-b62f-5448427cec0f
3140,,,,,51218204.06,50716251.84,12517.79,2026-05-17T00:00:00.000Z,,,f4bbdba082d027cd8f6b727096b786a53a807d9f,2026-09-29T13:30:22.024Z,0e5fefc5-22a6-4c1e-98c2-0e8c0c3dfddf
3141,,,,,3479570.50,3479570.51,-0.01,2026-05-17T00:00:00.000Z,,,9246be7b18ab5a6486d06f50db0327ca78a5cce3,2026-09-29T13:30:22.024Z,90d16355-4dd0-4eb1-b05a-9dc5bc49ee60
3142,,,,,6218085.26,6218085.26,,2026-05-17T00:00:00.000Z,,,3e3f00826504f57be9d5d9f50baed496796a6060,2026-09-29T13:30:22.024Z,b59da0bd-18e7-442e-9ff1-ffe4cbf9f707
3143,,,,,3630431.12,3683064.34,0.00,2026-05-17T00:00:00.000Z,,,2b4fbb6311ee2899a53df0ae1d6db53a48322a23,2026-09-29T13:30:22.024Z,845148dc-417a-4e0a-be1d-d39988a90288
3144,,,,,3640300.39,3605459.49,42297.69,2026-05-17T00:00:00.000Z,,,8210fd02cd1943e1e32ec61e774712b75622d9f1,2026-09-29T13:30:22.024Z,672b045f-2eb0-409c-a67a-daedd2103a26
3148,,,,,2032513.93,1820266.98,211883.35,2026-05-17T00:00:00.000Z,,,8e20f9ee52fe68499b18e3e53533cf34875a60dd,2026-09-29T13:30:22.024Z,c5a6170a-4f50-46c7-b87d-1ff2b787deea
3150,,,,,547528.10,547528.10,,2026-05-17T00:00:00.000Z,,,aae43f1d5ef289dd8c2216b0a99904bb604a6a3b,2026-09-29T13:30:22.024Z,ade3f0a3-d4a0-432a-852b-e9b610314db0
3153,,,,,3101637.94,3101637.94,,2026-05-17T00:00:00.000Z,,,873c3457fc265be5e077d8a8a8cf0073476e7b59,2026-09-29T13:30:22.024Z,c2ace1c0-853b-43f9-a5cd-d265ecdbfa06
5115,,,,,,,,,,8689.80,bcb70eb14af2df3ccb83567596a0b8268ac40e66,2026-08-18T14:38:03.602Z,3c15b27d-cc0e-4d6e-90d1-138e04d3073f
3154,,,,,2669903.41,2795066.47,,2026-05-17T00:00:00.000Z,,,7171ea9285a8c527dc006c3fa34d5412696ddf76,2026-09-29T13:30:22.024Z,77b9b504-a49e-4de7-bfd8-56ff1c1ae7f5
3155,,,,,4668512.48,4412798.48,,2026-05-17T00:00:00.000Z,,,58d7661ba7018c0e62b0ea45cf21506e70ebb878,2026-09-29T13:30:22.024Z,1c840048-5462-40bc-8468-68ea790afa28
5118,,,,,,,,,,,ec99caf6c51c4f0789d516fd83344c7fbed06ef7,2026-08-18T14:38:03.602Z,0801a73f-d387-4972-bc64-c95a7cac8f6b
5119,,,,,,,,,,,8b646bf1935d65bb64ef717b06c68a86b7ab0adb,2026-08-18T14:38:03.602Z,ea04b018-65c2-4fb6-b1c4-9387044e42c9
3156,,,,,2440546.55,2440546.55,,2026-05-17T00:00:00.000Z,,,1bf69e12a91f57c38b28ae29a2ab16066d951bc8,2026-09-29T13:30:22.024Z,66913211-c56d-45fa-b0a6-0cd8d2e5ed13
3157,,,,,4999310.11,4999310.11,,2026-05-17T00:00:00.000Z,,,2d69fc24472e2a1cdf2b07def48aa0bea1b3b853,2026-09-29T13:30:22.024Z,bcd142d1-873a-46fb-bc28-67d7d2febea6
3160,,,,,9209100.46,9139348.13,,2026-05-17T00:00:00.000Z,,,c9f4e1abd08ae3c2f440d6b2d3011e8d6818dedf,2026-09-29T13:30:22.024Z,b1142d63-8b0c-48c0-8b4a-2d5ec21b1d3b
5123,,,,,,,,,,,275b624b90d20acdf4a4f96e9978451470deb243,2026-08-18T14:38:03.602Z,9cc72761-a692-4c08-85a1-f699ce87d0ea
3161,,,,,16539984.85,17640374.45,,2026-05-17T00:00:00.000Z,,,7c6be0a4162a94f85f4c43692ab9034390d7d612,2026-09-29T13:30:22.024Z,a42c3ae5-6482-4095-9b39-de95ebedf78f
3162,,,,,3663238.24,3663238.24,,2026-05-17T00:00:00.000Z,,,2c76523cb9a67ce9d83ecac592a5fa12dcab1711,2026-09-29T13:30:22.024Z,8526524e-917f-46d1-a3ff-62bda089b4c7
3163,,,,,5369701.58,5358289.26,,2026-05-17T00:00:00.000Z,,,fdd9b5f65c55c79b44252ca0f9500e8ca6ec95c4,2026-09-29T13:30:22.024Z,3743500b-c3d2-44c9-a6e1-f97e15939ef4
3164,,,,,3404108.70,3403479.45,,2026-05-17T00:00:00.000Z,,,b06f94545be0d8f5884200742d7f073a92b5f7ae,2026-09-29T13:30:22.024Z,ec3bc198-4def-4e1c-9e8c-2932efbc4bb3
3165,,,,,21065441.93,21065441.93,,2026-05-17T00:00:00.000Z,,,31c9965e409d09abcb76bb8bb9f05c1b6f9e5f7e,2026-09-29T13:30:22.024Z,0d3c1be8-c4f3-429d-badc-34ce428f0bfc
3166,,,,,3433251.55,3433251.55,,2026-05-17T00:00:00.000Z,,,9152369681755dfad8b3e65d6cabd07504d914ae,2026-09-29T13:30:22.024Z,0f0ee811-2cdd-4cea-bff0-4de01bc1609d
3167,,,,,1301755.40,1296992.34,,2026-05-17T00:00:00.000Z,,,d5164f1ae675ced763103f9aba191dd5ffe20c69,2026-09-29T13:30:22.024Z,db8415c0-fce0-41f8-8b8d-2f7bdcebc9bd
3169,,,,,88203232.21,90360427.93,,2026-05-17T00:00:00.000Z,,,0e3cf2804ba6ff2e73500fa355c0c02670fce98e,2026-09-29T13:30:22.024Z,b900d1a2-bcad-4359-9c20-a0659921605a
3170,,,,,16619808.60,16617849.01,,2026-05-17T00:00:00.000Z,,,dba47dee6c1806796f2a977da23354c65bf49bce,2026-09-29T13:30:22.024Z,e8c2424d-a71a-4a75-b3e5-b806c143ba3e
3171,,,,,6133267.36,6077480.03,,2026-05-17T00:00:00.000Z,,,c3dda7234326f9e22b0c360a91a509dd08dfb62d,2026-09-29T13:30:22.024Z,eb426fb1-c5cf-478e-86cb-399312ebe5d9
3172,,,,,411357.84,397754.33,,2026-05-17T00:00:00.000Z,,,f664ce993c2436ad581502f2d178478ce3f22b3c,2026-09-29T13:30:22.024Z,ca1d7c5d-74b2-4d12-a1e8-ad1751377f31
3173,,,,,16025623.46,16064502.88,,2026-05-17T00:00:00.000Z,,,7bf813f0d21c21977ed1e1f6daab5eaf3207dd46,2026-09-29T13:30:22.024Z,a3233a13-0754-4b26-8dbd-eda4b35e0f8d
3174,,,,,416827.64,416827.64,,2026-05-17T00:00:00.000Z,,,7b04a00f66f736951baed56ee05169ab0a923333,2026-09-29T13:30:22.024Z,5b90ef11-d2ea-4359-b677-81bfb1fa95fb
3175,,,,,28844937.02,28840611.25,,2026-05-17T00:00:00.000Z,,,62af28e3db132971aafe0e4113bc99ba76d4a472,2026-09-29T13:30:22.024Z,cd83ea0f-da84-43b4-8bd2-47b2ac8da0a6
3176,,,,,8932169.87,8908770.48,,2026-05-17T00:00:00.000Z,,,6dac8f0a939817bf78111525b46fc6b28a9e4a89,2026-09-29T13:30:22.024Z,ef9eaac3-8210-4126-8532-6189e97cd061
3177,,,,,2288670.82,2288670.82,,2026-05-17T00:00:00.000Z,,,e3ccd2d9e9b00912dff73b4d911f10d402d2ffe0,2026-09-29T13:30:22.024Z,bb10a0a1-55cc-46e9-b110-17e6aacb947a
3178,,,,,1771535.48,1771535.48,,2026-05-17T00:00:00.000Z,,,c179eaebc35d706fc778d61a5615fc228936b612,2026-09-29T13:30:22.024Z,8d394460-4fab-4bfc-a295-fcd236e97824
3179,,,,,19129047.38,19109788.41,,2026-05-17T00:00:00.000Z,,,d9c14a7ac3f97e321f092cce2ae066701ea63b7a,2026-09-29T13:30:22.024Z,fbe74ce2-f381-46a2-85fd-6c396ced54ca
3180,,,,,20975435.98,20831940.90,,2026-05-17T00:00:00.000Z,,,c611592dbfa5f9b3972a892578a7b30e16ea0ae7,2026-09-29T13:30:22.024Z,24777b69-f83c-4374-a2f4-df05503ea741
3181,,,,,36139478.42,36046018.70,,2026-05-17T00:00:00.000Z,,,2faa05aabdbe9a2c016fbbcdae4230c3b2a9ae78,2026-09-29T13:30:22.024Z,b82c7257-464f-4e75-97d3-2d14be2f205f
3182,,,,,2002983.94,2021398.42,,2026-05-17T00:00:00.000Z,,,95739b3add9eb84925d5958e94672aa5793ce02f,2026-09-29T13:30:22.024Z,019590d0-cc48-48a6-8d88-8fd67cffa915
3183,,,,,3570334.69,3580882.64,,2026-05-17T00:00:00.000Z,,,356187cb4a37abf05d4b52145d5f6d5d30671b59,2026-09-29T13:30:22.024Z,ce511485-a3d6-4564-9a34-65a67f309273
3184,,,,,33681870.19,33756135.67,,2026-05-17T00:00:00.000Z,,,5f8bd61e41703d7461aea3728d74be4227c7a668,2026-09-29T13:30:22.024Z,19a42a87-48b1-4c81-ba85-45771d4b625d
3185,,,,,6136470.94,6169487.30,,2026-05-17T00:00:00.000Z,,,0c57a881685ba8473966ddf772f582ef62413e1f,2026-09-29T13:30:22.024Z,a6c2c1c9-ddd0-4cff-b41e-eb559245c609
3186,,,,,5419372.81,5196152.24,,2026-05-17T00:00:00.000Z,,,244410412008a7e51f9dd73575c9775f7e01904b,2026-09-29T13:30:22.024Z,5f7242b4-d21b-4188-b878-9e720596b642
3187,,,,,1597088.45,1616903.05,,2026-05-17T00:00:00.000Z,,,b0465dc7b599b0e5f0a38ec41675c24d6d13e1e5,2026-09-29T13:30:22.024Z,e0e97272-63bc-4ad5-ad41-6c43c02f0e71
3188,,,,,1480656.94,1429103.93,,2026-05-17T00:00:00.000Z,,,edf548d8fe44291e0451c4ed472b9247218c1c69,2026-09-29T13:30:22.024Z,7f19cea5-ed74-42b0-beba-14659cc77f12
3189,,,,,4948995.65,4979702.46,-44312.97,2026-05-17T00:00:00.000Z,,,20f8d8d8c89e477f3c7c0bd81a731dd3266f589f,2026-09-29T13:30:22.024Z,fcc5c5a6-3ad7-4d97-9332-5343fe4d4381
3190,,,,,2308324.53,2308324.53,,2026-05-17T00:00:00.000Z,,,070a8762ea738104a4a09c53a372110c4084b0b3,2026-09-29T13:30:22.024Z,e9d1fb73-3bcb-4316-bf27-3ebe8d23a62c
3191,,,,,35683865.83,35662121.08,,2026-05-17T00:00:00.000Z,,,c997be6b450e7eb643f0500c9236073ad36fbae3,2026-09-29T13:30:22.024Z,689e99ad-1505-4ff2-818c-6ddca217e485
3192,,,,,9529091.70,9566291.20,,2026-05-17T00:00:00.000Z,,,07fb6cd38ed8d74ea531d425c9ae3f92c98bda31,2026-09-29T13:30:22.024Z,bbabbcbd-6c01-4d7e-b98d-d77d5e6b1a65
3193,,,,,2631914.91,2662225.40,,2026-05-17T00:00:00.000Z,,,1e2673e08339b56b4e9f6b293e9b27945fc6e91e,2026-09-29T13:30:22.024Z,3b7ebc25-62f4-498a-871a-c5156c776343
3194,,,,,1209952.91,1209952.91,,2026-05-17T00:00:00.000Z,,,5cf138925968a3ce2fe5e449da26ea6647f1a90a,2026-09-29T13:30:22.024Z,1838501d-10a3-4396-8630-fa41b87df8d0
3195,,,,,2696280.98,2262870.87,,2026-05-17T00:00:00.000Z,,,4b0ab18a7ac56a4880b8e635c5c6c42603c0fd76,2026-09-29T13:30:22.024Z,71fbafa7-178f-44d3-98a7-7c74c9f03317
3196,,,,,317517.51,280698.37,,2026-05-17T00:00:00.000Z,,,7ec821c81214fb02b88f6ee2e31a6a5c6e01c1e5,2026-09-29T13:30:22.024Z,c0dfac77-631b-46ea-8fb6-11134b287077
3197,,,,,5819086.32,5858474.55,,2026-05-17T00:00:00.000Z,,,0ca88c1fbcd698be73eb201918bbe574dbeb05ab,2026-09-29T13:30:22.024Z,635e2c4e-84b0-463e-9339-d64728010934
3198,,,,,8636637.81,8695049.44,,2026-05-17T00:00:00.000Z,,,da326816bfb6251c6aed0fcd9f9b0d9c20733b14,2026-09-29T13:30:22.024Z,9ca5449d-2b69-43ed-bb7c-3a5c23c402b6
3199,,,,,878190.58,885943.40,,2026-05-17T00:00:00.000Z,,,2a2238e0e95f1c95c57a98fe9b5f660d20934cc7,2026-09-29T13:30:22.024Z,36666e79-b4e4-4e19-ad16-9ba97039a3e7
3200,,,,,12467305.96,12564859.85,,2026-05-17T00:00:00.000Z,,,755e5656b9e997fb6a9c659b1e3b68a4eb81bc61,2026-09-29T13:30:22.024Z,5c042fb3-32e8-422a-8796-de57df0516d0
3201,,,,,49945087.29,49907838.54,,2026-05-17T00:00:00.000Z,,,c5771e9e7d3d118e09602dc991ba523d7a9c693c,2026-09-29T13:30:22.024Z,1b37ee2e-2202-420f-a463-3f42c4c644f4
3202,,,,,1690912.41,1706333.77,,2026-05-17T00:00:00.000Z,,,a56f55cff3b0e178d7f0bb75e0fa5b755459352b,2026-09-29T13:30:22.024Z,3bed5eff-f182-4799-8a79-91af47e7cfb3
3203,,,,,6273609.34,6336868.61,,2026-05-17T00:00:00.000Z,,,172e1672f6eabb2c68de79431da3750616ea5fe9,2026-09-29T13:30:22.024Z,d8902b40-42c0-4917-84db-53b80117a7fc
5167,,,,,,,,,,,7fe23b8268f949d2b2c91b34c7de34f535a587ee,2026-08-18T14:38:03.602Z,b2f6dee8-29ab-48ab-a287-bd8cc4b687fc
3204,,,,,2448149.31,2496679.31,,2026-05-17T00:00:00.000Z,,,5c5b93d0b4c60b9613de6391082bede2c0a25a0a,2026-09-29T13:30:22.024Z,05c85335-b76f-487e-89f6-0e9802cfa2bb
3205,,,,,1498692.53,1498692.53,,2026-05-17T00:00:00.000Z,,,eb10d3e01718a60ee8ad9416e5c1127b152851d0,2026-09-29T13:30:22.024Z,2809602c-4157-419e-96f3-803f14fc3f45
3206,,,,,3998836.12,3998836.12,,2026-05-17T00:00:00.000Z,,,96e535473eb893369893005cd463199ce2bd7029,2026-09-29T13:30:22.024Z,3dd0c2eb-dcbf-462d-bf0d-e376ead6aa69
3207,,,,,3611491.49,3658114.66,,2026-05-17T00:00:00.000Z,,,7224cecd7a03909f3aeb7617acf88cdc6e3bfab0,2026-09-29T13:30:22.024Z,acb55166-afcd-4474-96e3-e771c819e868
3208,,,,,1099729.89,1121727.20,,2026-05-17T00:00:00.000Z,,,77e77d2b6edfc4bcea2305cb372a261a1ca31518,2026-09-29T13:30:22.024Z,b53a3f76-b23b-4e60-bab6-f04eb4d68990
3209,,,,,3261706.85,3261706.85,,2026-05-17T00:00:00.000Z,,,e65bb8e210dd568ec15c0137f85a54dd6cad6a84,2026-09-29T13:30:22.024Z,f0e76d6c-2a69-4d96-99d4-5e8b9cb2bafa
3210,,,,,1296770.22,1296770.22,,2026-05-17T00:00:00.000Z,,,703f09d093ae26a994c521a22001a01ee3a05b55,2026-09-29T13:30:22.024Z,f904214e-3de8-46b5-ba90-df7e9248b239
3211,,,,,2080378.21,2112182.01,,2026-05-17T00:00:00.000Z,,,00bf69b74c8af0e63870754c4572a0b174d65de0,2026-09-29T13:30:22.024Z,cfae9b4a-f22d-420f-8997-ad008e32cc7b
3215,,,,,45093695.30,44833582.58,,2026-05-17T00:00:00.000Z,,,e3a84929bb04e807778fd936b08f65dd51e4a604,2026-09-29T13:30:22.024Z,522c894a-d2f3-4794-9ee1-54e30a4ea28b
3216,,,,,519041723.14,520432414.78,,2026-05-17T00:00:00.000Z,,,32fbd062c514964536e878c338bb80dbf7deca00,2026-09-29T13:30:22.024Z,0f93ae9d-33d5-4d03-90cc-a9c6de99c6a7
3217,,,,,34877040.15,34804266.55,,2026-05-17T00:00:00.000Z,,,22ec02b054db759186f705388758679a670a05c6,2026-09-29T13:30:22.024Z,75eb04e3-68dc-461c-b9a1-519eaa32ab8c
3218,,,,,9466263.25,9339813.89,,2026-05-17T00:00:00.000Z,,,2e25ee7be8dadd47b1bf601e507e5d711e82a166,2026-09-29T13:30:22.024Z,29187d8c-88b2-4380-9cec-5f4790780de3
3219,,,,,12706104.88,12562801.78,,2026-05-17T00:00:00.000Z,,,4750ffcd78db9ab4e0d13035b409878ec43f4d72,2026-09-29T13:30:22.024Z,feeff99a-bc41-4219-96ab-9317ddbc69fc
3220,,,,,3810182.41,3810182.41,,2026-05-17T00:00:00.000Z,,,57b0bad6e6a059eb98881d5fff922349a9ac875b,2026-09-29T13:30:22.024Z,eaa298b4-a1ab-4187-bc7e-b2d34edd37f7
3221,,,,,769731.49,835173.87,,2026-05-17T00:00:00.000Z,,,0ced5f705a7bb2ed1100f4a5cf256320760c11e3,2026-09-29T13:30:22.024Z,945a5414-681c-497c-8516-e3a8fcfceac9
3222,,,,,2387886.66,2172905.20,,2026-05-17T00:00:00.000Z,,,4c8f39701a7a1fc32f82872f87ead4380bb78532,2026-09-29T13:30:22.024Z,4a99ca8f-1c0f-4ff5-9455-65f81964ad47
3223,,,,,2209668.18,2171724.40,,2026-05-17T00:00:00.000Z,,,36d076594f683838e4ff15fbe85087fd44cc6b25,2026-09-29T13:30:22.024Z,e40c4a9d-3bfc-4c09-8395-66d9a89d171c
3224,,,,,13199692.01,13295010.89,,2026-05-17T00:00:00.000Z,,,b83163ee02c886885073e48177647219b7ae87b1,2026-09-29T13:30:22.024Z,c8244402-f2fc-48a1-939c-7b95a13f10a6
3225,,,,,2078364.65,2014986.05,,2026-05-17T00:00:00.000Z,,,c687525e6a837b13badd4ec77940fc1034bc985a,2026-09-29T13:30:22.024Z,7c8984d2-d289-4e70-96ff-61512b4deb1d
3226,,,,,1929990.02,1929990.02,,2026-05-17T00:00:00.000Z,,,b89d8d2956f98d855e7d2a35b421555c08c8f570,2026-09-29T13:30:22.024Z,b9b32a3c-deea-48c7-bba5-9c5e5def2f3d
3227,,,,,1730746.78,1576631.54,,2026-05-17T00:00:00.000Z,,,41b3da28ee7322168ffeefe3042cd5848b64d0b3,2026-09-29T13:30:22.024Z,6616fa47-6a79-4dd9-a02f-6f50d9c519a8
3228,,,,,940482.93,885986.59,,2026-05-17T00:00:00.000Z,,,cf333dde79019f3928ab6d53b06cfb83058e1ac2,2026-09-29T13:30:22.024Z,0bf04555-68e1-4dfd-a612-4ad2732d94d0
3229,,,,,1036861.59,1058230.21,,2026-05-17T00:00:00.000Z,,,513c347ad7b206bd3a219148dfb029ea93ed9096,2026-09-29T13:30:22.024Z,5f18fb3b-ef76-4adf-96cf-f87b93b94628
3230,,,,,4425301.59,4486693.86,,2026-05-17T00:00:00.000Z,,,549755061de58f3211c89131ebe29c5386fbb751,2026-09-29T13:30:22.024Z,8436ac37-271e-462a-955a-43be3566a550
3231,,,,,2008550.19,1959623.64,,2026-05-17T00:00:00.000Z,,,2c93034f97f85d2785eb2100933a87f6872ed13d,2026-09-29T13:30:22.024Z,8d75219c-c0d6-47c6-bfa4-ff60b66e743c
3232,,,,,1816226.90,1767855.18,,2026-05-17T00:00:00.000Z,,,412d31b6523a8bc42767702c153f84a45f750d38,2026-09-29T13:30:22.024Z,f84fd040-c93b-4919-8eee-939672fa39ae
3233,,,,,5307714.12,5339636.18,,2026-05-17T00:00:00.000Z,,,45eaf6ee1dcdedf8eaeed2828432d0d63a4a1476,2026-09-29T13:30:22.024Z,0bdb3619-4979-47e3-bc93-e9d50e94d07c
3234,,,,,219505.79,219505.79,,2026-05-17T00:00:00.000Z,,,d567c0187da15ae2c1288e4aeb4a5aaabe82722f,2026-09-29T13:30:22.024Z,155199e7-6fa6-49f5-85d6-39623afb4440
3235,,,,,4000098.94,3958118.46,,2026-05-17T00:00:00.000Z,,,79a098c6ee0e9178503467732b5c9d4e53e5780c,2026-09-29T13:30:22.024Z,8f2d752b-631a-478b-8a59-a8b220adbf75
3236,,,,,163068.54,147995.80,,2026-05-17T00:00:00.000Z,,,e874c97475efcdc684fba7975d93b73ef3777020,2026-09-29T13:30:22.024Z,a750e94d-fb02-45bd-8a41-65eaf662cbf6
3237,,,,,3021165.34,2885724.12,,2026-05-17T00:00:00.000Z,,,c7c3c00505bbb40c888f2ab307aaadcef7e8e078,2026-09-29T13:30:22.024Z,59119cd1-a5fe-4e8d-9492-60aef3e22781
3238,,,,,2130479.17,2102653.47,,2026-05-17T00:00:00.000Z,,,1673b481662e1d1613d44d2f9cdaec43c6e47c81,2026-09-29T13:30:22.024Z,1ebe6996-3d0a-4ea3-ba1e-72d7ba76f9f0
5214,,,,,,,,,,,3554d19023313b25c3d5bc6ce4d0473c35a33595,2026-08-18T14:38:03.602Z,214b4f1e-6b61-4f04-8465-b3c3b8a6d271
5215,,,,,,,,,,,d704891437148ae2cab0de3488e57d2e5fdadfb7,2026-08-18T14:38:03.602Z,e8b8b5e3-d6f7-456e-8897-9de622a79b30
5216,,,,,,,,,,,d2a323d5e36d333b064ced672392fcf3d12b982b,2026-08-18T14:38:03.602Z,83ce0854-500c-4c34-8d7b-09a116a1ee7d
5217,,,,,,,,,,,002d719f25b7f4a89a539c82a75ce099f9c80a0e,2026-08-18T14:38:03.602Z,0904e2ec-7737-4dad-9ace-0776110e72f3
5218,,,,,,,,,,,d41d5a28f5699f16af1ed87c17b6c2ed01b432a2,2026-08-18T14:38:03.602Z,60f6583b-b638-4f49-a139-567822ee2ea0
5219,,,,,,,,,,,dadadd679ad69a4d0a2f443ab6d21549f97d0126,2026-08-18T14:38:03.602Z,ea7def3c-ce4b-4291-8eb9-aa465f258ef2
5220,,,,,,,,,,,c0aee6ad9740647b4496174bb460eb5cbdacfc31,2026-08-18T14:38:03.602Z,2d3e7361-9836-47af-93c7-729145e01672
5221,,,,,,,,,,,1b58ea0f2cbb89aa730df22d32d92be4862fd31e,2026-08-18T14:38:03.602Z,1786931e-0728-4601-8350-3e515413fec7
5222,,,,,,,,,,,b5796664d8a3fd8d76a8c0b0139de782166feda9,2026-08-18T14:38:03.602Z,a198c40c-a0c7-4b5f-915c-417e31e54fc4
5224,,,,,,,,,,,ec42af5ca469196ff55cc4681db979b96168f3f9,2026-08-18T14:38:03.602Z,5103ecf1-0522-424c-9a74-81a5210fdd8c
3239,,,,,244047.59,222422.69,,2026-05-17T00:00:00.000Z,,,6f94cea395f6835fdd843eba407ef94da219127b,2026-09-29T13:30:22.024Z,6f6b5d2c-8e9b-499b-875d-1028ecbde960
3240,,,,,277442.24,256981.41,,2026-05-17T00:00:00.000Z,,,9d2d9c24c61b27a66f8e993d996c526f32dc2978,2026-09-29T13:30:22.024Z,8a7e4cd4-d74f-4da7-86b4-0c1b159e7b51
3241,,,,,5726164.08,5610658.15,,2026-05-17T00:00:00.000Z,,,a51eefeaa75362ceaff4680c9583326e4b12183a,2026-09-29T13:30:22.024Z,060a32f6-dad1-47ef-b090-25ff69658bce
3242,,,,,2470003.23,2423900.93,,2026-05-17T00:00:00.000Z,,,bbb4f620930eeb3add29c6db9dabb439e027a6c3,2026-09-29T13:30:22.024Z,55f445cb-a2fb-4756-bf51-bfd9c348ec10
3243,,,,,1247816.81,1236500.74,,2026-05-17T00:00:00.000Z,,,f6be72089771732d2f89458d5890af1a0447e538,2026-09-29T13:30:22.024Z,ace79b10-a102-412b-87f1-541b6cf8024b
3244,,,,,212992.20,160993.20,,2026-05-17T00:00:00.000Z,,,d1b5f6d43aae3c5bb15e66616f7207ca3ae6f962,2026-09-29T13:30:22.024Z,338550cb-cc00-4c98-be24-252cb47beb28
3245,,,,,393813.27,393813.27,,2026-05-17T00:00:00.000Z,,,fd93e388c10b9567b0757354f5f3a526720c0953,2026-09-29T13:30:22.024Z,babb38c3-d53d-4c90-ae08-22e912204f06
5240,,,,,,,,,,,8d530468d1f96d12a3fd64d8b39aae6e2d9ba2a3,2026-08-18T14:38:03.602Z,9375e993-d286-4e22-a65a-3f5eb39cbaa6
3246,,,,,668487.86,684198.67,,2026-05-17T00:00:00.000Z,,,88ad65dd81f3eb850a3b1362e1f723e2d729a0e2,2026-09-29T13:30:22.024Z,7152acb8-382f-4a16-80ec-6ead1b557fc4
3247,,,,,24233.27,24233.27,,2026-05-17T00:00:00.000Z,,,62be57676a76898b2fb41b4704495e66f66dd4be,2026-09-29T13:30:22.024Z,7c087c00-e649-4369-a360-9bc0f5f61839
3248,,,,,988951.24,881982.66,,2026-05-17T00:00:00.000Z,,,18a86b38375f6b369f6c8fce14a0424b5dc271bb,2026-09-29T13:30:22.024Z,a7eacc53-47da-4a42-98de-d1e326422e33
3249,,,,,1236260.12,1150726.56,,2026-05-17T00:00:00.000Z,,,bc98d12be3ed7499f91a7abc1787a8cc59e736a9,2026-09-29T13:30:22.024Z,caae25f2-3fc2-49be-8f12-ad09eae183a2
3250,,,,,2541599.60,2564351.44,,2026-05-17T00:00:00.000Z,,,0741a434b96a411f280ce76e19739b27826d88fc,2026-09-29T13:30:22.024Z,8f36a7dc-d7c1-4d90-9ac7-69414e9dff91
3251,,,,,1565130.68,1541834.68,,2026-05-17T00:00:00.000Z,,,cb5e73cb96af480d47416f2c93222debba97db4a,2026-09-29T13:30:22.024Z,e81d97c4-917a-4996-a6ce-5fb16e1612fb
3252,,,,,5854973.22,5855580.73,,2026-05-17T00:00:00.000Z,,,40f1aa71e55449b0babf2aaf73177069060808b2,2026-09-29T13:30:22.024Z,2b6b4f40-57da-4a58-823b-544e29c0537e
3253,,,,,119960.41,91753.30,,2026-05-17T00:00:00.000Z,,,6cfdc3cb662d415fb98e6ee47056858f3ceaf4f0,2026-09-29T13:30:22.024Z,08aeb4f6-f2da-47bd-855c-39b9f79c3ead
3254,,,,,5201233.40,4996424.95,,2026-05-17T00:00:00.000Z,,,bafd764cb5aff4ce74546f35f972f17899e9d689,2026-09-29T13:30:22.024Z,fb811ee9-f6e9-4009-a020-e55bf2e20a5e
3255,,,,,1110009.95,1131503.30,,2026-05-17T00:00:00.000Z,,,638ae1c3f1fee786ed00362e0faec5cf988f41fe,2026-09-29T13:30:22.024Z,f1703c70-5a5b-4dc8-81c8-39c71b7a532d
3256,,,,,51276.45,51276.45,,2026-05-17T00:00:00.000Z,,,1d14c6c3cb51f4c2c283b05be8b1f82cef1acec1,2026-09-29T13:30:22.024Z,b6b35bc9-8a26-4a4d-8407-ca3748092850
3257,,,,,360856.81,334565.71,,2026-05-17T00:00:00.000Z,,,d881d9e070a8e555df31834a8a7d09edbf0aca5b,2026-09-29T13:30:22.024Z,6bc9ad37-b28c-4626-bfd5-31ea7190c118
3258,,,,,9887.40,9887.40,,2026-05-17T00:00:00.000Z,,,0332914b03165aeca15c2f1e2f5546bf74bb8bd1,2026-09-29T13:30:22.024Z,b44246dc-b4e6-41d9-b320-94e712f86a5a
3259,,,,,7408622.72,7571951.01,,2026-05-17T00:00:00.000Z,,,057a82dc22d8a990001f8fc1afafbd6a1259ef36,2026-09-29T13:30:22.024Z,20578d4b-741e-4877-bd40-f5dd1a1ff774
3261,,,,,6273272.45,6302758.63,,2026-05-17T00:00:00.000Z,,,8df7859e02d494706445d0a49c19e27df2ce8c5b,2026-09-29T13:30:22.024Z,bfdce1d9-8663-4c38-8834-6f99fb39daa3
3262,,,,,2760835.92,2715422.87,,2026-05-17T00:00:00.000Z,,,b476549d5538686d439485dddda8a32e7e825f8f,2026-09-29T13:30:22.024Z,b1e03d79-1113-4eb5-ae36-4aeb3f365f2c
3263,,,,,95418.65,100286.15,,2026-05-17T00:00:00.000Z,,,a4fd33a768afd09f9d36c84968f019c09fbd366a,2026-09-29T13:30:22.024Z,2becd5fd-557b-4a0a-afcc-f0902fedc88b
3264,,,,,594853.93,595026.34,,2026-05-17T00:00:00.000Z,,,ded69d222470645cb325b821fc70c4c0275fa994,2026-09-29T13:30:22.024Z,1c85567d-70d6-4996-bc79-d2e79eab2ea7
3265,,,,,566376.69,566376.69,,2026-05-17T00:00:00.000Z,,,74ef8fef015b08d9ea99467790aeda63794ee17b,2026-09-29T13:30:22.024Z,216b5f54-29a0-4fab-a0af-acfa9bca43c7
3266,,,,,9911219.22,9994559.29,,2026-05-17T00:00:00.000Z,,,323fd0511241ad6d1bed73cde101b816ee16b62a,2026-09-29T13:30:22.024Z,078786e7-251a-41fc-b1a5-2053badff304
3267,,,,,11028992.49,10996660.87,,2026-05-17T00:00:00.000Z,,,b61615aca19d5aba34554b1d5bfca730b7aa30a9,2026-09-29T13:30:22.024Z,32342a98-3009-4bf4-86d9-5ece3d4359fa
3269,,,,,6247181.91,6274637.67,,2026-05-17T00:00:00.000Z,,,db42676905e94af7bbd97ab61cc8887806461fa2,2026-09-29T13:30:22.024Z,8c5e32e8-2c55-4d89-987c-2df4d9956734
3270,,,,,8606436.54,8610144.47,,2026-05-17T00:00:00.000Z,,,517d852df9ec7836c8ad48a517502392d3e686ab,2026-09-29T13:30:22.024Z,303998e2-105c-47fd-b1b6-889de9f3f97f
3271,,,,,1322697.68,1320410.25,,2026-05-17T00:00:00.000Z,,,15952c0e1d47266628f80c2bbb49caea6c14fa63,2026-09-29T13:30:22.024Z,bebfdb6d-6783-4d69-a117-0dfa90ff74ad
3272,,,,,2140920.65,2086189.37,0.00,2026-05-17T00:00:00.000Z,,,e1241387daa5e4246fc03f595ebca8d3fae40abb,2026-09-29T13:30:22.024Z,bb6ecaf8-8185-4504-8e37-fc7a097826d2
3273,,,,,2617215.44,2150970.01,,2026-05-17T00:00:00.000Z,,,edcb16c029ba7c441b381a23bb7366b050e6fa4b,2026-09-29T13:30:22.024Z,102819ac-b5f2-44f1-9ddf-8e1d869207aa
5277,,,,,,,,,,,ddb484c4afdde209867dec03e50b44ac740d367d,2026-08-18T14:38:03.602Z,dab00453-b7f7-44dd-afc2-ba2dbe2ea765
5278,,,,,,,,,,1527297.30,28201586d51d3a514a7e3d209bca1fff00f884ad,2026-08-18T14:38:03.602Z,1fd48d9a-b5e9-4ac3-833c-5e907a90d679
5279,,,,,,,,,,,ee4ce7e3324022a81a6f2374c0a8bcc3f2b145f1,2026-08-18T14:38:03.602Z,f8883d21-b3f9-493f-b5bb-3e95de355226
5280,,,,,,,,,,,e522f52bdb0f524761e944996af217d146c6b076,2026-08-18T14:38:03.602Z,b66b03ca-88f2-4f6a-b059-21a81e16d689
3274,,,,,9119854.72,9138717.94,,2026-05-17T00:00:00.000Z,,,48a75163db74793a3660ae579f1d30991a407f80,2026-09-29T13:30:22.024Z,96240e84-bb01-444c-b471-cc4dd14afab0
3275,,,,,2865308.55,2802803.93,,2026-05-17T00:00:00.000Z,,,4ec6cae552a25526ca8c9def1ccc78d71fd57b5d,2026-09-29T13:30:22.024Z,3a1856ab-fb2c-4709-9ffc-b13e145efb3b
3276,,,,,79259.86,79259.86,,2026-05-17T00:00:00.000Z,,,c9dfab737ac5272759caef4e988351c2a62deed9,2026-09-29T13:30:22.024Z,0382dd1a-d573-450b-b81d-c8251e4362aa
3277,,,,,15338277.73,15399918.36,,2026-05-17T00:00:00.000Z,,,d9d86ed7706a8ad72c2cf3e48fc6210adfc5c504,2026-09-29T13:30:22.024Z,b8285fa7-774a-4713-b71c-c337d917fa9a
3278,,,,,3560273.15,3592835.96,,2026-05-17T00:00:00.000Z,,,fc326cfc3a412bf5534d655afe20a4b3c1ca8d95,2026-09-29T13:30:22.024Z,0f273c4b-56f3-4608-b2aa-9cd360c362f4
3283,,,,,5046066.37,5013490.12,3156.11,2026-05-17T00:00:00.000Z,,,14796279eb6ed73b96bc32b57884994d82cdb701,2026-09-29T13:30:22.024Z,59d46824-468f-4a0c-90a3-e0b3a01aaacd
3285,,,,,8590861.63,8456894.92,,2026-05-17T00:00:00.000Z,,,2a99a904d720dcf8d042b2bf7480586647698f1f,2026-09-29T13:30:22.024Z,b01302e9-7227-4d4f-8403-fd4e93d0b8ed
3286,,,,,7122145.99,7078992.19,,2026-05-17T00:00:00.000Z,,,08bbff31931e82bd4f3c44d449407baa823e92a2,2026-09-29T13:30:22.024Z,8fb0ed45-339e-441d-ac92-f943889e22aa
3287,,,,,246230084.13,245295902.04,,2026-05-17T00:00:00.000Z,,,bacc537180adaf9ac101c32c1e43e07155f89e07,2026-09-29T13:30:22.024Z,93ab0bd0-753d-4654-a02a-3bf19084267f
3288,,,,,8734842.21,8708448.03,25932.75,2026-05-17T00:00:00.000Z,,,668faa251b745a721ab4bfa2cad769a59181b657,2026-09-29T13:30:22.024Z,6df83621-c8c4-407a-b1a7-c1d2680c40e1
3290,,,,,27385680.76,27155369.85,,2026-05-17T00:00:00.000Z,,,0a88733fc686218a01caff81d44226c08ce9bb20,2026-09-29T13:30:22.024Z,17cfe403-488f-4b75-bb8f-c237e5206123
3291,,,,,356530.38,344114.38,,2026-05-17T00:00:00.000Z,,,69db862de52c7f48b075784d6949c8a904ef8303,2026-09-29T13:30:22.024Z,b8f285ab-edd2-4626-96c0-231fd8149ce8
3292,,,,,611711.02,589645.02,,2026-05-17T00:00:00.000Z,,,61d2a6b5526159805249f7c8af22e31603d4e52c,2026-09-29T13:30:22.024Z,93263db2-7e24-434e-a204-9d592d7b4ecb
3293,,,,,957955.64,926010.10,,2026-05-17T00:00:00.000Z,,,6a3715765b0bf9a73f0fd9fa13d8ec06c3ae1b99,2026-09-29T13:30:22.024Z,0d4a2042-50fc-454e-aa80-0a31d40dca62
5305,,,,,,,,,,,c3f8d6d357563582c376dcfe440d7dd2bd4eff31,2026-08-18T14:38:03.602Z,c2e8cd9f-6b10-4657-a0c9-5535dfd479bd
5306,,,,,,,,,,,68010606468a9cc2a56f3df1bafc9fd93f26845e,2026-08-18T14:38:03.602Z,e4ed6b18-f0a7-488a-8255-b0f76b6b22e2
3294,,,,,562028.74,562028.74,,2026-05-17T00:00:00.000Z,,,1da09357c1efbc0fcad95b4b6e58034e200ed988,2026-09-29T13:30:22.024Z,1117228e-8e82-4e27-a99c-a3e8759f8809
3299,,,,,11498194.84,10046653.19,,2026-05-17T00:00:00.000Z,,,99aabd834e0f6743fef98d497d86c35787fc22c7,2026-09-29T13:30:22.024Z,c72f3621-599e-4d1b-96e5-53ef2bb2f084
3300,,,,,9540583.88,9531434.79,,2026-05-17T00:00:00.000Z,,,184c69b73e2809b92fa770522842f9cf601e1396,2026-09-29T13:30:22.024Z,9c406823-f9e6-4b71-9a33-61021036db91
3304,,,,,544794.58,544794.58,,2026-05-17T00:00:00.000Z,,,ac08934abe6c4f64bc60fa3d7d9e77bf5bb324bd,2026-09-29T13:30:22.024Z,34b67097-5e4e-4c02-8a9f-a8edb3a384f2
3305,,,,,397944.96,384452.73,,2026-05-17T00:00:00.000Z,,,c20261c256a67f67e5b3f757b8b913aafde4ab7f,2026-09-29T13:30:22.024Z,760271f7-2d74-46ac-b452-c6ebb32528c5
3306,,,,,2961508.24,2865215.24,,2026-05-17T00:00:00.000Z,,,9ef2cae170994f5c20e8c8439748a8ff27fc8c2f,2026-09-29T13:30:22.024Z,15a5126e-6f3b-4f09-aa83-2685e5fb15df
3309,,,,,4872449.38,4542934.42,,2026-05-17T00:00:00.000Z,,,ff5b2244765e83895fd4f655ea5e70d4f2363884,2026-09-29T13:30:22.024Z,885b8e68-9c86-4c73-9c9e-920474a422cc
5319,,,,,,,,,,,3682feb755b38ef46fb4c96be41bfb093025357b,2026-08-18T14:38:03.602Z,7eafcb34-7d18-4e5c-a24b-bcedc9f9a76d
3314,,,,,455369.30,438647.30,,2026-05-17T00:00:00.000Z,,,84d6b44c3b316ff429e94a0d700d8bdcf1528fde,2026-09-29T13:30:22.024Z,ac0b3c96-036f-4684-b182-8644fdc9fb4d
3315,,,,,741694.21,740080.16,,2026-05-17T00:00:00.000Z,,,5a345cdbf83765dea2f19df41c45da6d40a1c69b,2026-09-29T13:30:22.024Z,c2bc5698-83f5-484d-88c6-e8e798bfce87
5322,,,,,,,,,,,12ddb44bdd64ab1b108464e610a56186c94332c7,2026-08-18T14:38:03.602Z,b76e936b-feb5-4f6d-986d-762eed548272
3320,,,,,16250.69,16250.69,,2026-05-17T00:00:00.000Z,,,10551f0397d2a9a78a24e13b6033708ccfc7db4b,2026-09-29T13:30:22.024Z,3279eff0-e67b-4bec-aeec-6244557436ca
3322,,,,,28922892.77,28290606.47,,2026-05-17T00:00:00.000Z,,,a735f05225be913e9255da3f7edc0f1bacef3c70,2026-09-29T13:30:22.024Z,5a2664ec-037e-4ed6-a9d3-a90720a43e45
3326,,,,,781030.88,777654.44,,2026-05-17T00:00:00.000Z,,,f87d397581c2e81e926b663e12fd84a71bcbfd1d,2026-09-29T13:30:22.024Z,97c4f904-a429-40c6-9789-681e9b7e8e43
5326,,,,,,,,,,,b724976d4a2a3c33f43c30dfac450245f2a01c6c,2026-08-18T14:38:03.602Z,9414c41d-3032-4b05-97b4-2aceba063127
3328,,,,,1313887.82,1313887.82,,2026-05-17T00:00:00.000Z,,,2d99bd036b341ce5f40c48ec0cede3614034e2b0,2026-09-29T13:30:22.024Z,ea9ac39e-d8b0-4e6c-beb1-43699c7050b2
5328,,,,,,,,,,,b9b8dee29e31316933061d743d80eac044971a98,2026-08-18T14:38:03.602Z,71b1412c-5cde-4620-90df-6e21b60ac21f
5329,,,,,,,,,,,12c48a5b588728bf604aac833819215f68444e0d,2026-08-18T14:38:03.602Z,ccd8c781-7aaa-4fe8-a185-d96bf3459711
3329,,,,,74241.71,73559.71,,2026-05-17T00:00:00.000Z,,,f1a5c08389651d77e5356257f2411f25af8afac1,2026-09-29T13:30:22.024Z,eb47fd39-26a1-455c-9221-2544eec67bed
5331,,,,,,,,,,,d283de9069bb7027dfc45ced08944c6d87b85b51,2026-08-18T14:38:03.602Z,554863e1-2da5-4a63-9d19-c18802c8958c
5332,,,,,,,,,,,6ed95979b76a78d4c546b9eaabc14be789daaa4f,2026-08-18T14:38:03.602Z,fc02a459-20f6-4b45-b67b-7fffcaa10dc8
5333,,,,,,,,,,,55260cd90ef6807fd9239ea01f199da753eaff4d,2026-08-18T14:38:03.602Z,9b260edf-4caf-43ec-9093-638f0311ca1a
3330,,,,,5366361.92,5365114.75,,2026-05-17T00:00:00.000Z,,,3ed539d3582c5f23070aa9b1247aea26066561d4,2026-09-29T13:30:22.024Z,673618c0-6e01-41b9-930c-4d6a2f41a211
3333,,,,,550618.32,550068.25,,2026-05-17T00:00:00.000Z,,,0e56bcc4d18e39b2d4195e2fc7ae8310c93d4e44,2026-09-29T13:30:22.024Z,0e73ba5c-f00f-4fd8-84c6-7d2210dc8cfe
5336,,,,,,,,,,,d9184fb187ae5139de586162b19132c908153a81,2026-08-18T14:38:03.602Z,e6422abc-febb-43e4-a39d-50ded605aead
5338,,,,,,,,,,,5da1021211f3f068d8c7bc8cce3020cbe9509552,2026-08-18T14:38:03.602Z,a892fe01-178a-43cd-a1c6-101201af414d
5339,,,,,,,,,,,73f9752a15099306bbd08708c377bc1ddaacb7c8,2026-08-18T14:38:03.602Z,a4aa4455-8a48-40ff-98a2-1c894c359235
5340,,,,,,,,,,,60d00c6b7c0d7f46b7c542580877534a4aee5b31,2026-08-18T14:38:03.602Z,1ffcdfe0-1b0c-4fa6-8db7-239a8e5636b9
3335,,,,,5191261.40,5183599.95,,2026-05-17T00:00:00.000Z,,,5aa4a7a705e219a248b4661069969a77a01f6f40,2026-09-29T13:30:22.024Z,d4fd700a-ebe0-4788-8bb0-52d618bd74d7
3336,,,,,916843.53,912147.08,1336.34,2026-05-17T00:00:00.000Z,,,9afee175c9e78cf462459dbf39f9dc94febd1c87,2026-09-29T13:30:22.024Z,d7f047d9-a567-4d6e-bfdf-48d14076ee1d
3340,,,,,495306.49,495306.49,,2026-05-17T00:00:00.000Z,,,1cd12d9b3c51adc623e1cd4ebbb675aaf938266d,2026-09-29T13:30:22.024Z,c68a0828-4970-4bd5-9394-2b81e93ad339
3341,,,,,3194.36,3194.36,,2026-05-17T00:00:00.000Z,,,85af69439319ebdb3e3ff5b6f23f0c6dd6df69d9,2026-09-29T13:30:22.024Z,48f2a8b0-c488-4ecb-a419-9d9ef4eed314
5346,,,,,,,,,,,e4769af62f54e84369520115b23fe4e5a8b2cadb,2026-08-18T14:38:03.602Z,e0a420fd-6ec6-42c6-9b34-4dfb9348cb10
3342,,,,,28257.80,26307.80,,2026-05-17T00:00:00.000Z,,,a9f9767bd8861d2a56c25d237437123709a77c55,2026-09-29T13:30:22.024Z,81334f3d-e081-45d4-8d19-3ef502beb439
5348,,,,,,,,,,,0dc776edb780698c8d5815592ad374c42042ec2c,2026-08-18T14:38:03.602Z,15b42de5-f005-4db9-9b4f-856d7435d6cb
5349,,,,,,,,,,,c27d4c645b80d0fcac6e3dd50b6a353d716498c4,2026-08-18T14:38:03.602Z,48a9778a-4cad-4fb3-81a0-6cb4fad51e58
5350,,,,,,,,,,,7856e6dc03e26bc39349dd73d98e225fd1558c0e,2026-08-18T14:38:03.602Z,6882a6d9-e5aa-45d0-bb14-64fc03d20f0a
3358,,,,,19645.54,19645.54,,2026-05-17T00:00:00.000Z,,,749f4f0c8bd67dab90fc4f00b88e7b79b165b4c2,2026-09-29T13:30:22.024Z,ef4548d0-f37c-42c1-9b4a-3cd807a38291
3360,,,,,644300.52,643660.59,,2026-05-17T00:00:00.000Z,,,175d7dd95b8f40fce5e99726419e8d386b69f8eb,2026-09-29T13:30:22.024Z,e81ce094-c3ba-41b7-887d-ee5169a79349
3362,,,,,6195205.80,6150974.31,,2026-05-17T00:00:00.000Z,,,aae99cf891a39f78d57a34e0082b7e7923a81330,2026-09-29T13:30:22.024Z,6db8fd40-68df-4610-b377-aca8cd962155
5355,,,,,,,,,,,9a107a24baf5e7ce1156acf6200ad76ff63385bf,2026-08-18T14:38:03.602Z,b20a9977-8793-4eb4-a39d-7264afaef764
5356,,,,,,,,,,,936f3fdb1dd6122388b6a4f1b256ccf37ce82487,2026-08-18T14:38:03.602Z,82db5130-4a78-4f61-8393-8f81a5eac738
5357,,,,,,,,,,,ccba319b53ee0168a532eb9f060c96d53c6336a2,2026-08-18T14:38:03.602Z,b54bab56-32b9-4d68-ad30-2a63160ddf72
3366,,,,,1639099.39,1616759.14,,2026-05-17T00:00:00.000Z,,,3ac1a95cbda699e93e77d3e6c8dcc0f9f9fea334,2026-09-29T13:30:22.024Z,9f3962ca-e870-4df7-b30d-f04c2b68c313
5361,,,,,,,,,,,e414e8e669819ff4356c2b7c4a5cc7b9e9954214,2026-08-18T14:38:03.602Z,ae4359b8-d5e9-4418-b1e3-14a7ee3a3ac0
5362,,,,,,,,,,,8edfe4679088b26d231edda1846938da33b1c6d8,2026-08-18T14:38:03.602Z,53c6233b-39cd-44af-bdc3-8297fc6dbcde
5363,,,,,,,,,,,8b5ecd11ead3a11ebf8913839a26cf0c6afd9d69,2026-08-18T14:38:03.602Z,cc4831af-4633-499b-94e1-b6047d3bc76b
5366,,,,,,,,,,,258783d819f7d399230adaecff3a9078c3b91941,2026-08-18T14:38:03.602Z,188e4ed2-5bb3-4424-b30c-6ded2cb8450f
3376,,,,,6999940.03,6887862.58,,2026-05-17T00:00:00.000Z,,,3fd1c7ef961523bed443a74113682730d3704907,2026-09-29T13:30:22.024Z,d351db86-4e7d-40fc-b2fc-a2efe1a6e8c7
5368,,,,,,,,,,,d363c4fee242d920ad1ab7fb6461255b21996ecc,2026-08-18T14:38:03.602Z,afc76eae-7595-46bd-a294-e3826410abd3
5371,,,,,,,,,,,7b1aa7b84e64a62e0738e96832426f8b2c037917,2026-08-18T14:38:03.602Z,7f493439-99a1-4c75-9890-a8634b5ca829
5372,,,,,,,,,,,9d33c2a66d9116219f650fe609bd69a15fe64cb9,2026-08-18T14:38:03.602Z,fb373968-da61-416b-9072-4dad361f1283
5373,,,,,,,,,,,99bd870f8359fec60fcf00a04e59ccafc8d7804b,2026-08-18T14:38:03.602Z,b7757674-c501-47d2-b30d-e4733709f715
5374,,,,,,,,,,,09e0bc4b736be1822f1c9b203c73c7433fa499ca,2026-08-18T14:38:03.602Z,c54be0ad-3d07-4dff-8ef5-e023d5c422a0
3384,,,,,24096375.72,22209801.80,,2026-05-17T00:00:00.000Z,,,b3dacb3c8af6cb5d22f01f596c935c6ac8cec72c,2026-09-29T13:30:22.024Z,fd99974a-4735-457d-adc6-dee2990ae986
5376,,,,,,,,,,,8cec032a9b9453f48f1697cd0fad5891ab05a6db,2026-08-18T14:38:03.602Z,70c0cb31-ec18-42df-b1d4-40fbf9e5c1b6
5377,,,,,,,,,,,d289c2f957509fc20eb8bf18bf6ffa34756fb33d,2026-08-18T14:38:03.602Z,dfe24176-e783-4ede-8ffe-5446370ea3d1
3389,,,,,585571.92,538731.49,,2026-05-17T00:00:00.000Z,,,9bccc4965f9509c272d81b2c7bc4fbe52b66e836,2026-09-29T13:30:22.024Z,c9b1ea8a-83ba-46c8-85c4-d7cfb68ab3c4
3392,,,,,4364366.76,4021752.95,0.00,2026-09-21T00:00:00.000Z,,,454c9a9a87bf55e62607f133f0f6e85953aad03f,2026-09-29T13:30:22.024Z,e35813ca-53c6-4141-800c-5b1ab5fb9956
5387,,,,,,,,,,,895792981f87b145adbc7cf144531db801f88b64,2026-08-18T14:38:03.602Z,6b5ae343-f1f3-497a-b03c-64877098f5db
5390,,,,,,,,,,,cf97eff0903d6b49d3ea45c8c91e5b5a97d32ee3,2026-08-18T14:38:03.602Z,a44a9d9d-9fe2-4fe5-87b9-79a8e82e8dfb
3395,,,,,446808.86,408677.66,,2026-05-17T00:00:00.000Z,,,c9a6091a15095cc757f7b0a2cbb6f371985de131,2026-09-29T13:30:22.024Z,6b44f214-bf09-4f62-b374-6877b2091e7b
3428,,,,,9077660.22,8867772.96,,2026-05-17T00:00:00.000Z,,,3cc8a2a084fa4e40f71451774b3e5e0732b2dc3d,2026-09-29T13:30:22.024Z,7517ad0a-965a-4034-9e93-8eea68be1857
3442,,,,,2962667.09,2937494.19,,2026-05-17T00:00:00.000Z,,,aa3fb1f1ee2164692f7474580e10e402e818a261,2026-09-29T13:30:22.024Z,7f32801e-16ed-4ed7-991a-f9503a323de3
3443,,,,,957787.02,957787.02,,2026-05-17T00:00:00.000Z,,,b8d371b8bfa321635471e925be96f9d22c02a0ed,2026-09-29T13:30:22.024Z,f8488067-f983-4997-b557-43f327fd23dc
3459,,,,,0.00,0.00,,2026-05-17T00:00:00.000Z,,,9ea10588c09a020a108350aa03be549c5856ae03,2026-09-29T13:30:22.024Z,3afcbfb3-cd0e-4c0c-bf13-2f7792f43097
5400,,,,,,,,,,,4a0afe452ed3f534e289aaa136e443d07a157058,2026-08-18T14:38:03.602Z,ecb475fa-f144-4d42-b41a-947dad9c8446
3484,,,,,2352015.46,2231797.83,,2026-05-17T00:00:00.000Z,,,130f13ec357652739f9fe3c35e4bc76382ad7f11,2026-09-29T13:30:22.024Z,af64e8e6-a104-47d0-a227-bbd35b3c9443
5402,,,,,,,,,,,432d7481386ac30cfce7ca8956600c08e0b3f732,2026-08-18T14:38:03.602Z,df0d14be-a4e2-4471-a12e-ce5f71d18f1a
5403,,,,,,,,,,,ca580da665814f93e4b1e5e8917d575c5a265d56,2026-08-18T14:38:03.602Z,3d9365a2-5950-4dd2-b76d-bbba205f81e4
3486,,,,,36990067.83,36990067.83,,2026-05-17T00:00:00.000Z,,,168611c5c10ae5fbe85720ff5c63c103f5ada523,2026-09-29T13:30:22.024Z,170b2908-9d47-4f1c-9418-655eaeda818d
5405,,,,,,,,,,,4388efd4599e4eb55990206c5552f2de07e2b53e,2026-08-18T14:38:03.602Z,6d594f68-c23f-4caf-9d28-50fdcc975af1
5406,,,,,,,,,,,f06f66c7615c5ea6195554132877755f56b2ce5c,2026-08-18T14:38:03.602Z,4071b07a-baa4-44ca-b00b-83cacde0f0fb
3488,,,,,114674.53,114674.53,,2026-05-17T00:00:00.000Z,,,52c1eb920b71f4e2c2749319c0768513f6115f91,2026-09-29T13:30:22.024Z,35e6f661-5827-4525-9a17-c1d5a0d78e4d
5411,,,,,,,,,,,ace58dec41c0168f020d34ad93c4a63e0185294a,2026-08-18T14:38:03.602Z,48fbe3d1-1986-4ed6-88a5-e79a117293f3
5412,,,,,,,,,,,c507435b17746b0eacfd53a43d3483a5ad9233b8,2026-08-18T14:38:03.602Z,bcd3997d-5e00-475b-8c9e-c3830f8c395b
5413,,,,,,,,,,,e50d86db56cd659bc576b66be755b648ba099a4c,2026-08-18T14:38:03.602Z,0e20c42d-e4d6-441a-b967-d68cf16fd5c2
5414,,,,,,,,,,,15a01fc4367f59149b80b46a55271bc47513e875,2026-08-18T14:38:03.602Z,add7944a-38a3-4b58-8458-5e89f76b15bd
5415,,,,,,,,,,,c3d22fc53a8cd67cf7d46fcf06b0b0011176f4ea,2026-08-18T14:38:03.602Z,b64dc74e-8272-49e6-9e4e-8525aa17de4c
3489,,,,,38364.77,38364.77,,2026-05-17T00:00:00.000Z,,,34b5ff1b92332a186ba5a42e986ca77138170432,2026-09-29T13:30:22.024Z,a52dc8f0-16d7-4679-afe8-9d9b95ac62c4
3490,,,,,7152.97,7152.97,,2026-05-17T00:00:00.000Z,,,47ae63b57a4b0403d7e4efe73117d968566f3ff6,2026-09-29T13:30:22.024Z,85e38c44-a9dd-4900-9d7e-5ea54fb9d738
3495,,,,,10632.22,10632.22,,2026-05-17T00:00:00.000Z,,,b17d11b80a96fc844a3a9f49fdc31868cd626c42,2026-09-29T13:30:22.024Z,e0e99428-7076-4f40-a893-014e79a701a3
3496,,,,,280018.32,280018.32,,2026-05-17T00:00:00.000Z,,,823a8fb4a4ed84db56321b55cc8f5e3c9f843604,2026-09-29T13:30:22.024Z,c4f88044-4dbf-45c3-a6d6-12b16f7c7030
3497,,,,,524164.12,489316.15,,2026-05-17T00:00:00.000Z,,,61a474d4041b5ea3d3c238cd3eab1078743f72b8,2026-09-29T13:30:22.024Z,e557637e-dc38-4bc0-8d91-2fcafe03158f
3498,,,,,1627843.15,1538180.25,,2026-06-09T00:00:00.000Z,,,2d26f9552fdc709a75f44f7a22bbb05088405459,2026-09-29T13:30:22.024Z,ee3d1641-52be-4930-b1b8-799271651dad
5424,,,,,,,,,,,1f32609f1d18a9250ca122b2d5b1b1f9f4b2acfd,2026-08-18T14:38:03.602Z,61c80223-b18a-4490-ab35-6c00d1875f41
3504,,,,,3361356.07,3179153.66,,2026-05-17T00:00:00.000Z,,,a2ff37904cf6f7ae7d8aeee6107f56b6c4a99d11,2026-09-29T13:30:22.024Z,1f125223-977d-45ef-8359-6fcaf18ebb0c
3505,,,,,359340.27,359340.27,,2026-05-17T00:00:00.000Z,,,24d3eb81da3a089cdd02d1d4059628fe5cf3a1cb,2026-09-29T13:30:22.024Z,38decd01-d5fc-404c-bbc6-386bb30dbf5c
3507,,,,,1001211.19,998989.19,,2026-05-17T00:00:00.000Z,,,83cfa8d402bce2612a0305804cc557737a72b5b7,2026-09-29T13:30:22.024Z,0906e03a-3c14-472e-a044-4e277602771f
3518,,,,,39353.18,39353.18,,2026-05-17T00:00:00.000Z,,,10b66c9e653c9ff108d6af88000316eaabc1770f,2026-09-29T13:30:22.024Z,94fd4cd0-9edb-4ab4-95c5-514a00eb369f
5431,,,,,,,,,,,3e4e4ee604afc2c77dd0165d0cfe7317a8bff974,2026-08-18T14:38:03.602Z,f133902c-792f-4fd1-8d62-1f62422e331d
5432,,,,,,,,,,,2a0a6cb3ab2c52afe9887d87f1bb725eb4d31e26,2026-08-18T14:38:03.602Z,c2fefbcf-52cc-474b-b4da-c74a488b63c2
5433,,,,,,,,,,,04a6148bafd2c5d3c01861dbea8e2cfa580e1035,2026-08-18T14:38:03.602Z,f187d0ef-3262-4b5d-ba7e-566743d9b4bb
3521,,,,,2565254.14,2565254.14,,2026-05-17T00:00:00.000Z,,,84dd6ab07ec3d31d6d34f5a64fbfb29c8c7f3f55,2026-09-29T13:30:22.024Z,353ed2b3-e3ea-4052-a5db-74f784a85c0b
3523,,,,,275575.36,275575.36,,2026-05-17T00:00:00.000Z,,,3aac86d0855d29b8b46cda1ec48e610cbd928ceb,2026-09-29T13:30:22.024Z,350a9d71-1888-4df3-8f8a-3f3da2ecb7bc
5437,,,,,,,,,,,4ae399bf4f73e00460f512ff4c6c85273e718033,2026-08-18T14:38:03.602Z,4cd24a02-7b75-4453-9aeb-fe5a60f02ad8
5438,,,,,,,,,,,9061a29a4e86b5c5c6cd6b365e95746b79feb278,2026-08-18T14:38:03.602Z,93d251f7-d675-41ed-b785-491e83cf9e3c
3527,,,,,322190.94,288532.25,,2026-05-17T00:00:00.000Z,,,ae6fc2b28fbb13435d62813e4e9e77c57a3e5f26,2026-09-29T13:30:22.024Z,f558a00f-fa31-48f2-ae6b-42148465e094
5448,,,,,,,,,,114009.60,af2eaca0789f3ce4b60fe12a425f232f3b4d6ac2,2026-08-18T14:38:03.602Z,60eea362-86d3-45b1-b662-00180c9bbca2
3529,,,,,421455.95,390647.26,,2026-05-17T00:00:00.000Z,,,2d2b34c58695cad43aae029049ccd0fdeb6b5c03,2026-09-29T13:30:22.024Z,072d1966-8259-4d8a-b73e-e1dbe968fc9a
3530,,,,,2208510.74,2085708.08,,2026-05-17T00:00:00.000Z,,,579b4475ac2f95825887b9f2ee0f5c5e4dab5b13,2026-09-29T13:30:22.024Z,4ec1174e-fa8b-4d47-8b9b-20518bbad607
3533,,,,,1292559.68,1190472.68,,2026-05-17T00:00:00.000Z,,,b8296828bc761a49fcfd614c2c6249b33b35976f,2026-09-29T13:30:22.024Z,0cc30cba-05c7-4443-9b4c-3f86e1185f72
3539,,,,,22140.45,22140.45,,2026-05-17T00:00:00.000Z,,,3b559cb0ada9d7f022d97907080438c0ec461296,2026-09-29T13:30:22.024Z,bedd35f9-1dc5-4530-b6c1-33ffb87e9fed
3540,,,,,57257519.12,55924413.14,,2026-05-17T00:00:00.000Z,,,44e4ae0b7cc8cd2e7224b8a5c9521107cfaae67e,2026-09-29T13:30:22.024Z,1f7d134c-ac83-4661-8b40-df2d43a12178
3543,,,,,5900544.46,5625371.01,,2026-05-17T00:00:00.000Z,,,aa92d3a7328da4035537eac4ea0c962e3909a80e,2026-09-29T13:30:22.024Z,1a080871-3329-498b-a19e-333346976826
3544,,,,,964564.73,950443.66,,2026-05-17T00:00:00.000Z,,,c78e09c750d3b238a7845f3c564cf8495954a2d8,2026-09-29T13:30:22.024Z,949d8a85-c5a5-467f-935e-5f7f79495d17
5459,,,,,,,,,,,d6c4216f40685b9caeeafd63be087bbf0ca1935e,2026-08-18T14:38:03.602Z,472de149-be7f-4c26-884a-aaf555652c6e
3545,,,,,80246.70,77183.79,,2026-05-17T00:00:00.000Z,,,f6827946139bfbde244f124bd112f42c8700f86e,2026-09-29T13:30:22.024Z,4d6512bf-0ecb-41c8-bb2d-0e9bfb41159b
5462,,,,,,,,,,0.00,706067fbf661361d60317fab4f58f506b7b80ec1,2026-08-18T14:38:03.602Z,c48ef97b-cecc-4d70-bda9-31c19a4381a1
3548,,,,,83091.21,81291.30,,2026-05-17T00:00:00.000Z,,,3060b6636a333163fd7dc27501fc0ff691985419,2026-09-29T13:30:22.024Z,a63f29ac-df0e-4e21-96a2-a86cc663f2ce
3551,,,,,554277.01,509994.29,,2026-05-17T00:00:00.000Z,,,9dcce0026557303efc4927be463376ad12a065af,2026-09-29T13:30:22.024Z,46204bd7-bd22-47e9-9015-b77112263bc4
5465,,,,,,,,,,,0d02373f157b75cf93d27b030a7bcee3ee1b8a25,2026-08-18T14:38:03.602Z,cdfdc875-ed5f-43af-81fb-c483c57caa42
3553,,,,,6215069.13,6215069.13,,2026-05-17T00:00:00.000Z,,,03e685a34e3291795921de8577ce9762c702acad,2026-09-29T13:30:22.024Z,94445ec7-bf96-4acd-bd32-56aa83d57300
5467,,,,,,,,,,,9d2e12b7845dd3100091784fca869b590b990523,2026-08-18T14:38:03.602Z,04201c42-1509-42dd-b4be-9805681f03bd
5468,,,,,,,,,,,2f19effda3bc1f46f7a8dab4c5256087d9ffe5c7,2026-08-18T14:38:03.602Z,1b60dd52-501a-4d65-aca5-1c97bfcca8a3
5469,,,,,,,,,,,10b14e1c379ff0fa2c286232ba295bc9d1ced319,2026-08-18T14:38:03.602Z,90aa02aa-ac19-4f3f-99ab-460f9dc89aa1
5470,,,,,,,,,,,c43bd83e2b2749f7b1d85bc9debcf5bc625a9850,2026-08-18T14:38:03.602Z,0f1d2ca7-5979-4486-8838-e7b75863616e
3557,,,,,187850.76,187850.76,,2026-05-17T00:00:00.000Z,,,487f93835cbf268517bcc636d53b4d164ba81227,2026-09-29T13:30:22.024Z,5e3a9d51-d9d4-40a1-b8dc-821f9aa1e660
5472,,,,,,,,,,,9fc17803e47a29f9eb6383ed32099db1efb93f17,2026-08-18T14:38:03.602Z,f5ecdb38-3a29-4705-ad5f-8158bdaecca5
5475,,,,,,,,,,,b0044ea2917fb2c9a8706591b703173421a97259,2026-08-18T14:38:03.602Z,474baf0c-a6bb-4a87-935c-e7d2616fc974
5476,,,,,,,,,,,8271bc80af03f4d413e8c9bc4762b0aad897ee38,2026-08-18T14:38:03.602Z,35934679-0a18-426c-8a2f-1ff7896ab673
5477,,,,,,,,,,,5138dfa5c044b3a9438d828dd007ab41b2c2150b,2026-08-18T14:38:03.602Z,3bb1c02c-9437-4f2f-a845-6d907584791e
5478,,,,,,,,,,,9a644f73931a8bfeb7e5005a5684f4d1768bc4a1,2026-08-18T14:38:03.602Z,20d7b50a-26e9-4eda-9ad4-e0c081f7ace9
5479,,,,,,,,,,,cff4bc7f4c9cf8b1748ac20a0f07767b4e89e489,2026-08-18T14:38:03.602Z,2825ee2e-8b49-4125-acf6-e599c3dfe788
5480,,,,,,,,,,0.00,4a0cc9a8a916ba9f3b83379b83039b2ff7d2bbd2,2026-08-18T14:38:03.602Z,7cfadf15-7eaf-456c-917a-ac666519ed8f
5481,,,,,,,,,,,363efd280c8211922dbd71515be4ffebeabcf7b9,2026-08-18T14:38:03.602Z,2d5adb84-8992-46ad-9622-57ba65f1c7ac
3559,,,,,6291372.98,5879787.83,,2026-05-17T00:00:00.000Z,,,c5f5357b5dde37b3ddb9d09cac342ce6ee1c8258,2026-09-29T13:30:22.024Z,90e0e935-6ffd-414a-8699-2afd05a2b12f
3561,,,,,2157862.51,1993375.99,,2026-05-17T00:00:00.000Z,,,16063b3a5764ea7f6512e066ff691447038f0885,2026-09-29T13:30:22.024Z,b4e07a6c-1805-420d-83b8-617293cbea4a
3562,,,,,10578.04,9708.41,,2026-05-17T00:00:00.000Z,,,6c283c8925fa1d23f4824247c8b255170dbd46f0,2026-09-29T13:30:22.024Z,397cfa12-f812-47ed-bb1d-dd44c1ea9f9d
3564,,,,,216592.19,215922.25,,2026-05-17T00:00:00.000Z,,,89e55819e91ffb38eae414e9fd5633a9ba651b41,2026-09-29T13:30:22.024Z,73a57b4e-234e-4a95-a549-4ff9a5c73e8f
3574,,,,,80381.85,80381.85,,2026-05-17T00:00:00.000Z,,,25bccce60cf530b9b7717cbc2c4200f4728da0df,2026-09-29T13:30:22.024Z,5d5a617d-f0b1-470c-bfdc-62c4aeb7ec8a
3577,,,,,252457.03,237542.16,,2026-05-17T00:00:00.000Z,,,de987794cb734d9a3946fd1d52b72592fbb746c0,2026-09-29T13:30:22.024Z,92d77247-7711-4bc0-b731-e3364cb5abe8
3581,,,,,312742.69,293249.56,,2026-05-17T00:00:00.000Z,,,7e24a45d3927b373daeea97cc4180e900f94eff7,2026-09-29T13:30:22.024Z,c2cb7875-61d7-47a4-96a5-4d22aa9029ab
3582,,,,,7261628.31,7256034.56,,2026-06-12T00:00:00.000Z,,,ba2421648dab88f65658da39b5c62a4bb66f0774,2026-09-29T13:30:22.024Z,e5b6fe77-a57c-4e18-8a2b-1cb871b14fb4
3586,,,,,960363.88,802691.75,,2026-05-17T00:00:00.000Z,,,9c4f86e7d6e4ab64a764d92cfc86b7a02d628aa8,2026-09-29T13:30:22.024Z,a5a64005-7b8c-42ea-b4cb-fbb49826c731
5495,,,,,,,,,,,41e5fb101f7cda944779e4c2f78ec45e92b2d371,2026-08-18T14:38:03.602Z,e53ad0ec-5372-428c-8e9a-fdeb0111feba
5496,,,,,,,,,,,1f957e310c39bc5f44b037dd5d015bb4b7add8ca,2026-08-18T14:38:03.602Z,663f0f29-40bb-4e4e-be64-fb1e9abdca97
5497,,,,,,,,,,,a9f54c8d21f9d3a69310912add0cd21d0675e64f,2026-08-18T14:38:03.602Z,8d0cbfce-7149-4679-821a-7092de8be621
5498,,,,,,,,,,,bda6f8142ce7964e2e0aab33a2e7bb9dd9dfb2c8,2026-08-18T14:38:03.602Z,9d7e237d-07b5-487f-9b5a-34727065f88a
5501,,,,,,,,,,,7994d4b57dcd64dc8bfc9b10e89325446ee8aa8e,2026-08-18T14:38:03.602Z,949b34bf-8cb8-4ba5-8d93-ec78a10287b6
3589,,,,,1193034.07,1096744.50,,2026-05-17T00:00:00.000Z,,,1e7be75bdad6f91dd034409d01768f7a59239d53,2026-09-29T13:30:22.024Z,dba85c03-e88c-4e8b-ac61-881244183ce3
5504,,,,,,,,,,0.00,6b6f3e7786e5ed7a51ff84398c32a3dd3e554fec,2026-08-18T14:38:03.602Z,a000467c-47fd-4c04-ab99-49884ffcb768
5505,,,,,,,,,,,7ee1192e51f6ffdcc954cb366ed2f8fd965364d5,2026-08-18T14:38:03.602Z,93bd6de4-ae8f-4f65-87a8-b5bba06b5581
5506,,,,,,,,,,,23b32fc0433aa2ec66dca5fadbab3608c164ff48,2026-08-18T14:38:03.602Z,6ce51e16-948d-4192-b8f4-e069a9d5aa47
5507,,,,,,,,,,0.00,0a519fc5d416e7c59177a5bb56d68699d1c6d508,2026-08-18T14:38:03.602Z,2e69b1ce-6418-4a69-886d-ba6772c64dff
5508,,,,,,,,,,,f20ba8a25f2bd9ed530ced33085593ffbc9571fa,2026-08-18T14:38:03.602Z,3c18c4c6-9594-4cfd-9496-7f45f355e00e
5509,,,,,,,,,,,3c45b90880afe2ccf37ce0cb03a4214b87a37898,2026-08-18T14:38:03.602Z,1c462fcb-8d69-4d21-902f-83e8b6cfc853
5511,,,,,,,,,,,af6dcc1b97f4cdd7547bdc8a0c469e25b848caac,2026-08-18T14:38:03.602Z,a5663015-a5aa-4063-bb16-96f11f03572b
5512,,,,,,,,,,,b8a1ef55aa9738468a1e5638dc2a3e186e480058,2026-08-18T14:38:03.602Z,616cde35-634c-404d-a46b-a2b00f07d0e0
5513,,,,,,,,,,,9f6e7470f94a49e1c157d9b0973fa8caf7f4c3a8,2026-08-18T14:38:03.602Z,8a101e1e-850a-4b50-8637-eb4e35bc90f6
5514,,,,,,,,,,,07cee83ca1cac8f9dc0453f254f21a33cb80e330,2026-08-18T14:38:03.602Z,a0ebc006-ba37-43c4-9301-ed4beffa132e
3597,,,,,2604180.73,2483112.33,,2026-06-16T00:00:00.000Z,,,232f4ba660bda81c2177c8eafa1a498bba0c729b,2026-09-29T13:30:22.024Z,c5f1f5ed-fbeb-4b6e-ac18-b34ab241ed7a
5516,,,,,,,,,,,0de6696876e7130e06783eabd69a41f06308ab6c,2026-08-18T14:38:03.602Z,402feddb-8a0e-4b80-b10c-77d6e6bafbce
5517,,,,,,,,,,,8013e1b6af45c0ca0250f8011b8069f70376a54a,2026-08-18T14:38:03.602Z,3a8d6036-9d06-4e23-be99-fcf85d1f91c4
5518,,,,,,,,,,,68393efba6a4ee6da8aca07e9d8067d9dc329098,2026-08-18T14:38:03.602Z,98c328fb-e602-4760-bcbd-df8edb0c7e29
3598,,,,,21090.56,21090.56,,2026-05-17T00:00:00.000Z,,,37012616b03075a0116517fafa846a0ff093afb3,2026-09-29T13:30:22.024Z,e816f29d-19a9-4375-a39e-73ee28026311
5521,,,,,,,,,,,2897fd627202ddd7ab292affa465236ea44ff4a0,2026-08-18T14:38:03.602Z,406063b2-917c-4934-ad7d-3d62a44a0994
3599,,,,,194207.73,183012.33,,2026-05-17T00:00:00.000Z,,,644f9efcd0bb0385e4ef111957dfb9f4844d44b1,2026-09-29T13:30:22.024Z,1ddfc38b-6c29-4437-9cf3-5c7714f30ace
5523,,,,,,,,,,,c1beb21d4923f6d752b8dc4874f2f464320f44bc,2026-08-18T14:38:03.602Z,29c95919-dce9-40ed-948b-a18cada8e7fb
5525,,,,,,,,,,,a37cd8704c35a9dafbcb2612ba1d412a617861c3,2026-08-18T14:38:03.602Z,3ffc79bd-5d90-45fd-9d52-00e9d543decc
5526,,,,,,,,,,,4dc6753438f349080a54a702f6cf8d205b3a9e21,2026-08-18T14:38:03.602Z,dde4317d-6ff0-45a3-8b29-15f265ef6d01
5527,,,,,,,,,,,988e91906a825e0955348d2a951e27162b93e99d,2026-08-18T14:38:03.602Z,5732bbb6-249a-4775-a89a-5cff8a568bd8
5528,,,,,,,,,,,260f781a4ddb50c7eccfc1fddfbab5cc4573d6fd,2026-08-18T14:38:03.602Z,d565d819-ecfe-4c0f-91c4-7b4db38d83b4
3600,,,,,34289022.20,32163568.87,,2026-09-25T00:00:00.000Z,,,bb249c9870cf2ef5853599cdaa9064ef20b075ed,2026-09-29T13:30:22.024Z,bfd6d7d4-ce3d-4564-a452-9d126dd55c9d
5530,,,,,,,,,,,1d9ba41ce6115776f504d460abb8586622145988,2026-08-18T14:38:03.602Z,fc2c1ccb-91aa-463d-bd39-77e243e2ed17
5531,,,,,,,,,,,caf377499c9b895cad7e1c5ae475a7733d327627,2026-08-18T14:38:03.602Z,76331a35-4969-4d7f-9c07-891a58e1475a
5532,,,,,,,,,,,0532c0e6a6749268119869ae5b11b794f47ddca7,2026-08-18T14:38:03.602Z,4f6d043c-3eb5-4801-8003-37f934805187
5533,,,,,,,,,,,2a8cbe7a3624d56dbbc1a19381674a378e46e15c,2026-08-18T14:38:03.602Z,11460a75-e37d-493c-b140-8a3a7e4abe02
5534,,,,,,,,,,,842fa1b41cc38f560a380cbb4321b637dda2b2b9,2026-08-18T14:38:03.602Z,b71bad04-5968-4380-9eba-2a015d5b15aa
3603,,,,,1216773.76,1216773.76,,2026-05-17T00:00:00.000Z,,,2758f998939e377dd8f97929dd387bc7f6cab56e,2026-09-29T13:30:22.024Z,b8fd6f2c-207b-4cd3-b329-7b3d89bcbf08
3606,,,,,17716.50,17716.50,,2026-05-17T00:00:00.000Z,,,f262f1c0a4a1374fe22e44f0a56193b6b7cc5bff,2026-09-29T13:30:22.024Z,c094c90d-0c5a-424c-a023-98f69e23ebd6
3608,,,,,5036292.93,3612973.18,,2026-09-09T00:00:00.000Z,,,80760d4894fdc074a65b15bb397819d9d12485da,2026-09-29T13:30:22.024Z,696ad0c2-2680-4905-8c1d-4104bded0d67
3614,,,,,10236.38,10236.38,,2026-05-17T00:00:00.000Z,,,20e5dcbe79179623ed3cf9612975189989eda9bd,2026-09-29T13:30:22.024Z,7600b59f-8543-4308-bd32-d4103ae33af5
5539,,,,,,,,,,,503d641a029bd65cb9e18a67189f5192091d1527,2026-08-18T14:38:03.602Z,1190d2e5-4556-4b86-9668-fd8aafd7d740
5541,,,,,,,,,,,cc17134bbe62b1db8031cb5149bc039b00373196,2026-08-18T14:38:03.602Z,23bd04bc-413d-4b09-b329-3fcd0eefa5fd
3618,,,,,54376.70,54376.70,,2026-05-17T00:00:00.000Z,,,2fa4fe70e97fc4b29b82cbfff01fc5eb8cccc4c9,2026-09-29T13:30:22.024Z,7827a385-f6f1-4e25-84be-3ea1a417b8fa
3635,,,,,0.00,0.00,,2026-05-17T00:00:00.000Z,,,20b8dc5782a304ba3bab1e23886c583b0b1f58fb,2026-09-29T13:30:22.024Z,08cb7f4e-f230-49a1-9168-860fd8ccc62a
3638,,,,,4800192.83,4773521.71,,2026-09-25T00:00:00.000Z,,,ca6cee9679a5146eb08f4c5318b0bb2f76b1b926,2026-09-29T13:30:22.024Z,87d90a57-6627-45d7-a521-e2161806b9e1
3640,,,,,0.00,0.00,,2026-05-17T00:00:00.000Z,,,717a98c4ced6f9b579e1eb328afbd6c297de5ac6,2026-09-29T13:30:22.024Z,9267303e-0e42-457b-8b1a-aad76025796e
5546,,,,,,,,,,0.00,a8fc63871b2ff2faa168af011a4b3580a5d28ec6,2026-08-18T14:38:03.602Z,06d5bf95-cc46-4209-a09e-aeb42ef9e1d8
5549,,,,,,,,,,,c9d40ad77acddda776e3c1cb41eafaf0a2120153,2026-08-18T14:38:03.602Z,7c295a71-5626-4d33-aebc-b5bc623a8d42
5550,,,,,,,,,,,d26df409a52f7ece338ee6ccc64c177e9cd3ed97,2026-08-18T14:38:03.602Z,da83f903-f5c5-4d2a-b9a6-d52230881ee1
5551,,,,,,,,,,,162a953338becf769afcaba91002374212a9deb8,2026-08-18T14:38:03.602Z,41535cb8-5689-4a1e-b2c4-150f162c5126
4002,,,,,32964164.68,1252767.50,31075383.30,2026-05-17T00:00:00.000Z,,4510495.00,2447426dfaf3ecee9ef0147a11e52caf031d6af7,2026-09-29T13:30:22.024Z,7a2e489e-b6d5-4b74-bbf7-96f1e24b9a72
4003,,,,,9389606.38,235847.98,8865844.40,2026-05-17T00:00:00.000Z,,1231142.00,b00c25636972409e92f41d3ed2f48d2e724a7674,2026-09-29T13:30:22.024Z,f5803561-8a31-4bc0-b3f7-d22864fa39ef
5554,,,,,,,,,,0.00,d59c85205899e4eadaeb501cc9032554d9cbf9db,2026-08-18T14:38:03.602Z,9111a641-4314-47c9-b586-f68582a60eed
4004,,,,,6433605.15,626468.18,5648870.19,2026-05-17T00:00:00.000Z,,1105267.00,bd9e38652c453829ba98305b2d5d7a266cdd84cd,2026-09-29T13:30:22.024Z,43ff1114-0adb-400a-90f9-e1d917d45493
5556,,,,,,,,,,0.00,7342bdfb613fd15fef581481a50ba0794db739ff,2026-08-18T14:38:03.602Z,55dced59-c16d-4adc-9486-485610f962f2
4005,,,,,6940346.02,1273604.40,5598332.45,2026-05-17T00:00:00.000Z,,812698.37,f0b801651c69bbbfab796156ee64d9a5f27510fe,2026-09-29T13:30:22.024Z,21a9a513-4a33-4021-a874-9e399e63bb2b
4006,,,,,1218835.96,45823.74,1169227.85,2026-05-17T00:00:00.000Z,,148547.19,3008a9b0bfa0b35f836a4e6ea07e7931b3c9b8a4,2026-09-29T13:30:22.024Z,c88f69d0-35c4-42f2-a933-af2c84f80a74
4007,,,,,5568579.02,1652353.64,3640223.97,2026-05-17T00:00:00.000Z,,816983.00,32d74dbd4f302f922cbd1f07688f9fd7cf6ac3d9,2026-09-29T13:30:22.024Z,84c56092-7d8e-47e3-98dc-0301d31ee1ee
4009,,,,,11095538.36,2675135.67,8027588.94,2026-05-17T00:00:00.000Z,,381333.00,4123e25ae997584b0ad50675f5465ef23d9efe5f,2026-09-29T13:30:22.024Z,75018481-2cbe-466d-abe3-dad28cff464e
4010,,,,,7227474.20,744562.71,5887050.04,2026-05-17T00:00:00.000Z,,1063703.00,09303af7be944af5aa7a4b7591049b750aa82c13,2026-09-29T13:30:22.024Z,9587be7d-5862-4ce8-9b7f-bfc80c232e83
4011,,,,,7738769.52,4082391.50,3388879.85,2026-05-17T00:00:00.000Z,,1463518.00,7bc4599a4527f8fd61da067fb8039ad470db76e6,2026-09-29T13:30:22.024Z,9cfd4acc-8a2b-4c34-a6f8-2f01037f98fe
4014,,,,,3362468.45,623653.45,2720969.23,2026-05-17T00:00:00.000Z,,420748.00,c2a4874ac3734a57aa4706df8b6538911439897d,2026-09-29T13:30:22.024Z,24abe852-7356-4cd1-88dd-e5b5c038c5ad
4015,,,,,5553128.41,3549146.66,1760212.52,2026-05-17T00:00:00.000Z,,1762074.09,f4e23cdffae5b690ec311761f19f49605daad24e,2026-09-29T13:30:22.024Z,4ca528be-ad9b-4f2f-847b-b7ab7648d042
4016,,,,,5743591.77,1591500.78,3912611.78,2026-05-17T00:00:00.000Z,,1518573.00,ddeb620b1b7014b37369eb0288ae016ab8b54e66,2026-09-29T13:30:22.024Z,058a63e1-03ba-4cca-87b8-aeb235674c90
4018,,,,,4132709.44,550964.83,3358432.61,2026-05-17T00:00:00.000Z,,832243.00,edac09077e628dfe43a53b9818079d5dcefa0177,2026-09-29T13:30:22.024Z,d636fe7e-9e64-4c42-9197-a51c3a931e94
5574,,,,,,,,,,0.00,8af7d9cc204eb92d14db28d7f584943407103207,2026-08-18T14:38:03.602Z,3bc05aa4-e209-4500-ad2f-259bebfa22f3
5575,,,,,,,,,,,b1dc81ac0e03222e3f019c540cfe476e0f45e6a8,2026-08-18T14:38:03.602Z,c76b2093-44ab-4e86-baf0-ffaa9ad1406c
5576,,,,,,,,,,,a6cbd014496d2acbe85ff9d68c8ee6b22b99890b,2026-08-18T14:38:03.602Z,ed2b7d07-24ea-4e8c-9b59-8ee96cef7d3f
5577,,,,,,,,,,,b4ae3eeef3fc9d64168086f0c077fdb6601e5da4,2026-08-18T14:38:03.602Z,fef9be81-2308-4b9a-8cd4-d2443f1e2354
5578,,,,,,,,,,,56692637b0ad7f1491b7e1d0440c20f984ef1406,2026-08-18T14:38:03.602Z,64a62425-8003-4cba-8f25-af6d91af0013
5579,,,,,,,,,,0.00,93e1a0d7347ea37ca2497771a96b7a8822da82fd,2026-08-18T14:38:03.602Z,39b78dc6-57fd-429e-8d0a-b718a74c171d
5580,,,,,,,,,,,4592ccf84a52570ddf05609a7c673b4c39a9dbe2,2026-08-18T14:38:03.602Z,7f9e6807-101e-4571-858d-0838a96bf5f7
5581,,,,,,,,,,0.00,44edf2ce871c564e02c4852e9038e91cf51f609f,2026-08-18T14:38:03.602Z,687a53d5-5a0b-4c73-9eae-69c43e7494f8
5582,,,,,,,,,,,536bb819d1e416ba0b8a9feda02dd08d203391ae,2026-08-18T14:38:03.602Z,f8cd55b6-873f-4d4f-a5dd-5228c4c65d48
5583,,,,,,,,,,0.00,31c133f6a32bfbe590b417f189ebcf7f6a5fc98b,2026-08-18T14:38:03.602Z,f6e881e0-5c61-4d5c-979c-fb0c1fcef2b6
5584,,,,,,,,,,0.00,eebe2067efaebd81ab8f1ff6f495513300c3d407,2026-08-18T14:38:03.602Z,ffa190a3-5a99-468d-8571-9c0ffc3c720d
5585,,,,,,,,,,,c3cc41f53610b216a2ad876cb849c5dcb0d221b4,2026-08-18T14:38:03.602Z,c1276442-f232-42b1-933a-1c808aa03beb
5586,,,,,,,,,,,be8e9d14d29d42f56f8c6ceb4f736345c865cbf9,2026-08-18T14:38:03.602Z,b8f039fa-af1a-42cc-9fc1-9941286d1ffe
5587,,,,,,,,,,0.00,4daac4d3a15f38827140d8d685032b10a78cbe63,2026-08-18T14:38:03.602Z,40319410-3bf2-4379-8966-c618b821395f
5588,,,,,,,,,,,20de09214499a187f77bf6fb25a756dd93b6b814,2026-08-18T14:38:03.602Z,5531af32-3ca9-49a1-8bb3-1ece462235be
5589,,,,,,,,,,,a07fc508fbb34c165cd4bbf6ba3dbc3bc53bc847,2026-08-18T14:38:03.602Z,7870e9c9-3d19-4e0a-9945-a04354b06279
5590,,,,,,,,,,,eb57820a0659bcb396bc37d5d5d0260c29df941e,2026-08-18T14:38:03.602Z,721387bf-3655-40fd-94e5-662cf282f1d3
5591,,,,,,,,,,0.00,067767758ef22d7eb1938bab501283dd1f254e67,2026-08-18T14:38:03.602Z,575139f5-e6d7-4ca5-9137-a20f81680ec1
5592,,,,,,,,,,,1d311584e4610e21e8ccec84f16ea153c788056f,2026-08-18T14:38:03.602Z,306ad1ce-0dcd-4dd8-a939-379dc74aaa3e
5593,,,,,,,,,,,1c6225efbab978702f4e4711f0e72790292d6965,2026-08-18T14:38:03.602Z,47ffbce0-231f-4ef7-ad67-627b9d807731
5594,,,,,,,,,,,3ee795c713bda4338adc46300e123eb921b8423a,2026-08-18T14:38:03.602Z,38c0e89a-a629-4649-9769-08c24c283adc
5595,,,,,,,,,,0.00,f39848c4f0f8b4520f1485b7edc8511f50d363f9,2026-08-18T14:38:03.602Z,3eedc86a-cac5-4725-8fe4-516e928765b6
5596,,,,,,,,,,,923b51bb56b41f1fe7027e9868f0257e944a44b7,2026-08-18T14:38:03.602Z,73e1606a-7957-4255-9e37-e35e923d4e54
5597,,,,,,,,,,,1594fc731e3667a35c40235f9db0505a32cede9c,2026-08-18T14:38:03.602Z,0729a6dc-47c6-4985-abe4-56238bac97e3
5598,,,,,,,,,,,ba8071252755283b3fc61fc86ac0a81ad876c202,2026-08-18T14:38:03.602Z,af470a3f-ef7e-483e-b624-4b4e1ceb7cfb
5599,,,,,,,,,,,87a9f2386b927079921bbb9b8aa27825af04d39e,2026-08-18T14:38:03.602Z,fe795470-9705-4948-aca0-61f6128aa9dc
5600,,,,,,,,,,,732e70aca574129abc5cb14ffc9c652bdd4bbb7c,2026-08-18T14:38:03.602Z,25591415-a32d-4f7e-a274-6673dbf8bca9
5601,,,,,,,,,,,b45504fc03906bb206f594b7b11b52d322a32766,2026-08-18T14:38:03.602Z,75c0942b-4d48-4fed-828f-8797f3dc3370
5602,,,,,,,,,,,08bf858162b1af96c38f5b5a4aa113d110c8e81f,2026-08-18T14:38:03.602Z,2c39a60a-8618-447a-bcc7-00fb4bfeb090
5603,,,,,,,,,,,497c5a7b1bac4dd8fb15696818dcddfc8f0647d3,2026-08-18T14:38:03.602Z,23e72cbf-309f-445b-9b09-edd77c493642
5604,,,,,,,,,,,330e942fc75287be6856e83869efde9e6e0b20c4,2026-08-18T14:38:03.602Z,e46e8f0a-ae0e-42d1-8155-bb27e28eba8b
5605,,,,,,,,,,,fc346879c070c088125b068d084c9a04ec46dbc3,2026-08-18T14:38:03.602Z,4595bd25-c0ca-48a6-b5b6-c63949c1dc0f
5606,,,,,,,,,,,253825fb62d458b88dae455440e64e26fdf9ebff,2026-08-18T14:38:03.602Z,5bba2b9a-2dde-45a7-9a3f-ee8264c3cbd0
5607,,,,,,,,,,,a49b4be692c945d9e2296c4be6c7dceb6356e308,2026-08-18T14:38:03.602Z,c0720a62-57e3-43ee-8864-33a9f035f098
5608,,,,,,,,,,,85acf2a6dd62af4a73c6a9b3f43e7bf1ab9e3e21,2026-08-18T14:38:03.602Z,2d424a74-22f5-4f26-b87d-b5b75002bd70
5610,,,,,,,,,,,8e3d19ab5237ef7dfc769ed1369399a3e142be00,2026-08-18T14:38:03.602Z,e1f18eb3-4013-4913-8a1f-41c2b634c1eb
5611,,,,,,,,,,,3c13862033c8ecab1e8c2c66650804115d6dfcdd,2026-08-18T14:38:03.602Z,dd237cd1-af43-48db-8d75-2bd0058507e3
5612,,,,,,,,,,,f29d2236e6d106a3ead825ad383a9bedccf980e6,2026-08-18T14:38:03.602Z,9f7132ad-0cd2-4495-8d9f-6195cbc419af
5613,,,,,,,,,,,cbb9106df35f47e1d0f4fb898d077215dd26036e,2026-08-18T14:38:03.602Z,782fc481-fdc2-4c87-a5be-5eb1b1c1cec7
5614,,,,,,,,,,,d94d8bc5e82143d0810ab121b07c71560745fc18,2026-08-18T14:38:03.602Z,007f4a5a-2b2f-4391-b9e6-6455fc9dd485
5619,,,,,,,,,,,0211637ba9a802198e7ef3ced4c7d204940d15f4,2026-08-18T14:38:03.602Z,e28e36aa-fc59-4ca3-8b46-f9d1c47530c1
5622,,,,,,,,,,,fbbbf76b191020009e29b06e2caa19ca3dfbe5ff,2026-08-18T14:38:03.602Z,e89e0f35-427c-43d3-bf4d-2822683a94fe
5623,,,,,,,,,,,60ef338650084a090f20bbaada2c504fdce7549b,2026-08-18T14:38:03.602Z,ee3d4133-f1a1-4d92-8469-f4cf867e14f6
5625,,,,,,,,,,,6ad3ce2965ebff0e95c1fe290e0fa31201fa1102,2026-08-18T14:38:03.602Z,cb36a8cf-f2ef-4e7d-85a7-1cf72e495e3f
4024,,,,,57728528.70,45043849.12,10040936.43,2026-05-17T00:00:00.000Z,,6378770.07,ffdafb6a98fe080aa4ca5913ff05f06c486d3b9b,2026-09-29T13:30:22.024Z,5b1a42e2-1cea-4faf-92f6-3fe1cf3048f7
5629,,,,,,,,,,,6aafde75773bfc2194978d543f3ecae967a23093,2026-08-18T14:38:03.602Z,d82d7626-d392-4c9e-a9b0-5b89bc84f2e7
5630,,,,,,,,,,,aa14fc714e7227ec7aaea4149225b3d9e3d34e09,2026-08-18T14:38:03.602Z,451a6f8d-8252-40f0-82ed-411ea26f3191
5631,,,,,,,,,,,ed26f8261fc465fc7cbbee0e48338cd8302ead07,2026-08-18T14:38:03.602Z,ab8d8c6e-e6f6-4552-acee-5bbfda0b46b0
5632,,,,,,,,,,,f7f62d56ac7350ef52e229f2d6724fa5586d2fc7,2026-08-18T14:38:03.602Z,c509c849-c377-42dd-94d4-82259fbdd806
5633,,,,,,,,,,,04991815e6a79cf62588c93c9bd3510aebe35545,2026-08-18T14:38:03.602Z,3f31440d-d602-4d49-8448-42d7a516d293
5634,,,,,,,,,,,396a164cee20b413e421c61bfeba34eb34389a5d,2026-08-18T14:38:03.602Z,0aabcd40-dbff-41e7-b692-f83cbae6cdc5
5635,,,,,,,,,,,56e2fdbba7d14c957434e42b197f9abc4b948e12,2026-08-18T14:38:03.602Z,33a1b8f0-1c46-4606-8a9f-64b6d1bc5112
5636,,,,,,,,,,,75a030159586768f9866348c304205be2688fce6,2026-08-18T14:38:03.602Z,87d08226-ea46-4869-b4ab-bfd4d1751cda
5637,,,,,,,,,,,ad56721185cb790f813eb60a39a504145e85b595,2026-08-18T14:38:03.602Z,26483211-c74e-4bd2-97b4-ce3fbfbc2502
5638,,,,,,,,,,,85c31cdc509cebd287ecdb99b99a3b658ef41a7c,2026-08-18T14:38:03.602Z,eb966382-0cfc-44ee-89c3-a12ab55bab65
5639,,,,,,,,,,,e499b587051a316b8d6ff08d3cf4786b93b86768,2026-08-18T14:38:03.602Z,8c3f93c5-01f3-4268-ad73-58ac78df021f
5640,,,,,,,,,,,8fdcfef171dfeaa86be8ef7b36756f1398dba8e1,2026-08-18T14:38:03.602Z,5152ee83-e97b-4890-8038-36fca8b34640
5641,,,,,,,,,,,e63a3e192d53cab29745f02110a7ef3326123cf2,2026-08-18T14:38:03.602Z,12e6ce7e-4ecb-40bc-992b-b3da3e5401ff
5642,,,,,,,,,,,e8bdc396b1c17c217f3ab4450a12b5d8d401a025,2026-08-18T14:38:03.602Z,d4d59f45-8ee6-487c-b9ed-1bf9bfd1fc2a
5643,,,,,,,,,,,afe17c7c5e5ea01f5f7a2c872286a41e5245a0a2,2026-08-18T14:38:03.602Z,8f251c15-a11d-45c1-9d96-443ae0b8626e
5644,,,,,,,,,,,744ae61fc1edcbaf497a68601766623f1342094c,2026-08-18T14:38:03.602Z,845b2c2c-bc6f-438e-b4de-6aa24ff9908c
5645,,,,,,,,,,,d4d5d41c11f7437a540c76cf6417d5d60526a8a9,2026-08-18T14:38:03.602Z,c9563ae1-e6f8-4157-939e-61a64ae7b668
5646,,,,,,,,,,,ef284f04b21498a785ee768cf0f61279e994dd5a,2026-08-18T14:38:03.602Z,681881c2-a230-4e0a-9159-207441a3ae11
5647,,,,,,,,,,,a8f29f1695bebb925155d778d7eb6c6ed97c2942,2026-08-18T14:38:03.602Z,950ddb83-8c15-4d59-b697-f4907e94e750
5648,,,,,,,,,,,25e16f343a9a193156b1795078eff2013b8e2e07,2026-08-18T14:38:03.602Z,ecb42cfe-cbd1-4997-b537-f33d911153e6
5649,,,,,,,,,,,d14e0bd0840c53f3a2536a20b4503f975e425be3,2026-08-18T14:38:03.602Z,fc43432c-ee8f-46ff-a0de-5eb22cd9b24c
5650,,,,,,,,,,,b3140b676cfebdd09246e57d9f93b1124c7ea35a,2026-08-18T14:38:03.602Z,6937bc49-77dd-4341-a07e-d449e4d0e1c6
5651,,,,,,,,,,,c2214c7770bcd0ab6ea600f4531269d73e7272cc,2026-08-18T14:38:03.602Z,ca5177d6-4723-4224-88f3-400f06e96b2d
5652,,,,,,,,,,,272c50b5445d2a794ec5beb44b441c995043d0c3,2026-08-18T14:38:03.602Z,6e023d82-610d-4a75-8e9e-2e25258ba8f0
5653,,,,,,,,,,,d45a7b235a83c58b2e363e775b2a359423fdd37e,2026-08-18T14:38:03.602Z,5417eb5e-6566-4d53-9122-532cd95f6b76
5654,,,,,,,,,,,d2490d6c35e9a3f66d25ee657ab159168353c703,2026-08-18T14:38:03.602Z,569a1390-050e-4889-af17-49c85126965c
5655,,,,,,,,,,,4ba1fa64ada094b89374e22a473a872fe4986f31,2026-08-18T14:38:03.602Z,1af06de6-074d-4041-9165-8d490ff5024c
5656,,,,,,,,,,,53ba697219393b03bb6f6dae505bd784351ae227,2026-08-18T14:38:03.602Z,caf5091a-df13-47ef-8bb3-ac97933beec7
5657,,,,,,,,,,,e7fb9fb1345dd5cf6887512df337b69fc2f9a3e8,2026-08-18T14:38:03.602Z,1457a671-54aa-473a-a095-fbf56cda4d24
5658,,,,,,,,,,,54a0d33df5c3f378545e57761194cae9e155bf76,2026-08-18T14:38:03.602Z,5aee3ff9-e004-4854-8014-9aa5c5a335e5
5659,,,,,,,,,,,5e56ffc3d69f465923fc8a4d56432a4ef2e89c95,2026-08-18T14:38:03.602Z,dc582cbe-8d4e-44b9-8457-714bb7342659
5660,,,,,,,,,,,9262395afff451a667a1841fd7a78f592230ad73,2026-08-18T14:38:03.602Z,ef1a980e-d369-4b5d-8250-dbe6a6dee37c
5661,,,,,,,,,,,1f950e8c95b530a67bb10f789171c92721eaf22c,2026-08-18T14:38:03.602Z,078cc193-c003-4389-bb83-39dd93b91d6f
5662,,,,,,,,,,,2925635464e67a9f4d0cdfff7062243b37adf221,2026-08-18T14:38:03.602Z,bc5b8634-046f-4ec8-a45d-b86bcb42ef18
5663,,,,,,,,,,,467b9a909b8d6f9eba5ccb6801a833bca433e29c,2026-08-18T14:38:03.602Z,193edde3-2d70-4ea2-b706-3c575a8a9fbf
5664,,,,,,,,,,,f63e9599e8fb4d72650dbbd68b7f715d5cb89537,2026-08-18T14:38:03.602Z,482b7215-7e2b-4965-b8cc-91d195f81980
5665,,,,,,,,,,,50b9f3707817ea41d889bc1928589edce9fed498,2026-08-18T14:38:03.602Z,6cfc01a8-96c2-401c-ad11-361a4eb4fc4f
5666,,,,,,,,,,,80863391ea6acddc0b1e42e5154770f83956aa6d,2026-08-18T14:38:03.602Z,580835e3-88a0-4484-a931-8e17916fa884
5667,,,,,,,,,,,2721215c04c7c420402387f6691d6188e2d7a72b,2026-08-18T14:38:03.602Z,24f7f051-8a8f-4ef9-b74f-0292ba9189cb
5668,,,,,,,,,,,a35c391e3ca54eecd00a2d6f1e6a963c2f3e4fae,2026-08-18T14:38:03.602Z,da86f850-5271-4296-bdc5-90f4f5de8813
5669,,,,,,,,,,,3ed6c16487e70fb6736daef2427a46cabcfbf38d,2026-08-18T14:38:03.602Z,7b4f3b6f-8e3c-45d8-acb8-e606bdef45d4
5670,,,,,,,,,,,726e13ed71ece0371d4896e7d4817f625314c52a,2026-08-18T14:38:03.602Z,cfb8a857-15db-4468-bc49-6211c467950a
4027,,,,,8341293.11,7853681.42,431751.06,2026-05-17T00:00:00.000Z,,912225.58,539ac1d4fbdf6c81b2a95bd9e8fd3947f4e05f65,2026-09-29T13:30:22.024Z,37562f69-707f-4e70-9ac6-7e128e4f0879
4032,,,,,1995886.96,441160.24,1541625.37,2026-05-17T00:00:00.000Z,,300596.00,a290eafbe862c36641a985f92fa33e326433af0b,2026-09-29T13:30:22.024Z,be81a720-494d-45d5-a418-f27fcc8200b4
4033,,,,,7037295.10,1186451.06,5694403.04,2026-05-17T00:00:00.000Z,,617221.00,b039d295f06844e162e728691478606f3caa118f,2026-09-29T13:30:22.024Z,3e2a4604-324f-418e-8761-a2ed23ff4c69
4034,,,,,19856370.57,15238993.46,4517435.54,2026-05-17T00:00:00.000Z,,2697385.00,4502adb6f734544a159fb3334017090c8379fd33,2026-09-29T13:30:22.024Z,5b1a5339-6c97-4fec-8ad0-dcf7ea929535
4035,,,,,2900592.12,1435679.99,1326444.41,2026-05-17T00:00:00.000Z,,514894.00,dc93c904c837dfe70a7b49d4cec68449a98f6c52,2026-09-29T13:30:22.024Z,0419486d-1c22-442e-bb1f-043f37d308c7
4036,,,,,2466820.86,2387707.68,79113.18,2026-05-17T00:00:00.000Z,,98442.04,21fb35e46eab69734dea83969171ce9b8438b516,2026-09-29T13:30:22.024Z,e5a2a8b2-6e32-45b7-b509-e557ba92e545
4037,,,,,2036745.61,1013823.50,1016201.93,2026-05-17T00:00:00.000Z,,237236.00,0dee054495fefedee9dc322958e02254a77878c4,2026-09-29T13:30:22.024Z,9f031c10-b8ca-4b0e-bc29-56c06eafaf66
4038,,,,,11018960.86,2675511.27,8286071.87,2026-05-17T00:00:00.000Z,,1441802.00,bcbca624ed97a495ae01cd68bf1614d5f16fd4ac,2026-09-29T13:30:22.024Z,780b35f5-0156-4cf9-ad08-aa3dfaf96cbe
4039,,,,,4007617.71,1256880.75,2617432.96,2026-05-17T00:00:00.000Z,,1220631.00,f6d8d107c1bb9d5016ab0ec108cd04b7ed46933c,2026-09-29T13:30:22.024Z,3cd52812-18db-4f51-a0d2-7a5fbe738160
4041,,,,,5570929.04,4545571.58,825402.46,2026-05-17T00:00:00.000Z,,849612.04,60de2068498909b0854fdf67c78214d23b5532f4,2026-09-29T13:30:22.024Z,73a6e0cd-61bb-4ce9-b45a-69fa585f9da8
4043,,,,,946367.37,6059.73,935840.02,2026-05-17T00:00:00.000Z,,116340.75,26e55b2081117a08df6c26960636055cf0ec4c76,2026-09-29T13:30:22.024Z,aeb7a582-5ef4-4933-91ed-a4c4e1a9ea32
4044,,,,,3995523.23,710888.98,3284634.25,2026-05-17T00:00:00.000Z,,877302.00,a0898ed933cbbc884816f1991c90ea9624bab42c,2026-09-29T13:30:22.024Z,5ca34292-7c6b-4be7-b4e2-20fcdc1f1450
4045,,,,,5135398.21,561055.89,4428207.36,2026-05-17T00:00:00.000Z,,720204.00,0a3c31923d97f6a69829f650e0ff88885edbb8e0,2026-09-29T13:30:22.024Z,fc1a4529-dcf9-4f01-8409-66a112c06d3d
4046,,,,,88561262.67,86146906.61,1065774.55,2026-05-17T00:00:00.000Z,,10313835.25,4e77993276d5660d9a0cf9cb10102cbfba3a86af,2026-09-29T13:30:22.024Z,212403a9-7d30-4d21-8414-1b3f63ba331b
4047,,,,,13324210.65,10947070.72,1469248.93,2026-05-17T00:00:00.000Z,,482423.45,50c9dc17d012837f1b24667d7d2318b9a5fc5597,2026-09-29T13:30:22.024Z,f28495d6-32b1-4207-b4a4-0ba676d85c84
4048,,,,,26260646.29,23802337.20,1953951.87,2026-05-17T00:00:00.000Z,,3508702.24,7864e5b5875e3ee829f4275a1aa1e5dd4c348e45,2026-09-29T13:30:22.024Z,79a27833-073a-4d9d-ab98-a4c8156fbf07
4049,,,,,3337545.64,3146535.40,181351.53,2026-05-17T00:00:00.000Z,,183991.00,bc3e3dc6734e47d84a0b30f4bb17f74f1ecaf39a,2026-09-29T13:30:22.024Z,e8bb1737-1d54-4a9c-ad70-47cff0e87f58
4050,,,,,4721628.31,146794.46,4186629.83,2026-05-17T00:00:00.000Z,,227656.00,d73ca4906fbb2aade1309c4dbc4e9b0b873349f0,2026-09-29T13:30:22.024Z,b7ce5ce3-31ac-4041-bd44-dea3da770034
4051,,,,,71006602.75,66665786.34,4123295.55,2026-05-17T00:00:00.000Z,,4882327.14,04eaf951c7521afe60874463a2f66d477dba2001,2026-09-29T13:30:22.024Z,101528e5-20b4-47a5-940d-517abbcc382b
4053,,,,,2564683.72,1412654.95,1111511.16,2026-05-17T00:00:00.000Z,,441205.00,06c442b6d32a10e7b189fb55232bd3cfa59f3761,2026-09-29T13:30:22.024Z,0f26946b-3daa-43d6-892c-c23a4092ad2b
4054,,,,,1340817.62,132297.76,1094231.33,2026-05-17T00:00:00.000Z,,182646.00,79a05854262e085532ca925b31010caa2410bb34,2026-09-29T13:30:22.024Z,25bee0e5-b4a5-4de4-b94c-64beba2c8300
4055,,,,,15087219.20,1662486.58,12927510.62,2026-05-17T00:00:00.000Z,,3032978.00,62d5a5a9049d6877bf92a52046962771457f4290,2026-09-29T13:30:22.024Z,c2a6d632-a231-4697-b4b7-2c6ddea0739e
4056,,,,,30413928.56,15972757.36,13054413.58,2026-05-17T00:00:00.000Z,,5794419.14,5388ece24456d078bc265fb26448d0ee962c3202,2026-09-29T13:30:22.024Z,73427663-485c-4889-9251-c403f8cc9a1c
4062,,,,,3095013.91,809300.56,2233833.70,2026-05-17T00:00:00.000Z,,95524.00,cc8f776ad7d36f28c9150d758df07f57f259169f,2026-09-29T13:30:22.024Z,6ce875c3-9baa-4785-a11e-ba407ab9558c
4063,,,,,4883032.82,686941.58,3980518.82,2026-05-17T00:00:00.000Z,,726334.00,712bf6cb32d994f2152135c98f8d256c14b79c16,2026-09-29T13:30:22.024Z,9a54933a-ec00-4d7c-8ab4-1c5bed75d0ba
4064,,,,,2918163.16,193887.35,2492662.71,2026-05-17T00:00:00.000Z,,387910.63,cfa64d524c9186d08af9a977958c8a5b8a51f84d,2026-09-29T13:30:22.024Z,e13437b1-0440-485f-a5b7-00b40e5b7f26
4065,,,,,3013725.58,95638.70,2908925.65,2026-05-17T00:00:00.000Z,,319205.00,2019039da6e8f7384ce8b2475c0bf28d7d21f20a,2026-09-29T13:30:22.024Z,c83324f4-66ae-4d70-acf7-d199520ea0dc
4066,,,,,1017761.39,19407.42,976221.17,2026-05-17T00:00:00.000Z,,78963.67,8b7dc10350f72ddfa626685238e7201a22adebd1,2026-09-29T13:30:22.024Z,0d888cf2-2283-4bed-aec4-eb4f1a21c69c
4067,,,,,4046793.01,4024549.15,,2026-05-17T00:00:00.000Z,,475368.08,98eb29b4eec3a0edc1913436179f6b108deafe79,2026-09-29T13:30:22.024Z,80b66482-01eb-4b77-9a60-755d583eac16
4069,,,,,41354847.24,4967808.84,34913802.71,2026-05-17T00:00:00.000Z,,5718652.00,c7a5cf83638ea25371b5c23bb4215fcc1768d038,2026-09-29T13:30:22.024Z,f63290c3-28f5-4528-a80d-05a3d86b0858
4070,,,,,8796860.02,6024393.78,2606526.47,2026-05-17T00:00:00.000Z,,670441.00,1dc37e37da331ed2fca8c49d8080aba23394a9d6,2026-09-29T13:30:22.024Z,44045c01-25d7-4f3a-b3e2-b83a5b994839
4072,,,,,21670637.94,11939571.45,8088581.00,2026-05-17T00:00:00.000Z,,2222598.00,b1703fa4dca447f17a309b63f86c1cca02c78072,2026-09-29T13:30:22.024Z,8dcdb4d6-c867-46ba-b9e8-b6b68f4d183b
4073,,,,,2914288.63,2893300.11,20988.52,2026-05-17T00:00:00.000Z,,102842.93,5758d3b8836b9d858fd3ff4b6649ea935d772ed6,2026-09-29T13:30:22.024Z,4431e98f-e81e-4c2d-8b2d-ddb9dd9159ff
4074,,,,,1297026.84,95284.12,1200315.02,2026-05-17T00:00:00.000Z,,230763.00,15260423f5a13a9e70dbf1f2dc7a60f1c1452847,2026-09-29T13:30:22.024Z,ef6a1417-4838-4890-8665-5fe59e2da51e
4075,,,,,12040508.41,10232783.99,1748072.96,2026-05-17T00:00:00.000Z,,1646935.54,c926a8ec1b0ecfeb31a3c7abbc2fc054d8ca720c,2026-09-29T13:30:22.024Z,2dad0b47-4a30-41c0-a2b9-d0b45e1f530e
4076,,,,,8488330.16,1319989.03,7028318.10,2026-05-17T00:00:00.000Z,,1577249.00,4cd3578a58641566d10b1f533b435a24545917ed,2026-09-29T13:30:22.024Z,33fe1d21-df66-4768-ac3b-505fd11a6a1b
4077,,,,,16595662.54,10321385.81,5912592.15,2026-05-17T00:00:00.000Z,,3299351.00,8c15bb698b8998d151b80e8742965d492a02b7cd,2026-09-29T13:30:22.024Z,57573622-084a-4edd-af17-c1942b01bcde
4079,,,,,25632263.08,23031825.28,1623462.00,2026-05-17T00:00:00.000Z,,7634682.84,3010b3b6c4c857e91d2caf3764a4c85fe998de09,2026-09-29T13:30:22.024Z,d490e890-8cc0-46e2-a8fc-85a94c2a54fc
4082,,,,,6640827.34,1449274.89,4980535.45,2026-05-17T00:00:00.000Z,,960197.00,33ef1f8e6947fd8ea8eb4141ba54701b6b12e992,2026-09-29T13:30:22.024Z,18c90cb8-f0c5-4029-af0d-52c1db5ff1be
4083,,,,,2757341.45,1811567.95,760734.99,2026-05-17T00:00:00.000Z,,755105.98,459ba5dbd98aa03993c48d2f64adf9c74e25d621,2026-09-29T13:30:22.024Z,47596f36-ab0f-4a82-9d9c-7840c484c99c
4084,,,,,17828372.01,5179503.38,10786875.50,2026-05-17T00:00:00.000Z,,3444360.76,6dbac29919cb7a868c2d7686ee41437e512bf7df,2026-09-29T13:30:22.024Z,1c25b9ed-e0e5-4f2e-bbde-bea65872407e
4088,,,,,1653796.77,115231.80,1489544.75,2026-05-17T00:00:00.000Z,,246920.00,b57872f7dcd8951a29b5eb6a695b83b51e6b4cf0,2026-09-29T13:30:22.024Z,b23e04ea-9cbc-4326-8656-2b081eaeb116
4090,,,,,6615076.59,2868305.29,3719012.63,2026-05-17T00:00:00.000Z,,291325.36,040419c07798b8de349068320d853feb892b66c3,2026-09-29T13:30:22.024Z,6f51564a-1008-4fa0-83e9-f42ab9fa1d3a
4092,,,,,10459122.12,3804525.36,6114211.80,2026-05-17T00:00:00.000Z,,1555721.32,daa417bc4f4f34db73cf2e9a791f6d83922f7836,2026-09-29T13:30:22.024Z,dd12bd90-4c75-441d-8a7e-1d760389f8ea
4093,,,,,14890071.93,12954412.72,1860004.86,2026-05-17T00:00:00.000Z,,2253069.00,6e32858495a16c495f6c25b342c86a2acd5e4a54,2026-09-29T13:30:22.024Z,f8d0b735-aa7e-45b5-b100-86337cb7289a
4094,,,,,24056205.67,1657477.22,21026949.29,2026-09-18T00:00:00.000Z,,3418580.60,c057472c30de2dff849fa00542437a91e8665180,2026-09-29T13:30:22.024Z,03dd7cbf-9816-498b-80b1-2002a58651c8
4095,,,,,2113605.92,466662.47,1642589.32,2026-05-17T00:00:00.000Z,,158765.00,92e6a0968ca346ef8f99e0c882486f3350333d71,2026-09-29T13:30:22.024Z,2a93833a-3fdd-4dbe-aa21-e83d9814d80a
4096,,,,,3119810.75,2954413.75,165397.00,2026-05-17T00:00:00.000Z,,0.00,215b447cadb8a1e22fcb776242a2d702d1294d37,2026-09-29T13:30:22.024Z,dbe7a575-0741-4a1c-8c60-bb2554ba23da
4097,,,,,10786016.20,3788111.98,6531562.22,2026-05-17T00:00:00.000Z,,1766463.25,200620bb84d0d75518a938d37e89c53ff678eddb,2026-09-29T13:30:22.024Z,e003c7e3-babd-4011-96c7-333e38d2cebf
4098,,,,,17603230.69,3896844.97,13360903.14,2026-05-17T00:00:00.000Z,,3763546.86,d7542a4b78e994acb65e7cac5db15f9be387c407,2026-09-29T13:30:22.024Z,1d661781-cee6-4de8-bec0-1ee153d4fcf3
4099,,,,,12666844.02,9670931.96,2713256.33,2026-05-17T00:00:00.000Z,,1641227.00,44c5f8e4ea0b5e7594f589ca4bb7fb5a33259226,2026-09-29T13:30:22.024Z,ce59b6bd-6d37-443e-a1de-a872c790e085
4100,,,,,8293401.30,6076945.52,2171181.58,2026-05-17T00:00:00.000Z,,1410234.00,52e70954dda6618de35558352b070627585afa47,2026-09-29T13:30:22.024Z,1f150f5e-18f5-4c26-b324-260a2804c176
4102,,,,,5926569.26,822112.42,4919885.84,2026-05-17T00:00:00.000Z,,929.91,9a7edc93d0fee744938616d792a7730f7170f0c9,2026-09-29T13:30:22.024Z,3982e1a8-1367-42ab-928f-af8dbc9872e0
5474,,,,,,,,,,170351.98,8a45f337b4168a9a66cc46a8c78a4a3e2db17827,2026-05-11T21:42:47.030Z,77134c14-1646-4089-9482-c2847f4cea26
4103,,,,,4212154.14,2130831.89,2061521.25,2026-05-17T00:00:00.000Z,,386084.00,84142c41eeb167e96263e807beb0bc82f239f754,2026-09-29T13:30:22.024Z,0e07823c-090d-4bec-a436-6cd0940d6219
4104,,,,,1602599.04,548330.85,1039928.95,2026-05-17T00:00:00.000Z,,198165.30,e18ff659edf148cb5d2737ec89b24f3aecd502f2,2026-09-29T13:30:22.024Z,30678520-ba3a-4ecc-aec9-b140b3b028a9
4105,,,,,6153471.49,5824040.89,298796.60,2026-05-17T00:00:00.000Z,,955286.72,8fac1e422f2b6c60215f3e88129a6bb7d4094900,2026-09-29T13:30:22.024Z,75778a30-05d9-4aaf-bb09-492923782204
4106,,,,,31099393.08,29113965.63,1471738.09,2026-05-17T00:00:00.000Z,,2980809.33,207aa04525675a1398d3fe5c4de77720e414e443,2026-09-29T13:30:22.024Z,fc958ae2-50ef-4dae-be4f-a602e2e2d884
4107,,,,,7915043.74,7555696.04,120969.70,2026-05-17T00:00:00.000Z,,676141.75,ce6647796fcc359eb395bc9bd25dd3e8c6154333,2026-09-29T13:30:22.024Z,b55fc8ee-c309-4f46-8a3d-04c70dcd2a2e
4108,,,,,3111470.37,2852738.85,258731.52,2026-05-17T00:00:00.000Z,,249129.51,2389a4f56b5ae1666e043c1adefe71abe762a1f7,2026-09-29T13:30:22.024Z,4af42468-51d8-499c-ae89-c3c1c84c5bfc
4109,,,,,57648989.57,962871.94,56132799.44,2026-05-17T00:00:00.000Z,,3635560.48,b08203811dbbd0ef3a9ac46141268f40a0699eb1,2026-09-29T13:30:22.024Z,edf31046-7e43-4d66-9e0f-cefe1e9d0e3f
4110,,,,,66961249.35,49469348.85,15766654.50,2026-07-27T00:00:00.000Z,,3549313.95,a83f8ea4b5a85acefb76f595cb1f74ab9d381016,2026-09-29T13:30:22.024Z,a30e2901-334c-45d4-b14a-e63684c6dd3f
4111,,,,,24295599.44,13166405.04,10605749.21,2026-05-17T00:00:00.000Z,,394787.81,aee0977627bc775d04ab028faf396505e9cb39c7,2026-09-29T13:30:22.024Z,741b4d3c-fa15-4d96-8762-07084bd8b802
4112,,,,,1278103.96,1276060.46,2043.50,2026-05-17T00:00:00.000Z,,140026.00,6a1d2d7e5fadbfb401b2637616ff403772401d45,2026-09-29T13:30:22.024Z,f9b44429-05b5-4340-abf6-c60ae68f0d0b
4113,,,,,11108020.79,3172254.98,7691613.98,2026-05-17T00:00:00.000Z,,857916.00,866905bd84c01f150160b4712fec59d394eb95d8,2026-09-29T13:30:22.024Z,e092d54a-23fe-419b-b3b2-8334859963f0
4114,,,,,12480065.52,1276034.26,10948163.76,2026-05-17T00:00:00.000Z,,2789576.00,dab6a35da6005de69c75b7411b9814edea171968,2026-09-29T13:30:22.024Z,7314f651-24ce-4997-a4d3-d3b827102378
4115,,,,,8231034.73,6376285.84,1795795.73,2026-05-17T00:00:00.000Z,,1175629.00,bdacf82502803f6b3352ae594dd4a08f06836c29,2026-09-29T13:30:22.024Z,e14e723c-781c-4f5d-ad02-b1c6bf3dcb1b
4118,,,,,7097551.40,3680851.14,2911000.67,2026-05-17T00:00:00.000Z,,734810.00,1d022fc50255b83bc4abb375e22bc1bcb97c9498,2026-09-29T13:30:22.024Z,a27680cc-3c9e-4462-ae76-d6a52d6ae5a2
4119,,,,,7594458.33,943878.32,6197532.28,2026-05-17T00:00:00.000Z,,1002978.00,b275b28d782ed369eae1e2cf4b9ec0e136bc2aaf,2026-09-29T13:30:22.024Z,7957268a-efba-4c86-8847-c188751d6c5d
4120,,,,,1914682.79,156257.50,1714406.99,2026-05-17T00:00:00.000Z,,274639.01,985e289d569e442757e844151222bcd85bfee7cd,2026-09-29T13:30:22.024Z,d20bfbdc-490f-4020-b5da-a80d4b5baa60
4121,,,,,4849947.62,1466419.78,3314436.79,2026-05-17T00:00:00.000Z,,282365.08,30d207f4a4d3a4c7598905be72529bf2f009e245,2026-09-29T13:30:22.024Z,faff9cc4-1ada-4a96-beff-e5c97ff04548
4123,,,,,239920.61,25008.42,204536.19,2026-05-17T00:00:00.000Z,,0.00,ff83b2ceb8b6f87f7fcd0662d77cca8ad5466ff4,2026-09-29T13:30:22.024Z,7107c096-1a9e-46d2-9474-473a81b43f96
4124,,,,,6593153.21,185920.60,6407232.61,2026-05-17T00:00:00.000Z,,1227697.03,2b644872f200ef42fb0f40bcdb210f718a61ded3,2026-09-29T13:30:22.024Z,729a8fe5-dd43-4ab2-be9e-5bc757ec11f0
4125,,,,,1215685.33,196811.30,986292.64,2026-05-17T00:00:00.000Z,,178449.00,20895215ce5ecb2ea54d5d8687085b04a0e0896d,2026-09-29T13:30:22.024Z,1e52b139-d951-4e79-984a-317a381bc5cb
4126,,,,,20524115.81,5890006.85,13629086.77,2026-05-17T00:00:00.000Z,,2747619.00,af36275303e84257e183db2191b9282d35d9dd1c,2026-09-29T13:30:22.024Z,60bf60b3-d32a-4419-bb3a-8a9aa63c80ce
4127,,,,,2774452.64,178053.14,2577569.85,2026-05-17T00:00:00.000Z,,265599.27,bea5830604b612277d8662ff83de17c1b878c109,2026-09-29T13:30:22.024Z,60095023-7985-4c0a-9e89-d01bc386749a
4128,,,,,10126940.11,940174.67,8667237.74,2026-05-17T00:00:00.000Z,,960269.00,753f80464b2043e139de33919ede0e5ba3e7f71e,2026-09-29T13:30:22.024Z,8180083c-23d7-4c30-80e0-8a2c28b458c5
4129,,,,,69891041.88,12383680.54,53129902.78,2026-09-25T00:00:00.000Z,,1345157.76,ca6732805e0f636018c760a1949112ade369fd3c,2026-09-29T13:30:22.024Z,42013efe-1d13-42fe-8402-eabd25c3ea38
4130,,,,,9033804.83,5039801.36,3691879.47,2026-05-17T00:00:00.000Z,,1827581.00,b6aeabb7618d982aec7ed7bed1cd53425cd7983f,2026-09-29T13:30:22.024Z,82ab77be-4da8-4376-af72-99c23784e2c1
4131,,,,,13712894.66,4570860.09,8727358.32,2026-05-17T00:00:00.000Z,,1690747.48,d7709d6591f01484918cb692e5f843c2ed1a9712,2026-09-29T13:30:22.024Z,35c586e3-f8d8-47c8-85ad-6e69b0ee2232
4132,,,,,3283729.69,165004.16,3109219.01,2026-05-17T00:00:00.000Z,,384030.00,e164cff1f9f6ab136c9b9e6a15444bf504c23e81,2026-09-29T13:30:22.024Z,bbd5c3c9-8c6c-4488-b38a-26ebb445ab7a
4133,,,,,173358.39,166972.63,0.00,2026-05-17T00:00:00.000Z,,21114.86,519cb5e2f08c7d6cd4faaa357f1b5049caa4c17e,2026-09-29T13:30:22.024Z,8b8605b4-4591-4281-b3f4-37bf7e0c7d07
4134,,,,,6617742.08,3840561.38,2700874.68,2026-05-17T00:00:00.000Z,,816544.57,a8d797f0a8f60ded502d7482e92502f538712ccd,2026-09-29T13:30:22.024Z,c3de45f7-750a-41d5-bd90-d8cf17215a40
4135,,,,,4551830.57,505303.32,3784495.01,2026-05-17T00:00:00.000Z,,568704.00,0008a0a8945e3c96fab9dca7f25373654ae23974,2026-09-29T13:30:22.024Z,354935b0-156f-444d-bdc1-5fa8c4d318d0
4136,,,,,28828351.70,6820763.79,21069810.91,2026-05-17T00:00:00.000Z,,2157637.60,875c8fa5869a801a1ca74c39a49b63a53bba44e1,2026-09-29T13:30:22.024Z,6107f969-37f0-45c8-b3ba-bb89be9c85c3
4137,,,,,1152109.19,427382.21,688115.49,2026-05-17T00:00:00.000Z,,175481.00,17f6f57871f881452422580174542ca4ca656bdb,2026-09-29T13:30:22.024Z,4ea1efce-1090-4433-9810-639978de5040
4139,,,,,5898074.88,246061.10,5614391.77,2026-05-17T00:00:00.000Z,,321104.36,69cd9866560515d859336d01ec161b446e5c9f69,2026-09-29T13:30:22.024Z,11fb9ae9-d47d-40c2-853d-ca5ff53ed569
4140,,,,,6182973.09,141750.15,5917137.60,2026-05-17T00:00:00.000Z,,54218.73,97288eaae1d884fb9921de8ab782a11a55294db5,2026-09-29T13:30:22.024Z,dc5ca714-491d-4fd6-b9cd-c5b813c6a528
4141,,,,,5934364.43,1135581.22,4607808.21,2026-05-17T00:00:00.000Z,,936757.00,d330950b814d082c5ce11a541251a0c5672b0d02,2026-09-29T13:30:22.024Z,9df706c2-19fd-4dac-880b-5263278b8ee2
4142,,,,,444517.27,95977.63,348539.64,2026-05-17T00:00:00.000Z,,66607.48,e6d1f54f33a01a96cdf6060915a2087920e88f5b,2026-09-29T13:30:22.024Z,d992b298-6e44-48e3-b052-653936f4f44e
4143,,,,,7781424.57,5847.38,7713969.87,2026-05-17T00:00:00.000Z,,1141465.59,212c03986852d9173768f42b9c6630b866a66364,2026-09-29T13:30:22.024Z,ad053476-957f-4826-86a0-b40961a32a18
4144,,,,,17467954.13,487325.59,16352134.26,2026-05-17T00:00:00.000Z,,3828574.00,fd59c235a452fecd79f6b2f3a826e24b2a079b08,2026-09-29T13:30:22.024Z,088abfc7-cae7-477d-8834-b07123f29967
4146,,,,,10450593.04,361185.99,9879780.83,2026-05-17T00:00:00.000Z,,748915.25,e207fc2ea608052f0dd44494a7ce20f4b34005c7,2026-09-29T13:30:22.024Z,d3b3dc19-a89c-4c87-8d5a-223cf307b10e
4147,,,,,72568.60,,70266.60,2026-05-17T00:00:00.000Z,,359.00,5f3c21e76bb7561dbf42e6b9872b7d2319395b72,2026-09-29T13:30:22.024Z,5e37e4ad-2f0e-47ce-a673-8fe2fb7802a0
4148,,,,,5404942.04,1740455.31,3464256.73,2026-07-14T00:00:00.000Z,,72958.15,a6de2032afb400774495500dbc55380ac8e04614,2026-09-29T13:30:22.024Z,c7a5b262-9ab6-4622-a7b7-ef442bf30d65
4149,,,,,12096256.67,1741408.23,9947359.44,2026-05-17T00:00:00.000Z,,1785651.00,025e0203699c6e858a07d157d1394bb02785b99a,2026-09-29T13:30:22.024Z,a47c8189-8590-478e-ac79-4cebfce64ef7
4150,,,,,10135201.52,877052.35,8633117.54,2026-05-17T00:00:00.000Z,,1518773.00,20e2603ceabb691b37c375be8ef669ce7746a067,2026-09-29T13:30:22.024Z,b55d4353-b471-4c29-8bae-9bd5f90e22e6
4151,,,,,4347340.77,3744483.68,319464.67,2026-05-17T00:00:00.000Z,,387721.52,df701a4130a33c2bdc846324678982a1d2f9b329,2026-09-29T13:30:22.024Z,309e5951-4e74-4b67-9228-d8baccb48d00
4152,,,,,40862897.89,13112859.48,26412965.41,2026-06-29T00:00:00.000Z,,1979409.38,48efb787b54150bba853b8274b29f8047e58adb2,2026-09-29T13:30:22.024Z,9a74a58e-998b-4d88-86f9-cb0b789c5c50
4153,,,,,8328562.26,157102.51,8159275.29,2026-05-17T00:00:00.000Z,,428209.48,9586c69a87edc3735ba58a04d36b6b52326d6027,2026-09-29T13:30:22.024Z,d84dfe26-9f5f-407c-b96b-ee99c19200e1
4154,,,,,4389175.57,212173.16,4106662.50,2026-05-17T00:00:00.000Z,,540895.00,d911b84de09c6553a97371281cc4f09d80bd9b47,2026-09-29T13:30:22.024Z,512c7a82-4f2f-49ef-9482-870e8817eb55
4155,,,,,43148257.98,12202540.96,30404299.35,2026-05-17T00:00:00.000Z,,5836557.00,f4bf97a124839d522b7660799ad1a8dc6f000229,2026-09-29T13:30:22.024Z,1b18bfcd-64a3-4195-a7cc-c176791d0e3c
4156,,,,,2670513.58,913403.65,1721740.89,2026-05-17T00:00:00.000Z,,370314.00,57b19bf1d3f78d9346c4869b82253a6030b559c9,2026-09-29T13:30:22.024Z,61313394-2395-4e1d-870c-05e695e4843f
4158,,,,,24638260.54,17862888.87,5863650.28,2026-05-17T00:00:00.000Z,,4992692.68,34cda1aa3b663de5994e6825272143bd36b5788d,2026-09-29T13:30:22.024Z,957145e9-5ea2-4ac1-a93c-e35ff1bc645f
4159,,,,,7753470.35,2228662.08,5185088.27,2026-05-17T00:00:00.000Z,,1132024.96,9695e7927b53219143234fa94833fce03db671d9,2026-09-29T13:30:22.024Z,ecf95daa-8a1b-4a44-a568-76a4bb1b50b3
4160,,,,,5501202.69,2318517.62,3091736.05,2026-05-17T00:00:00.000Z,,795042.57,8211bbc0517a84ed56628471e538705ddd8962df,2026-09-29T13:30:22.024Z,43fad2e0-14ec-46fc-a342-049d13da9807
4161,,,,,1802953.09,319971.62,1311056.98,2026-05-17T00:00:00.000Z,,251861.00,b079f8b85e3be9a82b38c5252b5bef3a440be01e,2026-09-29T13:30:22.024Z,892726ed-48c7-420f-9b94-df273f8b1e6d
4162,,,,,28786113.52,963182.26,26421430.57,2026-06-19T00:00:00.000Z,,2376450.44,f61392e07746fedafe301d87e01c7393801fb87f,2026-09-29T13:30:22.024Z,2f49e1f2-400d-483b-963f-d6afe5415414
4163,,,,,6342340.95,2252952.05,4063167.73,2026-05-17T00:00:00.000Z,,394978.70,0f9278e747c6a4113977851b6dadae0459997ac3,2026-09-29T13:30:22.024Z,6fd066af-1926-4c52-9a3e-723b9dc4f3fa
4164,,,,,3975158.12,1919866.46,1929022.66,2026-05-17T00:00:00.000Z,,450107.20,c7d039c18caabb2591fb43b23914b6d8a788daec,2026-09-29T13:30:22.024Z,78bdd070-d8b9-4a31-ae57-d6cf0882ba72
4165,,,,,46516016.32,33838928.86,12169488.31,2026-05-17T00:00:00.000Z,,8261053.08,f7423baeacc8838ac03f9b8f0b5f753108f49595,2026-09-29T13:30:22.024Z,bfb95a9c-8d20-4252-8713-d9094d2193bd
4166,,,,,216165722.34,197228548.25,16988771.63,2026-05-17T00:00:00.000Z,,32791178.97,f25831159e308dde28cc904dbab0d99a3062befb,2026-09-29T13:30:22.024Z,7535bf26-c299-49ce-8ae3-3b3db38750bf
4167,,,,,40860929.64,36176953.40,4474070.64,2026-05-17T00:00:00.000Z,,3690802.10,bafa6fd00969d3860690c1c66554e7f21a620c06,2026-09-29T13:30:22.024Z,c05686b4-f26e-4a97-b7ed-a14aeb8e0675
4169,,,,,6364572.95,2303799.95,3930779.53,2026-05-17T00:00:00.000Z,,872345.55,590b99934fd97791d662d6e35745493f6ea1f789,2026-09-29T13:30:22.024Z,b854df19-aabe-4a9c-9788-f9c8931d69b5
4170,,,,,8678576.02,8643524.63,,2026-05-17T00:00:00.000Z,,1076385.25,a3becca18cb56242c36dcd7e569fcbcb6d3872f4,2026-09-29T13:30:22.024Z,66e4c7a0-0609-4807-be73-4da0099bcd80
4171,,,,,7524647.93,4038325.93,3472786.67,2026-05-17T00:00:00.000Z,,494134.33,5cd635fdfcf525bf3c5e24a5d641e08ab7e24c54,2026-09-29T13:30:22.024Z,161c4faf-0008-4c7b-90cc-1d2d3bf917f0
4172,,,,,1925935.20,152336.86,1761500.51,2026-05-17T00:00:00.000Z,,192278.26,3ce3f74f66435c90f4974caffcdc86b676ae06f8,2026-09-29T13:30:22.024Z,ace0659f-4ca2-4169-a485-4ecba537c2bf
4173,,,,,9571816.89,7753726.49,1553040.66,2026-05-17T00:00:00.000Z,,1162948.14,2ba7a7bf23c82be6a6a19e33f95e91912897e69c,2026-09-29T13:30:22.024Z,6fc7b575-ef9b-47be-8c9e-b12e928ccff9
4178,,,,,1824522.67,7009.97,1779989.85,2026-05-17T00:00:00.000Z,,217506.63,cd689d87a6fdb0f725eeffe184706d665acc0673,2026-09-29T13:30:22.024Z,f376f1d2-bc00-4841-97b4-e39bbe047b68
4179,,,,,9821343.68,414350.49,9377176.43,2026-05-17T00:00:00.000Z,,1319111.81,4cdc68ebde49f36b3fc7a59d4fbd2c79fbf439fb,2026-09-29T13:30:22.024Z,cb138147-32fb-4291-977c-1a9fd9c8bb85
4180,,,,,31649907.34,2043624.07,27015464.42,2026-05-22T00:00:00.000Z,,209310.96,c4ef60e8016c710f1a4055388da71975a1a5d5dd,2026-09-29T13:30:22.024Z,6e57fe32-04f5-41b7-bc4c-15132f6ccdcd
4181,,,,,5532167.98,504100.06,4745102.10,2026-05-17T00:00:00.000Z,,861379.00,b2b6a8d2b0376005bc82c8992c0af904a5de09b8,2026-09-29T13:30:22.024Z,117fb88d-b0de-40dc-b13b-738faa6bd6f3
4182,,,,,39488157.03,7423823.29,30676532.74,2026-05-17T00:00:00.000Z,,6052490.10,613fd9db1b7515f514a3da7902ba1678b0fb8eff,2026-09-29T13:30:22.024Z,71c5b148-f7ab-42af-976f-d0dc64110918
4183,,,,,12097027.25,1513117.68,10471591.05,2026-05-17T00:00:00.000Z,,1444086.00,6eb8d0e95bd36dcb7a95100b97e7bfabbb7186dc,2026-09-29T13:30:22.024Z,f3145c97-05a7-4e7e-86e5-d9a5a6a2fd7b
4184,,,,,17806184.12,3599221.84,13346333.72,2026-05-17T00:00:00.000Z,,2990730.00,753076c16399ac25541a389431e0d5803d92b99f,2026-09-29T13:30:22.024Z,c5824d89-424f-4928-aa1c-16a8b9e76ffc
4185,,,,,3837595.30,200422.10,3582189.99,2026-05-17T00:00:00.000Z,,213400.00,c1234f1b2d8a15789746ff65ebb931d301ddf3b2,2026-09-29T13:30:22.024Z,8ebdd693-1a08-4b8e-88e5-93f2ba7081d1
4186,,,,,11078851.36,1538644.00,9300023.34,2026-05-17T00:00:00.000Z,,1512985.00,8e4846ff9d01dafe2f6ded274cbb3208026a093a,2026-09-29T13:30:22.024Z,a6d1f836-02bc-4fa6-9af0-b2748a3b1fb7
4187,,,,,14338940.70,4827061.26,8742164.25,2026-05-17T00:00:00.000Z,,2478462.00,a01cdd4350777fa829e88153ab75ddfd8528cf2f,2026-09-29T13:30:22.024Z,0d5f1e40-7b53-42b7-a99a-539d5242e311
4188,,,,,17045745.77,3331117.70,12980089.29,2026-08-28T00:00:00.000Z,,3313031.92,35c3d0164ed8620eb35a5e53cff9452d32a406ff,2026-09-29T13:30:22.024Z,87113adb-9754-49d0-bcc4-3ca9707cac3b
4189,,,,,5444967.60,1644210.66,3762199.12,2026-05-17T00:00:00.000Z,,495075.63,c85ce1b87796e3dd521a44b628fd822f3dc48ea7,2026-09-29T13:30:22.024Z,e87c755a-f7bf-4cdc-852b-837ba777d0bc
4190,,,,,2352906.01,223216.20,1940643.67,2026-05-17T00:00:00.000Z,,268862.00,83a312f5ea702cbd3e928cc86fcd9026f62a15a3,2026-09-29T13:30:22.024Z,99255f61-18ed-436a-a9ae-9fd8b89ef835
4191,,,,,570373.61,554501.81,2512.50,2026-05-17T00:00:00.000Z,,0.00,babadfad45d430a74c0419d870d6ebbfbaa88cca,2026-09-29T13:30:22.024Z,59a8e8d7-6272-463e-aa3d-07f507f0226f
4192,,,,,548510.68,112092.85,423721.83,2026-05-17T00:00:00.000Z,,52234.63,08b92b32d2419b0c4f209abe7b049d006e3ddaa8,2026-09-29T13:30:22.024Z,f6ec73d7-08b0-4dfa-a11f-8a60660a60fc
4194,,,,,4363162.70,2948040.62,1203970.08,2026-05-17T00:00:00.000Z,,0.00,eb25d10c29c8cb75f66be638e270734912d03004,2026-09-29T13:30:22.024Z,f355ca03-2845-45c6-a789-01aaa9b5c157
4196,,,,,4749236.93,469380.65,4093468.89,2026-05-17T00:00:00.000Z,,1099523.14,806dc8e76109826a7d9ce011353c0b1970f4342c,2026-09-29T13:30:22.024Z,d55cf1af-b7a9-44a8-98b3-52dab73ea4dc
4197,,,,,6005686.07,1992941.03,3723418.04,2026-05-17T00:00:00.000Z,,277283.52,59f824ee84d65caef8aa2703797db62bd503f442,2026-09-29T13:30:22.024Z,f3d9141a-a31f-4a55-aafc-9e111cd6caab
4198,,,,,1609009.61,47468.58,1550629.74,2026-05-17T00:00:00.000Z,,110714.19,e6a103619638e05e925b94fc0743085218d9c3f9,2026-09-29T13:30:22.024Z,5a126ff5-2547-45c4-88f9-e3d970e9a4e8
4199,,,,,62583747.54,2189437.49,58892503.06,2026-07-06T00:00:00.000Z,,6692168.50,719090a4bc68d6711691e5f2ec382597b1e15fa3,2026-09-29T13:30:22.024Z,730efdc5-96c2-420a-8ade-5c0fdbbe1780
4200,,,,,5668467.76,229407.29,5232704.47,2026-05-17T00:00:00.000Z,,1282099.00,67bd09f5975c8d9ee5f2309daf8bba095bb69353,2026-09-29T13:30:22.024Z,a3a88139-5608-47b8-811d-11d229a49a72
4201,,,,,11180461.69,10816234.46,192426.81,2026-05-17T00:00:00.000Z,,0.00,e8582e674b03a895d6e5d6672e53c72fe5bf87ca,2026-09-29T13:30:22.024Z,f9be12e3-2a3b-4ebc-84cc-63a54dd3ead4
4202,,,,,316269.06,261761.16,4137.71,2026-05-17T00:00:00.000Z,,570570.04,c3de11f7e8516abccffe2d086bca483a15ae012a,2026-09-29T13:30:22.024Z,8e1af3c7-6a56-44e6-9842-966457fa2c6a
4203,,,,,5206761.60,1806461.46,3400300.14,2026-05-17T00:00:00.000Z,,42501.12,d5fbbd3b61efef8bfa5fba244bc4feb92adb24e1,2026-09-29T13:30:22.024Z,a5de3077-62ff-4211-9333-fbb566dc07b5
4204,,,,,31549943.74,24569790.88,5760458.99,2026-05-17T00:00:00.000Z,,2225128.65,251da3fdee11f1af060747d6a1fe186d80c597d5,2026-09-29T13:30:22.024Z,4e5886b8-c1a6-472f-a8a7-c13bbcced3d9
4205,,,,,2985308.16,1613966.25,1270103.91,2026-05-17T00:00:00.000Z,,15295.00,436a2bab451cbe34600e394c9148a30448e54e26,2026-09-29T13:30:22.024Z,e640cf83-0142-4459-b0e5-279518f50367
4206,,,,,924687.91,113337.83,780202.08,2026-05-17T00:00:00.000Z,,143035.25,9bc76c11ce072d18c981b6eb32e09e5687609490,2026-09-29T13:30:22.024Z,cd9334fe-3b47-4e34-9aec-fa607a619796
4207,,,,,3949092.78,1535173.48,2367943.72,2026-05-17T00:00:00.000Z,,415567.57,722955d6e151e14eda1be00ce633a2f684b58e65,2026-09-29T13:30:22.024Z,392d8c20-6bb6-41e4-85b2-ac8558eb41d1
4208,,,,,2643562.21,2531715.73,89035.53,2026-05-17T00:00:00.000Z,,407016.03,f447d10c3449892f9dc025425b4bee57048e2b6e,2026-09-29T13:30:22.024Z,cd1ed948-1c97-485f-b085-35bbb2bcbbcf
4209,,,,,4917407.03,4709080.45,70282.31,2026-05-17T00:00:00.000Z,,743506.60,ae85029cc5e68e3289e05b7d20c0944f302128d7,2026-09-29T13:30:22.024Z,172092be-b781-4284-843c-90854fb5b5f1
4210,,,,,29974123.15,2633628.46,27196196.04,2026-05-17T00:00:00.000Z,,3848418.10,1480b3f3b59a5392e5ad428df428897a1eed035c,2026-09-29T13:30:22.024Z,6c563018-e8eb-4606-8ba6-edfdbaabcc8d
4211,,,,,34509703.44,17059885.26,17394652.78,2026-05-17T00:00:00.000Z,,3599442.14,5a41b36cddfc83ae4613b3ddacf7de2d854fa55c,2026-09-29T13:30:22.024Z,3bf6e6f8-ce1c-4cb3-bc8f-3ca28957a2dd
4212,,,,,8736490.43,8429263.20,156446.83,2026-05-17T00:00:00.000Z,,269876.97,737e4ffd186dd34007bc145af169f83fd207c005,2026-09-29T13:30:22.024Z,c0bbb78a-9de9-4420-8dc2-c2cd484b354f
4213,,,,,9503317.82,8586425.14,689163.16,2026-05-17T00:00:00.000Z,,973876.15,5337eb14f46e3142c2fee232b59645a59ac3e92d,2026-09-29T13:30:22.024Z,3b492ac3-5c6d-4b86-9c4c-37a845d7bf82
4214,,,,,86829160.52,74952110.47,8949654.05,2026-05-17T00:00:00.000Z,,9497556.35,608087e7b48110cb15d5f7e2fef1c1ecb4a0e0fe,2026-09-29T13:30:22.024Z,9a20c1dd-c331-489c-8906-41be144fc05d
4215,,,,,10843502.79,4361083.51,6249420.10,2026-05-17T00:00:00.000Z,,1851629.75,91a32efd68ac4fec11894fef16696d3f68d33434,2026-09-29T13:30:22.024Z,ed8cf79c-b486-4170-80ff-e35fb475bea7
4216,,,,,4314738.44,2843289.44,1335841.56,2026-05-17T00:00:00.000Z,,514543.17,2a9d50c4b3167caeaa0f087b3a729f1b0a2d1f1c,2026-09-29T13:30:22.024Z,7dc90527-44fa-48b5-957b-9bc6497dbe20
4218,,,,,18694355.01,3458763.67,14740300.16,2026-09-10T00:00:00.000Z,,3249195.42,c1ba4238cd7556164987ef6c957802b450e1c11c,2026-09-29T13:30:22.024Z,0892d18e-3dc4-420b-990c-9b2c9d66a66f
4219,,,,,7415157.76,159992.62,7226482.16,2026-05-17T00:00:00.000Z,,1237705.28,54bcc4ecaba81f34eb8ff4a18bbb3089016f6df4,2026-09-29T13:30:22.024Z,b4dfd2fb-7d4f-4052-ab1b-8add9d03bf2c
4220,,,,,6320816.79,11537.97,6304613.58,2026-05-17T00:00:00.000Z,,720273.38,2da8339e7124f6e2a20803c33af2b7e4600a6ffa,2026-09-29T13:30:22.024Z,88c28ebc-e9fe-4e9a-9615-3b99c619527c
4221,,,,,5885189.50,,5880199.66,2026-05-17T00:00:00.000Z,,1058840.40,3eb4918490ab0e9e87118277854ef02474fc7506,2026-09-29T13:30:22.024Z,63fdd1a2-4da5-4e83-b6ea-be5978fa95e9
4224,,,,,3751531.77,1398639.63,2235366.14,2026-05-17T00:00:00.000Z,,140725.08,09d4ad033e6606b109c10d75716329dbc6e9340b,2026-09-29T13:30:22.024Z,ed63c310-d810-427e-b543-95a0092baf06
4225,,,,,16081740.66,1534204.21,14334603.75,2026-05-17T00:00:00.000Z,,1364562.82,f21108430c7afb07d3f6cb4fd8b19d45975e787c,2026-09-29T13:30:22.024Z,1421ed6b-cf6b-493e-a777-5e9ba0d4f3f3
4228,,,,,10855649.51,4048184.58,6536667.93,2026-05-17T00:00:00.000Z,,1066415.11,2e86a4243d5dc467b3a6e4ad18f721d988374f62,2026-09-29T13:30:22.024Z,60f85653-3393-4eab-b8f1-61ad5429a153
4229,,,,,24723138.43,1925755.69,22283942.23,2026-05-17T00:00:00.000Z,,2102440.94,e2ce549b9b1e4b730d62f72409e89f38f9dd092b,2026-09-29T13:30:22.024Z,4c654489-32bc-43d2-8119-0d735787e10c
4230,,,,,10965009.42,800893.75,9476630.46,2026-05-17T00:00:00.000Z,,1568836.60,3318b7dbfced9c34b6501f53f338614c26cfa4ac,2026-09-29T13:30:22.024Z,6046e719-7a64-47cb-a625-6d426222d0a1
4231,,,,,12466494.51,11694495.38,475880.37,2026-05-17T00:00:00.000Z,,1030191.55,d26d1d8897b1e08bfc72b5605047f3775b18f7f8,2026-09-29T13:30:22.024Z,0174e240-5e88-4bd7-af06-30a14082ea32
4232,,,,,1326573.48,26008.29,1250043.19,2026-05-17T00:00:00.000Z,,141656.70,b47c4a91dcae61a8b5c8eb6716221b9c6e7c524b,2026-09-29T13:30:22.024Z,f3426fce-59b9-442a-952e-9dc1de57ee93
4233,,,,,3078434.15,538676.77,2453374.65,2026-05-17T00:00:00.000Z,,472182.00,018dff2d4549c5ce13a9ac1e896eb08509b175cd,2026-09-29T13:30:22.024Z,56cc0fbf-67a8-4320-8042-758c007d2522
4234,,,,,7084653.32,1098060.48,5689617.58,2026-05-17T00:00:00.000Z,,1458759.28,6d680e8b1eff6e87a5ca7648555f9197f03f0db9,2026-09-29T13:30:22.024Z,c082b509-1722-41ca-b857-e224cfa2d71f
4236,,,,,7743787.17,469694.75,7261277.06,2026-05-17T00:00:00.000Z,,723711.22,229255836ed31befb9c52044eb563674d9c9195a,2026-09-29T13:30:22.024Z,0303d306-9203-4b48-b5de-9c5316184382
4238,,,,,50780811.67,5144389.44,44242582.16,2026-05-17T00:00:00.000Z,,10203784.95,803713f2bc4ad124202d6a94bf1185642767a1b6,2026-09-29T13:30:22.024Z,776a1d29-c318-48bf-b16e-ea93a3f4e646
4242,,,,,6172025.65,1185216.13,4752623.56,2026-05-17T00:00:00.000Z,,914999.83,9ad590320fa45cbb556873bcde91a3098cf14bfe,2026-09-29T13:30:22.024Z,16035cdb-aaa2-432b-ab05-dc8f12402ada
4243,,,,,39826752.73,26972155.17,12065164.79,2026-08-28T00:00:00.000Z,,3481862.27,284962ea515dc7c55a217228fe0c15281aa396cd,2026-09-29T13:30:22.024Z,4b0cba37-fe57-47ba-9346-96ad5183b7db
4244,,,,,1750700.92,452068.61,1181107.23,2026-06-29T00:00:00.000Z,,130130.29,005ef4fba7e8d09ff3dc53a723ad4614ea4292ad,2026-09-29T13:30:22.024Z,9f37994d-d655-4533-bbb3-8d6c20a1008e
4246,,,,,2486685.09,328168.44,2126548.61,2026-05-17T00:00:00.000Z,,374875.74,30fe4f8a356c57d1be7fcc5dcc0e919a8e2119c4,2026-09-29T13:30:22.024Z,ec14c5bc-456a-47b8-9d28-a3334b392ed3
4247,,,,,29394929.36,16037453.98,12610709.00,2026-05-17T00:00:00.000Z,,4064912.16,5063c5b99a5131f3c6728447c9d1f5c202b6e7cb,2026-09-29T13:30:22.024Z,4e97198e-a02d-4409-9c72-21fd930da7fb
4249,,,,,25032804.58,5986041.05,18312143.18,2026-08-22T00:00:00.000Z,,2558492.21,2f126e259a275ef37e8e6ff1444d4316c3524fd7,2026-09-29T13:30:22.024Z,dc8b239d-cd1d-4dc4-a597-c902a02565ba
4251,,,,,36201886.24,1834108.21,32944324.61,2026-05-17T00:00:00.000Z,,5530482.83,bf391bb8ce3cc28a4ce30509afba5e67a0135008,2026-09-29T13:30:22.024Z,cba2083a-cb3c-4446-9a7b-3cb59a31559d
4252,,,,,18305095.51,172539.64,18113814.30,2026-05-17T00:00:00.000Z,,1707464.47,a9cf8f79828ca00419b18aa64fe53fe817e278fe,2026-09-29T13:30:22.024Z,d49b06ec-2570-4e79-8f26-843df61942b8
4253,,,,,11273092.73,1402678.81,9361466.14,2026-08-15T00:00:00.000Z,,424136.68,26972051e2b40c07f9d92a52f2ecf6858214c9f2,2026-09-29T13:30:22.024Z,7d16b122-6992-49fe-adc1-46b08261c847
4255,,,,,24986530.17,5794739.69,17271363.50,2026-05-17T00:00:00.000Z,,2143138.50,767552a33e73e73ac87301abf5eedabaa0e52a25,2026-09-29T13:30:22.024Z,9f7b6a51-a500-43cd-a420-65309905e3fd
4256,,,,,49083177.91,1310476.70,46823194.04,2026-05-17T00:00:00.000Z,,8570953.90,de141129a420cc78448d6a0fb15233062ecc0b14,2026-09-29T13:30:22.024Z,00ee784e-9d21-4258-a074-d903832afb69
4257,,,,,11464133.02,,11051697.02,2026-05-17T00:00:00.000Z,,106603.41,8c016a032437f8ddbc42d4ca4082c41ce0c5a562,2026-09-29T13:30:22.024Z,00340457-6c5f-49a2-92f1-b6dbf6230650
4258,,,,,33898812.49,4672214.67,28334865.82,2026-09-17T00:00:00.000Z,,3263119.96,dcaef50d0414a75075564498357f5b8d4d6ab0d2,2026-09-29T13:30:22.024Z,58846508-5e03-4b74-90b8-4304d01b2d11
4259,,,,,21181388.94,1309713.78,19188662.16,2026-05-17T00:00:00.000Z,,2849273.26,1e7c829af09ac9adf84ea876c6e113f48b7aef0e,2026-09-29T13:30:22.024Z,e0d92ba4-f541-4b42-8ecc-6d4302b6edb8
4260,,,,,16996776.09,16433401.71,563374.38,2026-05-17T00:00:00.000Z,,2766438.92,0ad7b1b690f8ce988a82beca370031b56bdad96e,2026-09-29T13:30:22.024Z,814f953a-f64c-425b-a0ce-b6b590f39adc
4261,,,,,69267697.55,63921034.22,5197038.90,2026-05-17T00:00:00.000Z,,11150426.87,badb3d6c353c82f5b63451b5a04f176b58be4d06,2026-09-29T13:30:22.024Z,cac19141-67f9-489e-b4d2-dc0ec8e407f2
4262,,,,,46994294.43,45407153.42,625146.24,2026-05-17T00:00:00.000Z,,5301884.96,3bc1efcf90350185f88d24c1d14158b37760b2b1,2026-09-29T13:30:22.024Z,b47f6d3e-ab30-4c58-a73a-5425d02df02a
4264,,,,,81093524.93,69282647.28,10210959.78,2026-05-17T00:00:00.000Z,,8431940.69,1de474c3de4813a43558890133d1cffb9dc5ef1d,2026-09-29T13:30:22.024Z,88955bc6-17fe-48f2-bb0a-6e28f4583339
4265,,,,,1602711.50,167189.96,1429199.34,2026-05-17T00:00:00.000Z,,11491.39,07cdd1bbabaffc7c3aa951e9a727e80b2dbbc48f,2026-09-29T13:30:22.024Z,f10bfde3-4e90-4642-94b0-9d09e073f6bc
4267,,,,,44619194.68,43609951.73,159120.98,2026-05-17T00:00:00.000Z,,5679929.71,1571b2a8e0cc8b5cb6aa87a998dc246f4e4bacdf,2026-09-29T13:30:22.024Z,7198b27f-9380-4676-a4c6-e83ca50964a1
4270,,,,,2418773.48,237711.75,2090053.73,2026-05-17T00:00:00.000Z,,400745.26,41af386acb2bbe12eb0d6c4f00be301b782c717e,2026-09-29T13:30:22.024Z,145cb5aa-e0a8-4e06-a166-b1603e52e73d
4271,,,,,1690433.90,36274.72,1647655.52,2026-05-17T00:00:00.000Z,,167546.81,ea83720b47e9cd13575c53cf0525f7b1821c5713,2026-09-29T13:30:22.024Z,33cac2a7-a594-4815-a4b4-5a768a76f1ed
4274,,,,,4693118.02,304934.78,4213341.88,2026-05-17T00:00:00.000Z,,680649.32,2af6b1eb26d4e7b5e9a5889d3d0448093f03ba5f,2026-09-29T13:30:22.024Z,1275137f-ac84-4ffb-8acf-1f888e45d023
4275,,,,,3045115.45,45898.98,2991554.51,2026-05-17T00:00:00.000Z,,71192.17,8be3b91906d1c68251ed513c5dc68697cbb3f1b2,2026-09-29T13:30:22.024Z,308e7420-ab26-473c-8969-c4f76eab4307
4276,,,,,13802564.69,2101728.41,11357600.63,2026-05-17T00:00:00.000Z,,1077127.07,2e28320456699266bad92f51b1e02632fda8a7be,2026-09-29T13:30:22.024Z,f341f223-6569-45f3-9505-c6b12acc2bef
4278,,,,,4746862.15,445918.15,4176045.38,2026-05-17T00:00:00.000Z,,916590.87,06b9fc9bc377cef9f704706d7f61f0d43e051289,2026-09-29T13:30:22.024Z,082483b1-2ee2-4da0-bf7f-f0c24e9b6a40
4279,,,,,7132460.77,4427205.20,2601497.74,2026-05-17T00:00:00.000Z,,323833.13,6ad5fac4d5b085fecfd628feeb944aa7c07eee20,2026-09-29T13:30:22.024Z,c8eb4623-7497-47e6-b5aa-126847062d81
4281,,,,,5398418.52,563785.50,4622573.56,2026-05-17T00:00:00.000Z,,1123574.50,1ad2d72dc1d9914b0c72c60506101e77adab8700,2026-09-29T13:30:22.024Z,bd89b873-bf57-493a-b3b9-44c327c74376
4282,,,,,4786876.55,3514800.26,1134479.29,2026-05-17T00:00:00.000Z,,580615.77,90c4751339d6ead5b22a0d6df5ad93f4a064deb4,2026-09-29T13:30:22.024Z,6283b6a1-1ea0-4692-a739-f51242be78a7
4287,,,,,5798145.11,448438.27,5022776.92,2026-05-17T00:00:00.000Z,,275024.93,f9d73977c1fe6cf915c35cd7670fb3ca86c2ca47,2026-09-29T13:30:22.024Z,67dc3ec8-e3e8-4b36-81f3-57e72414bbcc
4288,,,,,9038145.25,524284.10,8229080.80,2026-05-17T00:00:00.000Z,,1534196.17,30bba2fa69d0bf8fec7e520cde3bc85f3b5910c3,2026-09-29T13:30:22.024Z,317b1cca-0e29-444f-81e1-e44b342d968c
4289,,,,,16783200.60,9301159.00,6873685.55,2026-05-17T00:00:00.000Z,,3738576.45,e2b91cb21ea590fdc4b57cbe225f6b2645e7ff70,2026-09-29T13:30:22.024Z,54f3c7ec-a0dd-4ca7-8e2d-98674a2d5f32
4292,,,,,25541185.85,1319866.18,23835424.48,2026-05-17T00:00:00.000Z,,3141703.03,ba9ce770ba2becae549239d2544d4e13bb05e422,2026-09-29T13:30:22.024Z,ab889c1e-3f4f-4188-befd-21ac09fd1378
4296,,,,,14370133.29,3712375.64,10221663.65,2026-05-17T00:00:00.000Z,,293370.04,9f6e0889e8ff9e3be57893c61988f9a7aa648588,2026-09-29T13:30:22.024Z,ef91b233-4237-4d48-b4eb-b632b919bde8
4298,,,,,9837358.31,684944.84,8958498.74,2026-05-17T00:00:00.000Z,,1447192.80,c61f08506c764e4b717329f2f7247967e537ef19,2026-09-29T13:30:22.024Z,f712f6f8-1eb7-4372-8940-510ab016da6a
4299,,,,,141444101.76,3759961.12,133797233.30,2026-07-01T00:00:00.000Z,,12222797.42,fefdea68d63bf479c75feacc6bca2f707722f4b6,2026-09-29T13:30:22.024Z,85e34188-2bca-4615-8a1f-365e86f1433e
4301,,,,,145640968.66,28155423.67,112343699.21,2026-09-25T00:00:00.000Z,,17234909.87,9bc7e03eeaacee20afc710fbbf1c9957ec4bad29,2026-09-29T13:30:22.024Z,4f6424a0-9dbd-4da0-a652-ec862cb30f45
4302,,,,,3345510.33,1728987.46,1525927.87,2026-05-17T00:00:00.000Z,,0.00,86184cb74fe0b3a8182f949f98d9304b73cda0ae,2026-09-29T13:30:22.024Z,58874d9e-f6cb-44c1-8408-62685e40211f
4303,,,,,10488327.66,3306664.24,6787635.13,2026-09-25T00:00:00.000Z,,762799.30,1c18f90d661275cb4628606f7825665e20a54bb8,2026-09-29T13:30:22.024Z,66776649-32cf-4987-a92e-1ae0845e1b0a
4304,,,,,12565373.45,2769651.33,9404613.35,2026-05-17T00:00:00.000Z,,1331667.15,c59eb932b062c66c7c094d04ff2f9118aa779fcb,2026-09-29T13:30:22.024Z,cd68a9df-d3e5-4445-a559-e0cff2db68bf
4305,,,,,62712519.44,16563272.39,43720104.32,2026-06-25T00:00:00.000Z,,7339028.45,0f91b6d162ea47a077f79cfbd14f13bd643c4a3a,2026-09-29T13:30:22.024Z,0c02f4d0-63a2-48fb-8ee9-815027e169df
4306,,,,,2418459.51,449949.85,1936137.04,2026-05-17T00:00:00.000Z,,87335.32,7e0fa52b2ea62c763d4ce982d01201dd01d64bf2,2026-09-29T13:30:22.024Z,c039e140-2341-43ad-b28a-8a5d127e500e
4307,,,,,9895668.47,7703647.58,1722196.26,2026-05-17T00:00:00.000Z,,1716229.84,73291c3e4d6ccc2fe1175de5834e843c5570799e,2026-09-29T13:30:22.024Z,963b9732-8852-425e-969b-e5483e530d78
4309,,,,,35564331.20,4552212.51,29604770.22,2026-08-22T00:00:00.000Z,,5497911.27,6465b31d1661241a164b85a313bab0a94adc91d7,2026-09-29T13:30:22.024Z,92a3e4c1-cad0-4d51-8d43-0dbb1dcb3807
4310,,,,,7169820.48,727903.63,6204557.85,2026-05-17T00:00:00.000Z,,1118109.00,f01a17b27c3be915bac34fe2bca2d6ed10ce3c2e,2026-09-29T13:30:22.024Z,bbecf6fa-834f-429a-8824-2fdbba501a73
4311,,,,,3126349.90,427582.36,2589356.54,2026-05-17T00:00:00.000Z,,513765.94,0806227d82bd15d60e1681506a26d167d68023eb,2026-09-29T13:30:22.024Z,985533ab-a4af-4f89-9e67-11d26a27fd37
4312,,,,,269934.77,36627.59,233307.18,2026-05-17T00:00:00.000Z,,1650.00,3d09513fea8313c4e08093b786476fb1450090f3,2026-09-29T13:30:22.024Z,9e38b98f-ccdc-45e4-beb2-ab3da5ca2312
4313,,,,,9158293.31,793624.91,8004637.40,2026-08-14T00:00:00.000Z,,1503092.97,0bd4f91544a57fb97669ce71d805986e5204ae58,2026-09-29T13:30:22.024Z,2dbd77ec-5be2-4e54-a242-b43407ceeb05
4314,,,,,17084950.06,14218899.63,2360311.56,2026-06-23T00:00:00.000Z,,400357.83,89bb140ceb7b8c080bbb5c6fb9ec263f8d60af6c,2026-09-29T13:30:22.024Z,6eab8520-7046-4f54-a77e-25b886f84ee2
4315,,,,,88707845.07,790671.36,86692916.58,2026-09-15T00:00:00.000Z,,7522835.04,f6692f79b932a4650e12c713416f35a5d3778589,2026-09-29T13:30:22.024Z,fa2472a6-1546-4e03-8532-aea85d772a6d
4316,,,,,1676798.53,386527.20,1287325.25,2026-05-17T00:00:00.000Z,,176414.25,789b7d14ae60bc1be6534339f92d31d4eebbe8f0,2026-09-29T13:30:22.024Z,61f45dfa-5d6c-4163-b91f-39ddbf1ce19d
4319,,,,,62692062.94,1381183.67,59699798.78,2026-05-17T00:00:00.000Z,,5106912.05,fd592a339c98cf2c2910f9acffd860d86b3f9654,2026-09-29T13:30:22.024Z,fd20c458-93e8-4925-b869-c48b27878acf
4320,,,,,31960035.12,15238853.86,16679126.57,2026-05-17T00:00:00.000Z,,2107211.42,3337cab9d171253e93929065179b7de378f9a90f,2026-09-29T13:30:22.024Z,3d477868-4087-40f1-8d47-50e9c97dd246
4321,,,,,2727443.30,3249.79,2697493.42,2026-05-17T00:00:00.000Z,,104243.30,095f15629bc27db5c81ed4b6c1eb19a77c4f2c97,2026-09-29T13:30:22.024Z,55ae7b64-0c8d-427b-8885-1fa774ec54a3
4322,,,,,28335249.54,20388710.94,5741230.49,2026-05-17T00:00:00.000Z,,511159.15,acd9c426bbbe9f38e304fb1cca5a83b9e9ee9dac,2026-09-29T13:30:22.024Z,cf904a0f-c98c-4f79-9525-e349ab7961d5
4323,,,,,5306863.74,268433.01,4629123.77,2026-05-17T00:00:00.000Z,,563589.34,bae7405ce91f2282807582a1183e8c86e44ae28b,2026-09-29T13:30:22.024Z,6a953458-8ba9-4475-8aae-23c233dd01c2
4324,,,,,4539992.99,572315.44,3822330.49,2026-05-17T00:00:00.000Z,,591792.36,f81cb9db61d73dd89e5fb2e47dbbfe881c1cfb9c,2026-09-29T13:30:22.024Z,eaf4983a-f0d4-4561-876e-27e6aa6b9bea
4325,,,,,15098468.62,2605736.36,12292687.83,2026-05-17T00:00:00.000Z,,1766204.25,bf37e210049087e97ad798076609181d7593ebb4,2026-09-29T13:30:22.024Z,c8b69dda-6072-47f8-b28d-f98e74924793
4327,,,,,4294224.80,202610.74,3894616.80,2026-05-17T00:00:00.000Z,,750369.99,3d1f441a75f732034fe0cac793de76f0006aa617,2026-09-29T13:30:22.024Z,c3c7ad4b-bd9f-4e68-b959-826566583c89
4328,,,,,2962549.72,1903124.39,964504.33,2026-05-17T00:00:00.000Z,,232980.47,c4ecd0cdca40814144dd7e5b9d03eab2449b7284,2026-09-29T13:30:22.024Z,9690a9e7-d7cc-4f90-8285-3e44743ae494
4329,,,,,6475098.24,157448.95,6025101.74,2026-06-26T00:00:00.000Z,,51048.32,7aa2d6a686af161d25f92fbcaad80608696656c5,2026-09-29T13:30:22.024Z,d842cde0-aecb-4140-b49e-45fc458bc116
4330,,,,,14334700.87,168883.52,13558050.12,2026-08-27T00:00:00.000Z,,1490537.30,787d880c7ef8f0ab264c7e841fd96b6e34642bd1,2026-09-29T13:30:22.024Z,bd30c459-668b-418a-925b-c86957e48a86
4333,,,,,3199079.40,105558.20,2870140.08,2026-08-14T00:00:00.000Z,,382722.84,a3042e563dbad11e070f73c369a16fd1d3e7d0dc,2026-09-29T13:30:22.024Z,26955c20-0499-4b4d-9d63-9eed273f835e
4334,,,,,5349464.31,1037778.87,4150578.76,2026-05-17T00:00:00.000Z,,1270811.62,eb712db27363e914b869058a8827515b81cad290,2026-09-29T13:30:22.024Z,5fbb7c74-742c-4cb2-9300-47f734b2e7eb
4342,,,,,3976113.61,689244.17,3156420.75,2026-09-22T00:00:00.000Z,,152311.01,eb96c8f727a5790f75e43895c21dce7325c1d09c,2026-09-29T13:30:22.024Z,4f41a259-7c97-4eb9-b651-1595ec5d7849
4345,,,,,7573398.42,5136909.69,1651131.67,2026-05-17T00:00:00.000Z,,265140.44,7f6e4929ceb3cad71e9c3ecb0af6462bc9b82f6a,2026-09-29T13:30:22.024Z,bbace38a-e874-4ff8-90ce-23bb12e31381
4346,,,,,33538908.98,17585670.20,12972120.25,2026-09-04T00:00:00.000Z,,3605906.57,18cb34a6652cc6a56b9029186e094edb04f57efe,2026-09-29T13:30:22.024Z,123941fa-52ec-4552-8378-0eb614e7ece1
4347,,,,,5904057.49,1473822.32,3832148.50,2026-05-17T00:00:00.000Z,,659657.01,1587efc1fa51017d676e834106ff9c46d9948a9b,2026-09-29T13:30:22.024Z,ea147036-907d-4a5c-a388-7763f4fc49c9
4348,,,,,29637388.92,5105137.23,21561060.75,2026-09-25T00:00:00.000Z,,2572348.73,751bf3fa8f0bee19183288a18b08aada5173fa91,2026-09-29T13:30:22.024Z,d840278c-f77e-476b-a60a-58a0d5c64a0b
4349,,,,,14968939.51,3067775.06,11421068.76,2026-05-17T00:00:00.000Z,,1992228.02,fadc93a5e66245460fbaf124fa3f03db960d0f3c,2026-09-29T13:30:22.024Z,edb173f4-d39e-4344-b37e-cf26ba695024
4350,,,,,10259651.28,4784673.27,4810083.83,2026-05-17T00:00:00.000Z,,237929.11,554c810d64f8660de1275ac94388684bdb3c07bb,2026-09-29T13:30:22.024Z,f195e140-9edb-45e1-867f-44a7ff148fb3
4351,,,,,1332661.43,729259.64,139114.61,2026-05-17T00:00:00.000Z,,457754.17,74bbf4c04bcc1f25c651aa1a186317cad9473e58,2026-09-29T13:30:22.024Z,a17b199c-6216-4914-9b9d-68b0886fe10b
4352,,,,,14430450.53,29670.68,13929186.82,2026-05-17T00:00:00.000Z,,0.00,80d68e84c4895e9e0190fa74e11171fb8c0e3bd1,2026-09-29T13:30:22.024Z,578bdcaf-003f-497a-abfa-6460397d83ce
4354,,,,,8163787.83,4555220.37,3327475.29,2026-05-17T00:00:00.000Z,,8512.90,8c7fb8ea843f071d237d5f35851712c9a8c84c10,2026-09-29T13:30:22.024Z,9a68695e-c4cf-4a29-8ad9-721bb68bd85f
4355,,,,,10648336.71,1381689.58,8139063.89,2026-08-27T00:00:00.000Z,,447348.92,848a7a2062d517453a94dfc280b1f483cbf0f590,2026-09-29T13:30:22.024Z,421b7343-c3b9-4374-a250-664cc8f2f076
4356,,,,,5126898.02,1035633.62,3671058.70,2026-05-17T00:00:00.000Z,,76252.74,e7faa849ad404fe9919fd48543ffe2cffc131608,2026-09-29T13:30:22.024Z,3c2af912-fd64-4e10-9aa4-9a3b04e786f8
4358,,,,,26257380.16,586322.12,22982898.20,2026-08-03T00:00:00.000Z,,7332873.23,e3cdc0dc8d7d4bb491a9151ed3220b5629089717,2026-09-29T13:30:22.024Z,839ab6c3-b7fd-40a1-9ddd-23aeed1d00c4
4360,,,,,63789259.13,2509492.93,59049869.41,2026-09-25T00:00:00.000Z,,12070562.36,0e6e12be5ff0c711a28f1198b9e6a9d318059873,2026-09-29T13:30:22.024Z,1b6b9af1-c25d-44af-9836-6ef8adaafc4b
4361,,,,,19969173.07,2540454.84,15167249.26,2026-08-25T00:00:00.000Z,,4411849.94,41abbb19e4f158d5a678172f791c326e04ea20cd,2026-09-29T13:30:22.024Z,08a9a27a-de0f-4524-9fcd-3a49292d4300
4367,,,,,10722274.01,243268.83,10174734.76,2026-05-26T00:00:00.000Z,,302464.66,5048652b342d5c231fe100490a3eb5cc14108a29,2026-09-29T13:30:22.024Z,136e4d6f-b3b8-426d-8283-b3446423f610
4368,,,,,30193562.84,28467470.33,590973.31,2026-05-17T00:00:00.000Z,,1970744.50,d4e61a4aa6349fe005eb1d931e39f2ab3622306e,2026-09-29T13:30:22.024Z,58c72005-0594-4e98-a98a-87d30776b325
4369,,,,,3908163.56,10548.34,3797955.83,2026-05-17T00:00:00.000Z,,12202.57,075c97fbc478f150239b68234fa5092eec426a6e,2026-09-29T13:30:22.024Z,f037e733-10e4-4907-887c-381ba7eea8a9
4370,,,,,20240528.89,335446.56,18310298.30,2026-07-28T00:00:00.000Z,,0.00,c647373a2fce9cd58dc9fb90fce4b09307aa0be1,2026-09-29T13:30:22.024Z,ba088280-33f7-4f17-b91e-090b5529fb5f
4371,,,,,2472947.46,2432307.48,,2026-05-17T00:00:00.000Z,,30018.87,5334e7ddf3093b29ce7c4496dd2042ca3ece2816,2026-09-29T13:30:22.024Z,61cd3ec4-783e-435c-8ec1-3a9570c13b25
4372,,,,,36489273.19,7976017.41,25517866.20,2026-09-03T00:00:00.000Z,,4519465.60,04cfb556805748778698dacb6418d6ab8f99d6d6,2026-09-29T13:30:22.024Z,43123e1e-7e73-4249-9859-1a205d06e913
4373,,,,,5306654.47,418199.92,4564788.30,2026-05-17T00:00:00.000Z,,692559.87,af2b2666bf8846ab11166b5b8e5c947eadaea5ad,2026-09-29T13:30:22.024Z,2592d180-8dd7-42ef-83df-bb7c0927b777
4374,,,,,8911251.06,402728.87,7699650.09,2026-05-17T00:00:00.000Z,,367069.75,0e5f51563980ce1991caa9e830c8c63e00b2e158,2026-09-29T13:30:22.024Z,4fee5c56-fe5e-41cd-b7f1-7fadf38b2ea0
4375,,,,,7302114.67,104198.74,7006741.08,2026-05-17T00:00:00.000Z,,229105.89,f1f9fb1477620ac7fb6a0d938f6b6084dfa19a3b,2026-09-29T13:30:22.024Z,fb981ed9-442e-4a43-84a8-8720c3c7bd17
4376,,,,,18001125.04,4711299.43,12213255.41,2026-05-17T00:00:00.000Z,,569600.00,dc827cbf464270d795b715ed10c3468e0c26a8e4,2026-09-29T13:30:22.024Z,4faf3e83-9444-48ad-ab8a-a020ebaea9d0
4378,,,,,1941675.62,233032.34,1636968.93,2026-05-17T00:00:00.000Z,,138255.89,0a4a64a5e69632d6c3b4afabcdb42db7a37781ea,2026-09-29T13:30:22.024Z,4afc843a-82dc-4e23-91c3-b5dbb4713e98
4379,,,,,36439258.07,34693013.31,867798.88,2026-05-17T00:00:00.000Z,,1593818.56,73868c52f65aa76551391561deacba53ab7206bd,2026-09-29T13:30:22.024Z,37a41257-1839-41e8-9e25-103d34faf381
4380,,,,,2996541.03,97652.86,2697689.82,2026-05-17T00:00:00.000Z,,30845.37,07af082dc18e223919228d1c8c8ba72cab637a98,2026-09-29T13:30:22.024Z,56258b3d-31eb-49f0-be26-18fc29b86585
4381,,,,,32006915.72,3412649.75,25423869.33,2026-09-25T00:00:00.000Z,,3807699.50,935fe17bfdb026984b2dddeb32a3d5e975cef236,2026-09-29T13:30:22.024Z,c12dbcb2-72de-48b3-9096-b6421bf54a22
4383,,,,,8703545.17,499059.52,7180762.74,2026-09-25T00:00:00.000Z,,1866733.71,63e17360db295187ef48b363bf0401abe1a80075,2026-09-29T13:30:22.024Z,8ec09e29-9825-46d6-8f8f-23af19313ed8
4384,,,,,464404.17,342593.57,104310.60,2026-05-17T00:00:00.000Z,,0.00,cc65a404cd51a858345fb9db8d12d58ed01c9f85,2026-09-29T13:30:22.024Z,6f16fedb-d09b-443f-af5a-a2e77e493062
4385,,,,,17803249.55,15779103.99,1739730.70,2026-05-17T00:00:00.000Z,,0.00,8cb7c04522ff03542f833127845e828c3f16ea31,2026-09-29T13:30:22.024Z,3a197886-768b-45e1-bd64-17c63caf4885
4386,,,,,15302173.31,2816016.53,11517612.62,2026-05-17T00:00:00.000Z,,3840452.46,19d4d8681bfa44092d77db255fbd12e5700f6b4b,2026-09-29T13:30:22.024Z,e7d3b921-cbc5-46f7-87dc-7c5d34621961
4387,,,,,2577582.63,183982.03,2319673.96,2026-05-17T00:00:00.000Z,,36485.29,ab1377cc99a7f9d5428e9d38aecd23e885badb0e,2026-09-29T13:30:22.024Z,205feacb-5743-44cf-9a06-1f5c5802ad9b
4388,,,,,1859316.92,91774.39,1664254.84,2026-05-17T00:00:00.000Z,,53783.50,463affe651faaf26ae77cd7e402b8f7b11478d34,2026-09-29T13:30:22.024Z,bdbd5e9d-184a-4195-872b-8860af3b1f36
4389,,,,,513182.46,159523.40,353659.06,2026-05-17T00:00:00.000Z,,0.00,038273666174ed822c0ac16f3df91ce602792cd8,2026-09-29T13:30:22.024Z,d7a63876-311d-45b2-8368-7abcbddec1c9
4390,,,,,25340763.42,2185869.03,20907884.44,2026-08-31T00:00:00.000Z,,3152270.81,6204571e27f01fa4e893bd37c7920c6de72101bd,2026-09-29T13:30:22.024Z,e83db134-080f-44f8-a6e1-21c915b726e5
4392,,,,,2814814.41,1902731.70,471930.62,2026-05-17T00:00:00.000Z,,821332.90,962f5746ae021c3279de5294dbf93b53211a4972,2026-09-29T13:30:22.024Z,67ff8d85-8e93-4258-b75a-7770f1db79f0
4395,,,,,18041728.59,1427710.29,14669540.43,2026-09-25T00:00:00.000Z,,3596784.50,53a1aea886af1a6381b0efb3c751e951c1358018,2026-09-29T13:30:22.024Z,5a8c0f81-5b55-475b-b0d3-13a149d92572
4397,,,,,30382071.57,4284069.24,23098486.60,2026-09-08T00:00:00.000Z,,449384.97,1b3e72391b67c1d62ed5a1012f30f3262e0e2213,2026-09-29T13:30:22.024Z,719d723c-d6fa-42c2-8075-621613925fd4
4398,,,,,7303039.84,1942897.23,4484676.23,2026-09-25T00:00:00.000Z,,1320517.73,24570661a83ef7d70d007c79840d9a15e0ab2799,2026-09-29T13:30:22.024Z,9f775360-ceca-4237-a1f0-9c226454c99a
4401,,,,,33230394.25,28416579.81,2828310.95,2026-05-17T00:00:00.000Z,,4683319.35,b70a454ff3e26f02197d0a6438c170961f6dd7cb,2026-09-29T13:30:22.024Z,f551e5b7-7ed7-4d2c-9acc-af43a3ecf337
4403,,,,,4029663.87,354500.23,3180368.38,2026-05-17T00:00:00.000Z,,602356.25,bac367f7bac665a73e67c40c4591b850da31d825,2026-09-29T13:30:22.024Z,fa0610a8-2c68-4481-acb4-1a10aa501417
4405,,,,,1648424.91,421455.69,1169974.72,2026-05-17T00:00:00.000Z,,6957.72,ed60571756f052f326418481429f17745f3697e4,2026-09-29T13:30:22.024Z,cdab92f5-8612-471a-9005-61d48add210a
4406,,,,,18267267.33,10539014.12,6013950.84,2026-05-17T00:00:00.000Z,,851038.18,ddb78cfbfb77ad7b13ec3085603051692adc1e46,2026-09-29T13:30:22.024Z,bebc0283-71b8-491e-a43e-25f81087a17f
4408,,,,,76478368.96,5679219.69,66374139.33,2026-08-27T00:00:00.000Z,,7588509.73,0c7fc34e91e3b6aced6e0f94b4ec32b62d3fb9e7,2026-09-29T13:30:22.024Z,40ee826c-e1d1-45c4-b1d7-483a93764059
4409,,,,,4851345.90,98165.18,4162008.86,2026-05-17T00:00:00.000Z,,0.00,18306a20cb2ddac83470a0b5834ad30d60e66be7,2026-09-29T13:30:22.024Z,b0276022-0c8e-469a-801f-34f128f5e538
4410,,,,,3246588.24,37890.71,3154747.12,2026-05-17T00:00:00.000Z,,506131.00,4bbc55987b9ce08caaede97f0fed483bf30b398b,2026-09-29T13:30:22.024Z,a3962dd4-dcda-4183-84c5-daf83e7e1c67
4411,,,,,40110642.61,4872569.89,30104439.55,2026-09-25T00:00:00.000Z,,4858855.49,af56dddbac7ce91ac1048ad0c1dd72ec80b49361,2026-09-29T13:30:22.024Z,f0fea124-e31f-4f81-b1d3-8a3ee598a31f
4412,,,,,18890910.27,4674762.31,13546633.70,2026-05-17T00:00:00.000Z,,3118893.13,8589f1b0645d7c9008a7b570c3dba2d01b2837d5,2026-09-29T13:30:22.024Z,0887577f-78c5-4a51-90f1-30f35c42be06
4414,,,,,10007887.69,158236.74,9102529.48,2026-06-04T00:00:00.000Z,,1216188.42,ae396a477b0fcb90b705a3412a2bc6ee9bee29e8,2026-09-29T13:30:22.024Z,d6c6bb48-a31e-4160-a9a6-af17d63921c2
4415,,,,,6453697.90,423536.43,5347443.35,2026-05-17T00:00:00.000Z,,1109703.29,cdbb48550f55b37a462a0c066721cebf96dfa27a,2026-09-29T13:30:22.024Z,75cce238-ab9a-4d3d-9deb-3bfcf2fe495a
4417,,,,,3501859.85,384082.78,2759117.06,2026-05-17T00:00:00.000Z,,132475.14,f195fdb1e4c9ee7ab6dec3e7b53c03a97c2c6d74,2026-09-29T13:30:22.024Z,61908663-fb7d-48d5-99c9-1ac67451f76d
4418,,,,,13831705.05,922370.28,12126704.05,2026-06-03T00:00:00.000Z,,1280339.68,833f1051c45a151e994dd5bb2a833a6d330f6aa3,2026-09-29T13:30:22.024Z,2509dc37-85bd-42a8-bf4e-0373e14ae1cb
4422,,,,,575161.50,21703.50,511951.50,2026-05-17T00:00:00.000Z,,0.00,5fa98cc02f85bbf0d857d03c7c27aeecdb85ed3c,2026-09-29T13:30:22.024Z,9621c953-56c5-42e0-9434-8b8f737d041f
4423,,,,,2250088.49,258132.31,1829578.66,2026-05-17T00:00:00.000Z,,40833.00,5f173cb2ed2661285207da1bae86c3e913989945,2026-09-29T13:30:22.024Z,292e7110-ba5d-4465-83d4-38ad7a5354b2
4424,,,,,63317665.99,805487.80,59462009.90,2026-09-09T00:00:00.000Z,,8643814.33,00b1491edb48f7c48213d24cbaa69325acceaf4a,2026-09-29T13:30:22.024Z,79e71514-3745-45ea-b7f1-2d3323add07a
4425,,,,,5460572.79,494674.49,4965898.30,2026-05-17T00:00:00.000Z,,206208.00,7e8a88bc0e4868866de8084c6b48d24fcafef900,2026-09-29T13:30:22.024Z,49a5a012-1e7c-493b-8ca0-dd91814bd210
4426,,,,,13773887.86,1185473.07,11925288.07,2026-05-17T00:00:00.000Z,,704653.25,ab69dea96c5219f5a787a2665733f8f9ca4df9ce,2026-09-29T13:30:22.024Z,b9f9b7ec-51a2-40cb-b48b-0efcb0a99ece
4427,,,,,21944072.65,3023290.86,16732157.61,2026-08-03T00:00:00.000Z,,2787994.42,19c70b9fb71a52c043ce7a58b20996307e9a51af,2026-09-29T13:30:22.024Z,d91001bc-4102-4ed5-84d0-6cd6f9333241
4428,,,,,70633933.73,1130953.72,59877744.93,2026-09-25T00:00:00.000Z,,6517573.55,e8dfc6e79a8ea538a722cf1a9c29d42b1120e3ed,2026-09-29T13:30:22.024Z,90679bcc-510c-4625-9b81-4c22b2d4baa1
4430,,,,,495888.42,10137.90,478003.97,2026-05-17T00:00:00.000Z,,0.00,393cce4407349aa1da5a4c867ff3547444e98e04,2026-09-29T13:30:22.024Z,a525e583-fe81-42ed-9dbb-d1d97703e8c2
4431,,,,,42758082.57,4904818.70,34994377.14,2026-09-25T00:00:00.000Z,,5214768.85,859a7b3f04f808cc1f37c05ed60e9f63d3e9f90d,2026-09-29T13:30:22.024Z,bfabffa7-3d36-42ee-9b6d-deb4fc5acc4a
4432,,,,,29948521.57,6375480.17,21739801.25,2026-05-17T00:00:00.000Z,,4344898.39,3311ca935500bf20976389889d4e3385c979ee65,2026-09-29T13:30:22.024Z,fb60899e-7597-467f-bcc4-ab407d2896cc
4433,,,,,676950.32,475501.16,169328.22,2026-06-30T00:00:00.000Z,,27625.00,28aa42c2d4efdf5952d2ef5b00f8d48ac69d94f0,2026-09-29T13:30:22.024Z,6898b204-a51c-46c8-a9ab-8083336a788c
4434,,,,,36507416.50,7868375.40,26837447.95,2026-09-25T00:00:00.000Z,,5388299.64,1eef3c251f1a187fedc8f303efc1071499062c01,2026-09-29T13:30:22.024Z,bf0fb61b-b919-4ee6-9e9d-4f0874da9afa
4435,,,,,19162471.19,5259590.07,12487742.32,2026-05-17T00:00:00.000Z,,7132699.78,67c6191f4c821d87582a699f0b4d9f9708cbf0d0,2026-09-29T13:30:22.024Z,7bc39cb1-139d-4286-9e8a-1ec967077b14
4436,,,,,551698.83,545907.72,,2026-05-17T00:00:00.000Z,,0.00,3a5425cb0a44586021a48e80662b565d90bba200,2026-09-29T13:30:22.024Z,adcebb54-1e14-4450-b4c3-20a1f53264e8
4437,,,,,971158.24,17520.99,873961.52,2026-05-17T00:00:00.000Z,,139036.79,1bdc547fed44166a0cbbd54ea98bbf0f83bfecef,2026-09-29T13:30:22.024Z,e7d704de-797c-4c61-8db9-e3fcee7c8b12
4439,,,,,17905890.32,1582315.50,13432004.05,2026-09-28T00:00:00.000Z,,2102402.37,7376006855dabb6bf0b7f9a2f508ff06ab274d4c,2026-09-29T13:30:22.024Z,414b16bc-b7b4-4453-be66-b8e9bb7b2e60
4442,,,,,79250407.44,5597781.54,66352381.55,2026-09-21T00:00:00.000Z,,8494046.95,3edcebc515ca92eab6e56d9442f9f1099c41e775,2026-09-29T13:30:22.024Z,0473a9db-4125-4906-9041-e75fa8941fc2
4443,,,,,4399025.87,108467.43,4051699.06,2026-05-27T00:00:00.000Z,,587428.76,0eb34228c09baaddffc1c3c650c349010fd379bb,2026-09-29T13:30:22.024Z,e0888b0d-997b-4476-84a6-f272c968d58d
4444,,,,,8208143.56,2262133.44,5110984.41,2026-05-17T00:00:00.000Z,,1414708.16,c593b6f514a30fecb8f84271011e4df2ff680ab6,2026-09-29T13:30:22.024Z,4e7753d8-e584-408f-9300-275afd3399ae
4445,,,,,9182352.56,168922.74,8016743.16,2026-08-27T00:00:00.000Z,,952580.20,4d23a8ff28eeb0136392ec247de73cca0013dad0,2026-09-29T13:30:22.024Z,0b1ace9c-213d-4b08-b415-ca91caed98cb
4446,,,,,1088251.32,110329.54,977921.78,2026-05-17T00:00:00.000Z,,0.00,0b142cd9a2bc9e60963a4d4cecbcfc11616e9561,2026-09-29T13:30:22.024Z,b92f1e61-4b95-49c5-8569-2ab34cf548d3
4448,,,,,971209.44,251829.49,632652.34,2026-05-17T00:00:00.000Z,,0.00,31717f53c3f05939fa706a2de4ef585e7ae20240,2026-09-29T13:30:22.024Z,eb74e51b-cde5-4516-aa33-8f47c4aeff71
4449,,,,,67072753.54,6955416.93,54287548.33,2026-09-25T00:00:00.000Z,,3305696.35,c5c4bc38ad9648be3dd2575708d6b38f5b5c02a9,2026-09-29T13:30:22.024Z,b21b6d87-2f39-4813-b08e-3b7e6f0dd97f
4450,,,,,4871677.62,2447823.13,2145654.27,2026-05-17T00:00:00.000Z,,0.00,c7aec3694a598cd050f20f98d63da394205662ca,2026-09-29T13:30:22.024Z,75c6bd99-d207-4ac7-9363-32560f86d82b
4452,,,,,11048208.66,451105.81,9126851.45,2026-08-27T00:00:00.000Z,,451859.58,82bf85c1bf5441ccd6cbe32a8956f1b8472bfc05,2026-09-29T13:30:22.024Z,f871c49b-f503-4959-afad-a19509fd8152
4453,,,,,3260358.69,436668.56,2565600.02,2026-09-03T00:00:00.000Z,,375778.13,89dfdc7258107a63402d9e08f0406b4a742e21ed,2026-09-29T13:30:22.024Z,1010b744-7db7-4aef-8c0c-2a9a2d24742c
4455,,,,,4470045.15,451755.61,3702826.93,2026-07-17T00:00:00.000Z,,303876.88,46a27bf6389058c3150534e0c1963cc7ee9443f0,2026-09-29T13:30:22.024Z,7105f102-d2c6-4215-bc3a-3ed2c261b554
4456,,,,,6543056.06,25677.44,6470622.20,2026-05-17T00:00:00.000Z,,0.00,3036ae5df45481b74004a53734e1f5864228598f,2026-09-29T13:30:22.024Z,5a9ff978-06bd-45ab-a3d5-8e6d5cbcb33d
4457,,,,,3441152.95,117435.25,2983752.53,2026-06-03T00:00:00.000Z,,26879.84,b7347755929f718bdddb645f3a1f12f6147392e5,2026-09-29T13:30:22.024Z,ceb679d3-3404-4dbc-bbad-0eb93d0746d1
4458,,,,,49574472.88,35084521.89,9982682.01,2026-07-07T00:00:00.000Z,,2304017.80,386d903e8e08055a033f99762bbcea8d4ac4a61b,2026-09-29T13:30:22.024Z,eb44a53d-7ba8-44aa-b971-f8f6a45a8789
4459,,,,,18126365.53,11006915.43,5555862.17,2026-05-17T00:00:00.000Z,,3102364.48,f44fccba0bae11ef53915e2fcd114c805e49a2b0,2026-09-29T13:30:22.024Z,7a18d6a7-4508-474b-a7f9-f0ebc870d52d
4462,,,,,18836202.34,12511523.07,4068516.41,2026-09-10T00:00:00.000Z,,495227.36,eac5e370074c91deb68710dd018581cce0646883,2026-09-29T13:30:22.024Z,6fc2b1e2-8731-4eb5-a6fa-49d71ab88bf9
4463,,,,,6898511.00,1110881.38,5342252.26,2026-05-17T00:00:00.000Z,,1576384.66,016742eacb6e4b66950abfecac0d0ef3d4fe6077,2026-09-29T13:30:22.024Z,7f2facaa-9028-47a2-9729-8c0eb4bdff4d
4464,,,,,42300083.28,27281693.00,10997803.24,2026-09-28T00:00:00.000Z,,4367458.23,0f5473d65eb3b3a36467ed72bccebca858820c83,2026-09-29T13:30:22.024Z,43677882-5615-4006-8656-fcf61bafb354
4465,,,,,63442135.08,21790565.11,37485257.10,2026-07-22T00:00:00.000Z,,10969502.51,5a67078038bb817f5dda588e4b9896a167bfa352,2026-09-29T13:30:22.024Z,c6b609b5-194a-46a3-a52b-48229ea64236
4467,,,,,9935816.59,78895.76,9518473.53,2026-09-01T00:00:00.000Z,,195090.53,e910809f1b63abfd5e01e7e525b25b6b4c56a734,2026-09-29T13:30:22.024Z,21314787-63a7-41ad-a9c6-2eaed8f83f09
4468,,,,,95656113.64,63222837.27,27832061.36,2026-09-22T00:00:00.000Z,,15554041.09,22e5a7a2356e72198dd16b5dc4a2c3e4e46a9529,2026-09-29T13:30:22.024Z,f082fe76-d9c9-4e8f-ad17-82081a46319d
4470,,,,,13702050.81,6095172.05,7233934.78,2026-05-17T00:00:00.000Z,,480986.47,cea6efe4147d3b4932a600c3a02df02b4c89fb06,2026-09-29T13:30:22.024Z,bb515a43-ce3f-476c-a2e1-e7f0e0551a98
4471,,,,,13792018.83,4567715.97,7950096.85,2026-05-17T00:00:00.000Z,,277185.14,7bc397a7fdce057881f2dc8e5bd98b1b25a4d344,2026-09-29T13:30:22.024Z,3acf34d1-08a1-4d12-aed5-788c56af9c6d
4474,,,,,22901621.17,794717.11,20609895.01,2026-08-21T00:00:00.000Z,,974599.18,8fe9d57aef552cf0deab7ff42f7ea52841c928f2,2026-09-29T13:30:22.024Z,96169e11-da89-4352-8bed-58de829e7a61
4475,,,,,10997335.78,1648511.31,8502890.18,2026-09-04T00:00:00.000Z,,2506624.27,a309e80ca6c07951607e580279527e5a2e041b62,2026-09-29T13:30:22.024Z,cc77c5d3-268a-4f5f-b8f9-0e9466170100
4477,,,,,4677987.10,270345.25,4045782.22,2026-05-17T00:00:00.000Z,,908697.98,c95b1fcdde0c46fd36a413515bb0dcd05dd223dd,2026-09-29T13:30:22.024Z,a1406d3a-c283-4583-b2d2-568535b341df
4478,,,,,7771447.20,3484972.71,4170632.24,2026-05-17T00:00:00.000Z,,420026.40,7a7df88b9b8aac275e942483b7b042fffbd1e0a7,2026-09-29T13:30:22.024Z,a14538ef-918e-4c4f-a457-745da62f32d5
4479,,,,,8376325.14,1618202.28,6138364.85,2026-09-21T00:00:00.000Z,,659054.56,65a1a2ab95c0aad4e748e26eb5f2850b7c88ddb8,2026-09-29T13:30:22.024Z,75eecbbd-4fca-4c65-b332-6ec5d7274545
4538,,,,,10188170.52,635603.01,8833026.61,2026-09-10T00:00:00.000Z,,2347246.19,19013fba87a2062ac2adac6e6fc1263f070bf981,2026-09-29T13:30:22.024Z,071d740d-7bdc-4cbe-b6d0-c6049f47911f
4543,,,,,13644804.50,978863.96,11985112.08,2026-05-17T00:00:00.000Z,,2260885.39,a300473498f2447422740dc1a3a6ee5bb502be84,2026-09-29T13:30:22.024Z,7d7e68ee-d66e-435a-a97f-7ae813d83232
4544,,,,,3154208.96,1064980.76,1740860.83,2026-08-31T00:00:00.000Z,,727715.55,5616d29ac489d8aadb176c9436a57a9ed9457235,2026-09-29T13:30:22.024Z,5ca1b4f7-b57d-4f89-a6b5-88ef4ae004dd
4545,,,,,1809645.12,1809645.12,,2026-05-17T00:00:00.000Z,,0.00,24a2ab2074f6fe14c47cd8d7f276c160ba0fb76e,2026-09-29T13:30:22.024Z,5a0d1bd0-1ecc-41f8-b661-c449e23f905a
4546,,,,,17285739.80,431104.04,15857192.66,2026-09-09T00:00:00.000Z,,2185544.17,fee590e710efa89532512b8c55561862d05d35e8,2026-09-29T13:30:22.024Z,1663b6df-4082-4ade-878f-a4a74b2acc76
4549,,,,,701138.55,458138.10,162124.70,2026-09-25T00:00:00.000Z,,89625.70,8acccd030ec33b83083b2634002d62ff8614bbac,2026-09-29T13:30:22.024Z,f94634de-2849-4929-9cc9-9107b0bf7cf5
4550,,,,,15800392.40,2563454.73,12261732.57,2026-05-17T00:00:00.000Z,,121610.23,4abdb6a6eab72fdf75533486365fe91fe890112b,2026-09-29T13:30:22.024Z,1a0a0bbf-cc15-4944-829c-5a8dc1489c24
4551,,,,,8718623.77,5955240.23,2238316.72,2026-05-17T00:00:00.000Z,,720845.10,20d02b353199521d7ee35ab74e80a9549d69a280,2026-09-29T13:30:22.024Z,f28102ab-1a1a-4de6-aad4-318b1aa2ed7e
4552,,,,,8847245.34,650161.68,7458978.27,2026-05-17T00:00:00.000Z,,1814434.85,9274b95ab65ca8a0e06ded11e35fc3898810ecf5,2026-09-29T13:30:22.024Z,595e1d7a-ee34-4243-88da-82174bf9f235
4553,,,,,9795911.91,1532237.99,7383499.00,2026-09-15T00:00:00.000Z,,1521258.70,23cdfee6b1c6d9190f3b795ec4072c063384565e,2026-09-29T13:30:22.024Z,c1a6d93b-8c10-4cb9-ad08-c5ea9e6994a8
4554,,,,,9203289.24,3197874.58,5138299.15,2026-05-17T00:00:00.000Z,,826131.12,22d799da5bc2f7a9d4cab8982bed5aac1897c188,2026-09-29T13:30:22.024Z,04beb297-020d-41a4-88bf-76f721a783f4
4555,,,,,5768522.54,1741710.44,3477774.78,2026-05-27T00:00:00.000Z,,306409.89,e73d59c8e0470195326c8b192adfd0518ed6e0a5,2026-09-29T13:30:22.024Z,7d1309a8-412f-4c13-9db4-bb92d685154f
4556,,,,,9714415.61,1913344.41,7134382.00,2026-05-28T00:00:00.000Z,,1553394.26,0ffa6c20eacd30f62932f62bb1ee384bf803de3e,2026-09-29T13:30:22.024Z,b8b94e32-625f-458c-9ab6-7e88607bc6ee
4561,,,,,789578.80,621289.76,168289.04,2026-05-17T00:00:00.000Z,,0.00,f34491e4b6a3952b4d8f1fd73cca21c744935371,2026-09-29T13:30:22.024Z,1e6151b2-0055-467d-8291-6b6479434f2f
4565,,,,,2488987.34,11272.50,2322226.82,2026-05-17T00:00:00.000Z,,483389.08,eb7d192b987aff70ce87303407f61dc96615a1bf,2026-09-29T13:30:22.024Z,c2ea4f17-e8fb-484b-9d07-ac6b0b96000a
4566,,,,,3368018.00,2234486.74,1022568.00,2026-05-17T00:00:00.000Z,,214904.68,d788340491113cd1936a5aac3b5f2e3ee3aff3aa,2026-09-29T13:30:22.024Z,f5bb73c6-c1f6-4808-bae6-6ed713142559
4567,,,,,784295443.84,89886327.93,649485403.41,2026-09-08T00:00:00.000Z,,10592915.91,ca1e0afaf317c033c89475e14c5f0d4888badca9,2026-09-29T13:30:22.024Z,605a7dbc-6fcb-4a6f-8367-c4f823cef1a9
4568,,,,,31385780.55,15605052.03,14094702.90,2026-09-25T00:00:00.000Z,,3450657.14,5da905def6afbbd6fab2a310097291700d65b262,2026-09-29T13:30:22.024Z,400fc355-d31f-4cb3-8e91-9688eff7d638
4574,,,,,46316099.00,26780001.91,15590246.82,2026-09-08T00:00:00.000Z,,5220859.17,c91f207029e6ff1dce0e797330d7cd9899e283bf,2026-09-29T13:30:22.024Z,47d7a3f8-e804-475b-8d1a-722fc94f3b56
4578,,,,,10013896.69,7653954.20,1651665.66,2026-08-11T00:00:00.000Z,,1245600.49,9b75608dfd4a5eaf3224a26533c4421e4eb2f5ae,2026-09-29T13:30:22.024Z,bc66d61c-c6e1-4125-bec7-c127436ba938
4579,,,,,15898362.56,3180643.95,11572245.16,2026-05-17T00:00:00.000Z,,2025001.71,e32ef2cf1e8ea37cc5310fff62bf5938efd0fe57,2026-09-29T13:30:22.024Z,cebe4f85-c277-41f7-a961-3d9d4c274eb8
4580,,,,,40589817.97,34984449.96,2226587.62,2026-09-28T00:00:00.000Z,,2773607.51,0f21e8441e733311d9e0876e609209bb744fd17f,2026-09-29T13:30:22.024Z,66061e35-b6b2-479a-a7d4-b190cedc9137
4581,,,,,37340167.92,25133199.67,9819791.95,2026-07-02T00:00:00.000Z,,7221215.55,fdd4471657d79d7bae9d7e65e60f8e2f96f7f934,2026-09-29T13:30:22.024Z,58ebe22f-91a6-48b5-9365-8f334b2f042b
4582,,,,,16682.27,16682.27,,2026-05-17T00:00:00.000Z,,0.00,1ecfb05fbc3a523efc9f2b586bd0b2c1dfe34f97,2026-09-29T13:30:22.024Z,25fc160c-c043-4f32-b9ae-fc5a072e77c1
4583,,,,,14053490.76,1157604.68,12308604.97,2026-07-10T00:00:00.000Z,,1703690.13,5aab57d1b8fa241091af92404e9d9249c9b31ca5,2026-09-29T13:30:22.024Z,d64b2a8b-8506-46a9-a46b-d45ab8d1eed9
4584,,,,,51093778.96,12349027.03,37681068.44,2026-09-25T00:00:00.000Z,,7422262.24,bde2103200478a0e6b801ee3f6d7403472544075,2026-09-29T13:30:22.024Z,987730b1-aa87-4042-8e97-dfb20c91b88c
4585,,,,,36187737.93,1763930.25,30495703.99,2026-09-25T00:00:00.000Z,,3429387.03,9560d27b3599f3c725308d3bce56814d50ccbae0,2026-09-29T13:30:22.024Z,761fb7b4-d84f-4a21-86de-89ed290f93fe
4588,,,,,38779988.98,894353.50,34996159.18,2026-06-29T00:00:00.000Z,,5480763.80,a1eaae6b432ca129e08435220da3aff8b2b8a8b3,2026-09-29T13:30:22.024Z,3394f3a6-58a5-4e07-8b9a-3c5511813e1e
4591,,,,,2438739.06,2438739.06,,2026-05-17T00:00:00.000Z,,0.00,03e0339445ba9ddb18393cb54e2b71bfec596cea,2026-09-29T13:30:22.024Z,3726b7d2-330f-4a05-a3a4-ad435b0960db
4592,,,,,76316452.27,44827031.03,24559114.96,2026-09-25T00:00:00.000Z,,6569374.28,4fac881ab66716a303ce36ffcdbfaeceac0e5c84,2026-09-29T13:30:22.024Z,079be373-7919-468a-9c65-6f28bd6bfecf
4593,,,,,24125168.85,1958692.77,21317581.76,2026-08-27T00:00:00.000Z,,4435098.03,b39173ced0328c61a0d5f344e0981f034733bdb3,2026-09-29T13:30:22.024Z,d5b3c792-107f-4bf0-b997-e6002ff3fcd5
4594,,,,,16390665.67,2829590.01,12741493.27,2026-05-17T00:00:00.000Z,,1473841.78,b03209c728d7564d5bdc4dac064854d1fdc85a63,2026-09-29T13:30:22.024Z,414d8a5f-39c0-402b-be21-03376a98b17f
4597,,,,,15236311.79,12864798.39,1467828.41,2026-05-17T00:00:00.000Z,,1541757.02,e12931c8f45b5f396beda371315b52d81a477d50,2026-09-29T13:30:22.024Z,a4be655a-7593-477a-8852-fe23facefa25
4598,,,,,22506698.67,9897436.92,11630922.34,2026-06-12T00:00:00.000Z,,1712822.63,54e0d8eafdda457e360393557ffdc51c3867f672,2026-09-29T13:30:22.024Z,aedd888a-e629-4588-a0a5-7cebef4f25df
4599,,,,,24842191.12,18593376.00,3964657.03,2026-05-27T00:00:00.000Z,,2280094.63,e509c395d0961e777213d14fe1c434117527ab73,2026-09-29T13:30:22.024Z,30ecac38-d54f-404a-a27f-65d1f415d8cf
4600,,,,,30859394.53,12148126.17,16686175.44,2026-05-17T00:00:00.000Z,,2812853.20,c604782e14096f71e3dec605b59363cd106d47d0,2026-09-29T13:30:22.024Z,5820538a-8eb5-4a40-ab69-fd10acd2e9f7
4602,,,,,62634285.89,30983493.63,27391358.36,2026-08-18T00:00:00.000Z,,5478979.70,ea8887701eda7b8df5aec8693c4b5f3ee540a6d4,2026-09-29T13:30:22.024Z,6f1adf15-f6fa-4746-acad-1b922cc3b9b3
4604,,,,,7018597.26,300925.74,6397185.97,2026-05-17T00:00:00.000Z,,914283.00,3c2f047685071b245e2eb3d2fd35a9762cdde389,2026-09-29T13:30:22.024Z,761075fb-caf0-4cfe-b097-8ff030de448a
4608,,,,,3696491.57,49808.37,3564559.33,2026-05-17T00:00:00.000Z,,194739.78,91d25066cb2d35eed3b90cafb3cbce9d08eeba6e,2026-09-29T13:30:22.024Z,e7a4ba73-d412-472b-a464-cff9ad124fbf
4612,,,,,15180127.53,893426.60,13045110.16,2026-09-01T00:00:00.000Z,,0.00,4eae9021bf6d95b004ed90d401821b4ca949ae39,2026-09-29T13:30:22.024Z,26411f41-e594-4570-bad1-695314ccdf94
4613,,,,,2517017.00,206606.24,2070715.19,2026-05-19T00:00:00.000Z,,402728.96,83d3a4a57c9720fc1a45574142340307c1c137c3,2026-09-29T13:30:22.024Z,10cdb7e3-6671-4f3f-afd8-dda9f57c7ff7
4619,,,,,160735057.46,152102855.61,3621899.30,2026-09-28T00:00:00.000Z,,5148991.13,07aea95476aede0f867f010e5f49062d897f5071,2026-09-29T13:30:22.024Z,8721643d-0bbd-4c40-9624-ad9e7df2ce0e
4620,,,,,5109251.27,131108.35,4786933.89,2026-05-17T00:00:00.000Z,,2007011.46,dd74b3e32173a7457130e2278d6a31d2f3392692,2026-09-29T13:30:22.024Z,bfeb586f-e73a-4c45-b9b1-33e9145c72c3
4621,,,,,7170595.33,219635.84,6616025.20,2026-05-17T00:00:00.000Z,,439030.52,8e1e22f7161c39c35f9600d28950bf4b66bcc03b,2026-09-29T13:30:22.024Z,43277e6b-bc3e-4841-a31c-51e68923f042
4622,,,,,2416849.00,104349.77,2131853.03,2026-05-17T00:00:00.000Z,,0.00,2c838e55c056129dc5911584e0b5ca38ef1618b1,2026-09-29T13:30:22.024Z,0b887000-8b91-42c8-9961-1dc3aeebd165
4623,,,,,4560435.67,313839.17,4002718.79,2026-05-17T00:00:00.000Z,,128856.50,317f3be3fb3614b948d707b89ce378ff7d0029e5,2026-09-29T13:30:22.024Z,51f699b3-bbc0-46fe-a633-961a9207bf4e
4624,,,,,14146723.88,192732.48,12789222.34,2026-05-17T00:00:00.000Z,,2038013.40,58e71a3d208409f0a704c79d6d75eeb07e4b6105,2026-09-29T13:30:22.024Z,b683d166-f845-479e-bacf-6df63590640a
4627,,,,,6202930.69,756069.79,4869721.33,2026-09-23T00:00:00.000Z,,579040.90,8efa66ddeff2bdf9f9daf7f3fc030aaa4237288e,2026-09-29T13:30:22.024Z,b1a0f934-eb0d-4a3b-8150-6952aeb5eb15
4628,,,,,1691199.79,876282.16,653088.94,2026-05-17T00:00:00.000Z,,4330.66,ef02c90506521c1e3fdc55443ba676ff3881b483,2026-09-29T13:30:22.024Z,b97bf935-927c-4068-b910-3560b4a8db76
4631,,,,,3322451.54,100749.97,3011701.57,2026-05-17T00:00:00.000Z,,0.00,914954dbeba876851ab9f38cca970c6bdcb02efc,2026-09-29T13:30:22.024Z,0e9f69f0-58de-468d-a046-2489782ddef2
4636,,,,,12272634.56,133274.56,11532201.42,2026-05-17T00:00:00.000Z,,3210508.30,29dd32f2e315870658cc681ec5f071500545909d,2026-09-29T13:30:22.024Z,172dd66b-5f60-437e-ad02-b0d1d5b2607e
4638,,,,,4228211.08,152707.69,3900250.00,2026-08-19T00:00:00.000Z,,115327.58,d4c823bfeee3388bea20f0f15037ee0a52e3df8f,2026-09-29T13:30:22.024Z,747648cc-866b-4992-a59f-f131a99d4bbc
4639,,,,,6683006.85,1430795.79,4781838.02,2026-05-17T00:00:00.000Z,,1065894.07,8e631b39d99e94a0716233c75eeb9cf5a5bffea2,2026-09-29T13:30:22.024Z,9e309407-9623-443e-becb-d8d6388fff40
4640,,,,,23250114.96,712529.56,21517663.89,2026-09-25T00:00:00.000Z,,2886769.74,1958ba12935d57d5222b1e9623b535a92169125c,2026-09-29T13:30:22.024Z,7edbdb75-5a1b-443a-82de-44bbeabd2d45
4641,,,,,8768267.55,272971.63,8272206.57,2026-05-17T00:00:00.000Z,,1243072.74,7d465237f49a7f164ea1e64e93a2ebec8650b3b3,2026-09-29T13:30:22.024Z,67ee28b8-e3af-48ca-a57e-d7b3f6645a5f
4643,,,,,16248066.04,31220.51,14719555.01,2026-09-29T00:00:00.000Z,,583652.68,83c4c5e0334f678e84e1cd8250cf96b78496dd1f,2026-09-29T13:30:22.024Z,13d72f89-4b37-4eec-92d8-89d2c2b19304
4644,,,,,105048601.34,83799456.95,18528205.30,2026-08-05T00:00:00.000Z,,7232795.01,8ddb8ebdec461a2a747521cb74b4d122f5ae0b49,2026-09-29T13:30:22.024Z,f8ce8ce4-538e-480f-9561-afedeeb81fd8
4645,,,,,35372030.64,21055658.91,13370882.88,2026-05-17T00:00:00.000Z,,881331.96,4d2aadebb7d6b071d5d20aaad386fab804b49e04,2026-09-29T13:30:22.024Z,710110df-a573-4076-ba09-6b7a64f6d5fa
4646,,,,,6297791.52,909551.93,4681366.38,2026-05-17T00:00:00.000Z,,163909.39,3a452410b9eabd5d813dbd88e56185ebf2b1129a,2026-09-29T13:30:22.024Z,e70d8312-c19b-49d9-adc1-3e399846e1d5
4647,,,,,7241110.13,500055.12,5940710.89,2026-05-17T00:00:00.000Z,,310165.70,0493f0a3548facc4d3041f802f5ee46ba89c94d0,2026-09-29T13:30:22.024Z,4292f27d-33a2-4a40-b21d-caf07b7dd065
4648,,,,,3265999.69,35027.85,3007944.26,2026-08-27T00:00:00.000Z,,91219.57,11ba89ff6ee6b5c1229fc1ed62ce52b71425c561,2026-09-29T13:30:22.024Z,d67b1ef8-8be2-43a2-b4dc-f7c49790b65c
4650,,,,,30674756.35,3367777.84,26089156.71,2026-09-25T00:00:00.000Z,,4371793.24,b26dc36c95914448fcbdb01b9b3edeb998b2fc24,2026-09-29T13:30:22.024Z,9b8078ae-c213-47fe-ab35-c68ef7ba5c6b
4651,,,,,24385610.14,23843883.58,23745.48,2026-05-17T00:00:00.000Z,,3564132.46,3a4a4129185c2d2862e97edac08e29129c8c50c8,2026-09-29T13:30:22.024Z,9adfa170-773d-451a-81a7-6aba5b89ddd9
4653,,,,,8762169.86,8305311.85,37494.70,2026-05-17T00:00:00.000Z,,0.00,2d1493e8cbdae3bf3fea19fcbd438bf1b5ea89a5,2026-09-29T13:30:22.024Z,6f57028a-a200-48c5-afa4-a7ce4458c493
4654,,,,,19752562.07,,19390091.94,2026-09-14T00:00:00.000Z,,665331.02,5b259f566493b5ec3560f4a18326eb21b9bd8fe7,2026-09-29T13:30:22.024Z,af79fb65-228e-48a7-972d-4f6c41da3e58
4656,,,,,11501158.81,3052539.45,7812985.56,2026-06-29T00:00:00.000Z,,4436687.25,63579118d2755c5737f0384cc3818526b2aa2507,2026-09-29T13:30:22.024Z,a098f031-3ddb-42d7-8463-8157de8a2e07
4658,,,,,13873247.92,1434315.56,11438930.99,2026-09-25T00:00:00.000Z,,1098255.18,6ef5b79803754fa4056fc48dd7fbdce98ebd5c0a,2026-09-29T13:30:22.024Z,99d36996-aacc-4c50-bc95-8642b1064236
4659,,,,,21377468.10,5315334.39,15061661.17,2026-09-03T00:00:00.000Z,,2789516.61,b733c7bbf461680528bab210b34ae10f17e51f85,2026-09-29T13:30:22.024Z,ecc25a91-5eb4-47be-8598-8c093041a9d6
4660,,,,,73421216.65,3988523.59,60787070.68,2026-09-28T00:00:00.000Z,,7582805.69,0875a2a0b968e44f598568f8bfd475beb557dde6,2026-09-29T13:30:22.024Z,35b4d095-61e5-472c-b6f4-8eea91294d11
4661,,,,,1102035.56,947377.05,0.00,2026-09-24T00:00:00.000Z,,69039.77,55448e6d323602727127e112579486aca973b259,2026-09-29T13:30:22.024Z,9628041d-6ccb-45c4-9a06-52ac52516067
4662,,,,,16663161.81,52228.46,15509192.10,2026-09-14T00:00:00.000Z,,373450.07,7ef4bf75d5344b070c959a17bb18750ac451fd50,2026-09-29T13:30:22.024Z,2744220f-2d6a-4e52-ba3b-73320d794491
4664,,,,,1644634.91,133009.01,1378169.36,2026-05-17T00:00:00.000Z,,363984.54,1b3b28829ab7078c85e42b3c7adc4016329dd25f,2026-09-29T13:30:22.024Z,63623e5c-f913-4229-8d89-933ce07beec0
4666,,,,,7278311.20,854443.47,5605868.35,2026-09-11T00:00:00.000Z,,745231.91,d38aaa56a98324dcacfd3cb76a05a9f8acf6b5e5,2026-09-29T13:30:22.024Z,a107887c-0070-495c-907f-01e6d4fcda3c
4667,,,,,1695455.99,183010.34,1360038.45,2026-05-28T00:00:00.000Z,,74201.67,1f7b6de3c5776f523040ecf48820c38b20ff8aac,2026-09-29T13:30:22.024Z,55b3487e-39ec-40c1-a111-d2b222126af4
4669,,,,,1273951.56,273449.67,994829.97,2026-05-17T00:00:00.000Z,,13245.84,50166f66aeb44c26219095a1e0864413d3b2a429,2026-09-29T13:30:22.024Z,ab2ffe08-1071-4d92-8113-2d183c3310fc
4670,,,,,205733.56,10304.38,195429.18,2026-05-17T00:00:00.000Z,,0.00,11184a433b74d9750acd4789cd494e24f0836002,2026-09-29T13:30:22.024Z,9a4af589-3a0e-480e-b0b1-ca52c1087cd2
4674,,,,,11279745.37,2230236.90,7576071.82,2026-05-17T00:00:00.000Z,,809061.48,747e9e44e2862b5fc72cf3a68d799abd3e864101,2026-09-29T13:30:22.024Z,d3d2aff0-8cbd-40b3-bd9a-c6240bf683a8
4678,,,,,3082243.70,103058.03,2690635.79,2026-05-17T00:00:00.000Z,,610005.09,7c32055106b1a8e4a909298f8450bc36385bc334,2026-09-29T13:30:22.024Z,fc24a04f-1483-4a72-a128-9a48ef628fa3
4679,,,,,4290236.40,553369.52,3467160.78,2026-08-17T00:00:00.000Z,,1087794.93,b6ec04ef60a9bdbfedc6d743b6212aac5a3a30ec,2026-09-29T13:30:22.024Z,d05248a9-0865-4802-ba0b-e6f4d2b5ad38
4681,,,,,1047825.39,687565.05,360260.34,2026-08-20T00:00:00.000Z,,0.00,19f7043c23077a2ebd9b037a0891589f6bf299b9,2026-09-29T13:30:22.024Z,a8092fa2-c1f5-4764-bad4-2820149ebfc2
4682,,,,,17860052.72,1454404.37,15368597.82,2026-08-27T00:00:00.000Z,,2725695.56,c7858513421c08160330aea8512e2044acc8d00b,2026-09-29T13:30:22.024Z,ee3231e1-d12f-47e7-b8b9-a95740d73f9b
4686,,,,,1740753.86,151747.03,1506471.47,2026-05-17T00:00:00.000Z,,374835.47,a94cf0e70387e720c5430ed6655f7c40a8f1001d,2026-09-29T13:30:22.024Z,1e1ddde7-499a-430d-865f-bfe9ffdd48c0
4687,,,,,819070.62,773196.37,45874.25,2026-05-17T00:00:00.000Z,,8600.00,6e488b3b3e8908b732758e7c84b8777fed262ade,2026-09-29T13:30:22.024Z,3432734e-2dbf-45e5-a21e-19de02bff124
4688,,,,,303475.35,277568.91,,2026-05-17T00:00:00.000Z,,11240.75,1933753bdd191c8bd629d43e185020ace0b051af,2026-09-29T13:30:22.024Z,543ccc99-c084-4cfc-a526-bf229d0f3f4d
4689,,,,,2303950.83,577470.70,1501342.37,2026-05-17T00:00:00.000Z,,487931.95,905ff661921f37a4f198728025cf17ff3c12c470,2026-09-29T13:30:22.024Z,1e2d5b18-5495-4cd4-a05c-5230417f0e43
4690,,,,,264581.77,40953.94,201041.58,2026-05-17T00:00:00.000Z,,0.00,0cba25415d92ff4493b28391a1201db58b1fca8b,2026-09-29T13:30:22.024Z,a0df12e1-4b7d-4864-8673-f739fb1cbbf4
4691,,,,,7384618.63,734933.37,5687151.31,2026-05-17T00:00:00.000Z,,685305.93,8d83608dcb6599eefc12c4ab1136fcbea86bfabf,2026-09-29T13:30:22.024Z,adf41cda-8d8f-4eba-9de8-604d8f4c428d
4692,,,,,514383.96,2916.00,470799.86,2026-05-17T00:00:00.000Z,,8410.33,dbe8c93c715fd16247b19f7e73b2306d3ba0844b,2026-09-29T13:30:22.024Z,677e9578-b5ed-454a-ad0f-e25020b4f788
4693,,,,,6239744.50,843511.82,4879604.60,2026-09-28T00:00:00.000Z,,0.00,c4d1a39ad43154ddc5e67b6b990dd9abf2108ce7,2026-09-29T13:30:22.024Z,4297e792-1459-4286-af73-d9c72a68f1e6
4695,,,,,5041230.15,584657.46,3815464.81,2026-08-07T00:00:00.000Z,,520291.10,d8c2c0d5565d2784dbbdb65d45db0e58ab3da76b,2026-09-29T13:30:22.024Z,ac558d63-5e4d-41e7-bf1a-693cf1a8d488
4696,,,,,4962326.18,689955.11,3755257.27,2026-07-15T00:00:00.000Z,,773484.54,b0493e55b7ae7fe1d389cd50324383a345d758b3,2026-09-29T13:30:22.024Z,9075bc2a-20e0-4b0e-b1c0-4e2e01797022
4700,,,,,9879121.53,4401554.10,4929387.39,2026-08-03T00:00:00.000Z,,0.00,e2d9424374d12253af2ef9b14492ee986ed67686,2026-09-29T13:30:22.024Z,9b2d82f5-664f-4ef1-9bd4-ef87e5224f05
4702,,,,,31229353.32,7006754.80,20960634.59,2026-08-03T00:00:00.000Z,,1525036.83,23ec6be829b4fe7171f85632ff0b009fec660da2,2026-09-29T13:30:22.024Z,0d822dab-f6c4-42e6-a399-f98ec4682fb7
4708,,,,,10816787.11,3017481.70,6978277.06,2026-05-17T00:00:00.000Z,,548282.36,9100948cbfe8e2fad5831c4ba946407588f0d572,2026-09-29T13:30:22.024Z,4259bfed-ced9-46ce-b7d9-235c6d0da00a
4710,,,,,12124870.40,1900495.72,9421033.84,2026-08-18T00:00:00.000Z,,72506.00,9883a34f7b90e4f393e10c9c83a19d6f89d64679,2026-09-29T13:30:22.024Z,d01b225b-7fdd-45bc-9dd2-565ce8c2550a
4711,,,,,21760204.22,476193.47,19114577.04,2026-09-23T00:00:00.000Z,,252701.42,a45e14498b749a03d07c312706bc87304d9604b7,2026-09-29T13:30:22.024Z,b47a4c57-3766-4374-9717-7a9db9384de8
4712,,,,,29059096.10,2806916.93,25176901.23,2026-08-03T00:00:00.000Z,,326109.38,5de5bf64232459ec1c170f93313e8c6371b1324d,2026-09-29T13:30:22.024Z,9fbeab6b-e259-4a55-a707-17be19cfe3a1
4713,,,,,233155.45,21330.68,191921.26,2026-05-17T00:00:00.000Z,,0.00,f6990250e3029f6ae9c29fbcd27d1dea9b1f7b53,2026-09-29T13:30:22.024Z,24170312-4194-4451-8a11-605c6f782b87
5540,,,,,,,,,,179931.99,b0515d451dcec654adc0b5f5256a1505634197f8,2026-06-04T19:02:28.489Z,007fb2f1-c11e-4440-859f-0aaf405dadd4
4714,,,,,476684.72,39447.68,396544.45,2026-05-17T00:00:00.000Z,,0.00,07d7400b1acbc979672104a240471fade11f787e,2026-09-29T13:30:22.024Z,dcd5d348-cce8-4dee-80ef-33566f2114e6
4716,,,,,1219615.99,539384.39,467265.41,2026-09-26T00:00:00.000Z,,84996.34,8b0ce6511f39f2fa976b9c5683dfa4499bcf9f61,2026-09-29T13:30:22.024Z,3b201e04-1eda-4ef6-b7ea-973b272ff166
4717,,,,,6541703.41,507655.60,5420532.58,2026-05-17T00:00:00.000Z,,1009435.46,5edab3f51b939a23e21f0379753fc14f74b4d213,2026-09-29T13:30:22.024Z,4161df64-fc80-440b-93d7-c375a94eecf4
4718,,,,,5807637.11,162575.38,5234357.98,2026-07-01T00:00:00.000Z,,879044.32,0aa60684760b5d93d02c755ea8e52fa55b6d670f,2026-09-29T13:30:22.024Z,3898bb63-5cdf-465f-b321-6002741ae483
4719,,,,,14898215.44,184610.00,13725040.39,2026-08-27T00:00:00.000Z,,1110082.23,d634a579af73b7c309df478d5e5650e97d940c86,2026-09-29T13:30:22.024Z,16f02265-b24d-40d5-b81d-ff800d2539ec
4721,,,,,41221002.52,8657266.20,29278193.38,2026-09-28T00:00:00.000Z,,2575469.78,505c4433ae81c641897327e4bcf44952415a5d66,2026-09-29T13:30:22.024Z,e69a63d8-ad61-4a41-9f1f-f5ea2e0410e9
4722,,,,,10772296.16,961134.72,8844191.51,2026-06-10T00:00:00.000Z,,1343280.97,e319df0308ab26da34f6381fd2b13f65f7fbf1e4,2026-09-29T13:30:22.024Z,60a2ed53-e0c0-4377-9c42-a46a7be25375
4723,,,,,68939751.27,4058960.77,57312537.41,2026-09-25T00:00:00.000Z,,10673789.25,1e03ba46186261bd72b4e29c4dbf6aec1e62eab2,2026-09-29T13:30:22.024Z,33f0c95a-c83f-42b4-b05f-5f8292e384a2
4725,,,,,17898286.42,1689976.22,14089833.73,2026-09-25T00:00:00.000Z,,1831879.91,db5e8917b8b27952110680d97f249652e9e7cc2e,2026-09-29T13:30:22.024Z,97e0e1c2-0473-4d9b-99b1-8dc619200ea0
4726,,,,,1253511.75,18534.27,1043679.11,2026-05-17T00:00:00.000Z,,0.00,91033db3ec2541ede13dd6c2ba4e0f6a02fbfd8f,2026-09-29T13:30:22.024Z,3539a8be-dbe5-4a0c-a0d5-a5551af1c6e8
4729,,,,,20898992.88,6905259.34,13025180.64,2026-07-29T00:00:00.000Z,,757033.98,87b8be6c4200357c8a5308523030c1534dd7a4ca,2026-09-29T13:30:22.024Z,e7b54d4a-4384-42a9-99c9-a22c2c955c66
4731,,,,,23241431.91,2669455.54,19412528.97,2026-09-14T00:00:00.000Z,,1620553.67,2890ce847b257d5944d6628d01c0c1b2310f5eca,2026-09-29T13:30:22.024Z,e820e8c9-9ca5-43d3-856a-d981ca110e28
4732,,,,,8210572.35,3334019.01,4434904.27,2026-05-17T00:00:00.000Z,,1115549.69,3cb1471e5dbca8edd087a6398d3cc9b6782e0a29,2026-09-29T13:30:22.024Z,8b72cce0-612d-49ac-a40c-95bd44214183
4733,,,,,2175995.67,1118501.59,924503.53,2026-05-17T00:00:00.000Z,,0.00,ad9d990304490701e582e02e50b9ef2d2f0cd14b,2026-09-29T13:30:22.024Z,fd341bc9-f065-4df5-95ae-34ff51916da7
4735,,,,,14606351.99,1842873.41,11857679.89,2026-05-17T00:00:00.000Z,,73456.00,5fe23d19222c960083aabad20569c48094f1c6b5,2026-09-29T13:30:22.024Z,e4fe7dda-3176-4eb2-8daa-4718ae8a4068
4736,,,,,3786643.42,139931.71,3248162.74,2026-05-17T00:00:00.000Z,,491195.09,2aeff1a8c936bea4eb27d8938e14d4a315308c22,2026-09-29T13:30:22.024Z,64ae9126-6573-44ab-8026-411714f7f27b
4737,,,,,1007524.08,91421.74,728943.12,2026-05-17T00:00:00.000Z,,119439.31,2cae0f649e69aebd03135416e86e9b461a11068a,2026-09-29T13:30:22.024Z,77d74ebb-97f7-459c-99cc-1ad5542454fa
4739,,,,,899510.20,97910.18,684762.16,2026-06-01T00:00:00.000Z,,0.00,bfb402314670d5f7cda164a50f7ec4f426727cf4,2026-09-29T13:30:22.024Z,90d025c2-e6d3-4f9e-9221-a179218c4025
4740,,,,,16420516.18,1282207.50,13833543.47,2026-06-12T00:00:00.000Z,,1838599.72,3622e2733bea74f392b2e0237923c9b19dde455a,2026-09-29T13:30:22.024Z,493583aa-51d0-4920-a451-c262fc3ad859
4741,,,,,16023274.33,1390452.54,13392352.45,2026-09-15T00:00:00.000Z,,4902176.57,54fd4ecd69480050c39ea2eb73842971f2ffc1dd,2026-09-29T13:30:22.024Z,9f428b2f-199f-4a94-95a3-58ec188ff2e0
4742,,,,,10089089.39,2489825.37,6674149.80,2026-05-17T00:00:00.000Z,,0.00,1f6a9e228ff891f3a36136d5a54ea085a57b8895,2026-09-29T13:30:22.024Z,418513c5-e41a-4c31-86a7-909e37fb5f3e
4743,,,,,1293663.48,47305.09,1136860.74,2026-05-17T00:00:00.000Z,,0.00,065f724c56da88efbac627449b6828eb7074ece8,2026-09-29T13:30:22.024Z,d47de893-4490-44d9-a7df-56c1ac531d25
4744,,,,,3674240.04,213347.05,3135610.52,2026-08-27T00:00:00.000Z,,506842.84,c5a7b18ec5e9b524b168f4eae4352ddd1dbe5ac0,2026-09-29T13:30:22.024Z,19632753-a435-41a8-81f6-2ea8fa8babda
4745,,,,,2855159.22,139534.41,2438420.37,2026-09-01T00:00:00.000Z,,0.00,bdd62ca191ec3bb62343780ebd60becea85697c2,2026-09-29T13:30:22.024Z,a225518a-2b4a-4046-9480-446f17e7509b
4746,,,,,543053.87,237371.78,259323.83,2026-05-17T00:00:00.000Z,,0.00,c0f33d4fe811b4ec7793a286c9b7ce0e6526a4a1,2026-09-29T13:30:22.024Z,11434085-7280-49e6-9e96-a2f267eaa17c
4747,,,,,11978028.18,3031623.86,8139893.07,2026-09-25T00:00:00.000Z,,487505.60,6246a38b317ffae727221f3521d2509eb1f23591,2026-09-29T13:30:22.024Z,fda3d737-e983-42b4-ad65-de14cbe38d62
4748,,,,,4228835.57,1134975.92,2573896.68,2026-05-17T00:00:00.000Z,,0.00,230f3648ad092a688c6582a35cfa0e0cc4708f3d,2026-09-29T13:30:22.024Z,8cd9a829-3c16-4bfe-998e-05963c23c1bc
4750,,,,,33108361.61,9578935.26,18180950.13,2026-05-17T00:00:00.000Z,,1398548.06,64c6bdc0928caa6f79603f9115591f10435a859b,2026-09-29T13:30:22.024Z,cc4c7a01-d625-4ce9-bb55-9dd7231cbaec
4752,,,,,14502796.30,8340583.26,4323579.39,2026-08-24T00:00:00.000Z,,564297.87,07ef8f3a7074366351d1205117d55b9fd0b47979,2026-09-29T13:30:22.024Z,23125cfe-6905-4ca2-bdfd-c227c9df1d6e
4760,,,,,11739996.12,322694.21,9818216.42,2026-06-09T00:00:00.000Z,,2292826.36,5b7cbb360cdb72d963846a8d534e943ec842b4da,2026-09-29T13:30:22.024Z,20380ade-02f9-4af7-aec3-f0f919c7fe41
4761,,,,,4119578.65,304413.00,3386655.74,2026-09-03T00:00:00.000Z,,486352.44,02d965ff29f7f9e16fe3328149bc0c9c0e612cfa,2026-09-29T13:30:22.024Z,61b971ec-bdf2-403d-a97b-ff68d3efcbf8
4762,,,,,6504003.72,83421.83,5747667.95,2026-08-14T00:00:00.000Z,,988442.50,f1220b12b200d172530ae00242b715f85a30e526,2026-09-29T13:30:22.024Z,b48e998a-bb88-46a8-88ea-b10d3894e3d4
4767,,,,,2291318.53,1303025.19,841034.50,2026-09-24T00:00:00.000Z,,66191.83,8ed83ad3364f41d396cee6eb2f23bf6236c1fc76,2026-09-29T13:30:22.024Z,6a900a02-d198-4f3c-9ce0-50fe5e6d7a73
4769,,,,,34200967.13,17368890.25,11318339.03,2026-05-17T00:00:00.000Z,,11232638.27,fb51b05b000f99f7dea1ca98a6070a8c11efd936,2026-09-29T13:30:22.024Z,50b44b7a-d83f-412c-8808-58ca3f6c92b6
4770,,,,,4466206.14,314483.02,4065538.97,2026-05-17T00:00:00.000Z,,367275.17,6d719f20cc2b2702188ce24ecd603d4702873206,2026-09-29T13:30:22.024Z,d48c578e-4195-4029-a612-0a7daf81710b
4771,,,,,3708017.58,456463.88,2979543.70,2026-09-03T00:00:00.000Z,,156569.05,119487d7237a6891e5ce1e86741d3d9d049cc451,2026-09-29T13:30:22.024Z,9c8ffb32-33f4-4515-af45-72958fe10500
4772,,,,,1734151.75,594547.10,1139604.65,2026-05-17T00:00:00.000Z,,0.00,9cf28b33fc58784df16b4714c3baadd455c2740a,2026-09-29T13:30:22.024Z,7f79f3d4-08d5-4569-8d93-49362b2d559f
4773,,,,,204081.90,8659.58,178000.70,2026-05-17T00:00:00.000Z,,0.00,0e87c87e103969f9ecc5b16706cef46536b6610a,2026-09-29T13:30:22.024Z,6d1fcfe8-96e0-469e-8c4b-91e2b0feb2dc
4774,,,,,13269749.44,5220.99,12224395.85,2026-08-27T00:00:00.000Z,,46051.22,5c6cdf84d6521804bbcf5adab0e4361d9d12bb59,2026-09-29T13:30:22.024Z,091e72bb-a622-479f-8322-4c90e2ea85d9
4775,,,,,12777508.63,1927237.00,9709125.33,2026-09-02T00:00:00.000Z,,1847137.17,532cae6e4dadd6dd1fd844d25af2e12c8993890a,2026-09-29T13:30:22.024Z,3c8f6d98-8a97-4f6c-bbfe-ca1e7bf7dadd
4785,,,,,4946163.09,3360199.84,1371179.26,2026-05-17T00:00:00.000Z,,424177.45,aaa2d6107bfd69ca56493136f37624dcd01c2424,2026-09-29T13:30:22.024Z,f1d68f1c-e659-49e3-a43c-9b80751891c7
4789,,,,,6122960.27,337481.18,5200494.02,2026-08-27T00:00:00.000Z,,99450.01,d92d45094e3c41023f77e4b35365658959337eec,2026-09-29T13:30:22.024Z,65fdfb2e-b650-46e5-a688-bda1e01b3637
4793,,,,,659588.97,309427.92,320169.13,2026-05-17T00:00:00.000Z,,0.00,bb47590b916ff7a8f2bd608fa8d62f45fc075922,2026-09-29T13:30:22.024Z,0bbe5a49-78d4-4ec4-88c9-0c08c20f7092
4799,,,,,1178700.17,874656.50,110110.80,2026-08-07T00:00:00.000Z,,502335.56,f8a04386eca6c51b85488ced11aa84454100a00d,2026-09-29T13:30:22.024Z,156257b7-7083-429b-a4ff-a3583fb94c17
4800,,,,,7653812.04,415807.16,6612418.40,2026-09-10T00:00:00.000Z,,163266.45,f0fbbace8df4f92978732bccfbf29c82424a5115,2026-09-29T13:30:22.024Z,a4c478be-a193-4547-b0c8-512cc740f959
4801,,,,,3360559.19,50893.33,2972164.44,2026-05-17T00:00:00.000Z,,0.00,ddf51b4ba1ea81b61d32df05c09d746ea1c23281,2026-09-29T13:30:22.024Z,b01b13a5-803e-4777-bc3a-0027fc8a6776
4802,,,,,195750.00,,195750.00,2026-05-17T00:00:00.000Z,,0.00,49f5e2b854b6b132e2a3298c86a148b17c7e9ac5,2026-09-29T13:30:22.024Z,c83dae6a-657f-4983-82b0-987416b97897
4805,,,,,79526726.65,1160133.79,71219179.57,2026-05-17T00:00:00.000Z,,1202748.50,3be97a79ebb8b8f1e483711287e0e96b4591dd04,2026-09-29T13:30:22.024Z,37fe7480-e287-4258-822a-7c0808a17e1a
4808,,,,,11732961.53,1189037.40,9657253.52,2026-09-25T00:00:00.000Z,,271140.00,1ca148fc77bb253be807965402071a40c0820866,2026-09-29T13:30:22.024Z,3da0b617-b545-4275-b3a8-b8c8361e48f8
4809,,,,,3283172.84,52264.78,3230908.06,2026-05-17T00:00:00.000Z,,0.00,ed5a07cc9b7edda0accf97a6fd63199812376a57,2026-09-29T13:30:22.024Z,f82494be-f2c7-49c7-9072-086aa580c407
4811,,,,,10653473.98,928433.51,8876787.99,2026-09-25T00:00:00.000Z,,41508.00,05b4abba6cdb1e0d005706ca728652e872a6457f,2026-09-29T13:30:22.024Z,ebd7d4e8-b673-4900-b412-b365cbab40c0
4812,,,,,7015973.29,45472.74,6259842.14,2026-09-11T00:00:00.000Z,,164867.34,15fdaad2eb07024d1e472250a34431c87e8ad7db,2026-09-29T13:30:22.024Z,91718a02-0f29-4504-87db-4be7a2f948f9
4813,,,,,5104899.93,2973943.74,1533328.97,2026-09-25T00:00:00.000Z,,0.00,9844fbbb6204e062f9e98bdda17d2f60cdf4f973,2026-09-29T13:30:22.024Z,5661a2b2-13d1-42ae-983d-bab10d2d158a
4814,,,,,23291737.01,3198690.60,17231044.66,2026-09-14T00:00:00.000Z,,485000.00,6715d423b2fc1f8dc332bd2863e6ced1e67aff7f,2026-09-29T13:30:22.024Z,90f90008-6461-424a-9b0f-8b8b940ee479
4816,,,,,1622866.25,45576.57,1492555.86,2026-05-17T00:00:00.000Z,,213334.49,54974672bcf82eef3f942c6ea0791b69c384929e,2026-09-29T13:30:22.024Z,6cde39c2-845d-4618-bedf-7a07db572772
4822,,,,,13323475.32,3032808.21,9530389.83,2026-09-25T00:00:00.000Z,,93251.06,258525da6b1a171bf48751463397477fc9b9060a,2026-09-29T13:30:22.024Z,7eaeaa02-cae9-4d35-829c-dfd257e315c9
4835,,,,,15114778.42,8497619.77,5486185.79,2026-09-25T00:00:00.000Z,,118625.71,91bd6b6f969b63db70a56621c85fac9a7904ec80,2026-09-29T13:30:22.024Z,c2d08e7c-367f-4abf-9e9a-abe7474706dc
4837,,,,,43928585.97,5737708.41,34400749.14,2026-08-14T00:00:00.000Z,,4528614.06,0a01cd3fa4c89693f72d430a436ccf38f386403c,2026-09-29T13:30:22.024Z,615c8944-bbf4-4921-88b1-2355ae46c435
4838,,,,,39294599.98,8996415.27,27844708.14,2026-09-15T00:00:00.000Z,,477760.96,cfa8dacbf5281480d48bbf43671bc28952200dfb,2026-09-29T13:30:22.024Z,c339864e-af13-43bb-8d52-6d132a7a96b5
4839,,,,,14241496.26,3471059.49,8010826.80,2026-09-25T00:00:00.000Z,,400000.00,80d2aece512d00a432e1c058fcdcfbda8d052d55,2026-09-29T13:30:22.024Z,ab38f660-719c-4b64-9827-ffb5af24f818
4841,,,,,3344685.78,3191576.14,,2026-05-17T00:00:00.000Z,,0.00,aa671ab0ff5a1ec1dad070669ff4d728f39597fb,2026-09-29T13:30:22.024Z,34b6a6ec-56ec-4a50-a771-4664c3572f9a
4845,,,,,9313648.91,7500000.00,1159999.52,2026-07-08T00:00:00.000Z,,0.00,e6f5794f37098704899fd51700e4f9f23bd8acf2,2026-09-29T13:30:22.024Z,78b9e684-0e50-4a2e-b429-9d59ae9bd5a4
4846,,,,,1767617.35,34112.25,1636477.47,2026-09-25T00:00:00.000Z,,0.00,772a47db0da0fab0b88a9f75dfca689f17c1fad2,2026-09-29T13:30:22.024Z,13e1e188-4cdf-409b-bd64-20c46c3b86fa
4848,,,,,10265857.19,1116201.04,8156541.62,2026-08-10T00:00:00.000Z,,79049.85,81b1b177d57b6dd51ab5f0545c16a91f4e92878b,2026-09-29T13:30:22.024Z,b76051a7-a466-4d74-a448-97e944eedc7e
4849,,,,,897000.51,153688.21,743312.30,2026-06-06T00:00:00.000Z,,0.00,e9212759e0fb20383017fa08c5cf4c6478ee3210,2026-09-29T13:30:22.024Z,81a60d25-92ea-411d-8d7e-579dd7a889d7
4850,,,,,86213338.05,17680167.70,63810654.91,2026-09-25T00:00:00.000Z,,493500.00,26c149b82079ac6220b8e948c0cd5556b3535ec8,2026-09-29T13:30:22.024Z,ab014014-d9ee-4633-8ac7-b16a6cce77fc
4852,,,,,4566885.74,589887.46,3513030.27,2026-05-17T00:00:00.000Z,,482656.30,896a08b9b99acfe4e1c410f1498b549b9aa6b795,2026-09-29T13:30:22.024Z,25961d2b-99b7-4453-9be7-2415005dd138
4853,,,,,430684.98,,430684.98,2026-06-29T00:00:00.000Z,,0.00,4f7538563931277183c2d7c443f4d19b35b7b852,2026-09-29T13:30:22.024Z,b96816b2-0fd1-4b26-b126-d224317e0449
4854,,,,,54252696.28,46169735.20,6452031.55,2026-09-25T00:00:00.000Z,,1843975.03,c7e21f511d3ed10e66cbfae3434e1c4e263177d9,2026-09-29T13:30:22.024Z,3ae72075-2dc2-4e40-85b6-9307c86c8029
4855,,,,,21688921.70,902295.36,19434908.80,2026-09-25T00:00:00.000Z,,1225439.99,252ab4a697bd6f53c7797b59c3b864ab01f1371a,2026-09-29T13:30:22.024Z,8bc21b3b-08e4-439d-8b56-e92c98174684
4857,,,,,995470.92,0.00,995470.92,2026-05-17T00:00:00.000Z,,0.00,b70a791133191a37680054058d5b7382c5173eb5,2026-09-29T13:30:22.024Z,2fc490cd-b7e9-44a5-ad6d-02f6c2389337
4858,,,,,12091078.13,221515.40,11053164.73,2026-09-25T00:00:00.000Z,,275082.22,61924b730bc4dfaeb07166b1dac7da15ca772c04,2026-09-29T13:30:22.024Z,db9333b3-6d45-460d-9d7b-8eaf7a57dcd2
4859,,,,,2191747.46,167284.38,1927435.45,2026-09-03T00:00:00.000Z,,0.00,f17e70ed8ae465016865c861af94bd77a72c2802,2026-09-29T13:30:22.024Z,e2fc927a-d7ad-4c01-aa61-dc9c3879c0d0
4862,,,,,4976005.36,1714088.45,2564219.35,2026-07-11T00:00:00.000Z,,0.00,817bc6450cdc704c047261eef74168147de14be7,2026-09-29T13:30:22.024Z,4ede7de1-cd93-486f-b79c-ad3d2bbc0970
4863,,,,,41054314.91,11319082.71,27798933.97,2026-09-25T00:00:00.000Z,,,8a4b268d970fb881b2309dc02b0e8816219e7ad3,2026-09-29T13:30:22.024Z,a1c9397b-83b2-4d53-92a0-3ff14e8c0908
4868,,,,,58443882.14,1215690.69,53716166.27,2026-09-25T00:00:00.000Z,,,fdfac75b8b952b5b40f84aba1d6a9a70e2ec0114,2026-09-29T13:30:22.024Z,37fd4986-69b8-45c6-842f-c1e260086d60
4869,,,,,2328589.41,60557.27,1875015.13,2026-09-17T00:00:00.000Z,,,462df1a8618e9490dd200fe5686eb1d553a12e94,2026-09-29T13:30:22.024Z,b2884a29-dce4-4523-9a00-c35ea898eaa4
4870,,,,,4952586.38,136034.52,4240276.63,2026-09-28T00:00:00.000Z,,,999d66b58a5ccfeba787d82f177ca8ecd7eb6caa,2026-09-29T13:30:22.024Z,e8d62f25-6202-435d-92cc-6e925969a8c2
4876,,,,,16642851.20,2202264.02,13277987.14,2026-09-18T00:00:00.000Z,,,41d018fbd84d4c39ef879630bc443a494d5ab21b,2026-09-29T13:30:22.024Z,bdd299e6-e66a-481b-8f23-384cd7c1611e
4880,,,,,85394654.93,81405060.93,1044089.58,2026-09-28T00:00:00.000Z,,,40f3bd64dbae7f34305f374849b865d72a02ea43,2026-09-29T13:30:22.024Z,8d254662-0372-45a7-b39c-a42981fc5cde
4881,,,,,4008302.08,721814.37,2634352.90,2026-09-25T00:00:00.000Z,,,8ffb896851298fc1e6c6a953ed38b1abe4be0e23,2026-09-29T13:30:22.024Z,f7e0e835-048f-4e1d-846b-1d0c85fb0b51
4882,,,,,9339869.54,3451285.21,4834172.72,2026-09-23T00:00:00.000Z,,,2fbcd4f4b3c0fbb648c811f2b58c0f5ce4a8e83c,2026-09-29T13:30:22.024Z,1a3ce3e3-d54f-49dc-b522-3aa49b6d54ed
4883,,,,,2130345.19,141410.75,1595286.72,2026-08-27T00:00:00.000Z,,,5ac1e0554ad5d25f93675368f4689c3e5ed01967,2026-09-29T13:30:22.024Z,c3dbd6f7-1b4b-403b-b588-5ae19e302fa6
4885,,,,,12779569.05,228848.22,11290437.97,2026-09-25T00:00:00.000Z,,,b2556c9c2b2c1499e5c9807766d6c539c080fd33,2026-09-29T13:30:22.024Z,6ab0674f-b8a2-4dfc-99a7-3ebe5fc18d82
4887,,,,,260891.23,,257703.25,2026-07-29T00:00:00.000Z,,,de6e3fdb2d10dc594bdedf00185b4f7abe61f773,2026-09-29T13:30:22.024Z,52139cec-2968-42b2-803b-87c768b6d93a
4888,,,,,8498048.09,1720992.89,6586841.93,2026-09-11T00:00:00.000Z,,,e7b64c9b5500ddbe384c97c774c7d090eaa52dcb,2026-09-29T13:30:22.024Z,0f4b1ddd-0fd8-4a97-b1b6-605c0995f415
4889,,,,,49830692.11,2310405.23,45497677.28,2026-09-25T00:00:00.000Z,,,13c1579764da8f675fe9d0dd0f51b1d1364cfa34,2026-09-29T13:30:22.024Z,f0660a4e-6922-4b9b-a666-71a544a35949
4891,,,,,1832332.05,207065.20,1228071.02,2026-09-03T00:00:00.000Z,,,6984fc5010537396ce66d4457b65a91a67e9bebd,2026-09-29T13:30:22.024Z,d27c30e7-cf85-4487-9a9c-10e5de659c80
4895,,,,,562947.89,293062.42,251234.79,2026-09-21T00:00:00.000Z,,,e5b5a720f30ee5cdb140f9a510ab195c07fa9f80,2026-09-29T13:30:22.024Z,ff4a4f25-69d7-4abe-8461-ad163d2e9da9
4896,,,,,21781041.91,2635454.52,18546853.73,2026-09-28T00:00:00.000Z,,,c5ecb86490690e3caf7a2923500e748ab396987b,2026-09-29T13:30:22.024Z,2d308b3a-93ed-4471-8dc5-fe1b23b3d11e
4897,,,,,827280.95,,426778.19,2026-09-24T00:00:00.000Z,,,9a98ea9b5aa305f6e371af2ca16cd676a0f00202,2026-09-29T13:30:22.024Z,68e82973-ca30-4ef7-b1a1-04d0bde7eb72
4902,,,,,1582572.84,192416.50,1210402.23,2026-09-25T00:00:00.000Z,,,7fa524e9d28f442dad63eb6da6ecb35bdd790d3b,2026-09-29T13:30:22.024Z,a7ed95be-2172-4cdf-ad11-60fc34a0ef36
4903,,,,,1757762.79,548959.15,1080894.69,2026-09-25T00:00:00.000Z,,,ad6bd5a7d6105a81998593e0748068b0b51c09e8,2026-09-29T13:30:22.024Z,98914e2d-3764-4e8c-a7be-663db4f9300a
4904,,,,,28600.85,8550.87,18262.43,2026-09-02T00:00:00.000Z,,,0b07e23fdcf924a09551770ae7449bb158ccab33,2026-09-29T13:30:22.024Z,94897165-06f1-4eb3-a9c1-d3f351a72125
4908,,,,,1918945.68,1168490.67,52219.74,2026-09-25T00:00:00.000Z,,,4e602e257a9033899b450c79a288a4d5756e819b,2026-09-29T13:30:22.024Z,a0692f49-8442-46ae-84b2-eb893c2b074d
4917,,,,,249750.60,,,2026-08-27T00:00:00.000Z,,,354ce1879984af9282e49a3f6cc6950a749a9155,2026-09-29T13:30:22.024Z,4198353e-0529-489b-a81f-829544e7f982
4920,,,,,191036.61,,188346.09,2026-09-24T00:00:00.000Z,,,77a71ac437b1404599ffe51c137eaa4cd5f276b5,2026-09-29T13:30:22.024Z,e40f2844-583b-4728-a0ff-77d7c5ca1fa7
4921,,,,,619849.12,,7950.00,2026-09-28T00:00:00.000Z,,,448acb92c862ff5a889dd9131c1cd2bb2ec912b5,2026-09-29T13:30:22.024Z,6d481306-c75c-4fc8-8bb2-aa8ee3241404
4944,,,,,784070.37,,,2026-09-28T00:00:00.000Z,,,6bed84f8792b54d499fc4118ae27f35044dc7afc,2026-09-29T13:30:22.024Z,8bb02110-822d-4db8-a090-1208e349cee6
5000,,,,,490873.82,140970.26,,2026-05-17T00:00:00.000Z,,,cf3fb04d121486e928770eefe9c61f954292e646,2026-09-29T13:30:22.024Z,4871188e-ed4f-4c39-858a-6625503c6b00
5001,,,,,131798.94,69974.07,,2026-05-17T00:00:00.000Z,,,f7da43ad6a5ab1c9569960c558532a2f875d0fb3,2026-09-29T13:30:22.024Z,283aa5f9-99c3-45b4-be66-c82113e3cc9d
5002,,,,,128885.39,60934.77,,2026-05-17T00:00:00.000Z,,,5514219eb494867213232f48beb4fda833ee915c,2026-09-29T13:30:22.024Z,91a82f83-89c8-4bb1-9aee-8a5859a0e89f
5003,,,,,177279.62,70716.20,,2026-05-17T00:00:00.000Z,,,3bc5bd8945c5e056f7ce5161c81e096b8cfad2fc,2026-09-29T13:30:22.024Z,b7986650-bd35-4b8e-a236-11630eb482e6
5004,,,,,5285123.42,41966.23,,2026-05-17T00:00:00.000Z,,,e2102a45c1a30dbc71c613881dce9611c6467d50,2026-09-29T13:30:22.024Z,264618a4-015b-4be8-b608-1d1203497c1e
5005,,,,,6669639.04,63053.01,,2026-05-17T00:00:00.000Z,,,c642807a1a68e15a69597578face10f386adb6ce,2026-09-29T13:30:22.024Z,20a1ffc2-52ab-43bd-be74-43b9ecaf1dfc
5006,,,,,422788.56,2458.64,,2026-05-17T00:00:00.000Z,,,3d99e9cfe49c3a5b48a032229ce820e39a3185a7,2026-09-29T13:30:22.024Z,957eaa84-1c40-4bcf-9899-02505d815c22
5007,,,,,18887542.09,198194.59,,2026-05-17T00:00:00.000Z,,,f3e6bfe3ce5cbc3b230908e5e78296dfd050aabf,2026-09-29T13:30:22.024Z,f1d23be4-d795-4d0c-beb8-95e0c6bd87f6
5008,,,,,1690213.97,11322.89,,2026-05-17T00:00:00.000Z,,,cf88be2f100a3017777d59d454676dd321256401,2026-09-29T13:30:22.024Z,b11a6a73-a78d-4c93-8b69-5deea3fb936f
5009,,,,,5281075.21,,,2026-05-17T00:00:00.000Z,,,951fbca1787265ba8534c566d449086997608c77,2026-09-29T13:30:22.024Z,143b0541-e8a3-4626-9fc9-e96a0c63efae
5010,,,,,6664.22,6664.22,,2026-05-17T00:00:00.000Z,,,0aa7ffc700c5132c25e984e22bd5117a853dbdf4,2026-09-29T13:30:22.024Z,ede925f7-b10c-4a25-9eec-8ea670152b05
5011,,,,,1803712.29,16745.89,,2026-05-17T00:00:00.000Z,,,dab956d85958c85630ac15a3041efcd446bb488c,2026-09-29T13:30:22.024Z,a1030ebb-8c8a-4691-bf47-d6f2b83258d7
5012,,,,,528668.37,70321.42,,2026-05-17T00:00:00.000Z,,,648b3ae496200c9edd643c6c33d69d136f80c4f1,2026-09-29T13:30:22.024Z,3366fbc3-8753-4fb1-87c3-7e18fd2206d1
5013,,,,,775643.48,12392.55,,2026-05-17T00:00:00.000Z,,,473dc18790b450cf8cbd54eebbaec02e9e98627e,2026-09-29T13:30:22.024Z,c79b5267-bdda-462c-80eb-fef899938ac5
5014,,,,,1820322.36,,,2026-05-17T00:00:00.000Z,,,6c470c13248809f17391360ce4644fe0950394e0,2026-09-29T13:30:22.024Z,e8878e82-dd88-4a11-9758-5cc0f95cfbeb
5015,,,,,219570.61,31829.63,,2026-05-17T00:00:00.000Z,,,50bf030efa94432f34881e71fad5c7426aab93db,2026-09-29T13:30:22.024Z,a58cdc37-ec48-4048-9df1-0623be3aeded
5016,,,,,3135.26,3135.26,,2026-05-17T00:00:00.000Z,,,a2bb1fafb1c13e1eaf4ea3092d3ce279b1cd6bf3,2026-09-29T13:30:22.024Z,8a5525eb-9d3f-4cf7-b95e-c5d55f27003f
5017,,,,,684418.07,13849.74,,2026-05-17T00:00:00.000Z,,,c609f7acdb4548fa35451fd3d312de6e37cfede5,2026-09-29T13:30:22.024Z,0188242a-b991-4fa4-b444-b40bb627798c
5018,,,,,285252.85,35501.83,,2026-05-17T00:00:00.000Z,,,a02a42a33a92081e19080ec118da988fd82f78ac,2026-09-29T13:30:22.024Z,e6ff60f6-1e28-4a9d-8c7d-71bbbd7b2851
5019,,,,,1158109.53,9390.03,,2026-05-17T00:00:00.000Z,,,1ba279838ba181cd86c6cfb8278710630937470b,2026-09-29T13:30:22.024Z,f15b4a84-c98f-4683-a57a-27616dcb2e8f
5020,,,,,3030510.33,24222.71,,2026-05-17T00:00:00.000Z,,,0518577408c05e6138fc4e3778c2b9d1cc19fb3b,2026-09-29T13:30:22.024Z,7cea0a90-7202-41f5-83aa-034e6163c906
5021,,,,,2950234.62,53248.22,,2026-05-17T00:00:00.000Z,,,e5aba2ff85348bce9b8dcd474072c55501f2d283,2026-09-29T13:30:22.024Z,c8983156-e52a-4c4a-ab82-5106e11a0633
5022,,,,,637374.01,,,2026-05-17T00:00:00.000Z,,,5c313af784018ae729b8d2b5276802c3b8aa8c2a,2026-09-29T13:30:22.024Z,ab1c2c79-909f-49e4-a9ac-ad6925c4eba7
5023,,,,,2220729.36,9611.50,,2026-05-17T00:00:00.000Z,,,f44215520aba094c9ed3f3f8a07cce1868c16315,2026-09-29T13:30:22.024Z,3d4dcb82-3b7f-4d51-8141-15d605339bd3
5024,,,,,8331302.41,271414.35,,2026-05-17T00:00:00.000Z,,,1df23cea9b1b0bf3b7f4a479698a43664e6f41e5,2026-09-29T13:30:22.024Z,d60873e8-00d3-4dad-81ae-a01a307717c7
5025,,,,,2021869.93,639663.63,,2026-05-17T00:00:00.000Z,,,68e506858f431c2196e604770a55f31e0d0ffc53,2026-09-29T13:30:22.024Z,63c9d5e0-65b1-4272-b447-a4da9824a6bb
5026,,,,,2515374.98,14137.59,,2026-05-17T00:00:00.000Z,,,335e13ba83d94eb99425d20783f1ccb895a40b84,2026-09-29T13:30:22.024Z,3f7fb116-c135-4fd0-8a67-989a8f582d7c
5027,,,,,6120974.50,6593.27,,2026-05-17T00:00:00.000Z,,,a5bd5f6e0b9b5ff1251bc2dac7bfdcc9c413fdab,2026-09-29T13:30:22.024Z,3a94f7f5-89f5-4284-9ceb-bf0b6ef5ce7f
5028,,,,,1249472.02,,,2026-05-17T00:00:00.000Z,,,f77c9d3cdfd34cf91090f8f8b4d9b1bf0b4704d6,2026-09-29T13:30:22.024Z,307dd2c7-ed5f-4bf3-a0c2-dd9db672c3e8
5029,,,,,1302251.57,71301.68,,2026-05-17T00:00:00.000Z,,,219e37a70b0994a04a33f74090c77d49a6b0cc7a,2026-09-29T13:30:22.024Z,b96f3813-0f94-41da-b69d-4dc18bd5ca06
5030,,,,,3725524.98,,,2026-05-17T00:00:00.000Z,,,cba411fa5a9495bd176fe8fc9f0f5f28061f15a8,2026-09-29T13:30:22.024Z,995206d4-f835-4933-ae1e-44f08e16ff20
5031,,,,,7881912.63,57390.73,,2026-05-17T00:00:00.000Z,,,fe55ea9ddc0b28d2c29e7c9f0861a1be1db2f47b,2026-09-29T13:30:22.024Z,6e49c5a4-8716-4dc1-9a48-547829989f17
5032,,,,,5126349.47,340493.66,,2026-05-17T00:00:00.000Z,,,4b7103dae4db1ce52de6b91ff368e9702f83cba8,2026-09-29T13:30:22.024Z,47d9908d-e850-4684-b163-351122a81645
5033,,,,,371970.78,72742.64,,2026-05-17T00:00:00.000Z,,,eead1f5eaeebb8255a1046179842f367b41e459b,2026-09-29T13:30:22.024Z,af5da079-0c55-4cc7-a95f-fcbbd36a2070
5034,,,,,2493847.84,57954.89,,2026-05-17T00:00:00.000Z,,,73926969fc7a56a8d28a467355f099116f25d166,2026-09-29T13:30:22.024Z,26c84a36-afa7-42c3-ab0d-5e51e170f9bc
5035,,,,,10455.91,10455.91,,2026-05-17T00:00:00.000Z,,,90bdbfd3e4a9b59d65dd7204f3a3eace811d49ab,2026-09-29T13:30:22.024Z,2d6dbd97-dd73-4ec5-a63f-3519636118f7
5036,,,,,563414.74,6665.84,,2026-05-17T00:00:00.000Z,,,98b65527dd649b62b9f5fa40587b36cbead4adbf,2026-09-29T13:30:22.024Z,8d78a1a8-feb8-4b7a-abeb-53b50a0be3d4
5037,,,,,30712289.96,65129.22,,2026-05-17T00:00:00.000Z,,,90352e1773f5fcca41b443d2533ed9495bcf6c2a,2026-09-29T13:30:22.024Z,90a265c9-37fb-421e-9035-0a906e6fd949
5038,,,,,6824731.93,53280.54,,2026-05-17T00:00:00.000Z,,,adb10349900addbbe4b35526b6244fce29f565b6,2026-09-29T13:30:22.024Z,45b8b709-a47e-4223-8544-da03cabeadc2
5039,,,,,3790767.48,,,2026-05-17T00:00:00.000Z,,,9ab9d53dcad25127d15c3aec87a300820c98827f,2026-09-29T13:30:22.024Z,f98a1a62-e21d-4d5a-a963-bed5c30a4e88
5040,,,,,1715018.69,51662.53,,2026-05-17T00:00:00.000Z,,,5281d521e65e52b339a2beb5f459dd8c17f6f8f0,2026-09-29T13:30:22.024Z,5fdcf575-ce9e-42e2-9116-1dfa6d9d85de
5041,,,,,5721365.01,201109.10,,2026-05-17T00:00:00.000Z,,,3ad4b8e28bff2e3a445eb5bdb3fe56d82d530eec,2026-09-29T13:30:22.024Z,1acb1415-0b0b-4b9e-8034-58ff3389d733
5042,,,,,908893.49,7922.24,,2026-05-17T00:00:00.000Z,,,34e160b265d1c7f1dba6edfec7cf4bdacbb4719a,2026-09-29T13:30:22.024Z,9057265c-a814-48ac-b992-26eaec4c84cc
5043,,,,,174850.88,23842.91,,2026-05-17T00:00:00.000Z,,,21be9e14c6dd4b86427cdd8e7038194119124580,2026-09-29T13:30:22.024Z,dc94c3b6-3784-4d4e-bf2c-85fbe044a008
5044,,,,,1077214.49,36947.91,,2026-05-17T00:00:00.000Z,,,52d3eaef5b81b72175d93f3b6f07d565bb0c565b,2026-09-29T13:30:22.024Z,8bf0b023-e986-4b17-a2cc-d33a58fc4232
5045,,,,,875256.85,157759.78,,2026-05-17T00:00:00.000Z,,,c22b91e0337eca1309b31b6c79ba0051961974b6,2026-09-29T13:30:22.024Z,d706e29d-d809-4ea6-8d1d-1ac6cf1e85ad
5046,,,,,7528839.33,3244.84,,2026-05-17T00:00:00.000Z,,,e449145e51147a14695ea17a47946781096fe0ed,2026-09-29T13:30:22.024Z,29c43284-1a04-4d8d-95e5-7633bea429a9
5047,,,,,2540783.40,15480.53,,2026-05-17T00:00:00.000Z,,,f5c0eabba0f21b6bd4dc22f0089c3e44cb6b9a9a,2026-09-29T13:30:22.024Z,dd88cc27-b1d8-4edf-a226-20575209e683
5048,,,,,2273317.23,18443.35,,2026-05-17T00:00:00.000Z,,,1e71845118a6c7cf42161df8e5def31fb3a383f8,2026-09-29T13:30:22.024Z,b4187d9e-9e09-40bd-876f-74c47b759277
5049,,,,,457025.18,27733.85,,2026-05-17T00:00:00.000Z,,,9aa3ab357815c25054de339ada93876104b9d687,2026-09-29T13:30:22.024Z,e45850f7-2418-443e-81e4-2265c63d7d7a
5050,,,,,4558436.47,95579.78,,2026-05-17T00:00:00.000Z,,,01c12373eda19004003974c6ca7e98231db849e0,2026-09-29T13:30:22.024Z,fe49f8ac-434d-4ca2-ae73-ea1567c01868
5052,,,,,543827.73,30175.29,,2026-05-17T00:00:00.000Z,,,e633e075b8ecd11430d98d9434f98e6c96053551,2026-09-29T13:30:22.024Z,e7e48309-6fb9-4932-a9e7-953fae8955ac
5054,,,,,1385550.70,351331.12,,2026-05-17T00:00:00.000Z,,,99eea07b878560daad6717f3a082d61a57620894,2026-09-29T13:30:22.024Z,4fa24966-b7e6-4211-b7bb-dc6a4843468a
5055,,,,,9288969.03,907470.70,,2026-05-17T00:00:00.000Z,,,44c34b484dec9fda108797d9014fa4ee6b9500ee,2026-09-29T13:30:22.024Z,019e687d-69d2-4401-af89-d3add0187af6
5056,,,,,2758839.89,46901.43,,2026-05-17T00:00:00.000Z,,,a63eec761a7b19e7ea76a1b22ab8013f2f1e06ff,2026-09-29T13:30:22.024Z,fc4436de-0a8d-4a06-9fb5-89b0af36cf08
5057,,,,,5180774.01,25201.56,,2026-05-17T00:00:00.000Z,,,42d3b0eab249be839a162f37c5d0b5dd8707f51e,2026-09-29T13:30:22.024Z,02853598-5535-4522-a4a5-258033f2d2e2
5058,,,,,836129.26,5704.24,,2026-05-17T00:00:00.000Z,,,dc2e7299e05e5de01cc24d295308fb0df0691e48,2026-09-29T13:30:22.024Z,f3180d4a-5f93-40dd-a401-487eb333d116
5059,,,,,1329554.54,88250.84,,2026-05-17T00:00:00.000Z,,,29c6266a5332889ed08d5b01557d457ef7f88193,2026-09-29T13:30:22.024Z,6e149c38-277b-4034-816c-20fdfd7b5b3c
5060,,,,,2498698.87,4801.23,,2026-05-17T00:00:00.000Z,,,dfacfeaff36fa37944cf2b99b81d4e23c128844c,2026-09-29T13:30:22.024Z,5920fc65-0c96-4c1c-a364-bc77538e86f6
5061,,,,,9760200.98,34444.84,,2026-05-17T00:00:00.000Z,,,85d8a685d561f9e934e84413a75915f6b754fac4,2026-09-29T13:30:22.024Z,2caa7921-a3a5-471c-91e3-c9e5109a7e17
5062,,,,,17351586.34,54506.81,,2026-05-17T00:00:00.000Z,,,1d762a6177ceb47715803dc9573298e70d58461e,2026-09-29T13:30:22.024Z,445c23e0-f9bb-42da-9238-495e09183e74
5063,,,,,479513.79,11514.70,,2026-05-17T00:00:00.000Z,,,7cce8d167b19528301288924bfcecb1cb8a036a9,2026-09-29T13:30:22.024Z,763344ed-a632-4715-8a96-7886aceaced2
5064,,,,,40562.99,1689.23,,2026-05-17T00:00:00.000Z,,,76a4db7664869c9906888edb1ba4290735080cbb,2026-09-29T13:30:22.024Z,b6d08264-6dde-447d-b78d-ba0972b0f32c
5065,,,,,152495.99,,,2026-05-17T00:00:00.000Z,,,8f46f0d04a969b4a02069c9953c0b61bc047ab7d,2026-09-29T13:30:22.024Z,0ea99728-0ee0-48b7-b537-906652a334e4
5066,,,,,9630026.88,8440.78,,2026-05-17T00:00:00.000Z,,,2298912303d7530fabb0af3d233770062ebe49d4,2026-09-29T13:30:22.024Z,a2992b67-a4de-48bf-b18a-c93c2e04feae
5067,,,,,8062198.55,212807.85,,2026-05-17T00:00:00.000Z,,,1e194217ea90741fe6f3126ede67df08705ee298,2026-09-29T13:30:22.024Z,7abd9acd-a600-4465-b0aa-29fdd50a7412
5068,,,,,1134200.15,22006.12,,2026-05-17T00:00:00.000Z,,,3b220e29cbcb4edcd3286cde93ee0137add594b1,2026-09-29T13:30:22.024Z,0c74e241-b658-430e-9dca-2d5fa0480573
5069,,,,,2060560.04,18737.16,,2026-05-17T00:00:00.000Z,,,5405e72a5e28473a98095327bb6da5be23148065,2026-09-29T13:30:22.024Z,d3966598-0c96-4158-9b64-804604bc4f99
5070,,,,,9800754.63,17588.58,,2026-05-17T00:00:00.000Z,,,dccef85d73bce22923936f4eeab5012a2a7f4e8d,2026-09-29T13:30:22.024Z,4e86b799-b19a-4b98-a01a-63695d430af7
5071,,,,,9986747.15,4455.09,,2026-05-17T00:00:00.000Z,,,da3c74808a0251192f0e8f0e9eb53b2cdb2d64af,2026-09-29T13:30:22.024Z,ac8909e7-f5fd-4810-a6de-28a52fd7641d
5072,,,,,605304.22,10219.39,,2026-05-17T00:00:00.000Z,,,5c12859b6302102736495eaae6d9508a07f0d767,2026-09-29T13:30:22.024Z,3e83c753-0a25-45bf-9a07-cb8c9d006f39
5073,,,,,863545.80,1586.94,,2026-05-17T00:00:00.000Z,,,63d3b38c100b2822ebe1d797a662176cdd8cc129,2026-09-29T13:30:22.024Z,e72c643e-51bc-4bd9-bd2e-c5c27b8dc1a4
5074,,,,,3469119.78,56661.62,,2026-05-17T00:00:00.000Z,,,eeb0358b4f8ed6475f341fa98583fbb38de8cfd8,2026-09-29T13:30:22.024Z,10626870-5b20-4434-b071-4d71f68dc276
5075,,,,,2566096.58,21351.24,,2026-05-17T00:00:00.000Z,,,218720b4ec92465a0758986c8daad59bdfdee5e6,2026-09-29T13:30:22.024Z,343e9f64-e614-4a3b-a066-63d654160d5b
5076,,,,,1960049.13,5236.13,,2026-05-17T00:00:00.000Z,,,8fb31f7d324d51ebe291725139bcd1ace04923a3,2026-09-29T13:30:22.024Z,98d61644-bce7-476b-b8f9-459af2cb2152
5077,,,,,3340243.40,23089.55,,2026-05-17T00:00:00.000Z,,,544e21106c5e31a3884bd398b04ace7ba901df9a,2026-09-29T13:30:22.024Z,1932f9f7-91bb-46d8-902d-e64007228470
5078,,,,,3440106.91,72265.71,,2026-05-17T00:00:00.000Z,,,fc7de99c5f9ee72318ca9f03b5717e59b4ceaff0,2026-09-29T13:30:22.024Z,b71d85c2-75c1-4778-8643-91ffb86e4861
5079,,,,,5294854.84,165881.80,,2026-05-17T00:00:00.000Z,,,7cae0bef543162a762421b9c5da74a23b5772cd8,2026-09-29T13:30:22.024Z,4258709a-b4d9-4286-a892-d56d3b1ddf5a
5080,,,,,1334447.91,22126.56,,2026-05-17T00:00:00.000Z,,,a424cdfeba1b4a2ed56054334a1af5f366071cb2,2026-09-29T13:30:22.024Z,e4fc9089-c61c-4a81-a0b5-997fc66dd89b
5081,,,,,17367834.02,1019554.95,,2026-05-17T00:00:00.000Z,,,dece15efd24482f26d882ece84be9e94370a76df,2026-09-29T13:30:22.024Z,0ba7688f-6322-44a8-be73-8547c76635a9
5082,,,,,4199626.72,166051.70,,2026-05-17T00:00:00.000Z,,,522cf3547ab810e4971e1eff50d66a51273a0122,2026-09-29T13:30:22.024Z,c21bf62a-4f64-4278-ae26-f4183008ae2a
5083,,,,,1125000.01,,,2026-05-17T00:00:00.000Z,,,6010ebb5af76def356a89c967bd0209cbd9d8e86,2026-09-29T13:30:22.024Z,b1ca11ee-d18e-4a8d-8cb1-61d51b658a1e
5084,,,,,6212010.79,42889.71,,2026-05-17T00:00:00.000Z,,0.00,ac39950cab074c2ad1118602e5a895f18dcd4781,2026-09-29T13:30:22.024Z,4adb9e3c-e45e-4bfc-ba45-cbea134420a4
5085,,,,,521457.25,7021.23,,2026-05-17T00:00:00.000Z,,0.00,8491b41413c8dc316dbeba81dfaf86253f9baacd,2026-09-29T13:30:22.024Z,5ca694c3-d5bb-4e7a-8d4d-ea09fd2075bf
5086,,,,,912000.51,20640.11,,2026-05-17T00:00:00.000Z,,144710.56,e0139a2d0e57c3f384769f6e6efab3235a4758f9,2026-09-29T13:30:22.024Z,62807f96-3d50-433f-a069-795a91c8c4a9
5087,,,,,1765492.94,53041.98,,2026-05-17T00:00:00.000Z,,351548.09,8710aeee7248e31dc6b8fb8e7bf11f111bb514cb,2026-09-29T13:30:22.024Z,a9550f8e-c4a6-4e7a-94a9-22563b6fcdb3
5088,,,,,2135746.75,41091.87,,2026-05-17T00:00:00.000Z,,18415.07,00c32862f017f3c0358ec8f864168826f4332752,2026-09-29T13:30:22.024Z,c0f2cc86-b09d-4209-bcee-a895a5695dae
5089,,,,,855804.91,95620.59,,2026-05-17T00:00:00.000Z,,105977.93,c86e65aa0b9f348845db1a65d8f9cfde8312253b,2026-09-29T13:30:22.024Z,37e85eb4-a0dc-4f69-8bcd-4b8ee5ca75d3
5090,,,,,5910094.63,24569.58,,2026-05-17T00:00:00.000Z,,35216.25,ff38a28fdc327839e54fdab8a28654b65ecc3b14,2026-09-29T13:30:22.024Z,faef401b-5594-4e5a-8b65-f8c181bc5723
5091,,,,,13868793.44,101172.22,,2026-05-17T00:00:00.000Z,,312579.84,7dfb929e493b782e6f8290f6af23b34c5c8f925c,2026-09-29T13:30:22.024Z,f0f24932-8290-4b39-b371-75d328c15d5f
5092,,,,,14620253.01,55459.35,,2026-05-17T00:00:00.000Z,,459594.00,519640298126760137e2e68ed1cdf284b98bdab9,2026-09-29T13:30:22.024Z,b260924e-f4e6-4969-b058-5c568d2a0ffa
5093,,,,,30805790.00,294372.82,,2026-05-17T00:00:00.000Z,,393133.31,ca974e62f9dd5b1a650ae5c63811fb8dae1a2fc7,2026-09-29T13:30:22.024Z,a7836318-1016-4059-bfd5-6442d10e8b25
5094,,,,,930657.61,10860.03,,2026-05-17T00:00:00.000Z,,33602.22,305b246089ec68ac7cd00c913f1de34e01fa9bf0,2026-09-29T13:30:22.024Z,75bd1843-1251-4320-88ad-d42799c63fb0
5095,,,,,484775.83,60497.74,,2026-05-17T00:00:00.000Z,,290927.42,c9ec3f911b6d4212133746462bad0b68b6f5cd76,2026-09-29T13:30:22.024Z,fec1cfed-925e-49af-a377-c9e3121b20c3
5096,,,,,89797.56,1545.63,,2026-05-17T00:00:00.000Z,,37539.80,d75e45ee35647a4c8a5278c317f14124595d5815,2026-09-29T13:30:22.024Z,849047c4-4172-46d7-8a2d-fc586c88db09
5097,,,,,3214693.54,26601.47,,2026-05-17T00:00:00.000Z,,39142.24,c448417f2b0a0c76bb64eb6d9e8461877a19684a,2026-09-29T13:30:22.024Z,e4be234c-a520-4713-a29b-852e6017168b
5098,,,,,456164.48,,,2026-05-17T00:00:00.000Z,,43150.66,2a7d6bda2aa6d3d3bbc5797722d91b410a04e3af,2026-09-29T13:30:22.024Z,751d4b5d-54d6-4a55-8ca5-7475ab9c443c
5099,,,,,7905132.26,199462.21,,2026-05-17T00:00:00.000Z,,347360.00,fb47e5b608375281926bd86c860c774df6450bee,2026-09-29T13:30:22.024Z,9ee329cf-0296-41ad-9107-212d1c6c3098
5100,,,,,5975698.54,61303.81,,2026-05-17T00:00:00.000Z,,238444.48,c4cea5c40946eec99050ea5d52757265b19eb529,2026-09-29T13:30:22.024Z,858adaa5-5572-4650-9196-7088f1079b91
5101,,,,,1527066.50,14733.96,,2026-05-17T00:00:00.000Z,,38681.58,b16b6015072b787ff28015dfd0d319eb6693dca4,2026-09-29T13:30:22.024Z,f5541807-588a-4fea-b316-1f61e8945ec3
5102,,,,,5569206.78,26485.11,,2026-05-17T00:00:00.000Z,,134573.00,79564fd1e278f85e7233bb53b7414fe97e81a8a2,2026-09-29T13:30:22.024Z,1410b808-9c7b-4bde-9ac1-22129db46297
5103,,,,,10083188.44,26090.33,,2026-05-17T00:00:00.000Z,,37449.95,57bd964800f547af0027bf0dd8c2ca4c71c67343,2026-09-29T13:30:22.024Z,1fbabf50-345b-48f3-bdcb-948db7d1997f
5104,,,,,25623646.64,31363.86,,2026-05-17T00:00:00.000Z,,21540.47,5bc0686fd6dfa81322a59d6f58f35e36bb89ae43,2026-09-29T13:30:22.024Z,f7abf7fd-86cd-4346-bed0-7ded9b822a64
5105,,,,,1345529.18,37914.57,,2026-05-17T00:00:00.000Z,,31630.00,3f26241cc41e4d7b3bf752f02f747382d7b8f436,2026-09-29T13:30:22.024Z,3b41438e-1ae5-4b22-b59b-5152a4e6ef74
5106,,,,,1070536.08,1020.23,,2026-05-17T00:00:00.000Z,,46716.62,aa0faebb6c4739f0f00a0ec877ffdab3aa33ed90,2026-09-29T13:30:22.024Z,24d5fb42-3368-4237-ae1f-0c793a2a9bb4
5107,,,,,2423995.63,35441.35,,2026-05-17T00:00:00.000Z,,14435.40,1e1de46e4be5393a1a07b042ffa8d26298eebaca,2026-09-29T13:30:22.024Z,17ba4335-1eed-4440-84ed-057db705e7c6
5108,,,,,1947217.55,2607.76,,2026-05-17T00:00:00.000Z,,30584.95,5db0c0a7c243291998152564f938559ae1a3ea89,2026-09-29T13:30:22.024Z,8c7a4bec-7fdd-4821-ad3d-f739265bf677
5109,,,,,56523.64,,,2026-05-17T00:00:00.000Z,,438444.88,27c53c5624d0d498b1013626b13f5b3db60c5357,2026-09-29T13:30:22.024Z,cba17a72-0a6e-4b7e-9a58-ce8b6bbdbd7b
5110,,,,,30961.05,3408.03,,2026-05-17T00:00:00.000Z,,151880.35,d9ffdb0cfe6efe248dcfe9e0837edfebf5aae08c,2026-09-29T13:30:22.024Z,4ad88a86-352e-4931-b044-1fc00611c2fc
5111,,,,,3149241.65,273417.55,,2026-05-17T00:00:00.000Z,,21592.00,a0f78abce8bf91f2c58d9ebd6e5efd8523caf002,2026-09-29T13:30:22.024Z,3181966e-13cd-46bb-908e-02538c7300da
5112,,,,,2909011.76,512278.84,,2026-05-17T00:00:00.000Z,,335650.35,64900a67dfb8468afefe7b64ab1fffe0ce913907,2026-09-29T13:30:22.024Z,ce5bba0e-968c-49ad-b41d-ebd9ad06cb8e
5113,,,,,187070.23,1790.68,,2026-05-17T00:00:00.000Z,,44544.76,8f63a5460901b8383caf70077f9491cf6033dd05,2026-09-29T13:30:22.024Z,b29109b5-df33-4dc0-9ef5-aab43d9684bb
5114,,,,,235333.26,7023.67,,2026-05-17T00:00:00.000Z,,30157.16,52dafe2ce8cc1bd031fd5795daa53eb88c0ccb1a,2026-09-29T13:30:22.024Z,633601e7-d4ec-474b-a40f-9b326a7d42e4
5116,,,,,3568584.84,166084.75,,2026-05-17T00:00:00.000Z,,205398.41,fb082d3dc6a444f03becbc14b9d3e7cfc6870e15,2026-09-29T13:30:22.024Z,d0896c25-e64f-4bb2-be91-ecc407f257c2
5117,,,,,57419.43,2529.05,,2026-05-17T00:00:00.000Z,,303514.37,ca3c53b2ab9e3895edd024908bf977e6e8e337c5,2026-09-29T13:30:22.024Z,9c64a855-222e-4c36-aa73-c47146258500
5120,,,,,1249825.60,497515.30,,2026-05-17T00:00:00.000Z,,,ac10c7ac40c1d68ae945039a2012b37db4fc13f4,2026-09-29T13:30:22.024Z,2a59a56d-eefd-4c2f-b209-4d9a1f874300
5121,,,,,103478.10,85121.51,,2026-05-17T00:00:00.000Z,,,32c899fc0827e3bfa12eff1f80a921c77cfa37f2,2026-09-29T13:30:22.024Z,090ffea9-e171-41a8-8147-9a6930826402
5122,,,,,1102989.32,54779.68,,2026-05-17T00:00:00.000Z,,,bd1eaaa341c92c2bae161d6a467e83473c38e8dd,2026-09-29T13:30:22.024Z,9f8acb6e-c051-4da9-ab3d-d4de9b3431b7
5124,,,,,1930296.01,109887.55,,2026-05-17T00:00:00.000Z,,,f0399d2c4ba0c697d48b5cdfdd8dec5bbec48511,2026-09-29T13:30:22.024Z,0abd0272-f13e-4592-a717-9bf94ba92a12
5125,,,,,2004706.26,37349.85,,2026-05-17T00:00:00.000Z,,,fdeb79a7b0f36adde281807c7196cbbf56c6fdc5,2026-09-29T13:30:22.024Z,3d634d31-edb5-4067-8104-2d609770c279
5126,,,,,2675109.99,303612.80,,2026-05-17T00:00:00.000Z,,,29a786bdbc0822e5fa0eaccdf4a3548ee62a81d0,2026-09-29T13:30:22.024Z,3eef2a6b-fcc7-40f4-a14d-e84fabb59750
5127,,,,,5905956.47,157086.98,,2026-05-17T00:00:00.000Z,,,84e3f5a32b747da69b67a7b6da704a3b9792aee2,2026-09-29T13:30:22.024Z,bdbe5bfe-5784-4eb7-a0a2-82b137315126
5128,,,,,14318214.62,335447.17,,2026-05-17T00:00:00.000Z,,,898fad51d5e3cbcc7c7df53dbbdc9e99a29c59ca,2026-09-29T13:30:22.024Z,26da085f-2a06-4639-88f4-7ad681f19fec
5129,,,,,1377758.82,338263.71,,2026-05-17T00:00:00.000Z,,,0948e3eb341ef3b134483eec32006b203d95a29b,2026-09-29T13:30:22.024Z,d864fa20-7b53-4e67-80d2-1531c4f29dce
5130,,,,,1727016.64,325357.99,,2026-05-17T00:00:00.000Z,,,9671e581eace9651e49ff3b9aa2086cfa86149d9,2026-09-29T13:30:22.024Z,046d6375-b2b0-418f-92a4-70990ba2916b
5131,,,,,4247960.90,775835.90,,2026-05-17T00:00:00.000Z,,,b1ec180b4611f95da0ce3c98d5268f68d6ba7876,2026-09-29T13:30:22.024Z,5e838483-c782-4f54-9610-910593086c12
5132,,,,,2479741.41,45393.01,,2026-05-17T00:00:00.000Z,,,00c2ce96eb8ee10e3c58237fb4af7b62bf9dcd83,2026-09-29T13:30:22.024Z,402b930d-2840-4fef-acd7-797a252a7c82
5133,,,,,2225192.99,,,2026-05-17T00:00:00.000Z,,,faf1e5e05f659bc47da5d23913e801ff69a7657c,2026-09-29T13:30:22.024Z,4dfba9d9-8b52-46ef-95cf-e8fd030c4282
5134,,,,,850539.46,2872.43,,2026-05-17T00:00:00.000Z,,,7dd367c0aac28509cf1ccc9c0861926f854aff4f,2026-09-29T13:30:22.024Z,e4775777-d5aa-436e-a1cd-042d0364d498
5135,,,,,5137174.10,806387.54,,2026-05-17T00:00:00.000Z,,,82fbde4abb01f5d7e10a3fdb1503cefb1bcfb214,2026-09-29T13:30:22.024Z,643be5b8-d38d-431f-b5b4-450e270c3ec0
5136,,,,,711455.47,,,2026-05-17T00:00:00.000Z,,,942761d8e048fc33f7e12afe2b5c348cb6db519c,2026-09-29T13:30:22.024Z,5d1c60b9-5076-4230-b711-54323427b94f
5137,,,,,111716016.91,1863749.94,,2026-05-17T00:00:00.000Z,,,77eb2d922c79b6f846b7bfaa4850a6b2e9fbbe39,2026-09-29T13:30:22.024Z,1531bd02-3d7a-4a00-8625-eef4f4639a83
5138,,,,,2870.53,,,2026-05-17T00:00:00.000Z,,,e2710300cad0574a0edb0714643e2fd0593f2ef3,2026-09-29T13:30:22.024Z,8d3429f4-633c-4a8f-8913-01df1ef99512
5139,,,,,1815431.30,9710.71,,2026-05-17T00:00:00.000Z,,,60f882f4d8bfa40737bd0cad76379a09f7bf3648,2026-09-29T13:30:22.024Z,51c8c423-49aa-4a64-9bd2-e3010d18c627
5140,,,,,8975198.42,128599.06,,2026-05-17T00:00:00.000Z,,,32e29d40565699ec6eaa80a9138c894cf9c0b04f,2026-09-29T13:30:22.024Z,b09edf3e-0989-40e6-9e44-464e271d6534
5141,,,,,423056.57,,,2026-05-17T00:00:00.000Z,,,3ff052f6028d8ca69b85242bb53acfd1c3f85394,2026-09-29T13:30:22.024Z,1cbba7a0-f19e-427e-b1c1-6d07c44d0cf1
5142,,,,,456295.89,4018.44,,2026-08-24T00:00:00.000Z,,,d3bfef01408d7293b5518737b0fdce4dca39255a,2026-09-29T13:30:22.024Z,017b8682-486c-4abf-aec3-eb72c72dd857
5143,,,,,637395.06,29930.03,,2026-05-17T00:00:00.000Z,,,1d8b9c6f45f1a27649ab713016b1975d50027a28,2026-09-29T13:30:22.024Z,11ff9081-5092-4dcd-bc32-b479086c373a
5144,,,,,3455640.95,304896.10,,2026-05-17T00:00:00.000Z,,,3b82efd5281647378276ecdbea6d59fe3a62007f,2026-09-29T13:30:22.024Z,207584f6-ecb3-4070-bb32-40efcce8d715
5145,,,,,13654350.61,184089.91,,2026-05-17T00:00:00.000Z,,,bdf3b46517e8529c341ec0596296d7b2f1b0c67e,2026-09-29T13:30:22.024Z,cff7f960-f0c2-41f2-99cd-a3bf93d09268
5146,,,,,56849949.26,285427.20,,2026-05-17T00:00:00.000Z,,,81ddc3380102cad9a33c9e581fca7d0635c7ec42,2026-09-29T13:30:22.024Z,9e191fa5-fd5d-4efd-80fe-c265f5324e94
5147,,,,,4430611.64,1629465.58,,2026-05-17T00:00:00.000Z,,,49eb7efab36de617360ae59df497537c5bb8d4ca,2026-09-29T13:30:22.024Z,54c62b73-e81f-47a3-9af7-cbfb052bb377
5148,,,,,362459.55,3723.57,,2026-08-24T00:00:00.000Z,,,1a87038adce7ef64c8375b35ad5ce66c816752b7,2026-09-29T13:30:22.024Z,70fee215-0b18-436d-a36d-e3f0a09f2ef7
5149,,,,,3118975.86,5074.64,,2026-08-27T00:00:00.000Z,,,1da1fe3284b0f2b03244af5608e9cebc3e5f2024,2026-09-29T13:30:22.024Z,113cd951-f8d5-4d18-8e8e-4bab638edd12
5150,,,,,1492294.74,359439.62,,2026-05-17T00:00:00.000Z,,,89e2abd5cad0d0cce6dd65716ccfb9ddcd9c41b3,2026-09-29T13:30:22.024Z,878042ff-8931-4552-8ff3-b52aa01d2c56
5151,,,,,1721832.05,56108.69,,2026-05-17T00:00:00.000Z,,,e716a3d5270064ae924d346f710f071f40544a92,2026-09-29T13:30:22.024Z,945ab297-3254-4ee2-bc57-35b269d2e8f1
5152,,,,,1090534.43,34717.14,,2026-08-24T00:00:00.000Z,,,db617b302bed7178367200ebba52747ee9fd1483,2026-09-29T13:30:22.024Z,f8d09d4a-d6f1-4533-9efa-66a1835e84f9
5153,,,,,820738.65,1862.80,,2026-05-17T00:00:00.000Z,,,c40c8e8422c593f66518bec9cbbd61e53e24c8f8,2026-09-29T13:30:22.024Z,bd79e4ad-6824-4262-9421-77226a49918f
5154,,,,,3644.11,,,2026-05-17T00:00:00.000Z,,446662.49,1e1a3c4f1b37f35185e7590a6d9c1e60bc104fbc,2026-09-29T13:30:22.024Z,cdfcd2e9-1541-4bf4-b2bc-558139f07a0c
5155,,,,,1143555.26,,,2026-05-17T00:00:00.000Z,,316730.66,9135ffc3193746de63b07885571510dfc3e9786c,2026-09-29T13:30:22.024Z,2c486cef-f008-4805-a40e-ea9926122a0b
5156,,,,,5145844.24,,,2026-05-17T00:00:00.000Z,,,3a93d739e0045cc29b9e34d16532c33d5464571f,2026-09-29T13:30:22.024Z,49c7e5a9-75ab-419e-b36b-2fa0cfe9aa29
5157,,,,,3901102.19,,,2026-05-17T00:00:00.000Z,,,89ff107b12dda5de1c5af21f751413b154fcfb97,2026-09-29T13:30:22.024Z,7186a88b-1071-40c8-b97d-cf4610492b6e
5158,,,,,415169.62,97469.35,,2026-05-17T00:00:00.000Z,,111370.96,db9b4452534844b5acf1f1e2bed6b5f9d388bbe9,2026-09-29T13:30:22.024Z,4f46fcab-e93c-4db8-b048-1127d0e890dc
5159,,,,,1284186.13,,,2026-05-17T00:00:00.000Z,,1042961.46,91c42b3e4327320d673a532092cac9e464feb66d,2026-09-29T13:30:22.024Z,ca436d85-d9d9-406c-966f-9a7ffd1f4873
5160,,,,,324252.90,30216.00,,2026-05-17T00:00:00.000Z,,,aed6385749588cd3e98d31c12527f654f2fecb55,2026-09-29T13:30:22.024Z,10507e46-62c7-4bf3-9e7f-b92ca3d7022c
5161,,,,,6696182.13,108923.14,,2026-05-17T00:00:00.000Z,,683583.04,e3dbf06e6598d6b9b4a016774396981f64eb1ca8,2026-09-29T13:30:22.024Z,5e61b23b-8630-4f18-8b06-ce67869b6edb
5162,,,,,3336432.89,,,2026-05-17T00:00:00.000Z,,197565.14,2031225b18f0a9af07253415d5a660103bb17aa1,2026-09-29T13:30:22.024Z,1a8c6b6d-99cb-48ea-abc9-780ac2ea01fc
5163,,,,,577945.32,7159.67,,2026-05-17T00:00:00.000Z,,806554.35,d731448ca267584bdcec2dd414dd071bc78240e8,2026-09-29T13:30:22.024Z,cb80f597-11e1-455c-a337-8c6a43f3d6fb
5164,,,,,2388962.04,48236.88,,2026-05-17T00:00:00.000Z,,,1276fcf7ca42391bbe11fc4dc5324ce5e73ea490,2026-09-29T13:30:22.024Z,d4ce8b96-bcbf-4621-9763-bc6970dd76ad
5165,,,,,119555.16,24819.02,,2026-05-17T00:00:00.000Z,,,fb11eea8491d70379292924ecf42fc137d5343ac,2026-09-29T13:30:22.024Z,71423071-04c7-4dc1-8518-f35bb3680348
5166,,,,,1801399.51,294307.01,,2026-05-17T00:00:00.000Z,,,14a28eee2032389505b379f8a6903fa020f3cdcd,2026-09-29T13:30:22.024Z,0a3a9eb1-6a48-4e53-ae34-0159cb2ac275
5168,,,,,19907.44,2071.58,,2026-05-17T00:00:00.000Z,,2452237.03,541302934c9456ce523bcf130a13becf0b856070,2026-09-29T13:30:22.024Z,45a85c20-f105-416b-b283-06b586ff680d
5169,,,,,4523.54,,,2026-05-17T00:00:00.000Z,,,753cc0538631a6acdedebf31352f6dc32136c2b9,2026-09-29T13:30:22.024Z,30681b18-7b36-47a9-a78d-7ffecee73f67
5170,,,,,1727559.21,559070.40,,2026-05-17T00:00:00.000Z,,3054442.91,7558a809c2ed197f69c5bd1058f0489204270b58,2026-09-29T13:30:22.024Z,0095d781-e60b-472c-b222-895afa0a4048
5171,,,,,1082212.23,310991.97,,2026-05-17T00:00:00.000Z,,,f5975c7d02c2fcddbeb595b2a61b4f33a23c5eaa,2026-09-29T13:30:22.024Z,a1043eda-8db1-47a4-b2fa-0ac7ed28ca79
5172,,,,,142453.23,52194.42,,2026-05-17T00:00:00.000Z,,,760b025771e992977ce713a742fec3eaf9cabb5e,2026-09-29T13:30:22.024Z,ffb23b0e-9d5a-4c58-a22d-ffb5cd6890a0
5173,,,,,75847.49,41785.39,,2026-05-17T00:00:00.000Z,,,2f8606758afbdba23a0799aa456700042df3b76b,2026-09-29T13:30:22.024Z,3e2d049a-1838-4486-8c6d-5c34553c8982
5174,,,,,72527.19,27313.70,,2026-05-17T00:00:00.000Z,,,254aa54b8a7a2c1c28902f621f6ce5fe9d40004d,2026-09-29T13:30:22.024Z,77bf0083-9d40-4f03-8ab5-31965d65b39c
5175,,,,,159026.03,77019.48,,2026-05-17T00:00:00.000Z,,,906ec5b6e6d9b0ae96526098d7797aa2fbd55d01,2026-09-29T13:30:22.024Z,249a158c-692e-49b6-ab6c-0e8395324cbd
5176,,,,,175234.98,65416.79,,2026-05-17T00:00:00.000Z,,,d59d192fb899519f07fc4fea76892e9bfadf648d,2026-09-29T13:30:22.024Z,ada013d9-e093-4515-ae9d-268493d6b010
5177,,,,,1078505.47,52643.11,,2026-05-17T00:00:00.000Z,,,b86b041f21e0aa879e66a816991d2260debd9049,2026-09-29T13:30:22.024Z,d78f919b-14cb-4f2f-ac07-059113c11c45
5178,,,,,1587486.27,129742.88,,2026-05-17T00:00:00.000Z,,151310.78,fc8225deb96e322babee35770524ca683bc72d93,2026-09-29T13:30:22.024Z,f360ec0e-32d1-4e8b-a052-291f65fa1421
5179,,,,,81038.27,8820.76,,2026-05-17T00:00:00.000Z,,,505be4eabfe2d16f6ec28f33df2570bb1f2491d9,2026-09-29T13:30:22.024Z,a49a9553-7261-49ee-af8e-810b920bd460
5180,,,,,73633.42,,,2026-05-17T00:00:00.000Z,,,822d06ccc0b06c5b86a69056bc86bbfe8d266bff,2026-09-29T13:30:22.024Z,480e0fef-3b9c-4d98-883c-9f89aebee2cf
5181,,,,,7751554.46,204884.64,,2026-05-17T00:00:00.000Z,,,cd8c1a839822d51af87166fea6ee46d9ec4d9b37,2026-09-29T13:30:22.024Z,0ddade79-4054-4ba4-89ef-9c98358e75e6
5182,,,,,360999.71,14402.00,,2026-09-25T00:00:00.000Z,,5718227.25,d1892672af97e3df71da30e17782d8951732ae7e,2026-09-29T13:30:22.024Z,34ba9f9a-0c2f-498d-8512-5807d25ddd60
5183,,,,,2393401.79,6603.12,,2026-05-17T00:00:00.000Z,,487954.24,9f5aec86a10f6f68a46c0c24f7adce89700570bb,2026-09-29T13:30:22.024Z,b2c447a0-9df1-483a-958c-1da4ef785ab2
5184,,,,,87939.35,,,2026-05-17T00:00:00.000Z,,878893.03,c60346f44ebce88e577f7e849550841c20c8ea76,2026-09-29T13:30:22.024Z,eb9d3aed-0d35-454c-a596-c99f9401893c
5185,,,,,11569873.93,281016.45,,2026-05-17T00:00:00.000Z,,2023621.49,b47e50c0e848b24bde14e3fed51f86f0e010fe64,2026-09-29T13:30:22.024Z,c4873614-ee99-4e47-a714-ae60990b76a2
5186,,,,,5335398.46,178142.59,,2026-05-17T00:00:00.000Z,,,4ee6a53d895186e5c80e0bd0b8bdc21732fa36e3,2026-09-29T13:30:22.024Z,0a422b73-c532-4f44-8b5f-7a3b63e911c2
5187,,,,,430745.40,1987.59,,2026-09-18T00:00:00.000Z,,,e6c4352bdac68b96f06af42c078a92cdbd0bcc34,2026-09-29T13:30:22.024Z,f2c41cdb-3368-4eba-a65c-5a025b7bda7e
5188,,,,,889917.46,39823.34,,2026-05-17T00:00:00.000Z,,,b78b8bdda2d6ec20bdb6ff5f6ba74786cfb5c07a,2026-09-29T13:30:22.024Z,13a05960-d9de-4baa-a38f-ad55a6cf2091
5189,,,,,10485728.34,416740.98,,2026-05-17T00:00:00.000Z,,13715937.78,871016baa76298cc3df2e6f07a70276e2ccd6d64,2026-09-29T13:30:22.024Z,62e4bdec-0a31-4e18-b591-ed1bf732b031
5190,,,,,76945.83,,,2026-05-17T00:00:00.000Z,,,186523aac6afe7fb54e1da0d555040445a29843f,2026-09-29T13:30:22.024Z,b8b7c46d-0d3a-4781-9209-93f3b22f8cb6
5191,,,,,431868.84,,,2026-05-17T00:00:00.000Z,,,729b4ef8e392d810fc0cc84b36a7df4a28889666,2026-09-29T13:30:22.024Z,c8d15f75-0cf2-47c1-9c7a-3cee569c5cf0
5192,,,,,61870100.96,971741.10,,2026-05-17T00:00:00.000Z,,,c9e2fc6a319169636bbd64d177e80245f584d10d,2026-09-29T13:30:22.024Z,246f7210-84e7-4914-b2d5-8a33281487cd
5193,,,,,202450.63,,,2026-05-17T00:00:00.000Z,,,33ea090701daf6dd1d359e2922b0bb105579cce9,2026-09-29T13:30:22.024Z,efae1895-9d7d-417b-b04c-f341a75c3de7
5194,,,,,3126981.79,14074.15,,2026-05-17T00:00:00.000Z,,3071122.89,10e34d50832849633eb7e28808e7e64b33be5ce2,2026-09-29T13:30:22.024Z,16a408e5-347c-4f34-8907-56a8dd931445
5195,,,,,580773.51,,,2026-05-17T00:00:00.000Z,,3120013.82,a1f6b59a13725ce9c99196177ed2c99a3d041344,2026-09-29T13:30:22.024Z,4536ac31-5b9c-4533-bb6f-c49f0d67b1e7
5196,,,,,2020581.40,,,2026-05-17T00:00:00.000Z,,,21b1a5b2bb2f908a2350d80f46461b5b2c054fe6,2026-09-29T13:30:22.024Z,52602313-5662-47f1-afe0-3f8e1de7fae7
5197,,,,,1495224.55,13989.02,,2026-05-17T00:00:00.000Z,,,a562412636125d551dd9730d0e155f820632c3d4,2026-09-29T13:30:22.024Z,c8d1a6de-34da-4194-aad4-dc18dff79e4f
5198,,,,,7541832.83,3250.64,,2026-05-17T00:00:00.000Z,,,0f548d15fed4b3ba9175f5f5e2cb56e081758201,2026-09-29T13:30:22.024Z,813fd70c-cf9c-408e-9846-83aed108378c
5199,,,,,3202093.02,140465.30,,2026-05-17T00:00:00.000Z,,,c05dc9dd55f14dc3ac93561ab90111d8171b6a16,2026-09-29T13:30:22.024Z,7f1035f3-4dad-4306-8ecc-02fb3eb6ff52
5200,,,,,2662146.83,333087.74,,2026-09-18T00:00:00.000Z,,,23ea40a58263459b8cb8f29d13dcd4b12bdbdf88,2026-09-29T13:30:22.024Z,60293e10-214b-4f7d-843b-d488176996f2
5201,,,,,7674180.59,588212.46,,2026-05-17T00:00:00.000Z,,,bf936fb4043f183396ea05df8992ec7f9e5a05a1,2026-09-29T13:30:22.024Z,a7daca2b-3f78-45d4-b81b-58db35e8bae8
5202,,,,,368318.57,336638.23,,2026-05-17T00:00:00.000Z,,,9411e3440b5c8cecc408060f5d63b00d91547a0f,2026-09-29T13:30:22.024Z,5558da94-d7c5-422c-bbfd-6d49116b2b67
5203,,,,,5560247.76,492944.85,,2026-05-17T00:00:00.000Z,,,abfa8fe0635dcd761cf7c8cd138bf20c2a59cc89,2026-09-29T13:30:22.024Z,c4c110a9-8043-4b6b-8827-56e9a134a91e
5204,,,,,9219383.36,84313.83,,2026-05-17T00:00:00.000Z,,,7d4a598096dd9424f05a066f8fa10a1ebef9087c,2026-09-29T13:30:22.024Z,ce8ea2f2-676f-47f0-899f-6e93f2486aad
5205,,,,,6610686.89,207485.34,,2026-05-17T00:00:00.000Z,,445645.75,db3aad04d4d3a6c9af4d52864579964271c4fb60,2026-09-29T13:30:22.024Z,06ec92f8-6407-4181-a8c2-81a28acc4ef2
5206,,,,,285288.29,70469.91,,2026-05-17T00:00:00.000Z,,,5ba1097268ee780ff9317326a98cbe8108cf2d71,2026-09-29T13:30:22.024Z,9510da8b-d516-4ed6-bafe-2dc0eb2b206d
5207,,,,,37600.59,37035.31,,2026-05-17T00:00:00.000Z,,,ceb9fbcf4f8199287d3f55d2722697f9a3fb2c4e,2026-09-29T13:30:22.024Z,c630405e-dced-4748-a9bf-4141f051f98f
5208,,,,,1384204.87,,,2026-05-17T00:00:00.000Z,,,5694cfe494ebd1add9928b71f1ac2db6b6e136cc,2026-09-29T13:30:22.024Z,e74c6214-8db5-4b87-93ad-c14967c489ad
5209,,,,,12068.12,11611.16,,2026-05-17T00:00:00.000Z,,,a678bd4afc19e840fd521f0c4a945656de0ed385,2026-09-29T13:30:22.024Z,5c323d54-edd1-422b-97ba-a2635f9fa56a
5210,,,,,156543.99,,,2026-05-17T00:00:00.000Z,,,50537526f17391b3f050254ef437ddba82acb9a3,2026-09-29T13:30:22.024Z,d5173aee-a5b2-4ed7-b708-0cc8f639e0b1
5211,,,,,1335350.27,9266.23,,2026-05-17T00:00:00.000Z,,,1aa7bb5285f98dceeee33278eca13c6e7b949c14,2026-09-29T13:30:22.024Z,9231e3d2-e372-4c53-a96e-e00d2083e7c1
5212,,,,,69612.43,,,2026-05-17T00:00:00.000Z,,0.00,97c35b5b9c3c6369321af4efc27205dba127896a,2026-09-29T13:30:22.024Z,cf2b76db-6d27-4464-8ccf-42773fe525f0
5213,,,,,8128493.97,365949.11,,2026-05-17T00:00:00.000Z,,,200cb1e222b2d907fb59298571f2cb3bf857abcd,2026-09-29T13:30:22.024Z,f8934135-1750-4e0f-b116-4efea61530a1
5223,,,,,31437.89,12147.86,,2026-05-17T00:00:00.000Z,,,0029319da8425e21075a0dc303a3382057c948cb,2026-09-29T13:30:22.024Z,057fa593-d7ee-41fc-8dda-0361a2a34006
5225,,,,,11469545.02,1344262.36,,2026-05-17T00:00:00.000Z,,,3418d21b040fe71937ec865d4860b82f31c2689d,2026-09-29T13:30:22.024Z,580a65fe-cfeb-4674-bd46-f7696e34bad8
5226,,,,,5101910.05,151759.21,,2026-05-17T00:00:00.000Z,,,52d33a9d33677e4a7b1205ab09d9b5150a777f20,2026-09-29T13:30:22.024Z,07e7709c-17c3-4b01-9416-8f10cea9d851
5227,,,,,2721442.21,535266.56,,2026-05-17T00:00:00.000Z,,,1a13ababf64db247a6e4e9ab5c0864b6b7811cc1,2026-09-29T13:30:22.024Z,aa48c3ea-5644-4b2a-b21c-045487281ecf
5228,,,,,9188549.35,655635.21,,2026-05-17T00:00:00.000Z,,,41d04495043ab3ae271c8ca887f2d60d94d0d2fb,2026-09-29T13:30:22.024Z,2f70a2d0-928e-4c5d-ac72-2fc8bef59f29
5229,,,,,635186.07,,,2026-05-17T00:00:00.000Z,,891580.19,b2af4e69a6ad3af34cd4b9cbdcb5513a2c12db90,2026-09-29T13:30:22.024Z,e2e14d83-ab64-4a96-b8f4-70b68fd32336
5230,,,,,3811.30,466.16,,2026-05-17T00:00:00.000Z,,,25fa527b1855c703ab8ecb6e1553c627c2364b62,2026-09-29T13:30:22.024Z,929abcfc-273d-432f-ba8e-accd05b336b3
5231,,,,,1651544.62,71485.95,,2026-05-17T00:00:00.000Z,,,3f3f68e95030bea12c1aad3aabe42cb076e53903,2026-09-29T13:30:22.024Z,aa3ca8e7-58fa-460b-b604-e7585e4c7ff6
5232,,,,,4390258.61,369118.50,,2026-05-17T00:00:00.000Z,,,b6b35d9620758147f0e8e4ab7b189f195e8f5057,2026-09-29T13:30:22.024Z,d2927221-d606-4130-b866-cb480f589e05
5233,,,,,155164.75,11129.00,,2026-05-17T00:00:00.000Z,,1313220.10,15959dbc4635e5b02c3d936f131f13422d8166a6,2026-09-29T13:30:22.024Z,b4ab8242-c814-497a-9009-e95826018787
5234,,,,,44977.80,,,2026-05-17T00:00:00.000Z,,,28e4286f432b347c4c79fd40dff508d5592ae80e,2026-09-29T13:30:22.024Z,a8cb3cf8-1bc7-4e7f-90b6-137e6a42c67d
5235,,,,,617443.25,21649.79,,2026-05-17T00:00:00.000Z,,,54344e4642d11624b2e41ea5e9ec7f03a74126f7,2026-09-29T13:30:22.024Z,343d57eb-634a-413b-8975-add06ae8cd98
5236,,,,,2133667.29,71167.29,,2026-05-17T00:00:00.000Z,,,5f0526bcb9a7dbb29728981f0759634854ead4ca,2026-09-29T13:30:22.024Z,51ab08e0-b385-4874-8ac1-25df0aa36f5a
5237,,,,,5939756.70,7672.04,,2026-05-17T00:00:00.000Z,,,ff310cc8379e479cf9be20150334ef00697799f1,2026-09-29T13:30:22.024Z,ffb50b8a-8959-4ed4-b6a2-9c4d2ff0207f
5238,,,,,459333.08,,,2026-05-17T00:00:00.000Z,,,a5c421c0cd6d4bdff8a4e783f863f67f16bd7f50,2026-09-29T13:30:22.024Z,cc52bd13-6d58-4df4-8fed-f265161ac084
5239,,,,,6245239.57,,,2026-05-17T00:00:00.000Z,,,332631d58c00cc401dadc39072cfac735dbbf696,2026-09-29T13:30:22.024Z,fb31032c-ecd5-40cf-bbe9-4623f8efc2c4
5241,,,,,589823.85,,,2026-05-17T00:00:00.000Z,,694896.49,1e1b752d96038b3ef99d407a0a52628f02a910cc,2026-09-29T13:30:22.024Z,30a2aa49-0b3b-41ad-bd2b-e7c6bfc23920
5242,,,,,79796.27,,,2026-05-17T00:00:00.000Z,,,a055690d8a6fb1884086c54e277a9d7d3147f3e5,2026-09-29T13:30:22.024Z,6b6d3e80-300d-45b9-a03f-489fea2ea4d0
5243,,,,,1320318.18,408557.15,,2026-05-17T00:00:00.000Z,,,c5eb73c62ce4292c3fdb85520e4ab9525b745e25,2026-09-29T13:30:22.024Z,4ef019a6-9525-4679-9f44-a4913a415ef5
5244,,,,,18219107.47,166069.16,,2026-05-17T00:00:00.000Z,,,f2c20479313d13ff5ae7bf8c65853ddd4f232978,2026-09-29T13:30:22.024Z,c2eb2115-a2d9-4152-8e3c-8e5c4a835f24
5245,,,,,2682305.50,70678.26,,2026-05-17T00:00:00.000Z,,,fd9a5c8c95c05cd04f31494c3f2c5370ef34b504,2026-09-29T13:30:22.024Z,7409997e-565c-4118-a608-7ce7fb8c6a04
5246,,,,,16270482.58,34072.55,,2026-05-17T00:00:00.000Z,,,77a0dc319d38d097bea5dc504e83e285e0cfd64e,2026-09-29T13:30:22.024Z,2375db78-94a7-4d9f-8417-bf38658afe34
5247,,,,,1897908.28,92248.62,,2026-05-17T00:00:00.000Z,,,5ee643c34d56b3536e6fe2f2ef9e87d187484a00,2026-09-29T13:30:22.024Z,364cbfe9-ff24-4f72-bc1d-ee1f8cf66222
5248,,,,,15047522.76,232314.00,,2026-05-17T00:00:00.000Z,,,b10a252d3a04c11d30a4326427af2d31a51b5e19,2026-09-29T13:30:22.024Z,731f313a-5ab4-4338-9649-426205b42059
5249,,,,,2349031.77,11751.88,,2026-05-17T00:00:00.000Z,,,cc4a0c326d7f352698ae150065cfcaa05ffd2c42,2026-09-29T13:30:22.024Z,1f20a587-df08-4580-a069-1a8fbbdf744c
5250,,,,,17993983.31,421330.99,,2026-05-17T00:00:00.000Z,,,5553932a56e60fb0f6ada159b98f3ceac4cb7c55,2026-09-29T13:30:22.024Z,2eb9955a-60e8-4d6e-88b0-a5c88cec2fb4
5251,,,,,665090.01,247536.26,,2026-05-17T00:00:00.000Z,,,a5a3df49643df944cfe682037f1f9947e833f40c,2026-09-29T13:30:22.024Z,48be8678-321d-46d5-8104-ea3ad5622713
5252,,,,,1361223.86,139516.49,,2026-05-17T00:00:00.000Z,,,5d3350bf33eab299d0d6ba55f74364d3d68deb88,2026-09-29T13:30:22.024Z,8c3d4b62-1f54-4946-b57c-27e35df6d53b
5253,,,,,346721.93,6691.95,,2026-07-08T00:00:00.000Z,,,e943c25fcada0122255f4abc7cf54764be26619f,2026-09-29T13:30:22.024Z,bab3af12-c7eb-4329-aae8-17789325d194
5254,,,,,372096.93,9574.45,,2026-07-17T00:00:00.000Z,,,cd16ad7efe045412fa409795714f69f96d7df03d,2026-09-29T13:30:22.024Z,4727d4f1-b2fd-4f50-a414-a64de984e1d2
5255,,,,,1411540.89,31347.88,,2026-05-17T00:00:00.000Z,,,34d2aab1de60ca54ca3ceeac7511af137c0d4d80,2026-09-29T13:30:22.024Z,82c8f71f-dbb6-48eb-b290-9b032285d474
5256,,,,,19615842.13,439485.48,,2026-05-17T00:00:00.000Z,,,8c93fe6ecfe66a8f9345e49e6a7e9e5d5b7a033e,2026-09-29T13:30:22.024Z,bd1a47b4-b1ee-4f23-ba28-ec3740584ac5
5257,,,,,224186.37,2152.78,,2026-09-25T00:00:00.000Z,,,f7c6ebd9902b834e7814752531d44c1954114507,2026-09-29T13:30:22.024Z,b5b4f74a-21e6-4e87-a411-fedb98293a5a
5258,,,,,806419.18,7754.47,,2026-05-17T00:00:00.000Z,,,e12634df4aa59d6baeb1c4e0433fec2336777a02,2026-09-29T13:30:22.024Z,9a316b18-0779-4d9a-9a37-a4c5a60c683d
5259,,,,,4305827.58,217345.14,,2026-05-17T00:00:00.000Z,,,759d70dcc4a0014b9a23a3ed49a758fdecd85cb2,2026-09-29T13:30:22.024Z,4fe2c308-c254-43cb-bba9-0c3b05a878c6
5260,,,,,8137774.81,672218.91,,2026-05-17T00:00:00.000Z,,,d26b93eb7643c10f342bc2a5073f1ebc47ddaba6,2026-09-29T13:30:22.024Z,29bc42b4-eff2-4353-8c8b-07f58994a078
5261,,,,,1014367.77,21078.18,,2026-08-27T00:00:00.000Z,,,239eccb889a6652a95e9a5f8d82e5e907527a3ff,2026-09-29T13:30:22.024Z,03bcd06c-6ee7-4d87-92c3-bdeb6e4d0c69
5262,,,,,21531039.35,890408.77,,2026-05-17T00:00:00.000Z,,,a449f0d5c84900a0b28fcaad39fa9ec0063fcff8,2026-09-29T13:30:22.024Z,9515a681-61d7-4adc-a5ac-9148d30287cd
5263,,,,,19206.68,5131.89,,2026-05-17T00:00:00.000Z,,300576.50,995c76958de84369c181802f74f70018745483da,2026-09-29T13:30:22.024Z,9c7a534c-f0ed-4582-b99f-d0c3b4851c6e
5264,,,,,954946.50,11087.01,,2026-05-17T00:00:00.000Z,,,c58549236a038ee1912da04b1bdab26c78cffd61,2026-09-29T13:30:22.024Z,29f61135-9f19-40df-a650-4c70ad3e24a9
5265,,,,,4551107.33,581023.07,,2026-05-17T00:00:00.000Z,,,b5e275d10d3ab534da3a8390d1182f1267dd6410,2026-09-29T13:30:22.024Z,21a0802f-ffdc-4b26-88a2-928cae147c82
5266,,,,,50459.58,20893.63,,2026-07-30T00:00:00.000Z,,,b731e5b78b533de714b9569dab350181b59d65df,2026-09-29T13:30:22.024Z,7225b2f9-b1fd-463e-a1f2-44cbd1e28eaa
5267,,,,,1156852.28,969.00,,2026-05-17T00:00:00.000Z,,,8837b77520b0cb8f90d026bdbd67ffba2c3c6384,2026-09-29T13:30:22.024Z,d763670f-be5a-4cad-98ba-0bd1e26af2d7
5268,,,,,5515371.89,577452.37,,2026-05-17T00:00:00.000Z,,,9198fc5f00c8930d2fa6ac1e329aae56c016efb9,2026-09-29T13:30:22.024Z,43054d21-0d73-4cd7-a32c-1280bfbc7ce1
5269,,,,,66098.71,15244.60,,2026-05-17T00:00:00.000Z,,,7d9d513b2883d12b6d73fff59046d6ea64de1d91,2026-09-29T13:30:22.024Z,d794815f-7fd8-4dd1-8535-5d69b4db4d06
5270,,,,,69639.15,67268.95,,2026-07-14T00:00:00.000Z,,,48d94a194d6787234b6bbb34e5afc6dc3c5d2b24,2026-09-29T13:30:22.024Z,84843f74-f567-452c-a813-44fd78251ce9
5271,,,,,33651.32,14392.72,,2026-05-27T00:00:00.000Z,,,14b64707a6e2d3b19e8a28ede89764599ae800aa,2026-09-29T13:30:22.024Z,2e24d2e3-10eb-4079-9057-f7e79cfb6e64
5272,,,,,665424.50,,,2026-05-17T00:00:00.000Z,,,281be58c1b99506e3a9f526f187955c4ab36c5b2,2026-09-29T13:30:22.024Z,f624316b-99ea-48a3-9be4-5edeaa86de19
5273,,,,,1469869.39,34787.46,,2026-09-25T00:00:00.000Z,,,26fff56c30fa458d821adebfd4d5d6bc471b4811,2026-09-29T13:30:22.024Z,b8e4b7d3-83fc-448c-ba3c-64eac9bbbe4f
5274,,,,,1518091.71,,,2026-05-17T00:00:00.000Z,,,b1fa919636eebc179b168ca641a91b0fbbd50306,2026-09-29T13:30:22.024Z,b8ec3b37-4850-4bfd-8298-74373bf8a9cc
5275,,,,,722953.45,3415.84,,2026-05-17T00:00:00.000Z,,,05870224c06d8e32f4da17bebe2cd332fca06cdb,2026-09-29T13:30:22.024Z,91947ec7-0977-40d5-84cd-815b7c1a4e9e
5276,,,,,2879115.57,,,2026-05-17T00:00:00.000Z,,,569ce0b8092ad2e014b6e87f6c7cb37d026e26a9,2026-09-29T13:30:22.024Z,7b081c00-dc2a-4b83-acaf-eec9a604316a
5282,,,,,17119932.28,120478.47,,2026-05-17T00:00:00.000Z,,378932.30,92935bb27969dab1383ec3089c298433b342b53a,2026-09-29T13:30:22.024Z,30b8cc3d-13c0-41b3-8993-cc8ab1bec084
5283,,,,,186238.57,,,2026-05-17T00:00:00.000Z,,1868044.54,d4ce4b9c1b3a177353ab15f3286a1f1499d70ae7,2026-09-29T13:30:22.024Z,f1715b9f-1acc-4971-9ce0-977deba3ac55
5284,,,,,264039.14,55841.50,,2026-05-17T00:00:00.000Z,,348002.30,aca5abc3ea8bfbaf2b138a2e69b587b4dbca4ac6,2026-09-29T13:30:22.024Z,a3afad47-a1ba-4da7-a4ff-800875450ab1
5285,,,,,8302631.62,1065.62,,2026-05-17T00:00:00.000Z,,87039.89,e5dc60fa339cb3de96b25707a12cd774ca2e2489,2026-09-29T13:30:22.024Z,ef2f5c5c-6b74-4daf-a845-4cfdee97ef9a
5286,,,,,4320193.28,30622.01,,2026-05-17T00:00:00.000Z,,180208.10,cbd1cc36406853ce3f8bab34889025bcb976564f,2026-09-29T13:30:22.024Z,4834903d-a975-40df-b06d-71cc85b08b59
5287,,,,,9257667.23,100184.24,,2026-09-25T00:00:00.000Z,,,4712af4f989bbf86dda063f8de83c6b2857bb0b5,2026-09-29T13:30:22.024Z,6e9b1041-99ee-4b1d-b5f7-778c857ba55a
5288,,,,,2658681.22,17115.17,,2026-05-17T00:00:00.000Z,,486443.35,bc8ccdfae958d7bd93fab0d3ee8bf84b172f9cda,2026-09-29T13:30:22.024Z,ec684019-b3f9-4b40-ad78-b5c17125377e
5289,,,,,80415.48,,,2026-05-17T00:00:00.000Z,,,bf974c4750360b39166da52108bb4cde70f4e04d,2026-09-29T13:30:22.024Z,39e68eb9-0d8d-4df9-8c07-651d6b308bbc
5290,,,,,2910513.30,,,2026-09-25T00:00:00.000Z,,,e54af43e75b3903404cba07d2ff4aa7913e93899,2026-09-29T13:30:22.024Z,cd40c8e3-1673-4cb7-808f-d16eeb495649
5291,,,,,87622.82,,,2026-05-17T00:00:00.000Z,,,d403b487881e20807446774a441f04fd8400f041,2026-09-29T13:30:22.024Z,47197b7a-65fc-433c-be0b-b3693da74597
5292,,,,,329786.20,2207.19,,2026-05-17T00:00:00.000Z,,408447.88,327b2c82a9f37cbd6ee66fa9c358bed70f090328,2026-09-29T13:30:22.024Z,b0703c40-1228-4fbc-9d6f-d12fa9a1e274
5293,,,,,12044668.31,727423.31,,2026-05-17T00:00:00.000Z,,1547606.18,ef37e4a5b32a3802f448fd98acbaaa714accf973,2026-09-29T13:30:22.024Z,f5bdfb16-f33c-4920-936c-d0f2a824e5e8
5294,,,,,110836.80,9740.22,,2026-05-17T00:00:00.000Z,,0.00,035af6578545df1ad5479f8e57a87d1c62bf0b62,2026-09-29T13:30:22.024Z,6f458276-a376-48ad-8d3e-d9b01fccbafa
5295,,,,,63051706.37,6766023.80,,2026-05-17T00:00:00.000Z,,,418b812e4eec85b8b26ed49c8f6edaa238b4a8dc,2026-09-29T13:30:22.024Z,8dbb9278-910c-42e5-b605-788c79ee9f33
5296,,,,,5578134.33,340429.73,,2026-05-17T00:00:00.000Z,,,f74f514b4072324d7d5af44c5b0c90fb42367d67,2026-09-29T13:30:22.024Z,a20d1d51-e87b-40b9-b372-8b7c0c0ed525
5297,,,,,6836545.84,738040.19,,2026-05-17T00:00:00.000Z,,,7dace7d658ead21dfc520b0820017553c26ac782,2026-09-29T13:30:22.024Z,eec4aeb7-c7b2-4d15-9dc2-a282e5ce583a
5298,,,,,3332983.74,266576.94,,2026-05-17T00:00:00.000Z,,,0e8005dff8730fa5d38ed169a0e77d405f1bca18,2026-09-29T13:30:22.024Z,28c59f44-e878-46fc-831b-d06d17313df3
5299,,,,,392089.10,23703.83,,2026-05-17T00:00:00.000Z,,,2b1b0ef3cdae85029b3a4806f08b41955e9c4f99,2026-09-29T13:30:22.024Z,9149e6e7-aeb1-419a-8ca5-b28a78a023b4
5300,,,,,706854.61,31232.28,,2026-05-17T00:00:00.000Z,,,3a52144b101b18eecdd51c8c8b7db8bbdd440f12,2026-09-29T13:30:22.024Z,6f7722e1-cfa5-4975-bb39-61760834f156
5301,,,,,114889.04,29675.32,,2026-05-17T00:00:00.000Z,,,e67bdbf74e78d0f30dcbece9ed880ce0b934027d,2026-09-29T13:30:22.024Z,108d688d-5322-4b2d-b2d7-e7cca80557f8
5302,,,,,6870054.38,254101.83,,2026-05-17T00:00:00.000Z,,,d6b6b018873ac3c19f20cf6ab9e817d668faa0d8,2026-09-29T13:30:22.024Z,2fffdfe5-d48a-4858-8ca8-858f766f58ef
5303,,,,,508603.58,154624.67,,2026-05-17T00:00:00.000Z,,,b1f5f51b8ef9ff99d5cbb10a65e4361b61661e7a,2026-09-29T13:30:22.024Z,f4bbf3e6-8535-43c2-aa56-18f0c827bc34
5307,,,,,674711.55,189663.80,,2026-05-17T00:00:00.000Z,,0.00,5352977726488c59f163f4b0622e572f239a3e1b,2026-09-29T13:30:22.024Z,7a5a3a38-dc9b-4fd9-8351-d99cc38c0148
5308,,,,,417300.63,75127.21,,2026-05-17T00:00:00.000Z,,,8c748b34deda95b1c2144a66041313cda44bc94a,2026-09-29T13:30:22.024Z,7e62c5de-423e-4875-b440-b9b4a7779b92
5309,,,,,1314787.49,456852.36,,2026-05-17T00:00:00.000Z,,,f152dc65529fb6ac72cf1ca4698b92f5978b4904,2026-09-29T13:30:22.024Z,8b08dcfb-d05a-4bb3-a7d2-f364535d1aa2
5310,,,,,500999.30,,,2026-05-17T00:00:00.000Z,,2235876.71,07ccc7c419caabe6a13094fa8855c1ed25c534fe,2026-09-29T13:30:22.024Z,35d7de71-37ca-41f6-861b-3d026913a2c5
5311,,,,,898824.68,,,2026-05-17T00:00:00.000Z,,,b984bc21ed2408d79c7ea936dda316a9b9035181,2026-09-29T13:30:22.024Z,18fa3f9d-06ad-4c60-be5a-58087fe64010
5312,,,,,9126891.90,,,2026-05-17T00:00:00.000Z,,,670b04de972c741cd2aaa15327a1fe48a80e280e,2026-09-29T13:30:22.024Z,0fc0b5ae-84b9-40bc-aed1-dbb97fe49ad6
5313,,,,,666292.63,,,2026-05-17T00:00:00.000Z,,,826b2dd9fb46d2b22ec9e514ee16d286de6a445c,2026-09-29T13:30:22.024Z,b0a2360b-b46b-4150-84cb-36a84de5d021
5314,,,,,460929.86,,,2026-05-17T00:00:00.000Z,,,e15522422e155e5524cf5a269ec733b53fa1bf33,2026-09-29T13:30:22.024Z,e2e488e5-79ce-479f-a847-a385cbafd470
5315,,,,,65178.81,,,2026-05-17T00:00:00.000Z,,,c758f3d4236a996241a2300625382da428dbe5c1,2026-09-29T13:30:22.024Z,86af9aeb-bcc4-48bd-a8f8-bc8075ce98bb
5316,,,,,156297.96,,,2026-05-17T00:00:00.000Z,,860715.38,21960b508656e8517a5ac5c66027da816fd7a9e7,2026-09-29T13:30:22.024Z,950bb8d5-b81b-40c3-a932-cac5d94fe3d0
5317,,,,,4453336.64,,,2026-05-17T00:00:00.000Z,,2037437.37,b0bfe2d5f0f151af2956c3499ee8e6ebeddb7f72,2026-09-29T13:30:22.024Z,d1a578d1-d004-4e2d-a2f0-bca099fa7a83
5318,,,,,510435.38,,,2026-05-17T00:00:00.000Z,,,3c528c12490092002303ed3fdc593519ba7f1e04,2026-09-29T13:30:22.024Z,22b723e2-367c-4cb0-b95c-fa8e85460e80
5320,,,,,11409.03,2045.37,,2026-05-17T00:00:00.000Z,,5462066.47,02f3b581b50a022ed3b26948e5add0d702763d4e,2026-09-29T13:30:22.024Z,cf764c30-6532-4082-b90e-ba1d2a6dac88
5321,,,,,670174.52,,,2026-05-17T00:00:00.000Z,,,37b7004f1963c58ba25302389f27c8b6490040f1,2026-09-29T13:30:22.024Z,9e1c3ae8-edc1-49d9-bd92-24eb28fd283e
5323,,,,,12080.71,8429.38,,2026-05-17T00:00:00.000Z,,,7895a76ea8c1a95c99c426f178b6f587e9e46123,2026-09-29T13:30:22.024Z,a72a9572-ec4d-4dd2-a6c0-b478ff77616f
5324,,,,,365586.28,,,2026-05-17T00:00:00.000Z,,2513023.60,e13142caafdc5a258bdba02a49abda5eba310773,2026-09-29T13:30:22.024Z,e68f12a7-0179-462d-875d-f066b88c14a0
5325,,,,,24139420.75,248996.43,,2026-05-17T00:00:00.000Z,,,0812df04be5bf682d96688aaa9f65f5fef6aa407,2026-09-29T13:30:22.024Z,fec31a52-2c26-43b4-9d15-3c87b63f20bb
5327,,,,,3896583.31,38683.14,,2026-05-17T00:00:00.000Z,,7713413.41,60e4b6abb8fe939eade13fc281670d9d57d83fbd,2026-09-29T13:30:22.024Z,df09738b-8118-4395-8f95-360b523133d5
5330,,,,,26195.27,,,2026-05-17T00:00:00.000Z,,,9b938452d142ccb8699f0d94694a414b31f49676,2026-09-29T13:30:22.024Z,708e80e4-fa70-4a4f-94d6-10b85afb08cc
5334,,,,,164921.38,17666.69,,2026-05-17T00:00:00.000Z,,668091.73,a8cd9ee1c2b8c1e9bda96232978a003849152d0a,2026-09-29T13:30:22.024Z,0f01bb71-34be-4eda-b213-a76799a8731a
5335,,,,,1240045.95,,,2026-05-17T00:00:00.000Z,,,e53fac5cc9f5683dfb12c2c0c824e9053a37bac0,2026-09-29T13:30:22.024Z,06a52620-2f47-4a7d-ae1e-3b5a397763fc
5337,,,,,28166.64,28166.64,,2026-05-17T00:00:00.000Z,,,70d822b77646678551f8912dbf1a3d07e74cf9d7,2026-09-29T13:30:22.024Z,830e0de0-895f-402a-a45c-19253c479d0f
5341,,,,,4917541.16,23710.12,,2026-05-17T00:00:00.000Z,,,f4a5868dacb1e2abbe60df561858b4ed546cbac3,2026-09-29T13:30:22.024Z,33b5d22b-2285-4272-8e38-ba6ff13749dc
5342,,,,,15019.15,15019.15,,2026-05-17T00:00:00.000Z,,,dd4aec6db2e3ae65dd09e36f4a2ab1aa9f0ff7f7,2026-09-29T13:30:22.024Z,2e2e3dfd-3ad2-4e35-9a4c-cc489a31c198
5343,,,,,220000.39,6673.21,,2026-05-17T00:00:00.000Z,,,20127794f99e92bf3dc5564ba895199c411c8709,2026-09-29T13:30:22.024Z,5c2416da-c54b-48d7-9ea1-c985a378f334
5344,,,,,2880445.90,,,2026-05-17T00:00:00.000Z,,,3e609ba1b10808b421ba7bea5ac0863b93b41d39,2026-09-29T13:30:22.024Z,bb5926c1-07ac-4abf-a9fc-652e716badfa
5345,,,,,1016846.58,,,2026-05-17T00:00:00.000Z,,,aa8ca124b439933532e104ef5b03f0b8cb32f5a8,2026-09-29T13:30:22.024Z,b7c8a5cf-69fb-4845-bbfe-d720d53f7822
5347,,,,,175242.14,,,2026-05-17T00:00:00.000Z,,516130.89,8ef59e574732a90c6a9067c676104dfe63a275cb,2026-09-29T13:30:22.024Z,9b8046ce-045d-4784-ad0c-2df896247a34
5351,,,,,42994.78,29124.01,,2026-05-17T00:00:00.000Z,,,6f6e9b9a218ceefc544dd47d32c5e2075cce4862,2026-09-29T13:30:22.024Z,039ef91b-8fb2-44cf-904d-a7105d9bbeec
5352,,,,,12172.82,12172.82,,2026-05-17T00:00:00.000Z,,,baec57477cd1d5d1ac1c511f8906edcb18e41a5d,2026-09-29T13:30:22.024Z,5556dd1f-bfa4-4575-b4a1-dc226c087105
5353,,,,,434109.83,,,2026-05-17T00:00:00.000Z,,,8d953ad052602aca8def2e15229ede2e8512dab4,2026-09-29T13:30:22.024Z,6420bfac-e007-4629-8fab-24796f7e3bc2
5354,,,,,68404.73,,,2026-05-17T00:00:00.000Z,,,863ae8993d119ea6a2ac622b8e624858840be10f,2026-09-29T13:30:22.024Z,37965446-8027-4093-b939-5e36a0946ea5
5358,,,,,69247.64,,,2026-05-17T00:00:00.000Z,,,74f46d6680513f263f947bc9128af0f8f531a0f8,2026-09-29T13:30:22.024Z,150d4e00-fded-48a6-bb3a-46f91d5d85f8
5359,,,,,18485.01,11006.98,,2026-05-17T00:00:00.000Z,,,fb9a3f47b67a3a089ec522245e6d145e8619723f,2026-09-29T13:30:22.024Z,1f796f75-66b8-452e-b561-743147dcb0de
5360,,,,,108329.96,100624.57,,2026-05-17T00:00:00.000Z,,,efff9e43cd65ec217dcb5209c942a057dfcb58e1,2026-09-29T13:30:22.024Z,7e89f518-e867-45fd-a7ca-8ee31cdcc206
5364,,,,,62426.25,,,2026-05-17T00:00:00.000Z,,,84c8c8836513d2bd4222350041ee443bb7c3dbb7,2026-09-29T13:30:22.024Z,d824f66b-e4d4-464b-b0d4-8be2e9365e23
5365,,,,,227319.53,,,2026-05-17T00:00:00.000Z,,,12f61e42e8686085fb7017262a46be7761836f0f,2026-09-29T13:30:22.024Z,6e3b8272-e485-4914-96d3-b4b3d333340a
5367,,,,,140176.05,,,2026-05-17T00:00:00.000Z,,,a437ec0e1164ef9a2df0575991024aaad8916f59,2026-09-29T13:30:22.024Z,2afed0e4-fd7d-4ced-9097-0cd37d3fe9bb
5369,,,,,54110.05,,,2026-05-17T00:00:00.000Z,,,37072ffb9420e3aa61e841b7bcd909971fa9a9e6,2026-09-29T13:30:22.024Z,c1024787-2699-4659-b242-f0bc46511648
5370,,,,,51399.00,,,2026-05-17T00:00:00.000Z,,,c4b09f30e961893d25db0f29555d1d44fcc9073e,2026-09-29T13:30:22.024Z,d558fef5-6c3e-46c3-861d-424550d0f68f
5375,,,,,1683429.35,,,2026-05-17T00:00:00.000Z,,,148bace08fe69796f0cd184b35fc626659938f7d,2026-09-29T13:30:22.024Z,1dde42d2-e31a-4023-920a-26ff672aa08d
5379,,,,,1479520.55,456967.14,,2026-05-17T00:00:00.000Z,,,40b14fadc82fde636dce5154af7d8b51bdf68e01,2026-09-29T13:30:22.024Z,2a2fe2cc-4996-49d8-b2c8-caa10c4c409d
5380,,,,,13195694.92,755181.46,,2026-05-17T00:00:00.000Z,,3908293.99,e99a8a50bfa9e2ac34b54d7f6a2f719357772336,2026-09-29T13:30:22.024Z,1bfd2811-130d-4820-8a23-e131eea9a1a0
5381,,,,,6392155.66,353884.08,,2026-05-17T00:00:00.000Z,,,067018861af6e2d1a5be62262ecaff1e16105c1c,2026-09-29T13:30:22.024Z,f799da2d-2140-4fe7-9cee-3309ec7bc46d
5383,,,,,10091851.44,439787.97,,2026-05-17T00:00:00.000Z,,,b89923b595c6c6772b693b1a156fa26fa5fb2227,2026-09-29T13:30:22.024Z,0d33df33-8ed0-49cf-815c-3d1758341111
5385,,,,,572925.79,31256.69,,2026-05-17T00:00:00.000Z,,1922217.15,fc460797551e3f1cb92f266f5aeda8117e402e17,2026-09-29T13:30:22.024Z,c15d30f0-33a0-4e5d-a189-f35862fe10bf
5388,,,,,2746912.41,,,2026-05-17T00:00:00.000Z,,1456557.64,72378fffe1211a3c44db910fe7435aa581dbadec,2026-09-29T13:30:22.024Z,af1d0a8f-5b8d-4323-a1ea-ae0e7c3693dd
5389,,,,,6511218.25,59668.68,,2026-05-17T00:00:00.000Z,,,2dc6fd17c028c5ca4d602038f3b3e5439358dec2,2026-09-29T13:30:22.024Z,d990212c-342f-470b-9a3a-937dcb6bf526
5391,,,,,6902643.83,,,2026-05-17T00:00:00.000Z,,,0e4a8ced7d06ae36f7a674dd11cce4a2025d04e2,2026-09-29T13:30:22.024Z,1f819756-5dc5-424a-b5b5-63e4a934abdf
5393,,,,,3697414.51,503030.00,,2026-05-17T00:00:00.000Z,,,f26e0a6d11550818be88b7b866da5f369960af3c,2026-09-29T13:30:22.024Z,8f4f58cb-1a19-4255-98c5-18abed986862
5394,,,,,6566.19,,,2026-05-17T00:00:00.000Z,,616172.14,12a8847a330d73e14962c9d8f8d0f89d719f0565,2026-09-29T13:30:22.024Z,c3c8cae9-e837-403e-8830-cc723706fcf7
5396,,,,,29773672.15,8783973.49,,2026-05-17T00:00:00.000Z,,,1b05f5eedc214e8ac61d146cede97dc5f219d0f1,2026-09-29T13:30:22.024Z,651ab993-7f34-463f-b7cf-784fb008d2b3
5397,,,,,7307.41,7307.41,,2026-05-17T00:00:00.000Z,,,dd113406754ec964b6e0436db180ebb18c0ee87e,2026-09-29T13:30:22.024Z,7a281b7a-19b4-4819-b5cc-9a42948041d0
5398,,,,,3783.95,3783.95,,2026-05-17T00:00:00.000Z,,,af2c15a503e88b7996941267ca6e8662d2236fbc,2026-09-29T13:30:22.024Z,5ab84f82-d840-4de8-b238-946b0ed1d4f5
5399,,,,,96781.06,,,2026-05-17T00:00:00.000Z,,,6fa732a59da8b339b716d85ccc1d238a35a6ec82,2026-09-29T13:30:22.024Z,cb21b0ed-185e-4ec7-8375-cc2d0aaa3472
5401,,,,,51971.89,51971.89,,2026-05-17T00:00:00.000Z,,,bff3fb934a097234e4cc45c4c4e26cb4f85c5c9c,2026-09-29T13:30:22.024Z,fb3dd9e9-8db4-4015-a0fb-8a812f198ec5
5404,,,,,1097960.02,104759.43,,2026-05-17T00:00:00.000Z,,33200.00,b2670d83ea068420d8e4595f02c29ad3a1e41359,2026-09-29T13:30:22.024Z,a8f6fbb0-6357-43c1-8ca6-0b3da32006c7
5407,,,,,32291.96,,,2026-05-17T00:00:00.000Z,,279292.25,35311129cb52e567989c4d6b7cc91e36c75e66b8,2026-09-29T13:30:22.024Z,c3230e90-61a8-456a-8718-30ecef4b2a79
5408,,,,,2259027.05,,,2026-05-17T00:00:00.000Z,,,26b317a08856597edcc32c728874fba994933a8a,2026-09-29T13:30:22.024Z,3eaaad34-27ec-46ca-96e0-d15798f16846
5409,,,,,2806287.14,1347585.44,,2026-05-17T00:00:00.000Z,,,bd2db3bcbb107edf08e5a3d470620633b046cf4b,2026-09-29T13:30:22.024Z,0a24b0f6-44b5-4264-a453-d9b86160bdaa
5410,,,,,5834.27,5834.27,,2026-05-17T00:00:00.000Z,,,1c9e70ec9e637d8a48a2dfce63c14b2e38e9b9de,2026-09-29T13:30:22.024Z,4f2da64f-7c38-4e44-9c3f-8492b01912d4
5416,,,,,3379328.86,384219.40,,2026-05-17T00:00:00.000Z,,,d8ee680a8db0827a0ddd1b4abba810d59ff2a549,2026-09-29T13:30:22.024Z,d90b9a43-1bdc-4a32-8ed8-f6c7a767764f
5417,,,,,10983886.20,338408.76,,2026-05-17T00:00:00.000Z,,,8f3a266e8adc67bb6ec7e29ad4a4f7464688dd77,2026-09-29T13:30:22.024Z,fd0b253e-6815-4c5b-ae5e-38a9b799786b
5419,,,,,4634597.10,119955.16,,2026-05-17T00:00:00.000Z,,735495.52,0d9067eab89f41d3f4b043971510c4bd3aeeb653,2026-09-29T13:30:22.024Z,9fa4ad7d-f707-4501-a97c-07072be442a1
5420,,,,,195103.58,5770.31,,2026-05-17T00:00:00.000Z,,4253233.28,b930a77455e8130c801e1fd72feda86eec8878fd,2026-09-29T13:30:22.024Z,a0441403-54c4-4939-b933-66ccaa93f7a9
5421,,,,,195815.29,12002.85,,2026-05-17T00:00:00.000Z,,709663.50,f2e70f78bef1875e8a685c6de44140122b1385c3,2026-09-29T13:30:22.024Z,2b24bb1e-2857-43ff-9ced-f7aaa1254606
5422,,,,,551624.05,5822.79,,2026-05-17T00:00:00.000Z,,,5175daeb16b2e11b576f86fa11335586738fe3a5,2026-09-29T13:30:22.024Z,93d4d944-52aa-485d-9fe3-61bd455127f2
5425,,,,,464403.62,59032.61,,2026-05-17T00:00:00.000Z,,518657.96,f9e8adfcb9978d2c2c69f877be72f6698b68201e,2026-09-29T13:30:22.024Z,7d83a49b-897f-499d-a77b-3022bd39c3d1
5426,,,,,2579736.07,,,2026-05-17T00:00:00.000Z,,183521.80,98b1ca6b0884a0d9c1d2861c1ba1ef92448bd6f1,2026-09-29T13:30:22.024Z,5f09bddb-ed7e-4c1a-8ebe-b225d1af6dbb
5427,,,,,2200893.69,82753.98,,2026-05-17T00:00:00.000Z,,,444543eacadd434f99eba0e820b9c57114ca7a32,2026-09-29T13:30:22.024Z,1a3c8833-bc3b-4046-b6ca-b3ef8cae1c88
5428,,,,,978919.78,,,2026-05-17T00:00:00.000Z,,,d8b824ebade8d58d681d42c04e4967fb946ef1ae,2026-09-29T13:30:22.024Z,a204c1c6-b30c-4685-82a7-132897456c84
5429,,,,,445008.28,0.00,,2026-05-17T00:00:00.000Z,,,830302dbe7fb92a9b972dc41ab56d687cb01018d,2026-09-29T13:30:22.024Z,e4e7b743-aa65-4032-8486-a8815db7d248
5434,,,,,1027110.45,57906.64,,2026-05-17T00:00:00.000Z,,1428146.30,10ebeecfc0738473d56d8cead00e09b655edb59b,2026-09-29T13:30:22.024Z,cae633a5-4eab-4d79-b95e-3360c82dbb77
5435,,,,,4072541.39,,,2026-05-17T00:00:00.000Z,,,f74ec8c3258b1dbc14ca4c9a97b839fbe630c511,2026-09-29T13:30:22.024Z,c453117c-cbbb-40d6-90a2-99d372c2f69c
5436,,,,,1472313.08,,,2026-05-17T00:00:00.000Z,,26525.22,9f9a7c1d8fdf61905118b4712c1892935e02f8f0,2026-09-29T13:30:22.024Z,b0d4c3a8-fa77-4151-a684-4ac5087da9d1
5439,,,,,3628684.84,224190.39,,2026-05-17T00:00:00.000Z,,,41f7e357d38da4b9eb06cf5c80882738ee506cce,2026-09-29T13:30:22.024Z,8c31fbf1-18f2-43d2-bca6-74cbd7819a41
5440,,,,,1656804.72,103674.58,,2026-05-17T00:00:00.000Z,,,afc270583946345c9daa5eb64ee67ced09b8f802,2026-09-29T13:30:22.024Z,77c29a1e-622a-46c9-a64c-3abbc1c77888
5441,,,,,390871.07,20851.81,,2026-05-17T00:00:00.000Z,,,26a25195159314a4c39accb943eb4e8df14a5c4e,2026-09-29T13:30:22.024Z,f68636da-07ed-4f8d-a0ae-ec80d57e419c
5443,,,,,3557670.84,,,2026-05-17T00:00:00.000Z,,,3f11236bd3669950fbb5e5caad07ff064e3d817c,2026-09-29T13:30:22.024Z,96b304cd-3eba-468a-aee9-f30945afe4f9
5444,,,,,5211696.92,67609.15,,2026-05-17T00:00:00.000Z,,,b96817fc545ff01887f622a89866fc31c9e73a93,2026-09-29T13:30:22.024Z,874ef405-620c-40a7-a7e1-6d1a250b9ff5
5445,,,,,47115506.46,831390.19,,2026-05-17T00:00:00.000Z,,,41f5ca43628b55ea54e6f34e21ff944238ceed83,2026-09-29T13:30:22.024Z,005b5def-5191-4918-aa4c-ff3496e3f18d
5446,,,,,2774175.81,1801205.99,,2026-05-17T00:00:00.000Z,,519947.92,65ae707092da8a90b375ee393e4cddfdd96509bf,2026-09-29T13:30:22.024Z,a3c85e32-aea2-4c79-bb29-2f06bb6c3229
5450,,,,,8512204.78,402287.55,,2026-05-17T00:00:00.000Z,,,067719e6d6f7955169f8427f274277a14bbb2c1b,2026-09-29T13:30:22.024Z,0bd2364c-01e7-4bd2-92fc-0c712ba5c573
5451,,,,,23815278.46,3216272.49,,2026-05-17T00:00:00.000Z,,,e9f4ff960f52b34d0aef4af2439fb0805ad612ff,2026-09-29T13:30:22.024Z,603b4769-a98e-4a58-bff5-287b349ab21e
5452,,,,,287382.69,,,2026-05-17T00:00:00.000Z,,,b75eb5218577fca4c632c826b8f30c3f8adc55b0,2026-09-29T13:30:22.024Z,117a6e97-2ce5-46e1-9cf4-5999949414a3
5453,,,,,31780017.55,2293607.90,,2026-05-17T00:00:00.000Z,,,2ba86ec23277cb95caf4c860c6eda06082d8e961,2026-09-29T13:30:22.024Z,024c81c2-6e4e-4e1e-94d9-1e618ad0da6e
5454,,,,,209662.83,95080.88,,2026-05-28T00:00:00.000Z,,,269eefdc9f5a2d3fe4ff7eaa991e2a031e89af46,2026-09-29T13:30:22.024Z,57ab3312-432d-4d69-acb4-c2b2dae5017f
5455,,,,,181900.67,181900.67,,2026-09-25T00:00:00.000Z,,,c70e27b936a1f9afe4f308caf005c58ff838bc3d,2026-09-29T13:30:22.024Z,2af4b10e-e0c7-4025-9265-a2ff3fc74df4
5457,,,,,1090171.96,1027118.33,,2026-05-28T00:00:00.000Z,,818434.43,1a1498c4dea84926a6006b648608326af88de6e5,2026-09-29T13:30:22.024Z,0ce4c3b1-0c72-4a67-a3cf-72208f3fec0a
5458,,,,,508829.64,85282.26,,2026-05-17T00:00:00.000Z,,2911866.78,357fd11cf9822608a1b7dac0df47c0c0a760d60b,2026-09-29T13:30:22.024Z,ca809631-9706-4c7a-a446-1b53fa84ba80
5460,,,,,208241.86,28863.34,,2026-05-17T00:00:00.000Z,,,2f17036e112854d3965aa163bdaec75c33b450cd,2026-09-29T13:30:22.024Z,43fb8cd4-c6cc-4204-bfab-8151d89627f3
5463,,,,,247922.91,31636.88,,2026-05-17T00:00:00.000Z,,530971.87,9c22f5d11d35692284b33c34cf5b78cefddc169a,2026-09-29T13:30:22.024Z,908b7ab5-fba7-4356-b7e2-277ee7e91463
5464,,,,,300735.00,62079.46,,2026-05-17T00:00:00.000Z,,0.00,dc5260aa5d7926cc2acd76c2164059cecd386042,2026-09-29T13:30:22.024Z,1e8c16c1-355d-4cd0-a618-01caae674af3
5466,,,,,626441.06,,,2026-05-17T00:00:00.000Z,,960214.13,4cbb405641605567e2c9712036bc73c84cc9b710,2026-09-29T13:30:22.024Z,1137990f-1a28-480f-ad8b-bca41b5bfbf3
5471,,,,,3103407.24,10028.00,,2026-08-28T00:00:00.000Z,,,8a3d5fd1fdd24247c62745a206fc279674fc1513,2026-09-29T13:30:22.024Z,90cd10d0-9fc6-44db-ac53-5cbe78e678c8
5482,,,,,23449690.72,5012020.60,,2026-05-17T00:00:00.000Z,,475309.70,4a9c25a4dee21803add1043a5da746de4aecec03,2026-09-29T13:30:22.024Z,733b5d4f-ff00-41dd-a133-7b15fb17b1f7
5483,,,,,81990.62,,,2026-05-17T00:00:00.000Z,,,71d809f8d72bc76cfdfb4d410cf8d7ffb9314e15,2026-09-29T13:30:22.024Z,245b35bf-1e48-4d06-bdcc-fbda52e82c42
5484,,,,,814214.45,44817.80,,2026-05-17T00:00:00.000Z,,,f5ff77120ff47ce3168ee3be9c381e3a747cb969,2026-09-29T13:30:22.024Z,0f811fe4-aa2c-43a4-b3f7-412a73494c57
5485,,,,,1186914.30,67188.52,,2026-05-17T00:00:00.000Z,,,f6cb3a09db060312c641b85a2a3b186a43d324fb,2026-09-29T13:30:22.024Z,39df2245-995f-4c91-9ae3-6c0b6ea2ed58
5486,,,,,3557101.83,129033.44,,2026-05-17T00:00:00.000Z,,,3a3bf95ae8f19a825fc07cf0c7be9ec0d5a566ad,2026-09-29T13:30:22.024Z,5175b812-af04-409b-80f5-2fd71fbd69d0
5487,,,,,5059108.81,2982618.19,,2026-08-31T00:00:00.000Z,,747940.34,3340f514d6066fc3236a805c7581a0fe90929cde,2026-09-29T13:30:22.024Z,7e63b329-242b-40a4-9728-5487b37ee5cb
5488,,,,,8215997.25,6846340.27,,2026-08-25T00:00:00.000Z,,,26990de486a463f2b0b3a8d5eee72dcfd1e12da6,2026-09-29T13:30:22.024Z,03e208a4-0abe-401f-a59f-b5af4ff117ed
5489,,,,,828264.11,183576.95,,2026-09-22T00:00:00.000Z,,,4eacfbffed69f43686a20a4548d2d657077b0519,2026-09-29T13:30:22.024Z,7fca6e72-d575-4fdf-acd6-3d1547ab5fc2
5491,,,,,190650.96,41878.72,,2026-05-17T00:00:00.000Z,,,f829e82cf8a875f944788a2ff3037f36dc7e81be,2026-09-29T13:30:22.024Z,be36766b-362c-4752-8fcf-b9aa82715966
5493,,,,,515494.79,,,2026-05-17T00:00:00.000Z,,553419.74,663e7a12c78239a7ce38843b32336ca76a2d47f5,2026-09-29T13:30:22.024Z,fbe92406-7f44-4563-b5e6-4601e92c806c
5502,,,,,764855.53,163523.07,,2026-05-17T00:00:00.000Z,,73994.27,f7a1ab5419a0d882141ff22ef8c40acf109cd83d,2026-09-29T13:30:22.024Z,31692588-ce8a-48a4-862c-e0c786c93cb5
5503,,,,,199241.34,104622.95,,2026-05-17T00:00:00.000Z,,,77beffd222dafcc5befc3b7570dc15c613e4963f,2026-09-29T13:30:22.024Z,e63201d4-9c27-4352-ae70-9f44a633c504
5515,,,,,53048.77,3487.26,,2026-05-17T00:00:00.000Z,,,b9fa25b55fcd11f6c4acd007edc4d2a7d6ab5d04,2026-09-29T13:30:22.024Z,5fb58c8f-bdee-49d9-985b-e6ed3e5d7f18
5519,,,,,142562407.72,1321341.35,,2026-09-26T00:00:00.000Z,,,c1a35de5f07244954a44ad166f7dfef03dd6a270,2026-09-29T13:30:22.024Z,90f4ba04-03ed-40d8-b671-768dbfa7805a
5520,,,,,44005.29,,,2026-09-23T00:00:00.000Z,,,21e696f74f7cea941adc3bcb4d68dec1d5737bf7,2026-09-29T13:30:22.024Z,9db12bcc-bdeb-40a4-b628-fcc4117da0b1
5522,,,,,107989.71,70804.23,,2026-07-13T00:00:00.000Z,,,50249147b3bcc69c514370d1bd825f15239416d9,2026-09-29T13:30:22.024Z,9880cf2e-e8ac-4083-ae05-5e43a71573dc
5529,,,,,57062.46,57062.46,,2026-09-18T00:00:00.000Z,,,d0c1cf9c3a3076379ba527cffaa55882a481b132,2026-09-29T13:30:22.024Z,2305e46d-ec3b-4d2a-8b38-ffb0470a9102
5535,,,,,776771.66,771989.21,,2026-09-26T00:00:00.000Z,,,f7e03c44a47ce1d9328661b55bfdaec936206dbf,2026-09-29T13:30:22.024Z,11737af1-41ad-44f8-bea5-b9cb08510719
5536,,,,,341548.55,107883.20,,2026-09-26T00:00:00.000Z,,,f1122e1712de0865983b168bbcccf99a2b1c35b7,2026-09-29T13:30:22.024Z,7d978105-97d0-48e0-a8de-b6cb1dfdcc6a
5537,,,,,110494.09,99522.20,,2026-07-07T00:00:00.000Z,,,8d8b72134126c1ea46a45bc635c53cee70f51b9b,2026-09-29T13:30:22.024Z,2c11bfe6-dfce-492c-b669-bc4cb9a1f301
5538,,,,,324206.49,171291.98,,2026-09-14T00:00:00.000Z,,,88e1314d4d4ce15501ea44a42498b59186c896ec,2026-09-29T13:30:22.024Z,ecb32332-e49f-46f6-b905-2316d85b92de
3604,,,,,,,,,,,04cae36c250c71079e0431270e87c410c3f261e3,2024-01-15T00:02:57.216Z,f10d2819-a8a4-45e0-8624-417adcc6d8ec
